# https://github.com/mikedh/trimesh

o geometry_0
v 0.00000000 16.97010040 -1.38419998
v -0.00000000 16.85840034 -1.43669999
v 0.00000000 17.08079910 -1.32799995
v -0.00000000 16.74279976 -1.48500001
v -0.00000000 16.62240028 -1.52859998
v 0.12460000 17.63529968 -1.07720006
v 0.25500000 17.68460083 -1.08340001
v 0.29940000 17.56509972 -1.14639997
v 0.14980000 17.47509956 -1.15769994
v 0.38720000 17.73069954 -1.07029998
v 0.22380000 17.80550003 -1.02929997
v 0.34290001 17.84180069 -1.01800001
v 0.20350000 17.93059921 -0.98199999
v 0.31090000 17.95890045 -0.97030002
v 0.09930000 17.90570068 -0.97630000
v 0.10860000 17.77140045 -1.02040005
v 0.00000000 17.47069931 -1.13890004
v 0.00000000 17.62019920 -1.06669998
v 0.00000000 17.75779915 -1.01129997
v -0.00000000 17.89539909 -0.96960002
v -0.00000000 18.03479958 -0.93099999
v 0.09390000 18.04249954 -0.93650001
v -0.00000000 18.17379951 -0.89330000
v 0.09070000 18.17950058 -0.89950001
v 0.08900000 18.31559944 -0.87140000
v 0.17860000 18.32489967 -0.87849998
v 0.18290000 18.19280052 -0.90450001
v -0.00000000 18.31170082 -0.86369997
v 0.19080000 18.06060028 -0.94019997
v 0.00000000 17.32309914 -1.20589995
v 0.09920000 17.31929970 -1.22099996
v 0.00000000 17.19560051 -1.26839995
v 0.08010000 17.19580078 -1.27939999
v 0.15590000 17.19549942 -1.30669999
v 0.14990000 17.09420013 -1.36039996
v 0.07370000 17.08399963 -1.33710003
v 0.17749999 17.29330063 -1.26010001
v 0.24200000 17.39030075 -1.22809994
v 0.29670000 17.32299995 -1.28820002
v 0.23010001 17.27359962 -1.29390001
v 0.36149999 17.46859932 -1.21249998
v 0.41190001 17.38150024 -1.27980006
v 0.28950000 18.08200073 -0.92890000
v 0.27590001 18.20870018 -0.89520001
v 0.36579999 18.22500038 -0.86790001
v 0.38490000 18.10269928 -0.89870000
v 0.41360000 17.98460007 -0.93660003
v 0.45530000 17.87280083 -0.98140001
v 0.51099998 17.76770020 -1.03170002
v 0.55309999 17.89990044 -0.92400002
v 0.61729997 17.79999924 -0.97149998
v 0.63389999 17.92440033 -0.85130000
v 0.70270002 17.82909966 -0.89429998
v 0.76770002 17.85219955 -0.80489999
v 0.69749999 17.94429970 -0.76730001
v 0.78780001 17.74329948 -0.94029999
v 0.69599998 17.70789909 -1.02419996
v 0.85479999 17.77070045 -0.84249997
v 0.50510001 18.00779915 -0.88340002
v 0.58209997 18.02860069 -0.81449997
v 0.47119999 18.12220001 -0.84969997
v 0.54420000 18.13960075 -0.78369999
v 0.57859999 17.66909981 -1.08720005
v 0.65149999 17.57600021 -1.14760005
v 0.50430000 17.52799988 -1.19009995
v 0.44279999 17.62490082 -1.12750006
v 0.78450000 17.62170029 -1.07889998
v 0.44729999 18.24090004 -0.82179999
v 0.26800001 18.33650017 -0.87120003
v 0.35380000 18.34910011 -0.84570003
v 0.26580000 18.46409988 -0.86299998
v 0.34990001 18.47349930 -0.83780003
v 0.17780000 18.45599937 -0.87000000
v 0.18060000 18.58399963 -0.88459998
v 0.26949999 18.58930016 -0.87489998
v 0.08890000 18.45030022 -0.86320001
v 0.09040000 18.58099937 -0.88200003
v 0.35440001 18.59620094 -0.84829998
v 0.27950001 18.70940018 -0.91030002
v 0.36770001 18.71430016 -0.88099998
v 0.18740000 18.70599937 -0.92400002
v 0.43149999 18.36190033 -0.80110002
v 0.51599997 18.25539970 -0.75770003
v 0.49730000 18.37439919 -0.73850000
v 0.42600000 18.48380089 -0.79350001
v 0.49180001 18.49460030 -0.73210001
v 0.97100002 17.28260040 -1.32140005
v 0.78329998 17.25760078 -1.37399995
v 0.77480000 17.38050079 -1.28480005
v 0.99210000 17.43110085 -1.19449997
v 0.77460003 17.12420082 -1.45690000
v 0.61210001 17.10269928 -1.48130000
v 0.61159998 17.22500038 -1.40849996
v 0.46560001 17.07410049 -1.48590004
v 0.60219997 16.96960068 -1.54760003
v 0.46149999 16.95000076 -1.54659998
v 0.73250002 16.82460022 -1.60179996
v 0.58429998 16.82749939 -1.60810006
v 0.75720000 16.97940063 -1.53209996
v 0.44999999 16.81699944 -1.60169995
v 0.56010002 16.68009949 -1.66260004
v 0.43279999 16.67700005 -1.65110004
v 0.53320003 16.53009987 -1.71039999
v 0.41270000 16.53190041 -1.69379997
v 0.50639999 16.37849998 -1.75059998
v 0.39280000 16.38229942 -1.72739995
v 0.48339999 16.22299957 -1.77849996
v 0.37360001 16.23069954 -1.75290000
v 0.46270001 16.06780052 -1.79750001
v 0.35580000 16.07830048 -1.77090001
v 0.60079998 16.20709991 -1.79820001
v 0.57740003 16.05109978 -1.81970000
v 0.72420001 16.17390060 -1.81110001
v 0.69690001 16.02370071 -1.83720005
v 0.44490001 15.91380024 -1.80840003
v 0.55769998 15.89710045 -1.83060002
v 0.67710000 15.87259960 -1.84599996
v 0.34040001 15.92590046 -1.78219998
v 0.43300000 15.76140022 -1.81019998
v 0.33039999 15.77369976 -1.78559995
v 0.24820000 15.93449974 -1.75049996
v 0.26069999 16.08469963 -1.73889995
v 0.23980001 15.78339958 -1.75530005
v 0.27520001 16.23380089 -1.72109997
v 0.29049999 16.38089943 -1.69649994
v 0.20180000 16.37660027 -1.66180003
v 0.19050001 16.23390007 -1.68630004
v 0.17950000 16.08819962 -1.70410001
v 0.30579999 16.52490044 -1.66450000
v 0.63000000 16.35950089 -1.76279998
v 0.66289997 16.51269913 -1.71840000
v 0.79860002 16.47559929 -1.72539997
v 0.75830001 16.32299995 -1.77310002
v 0.69830000 16.66780090 -1.66460001
v 0.84619999 16.63419914 -1.66530001
v 0.31990001 16.66449928 -1.62530005
v 0.33149999 16.79809952 -1.57939994
v 0.21290000 16.51539993 -1.63030005
v 0.22270000 16.64920044 -1.59200001
v 0.23029999 16.77709961 -1.54760003
v 0.33860001 16.92410088 -1.52760005
v 0.23490000 16.89789963 -1.49790001
v 0.34000000 17.04129982 -1.47070003
v 0.23590000 17.01079941 -1.44400001
v 0.14399999 16.75909996 -1.51629996
v 0.13940001 16.63540077 -1.56009996
v 0.06680000 16.62579918 -1.53699994
v 0.13320000 16.50600052 -1.59809995
v 0.06380000 16.49920082 -1.57509995
v 0.12610000 16.37150002 -1.62969995
v 0.06040000 16.36739922 -1.60689998
v -0.00000000 16.49670029 -1.56669998
v 0.06900000 16.74710083 -1.49339998
v 0.92439997 16.97879982 -1.50709999
v 0.89749998 16.80349922 -1.59080005
v 1.10109997 16.97330093 -1.47669995
v 1.09619999 16.75609970 -1.58140004
v 0.94800001 17.13719940 -1.41989994
v 1.12360001 17.14089966 -1.38020003
v 1.26900005 16.99460030 -1.43239999
v 1.29120004 17.14590073 -1.33729994
v 1.27649999 16.82460022 -1.52079999
v 1.44669998 17.14539909 -1.29659998
v 1.41900003 17.01070023 -1.39189994
v 1.32939994 17.27510071 -1.23469996
v 1.49030006 17.26239967 -1.19360006
v 1.15699995 17.28190041 -1.27750003
v 1.00020003 16.57089996 -1.67219996
v 0.93640000 16.41510010 -1.73500001
v 0.88880002 16.26860046 -1.78199995
v 1.06729996 16.33029938 -1.74839997
v 1.01760006 16.19820023 -1.78869998
v 0.85119998 16.12560081 -1.81789994
v 0.97860003 16.06559944 -1.81900001
v 1.13230002 16.46109962 -1.69729996
v 1.25070000 16.34499931 -1.71840000
v 1.19019997 16.23489952 -1.75829995
v 1.32579994 16.44319916 -1.67429996
v 1.22019994 16.58489990 -1.63769996
v 0.46039999 17.18770027 -1.41970003
v 0.33489999 17.14819908 -1.40989995
v 0.23090000 17.20610046 -1.33449996
v 0.32200000 17.24290085 -1.34790003
v 0.23390000 17.11470032 -1.38810003
v 0.44409999 17.28980064 -1.34930003
v 0.59619999 17.33589935 -1.33159995
v 0.55830002 17.43449974 -1.25810003
v 0.72020000 17.48320007 -1.21239996
v 0.87949997 17.53520012 -1.13380003
v 0.14850000 16.98819923 -1.41509998
v 0.07170000 16.97470093 -1.39269996
v 0.14700000 16.87669945 -1.46759999
v 0.07050000 16.86310005 -1.44509995
v 1.20060003 17.40130043 -1.15859997
v 1.37500000 17.37890053 -1.12039995
v 1.53600001 17.35199928 -1.08060002
v 1.42299998 17.44739914 -0.99210000
v 1.57570004 17.41040039 -0.95690000
v 1.60689998 17.44059944 -0.82639998
v 1.74790001 17.38859940 -0.79250002
v 1.72409999 17.36650085 -0.92150003
v 1.83000004 17.27090073 -1.01380002
v 1.68760002 17.31679916 -1.04400003
v 1.86510003 17.31100082 -0.88819999
v 1.99940002 17.24869919 -0.85720003
v 1.96669996 17.21969986 -0.98970002
v 2.05520010 17.12849998 -1.10539997
v 1.91750002 17.16580009 -1.11510003
v 2.10479999 17.17370033 -0.97149998
v 1.99759996 17.06189919 -1.22800004
v 1.86150002 17.09110069 -1.23140001
v 2.13470006 17.02759933 -1.22640002
v 2.19289994 17.08670044 -1.09770000
v 2.07859993 16.95359993 -1.34089994
v 1.94400001 16.98130035 -1.33870006
v 1.81140006 17.00119972 -1.33739996
v 2.32719994 17.03459930 -1.09010005
v 2.24180007 17.12409973 -0.95599997
v 2.37319994 17.06189919 -0.94209999
v 2.27040005 16.98480034 -1.22449994
v 1.78120005 17.20459938 -1.13139999
v 1.64069998 17.23950005 -1.15730000
v 1.59109998 17.13549995 -1.26310003
v 1.72700000 17.11790085 -1.24100006
v 2.13590002 17.19429970 -0.83029997
v 2.01250005 17.25650024 -0.72229999
v 2.14660001 17.19680023 -0.68860000
v 2.27250004 17.13909912 -0.80720001
v 2.40199995 17.06920052 -0.78750002
v 2.28180003 17.13540077 -0.65869999
v 2.40939999 17.05780029 -0.63319999
v 2.00570011 17.24640083 -0.58939999
v 2.13689995 17.18330002 -0.55119997
v 1.88310003 17.32589912 -0.75749999
v 1.88199997 17.31859970 -0.62660003
v 1.98090005 17.22109985 -0.46180001
v 2.10870004 17.15559959 -0.42089999
v 1.86150002 17.29159927 -0.50019997
v 1.75619996 17.38649940 -0.66189998
v 1.74489999 17.36090088 -0.53520000
v 1.60699999 17.38540077 -0.44819999
v 1.71550000 17.31830025 -0.41650000
v 1.62660003 17.42650032 -0.56680000
v 1.57089996 17.33259964 -0.33950001
v 1.67209995 17.26790047 -0.30610001
v 1.82529998 17.25130081 -0.38100001
v 1.77579999 17.20380020 -0.27020001
v 1.49590003 17.45299911 -0.47740000
v 1.50549996 17.48950005 -0.59530002
v 1.62600005 17.44610023 -0.69440001
v 1.49389994 17.50099945 -0.72369999
v 1.46449995 17.48670006 -0.85780001
v 1.32430005 17.53179932 -0.88400000
v 1.36249995 17.55279922 -0.74890000
v 1.26859999 17.48399925 -1.02250004
v 1.11590004 17.52829933 -1.03939998
v 1.19009995 17.58069992 -0.89910001
v 1.23520005 17.60510063 -0.76639998
v 1.25790000 17.60519981 -0.64219999
v 1.38129997 17.54850006 -0.62150002
v 1.26049995 17.58009911 -0.52910000
v 1.37960005 17.51799965 -0.50529999
v 1.35920000 17.46769905 -0.40230000
v 1.46770000 17.39959908 -0.37149999
v 1.32219994 17.40880013 -0.31259999
v 1.42349994 17.34059906 -0.27730000
v 1.52049994 17.27750015 -0.24060000
v 1.36339998 17.28689957 -0.19370000
v 1.45469999 17.22820091 -0.15130000
v 1.61539996 17.21649933 -0.20440000
v 1.54330003 17.17020035 -0.11190000
v 1.26870000 17.35339928 -0.23420000
v 1.19850004 17.30929947 -0.16390000
v 1.17050004 17.42869949 -0.26650000
v 1.10870004 17.38419914 -0.19830000
v 1.21609998 17.48089981 -0.34250000
v 1.28649998 17.24580002 -0.11840000
v 1.24609995 17.53499985 -0.42919999
v 1.10759997 17.55439949 -0.36300001
v 1.13199997 17.60129929 -0.44810000
v 1.14310002 17.64039993 -0.54460001
v 1.03149998 17.70240021 -0.54860002
v 1.02250004 17.66950035 -0.45570001
v 1.00240004 17.62969971 -0.37160000
v 1.13859999 17.66160011 -0.65310001
v 1.11469996 17.65999985 -0.77109998
v 1.00199997 17.71920013 -0.76150000
v 1.02620006 17.72039986 -0.65130001
v 0.92490000 17.78779984 -0.63660002
v 0.89999998 17.78650093 -0.73930001
v 0.81320000 17.86610031 -0.70889997
v 0.83910000 17.86809921 -0.61150002
v 0.74320000 17.95689964 -0.67589998
v 0.76929998 17.95929909 -0.58120000
v 0.93110001 17.77300072 -0.53920001
v 0.84609997 17.85619926 -0.51740003
v 0.95639998 17.70019913 -0.87470001
v 0.88590002 17.66629982 -0.98409998
v 1.06850004 17.63759995 -0.89510000
v 0.99370003 17.59510040 -1.01940000
v 0.00000000 11.80560017 -1.16359997
v -0.00000000 11.95259953 -1.12070000
v 0.00000000 11.53369999 -1.25660002
v -0.00000000 11.66460037 -1.21039999
v 0.12570000 11.96059990 -1.12559998
v -0.00000000 12.09879971 -1.08469999
v 0.11160000 12.10669994 -1.08879995
v -0.00000000 12.24279976 -1.05589998
v 0.10380000 12.24950027 -1.06079996
v 0.26830000 11.99349976 -1.14139998
v 0.34169999 11.83670044 -1.21089995
v 0.14390001 11.81089973 -1.17349994
v 0.23300000 12.13360023 -1.10000002
v 0.00000000 12.52439976 -1.01499999
v -0.00000000 12.38440037 -1.03289998
v 0.00000000 11.28530025 -1.33099997
v 0.00000000 11.40900040 -1.29830003
v 0.12710001 11.40530014 -1.30980003
v 0.11960000 11.28139973 -1.34140003
v 0.26769999 11.39780045 -1.35210001
v 0.25110000 11.27289963 -1.38010001
v 0.39950001 11.26000023 -1.43350005
v 0.42550001 11.38500023 -1.40760005
v 0.28470001 11.52630043 -1.31560004
v 0.45289999 11.51070023 -1.37150002
v 0.13380000 11.53160000 -1.27110004
v 0.11190000 11.15750027 -1.36629999
v 0.00000000 11.16079998 -1.35549998
v 0.10290000 11.03320026 -1.38279998
v 0.00000000 11.03649998 -1.37230003
v 0.23360001 11.14850044 -1.40040004
v 0.21380000 11.02369976 -1.41289997
v -0.00000000 13.48169994 -1.01950002
v -0.00000000 13.34840012 -0.99720001
v 0.08790000 13.48060036 -1.02460003
v 0.08930000 13.34749985 -1.00460005
v 0.18210000 13.34640026 -1.02010000
v 0.18760000 13.21350002 -1.00969994
v 0.09140000 13.21300030 -0.99190003
v 0.17839999 13.47789955 -1.03830004
v -0.00000000 13.21329975 -0.98329997
v 0.08730000 13.61219978 -1.05250001
v -0.00000000 13.61310005 -1.04939997
v -0.00000000 13.07670021 -0.97810000
v 0.00000000 18.53800011 1.10730004
v 0.00010000 18.57609940 1.08550000
v 0.00000000 18.59860039 1.09660006
v 0.04450000 18.59670067 1.09080005
v -0.00000000 18.60729980 1.11580002
v 0.05970000 18.61179924 1.11389995
v 0.11790000 18.59950066 1.07840002
v 0.13970000 18.62490082 1.10500002
v 0.09700000 18.57320023 1.07589996
v 0.09680000 18.53849983 1.09519994
v 0.00000000 18.49290085 1.11960006
v 0.10200000 18.49360085 1.10539997
v 0.00000000 17.07970047 0.28549999
v 0.00000000 16.93799973 0.34959999
v -0.00000000 16.61689949 0.55170000
v -0.00000000 16.72699928 0.48030001
v -0.00000000 16.50390053 0.62379998
v 0.06910000 16.61599922 0.55870003
v 0.06550000 16.50370026 0.62910002
v 0.07910000 16.72470093 0.48949999
v -0.00000000 16.38960075 0.69450003
v -0.00000000 16.83230019 0.41240001
v 0.09910000 16.82729912 0.42440000
v 0.13420001 16.92320061 0.36629999
v 0.00000000 17.27860069 0.24460000
v 0.00000000 17.53380013 0.29830000
v 0.00000000 17.42040062 0.25880000
v 0.18990000 17.13129997 0.25729999
v 0.18780001 17.23060036 0.23649999
v 0.32859999 17.16740036 0.23610000
v 0.25350001 17.07799911 0.27739999
v 0.39320001 17.10009956 0.26629999
v 0.18760000 17.01740074 0.31299999
v 0.37459999 16.99839973 0.33669999
v 0.56629997 17.03149986 0.31150001
v 0.47810000 16.92329979 0.39870000
v 0.62370002 16.95960045 0.36430001
v 0.55779999 16.85210037 0.44929999
v 0.68680000 16.88349915 0.41229999
v 0.36510000 16.86140060 0.44409999
v 0.44880000 16.80590057 0.48969999
v 0.26320001 16.90430069 0.39780000
v 0.55239999 17.10260010 0.25590000
v 0.68889999 17.11310005 0.23390000
v 0.71910000 17.05039978 0.28349999
v 0.76730001 16.98089981 0.33080000
v 0.29170001 17.22260094 0.22679999
v 0.45109999 17.23850060 0.18979999
v 0.36849999 17.29100037 0.20119999
v 0.45870000 17.39539909 0.15710001
v 0.52850002 17.35289955 0.12390000
v 0.57099998 17.23679924 0.15480000
v 0.60750002 17.32460022 0.08970000
v 0.56510001 17.16609955 0.20559999
v 0.46830001 17.16489983 0.22220001
v 0.28080001 17.32819939 0.21640000
v 0.18490000 17.38139915 0.23019999
v 0.60750002 18.29680061 0.08880000
v 0.63480002 18.40019989 0.16730000
v 0.57319999 18.32099915 0.22910000
v 0.55510002 18.26440048 0.16980000
v 0.59780002 18.38409996 0.30919999
v 0.65460002 18.47279930 0.25119999
v 0.69430000 18.50950050 0.10620000
v 0.70330000 18.56500053 0.19530000
v 0.74040002 18.62999916 0.05470000
v 0.74409997 18.66259956 0.14890000
v 0.77429998 18.75639915 0.02230000
v 0.77550000 18.76119995 0.11970000
v 0.73799998 18.71949959 0.23819999
v 0.76999998 18.79389954 0.20209999
v 0.73449999 18.79610062 0.32040000
v 0.77010000 18.85759926 0.26949999
v 0.74159998 18.88249969 0.39770001
v 0.77929997 18.93840027 0.33170000
v 0.69590002 18.72450066 0.37160000
v 0.69999999 18.63800049 0.28430000
v 0.65840000 18.55319977 0.33800000
v 0.61129999 18.46109962 0.39600000
v 0.65640002 18.64450073 0.42629999
v 0.61430001 18.55410004 0.48580000
v 0.70050001 18.81599998 0.45739999
v 0.70910001 18.90719986 0.54210001
v 0.75309998 18.97270012 0.47090000
v 0.79040003 19.02729988 0.39080000
v 0.76090002 19.06360054 0.53939998
v 0.71340001 18.99600029 0.62449998
v 0.79670000 19.11969948 0.44639999
v 0.66180003 18.83279991 0.60740000
v 0.65920001 18.73979950 0.51599997
v 0.79809999 18.90430069 0.21290000
v 0.80909997 18.98299980 0.25650001
v 0.79089999 18.84740067 0.17839999
v 0.79979998 18.84840012 0.11590000
v 0.81730002 18.93009949 0.13869999
v 0.80519998 18.86039925 0.03050000
v 0.83020002 18.95190048 0.05740000
v 0.84119999 18.97710037 -0.01370000
v 0.81680000 18.88349915 -0.06020000
v 0.84560001 19.03770065 0.09040000
v 0.83090001 19.01429939 0.17240000
v 0.85479999 19.05909920 0.02430000
v 0.77550000 18.77700043 -0.10000000
v 0.73329997 18.60980034 -0.04330000
v 0.81980002 19.07060051 0.30270001
v 0.84219998 19.10210037 0.21150000
v 0.82510000 19.16399956 0.34930000
v 0.84810001 19.19680023 0.25220001
v 0.68449998 18.45669937 0.01620000
v 0.73159999 18.57550049 -0.13460000
v 0.69610000 18.41349983 -0.08300000
v 0.70929998 18.38419914 -0.19110000
v 0.73140001 18.55200005 -0.22420000
v 0.70389998 18.39970016 -0.29859999
v 0.71780002 18.54420090 -0.31380001
v 0.67479998 18.27659988 -0.40459999
v 0.67589998 18.40800095 -0.39640000
v 0.69029999 18.24600029 -0.30000001
v 0.68900001 18.15810013 -0.42820001
v 0.69590002 18.13520050 -0.33739999
v 0.67919999 18.15710068 -0.16630000
v 0.69440001 18.09959984 -0.26140001
v 0.72119999 18.02879906 -0.36849999
v 0.72250003 18.04929924 -0.45680001
v 0.71410000 18.00070000 -0.28490001
v 0.63810003 18.40509987 -0.48899999
v 0.64859998 18.28199959 -0.50129998
v 0.67379999 18.16570091 -0.52310002
v 0.68559998 18.53759956 -0.40200001
v 0.73420000 18.67329979 -0.33899999
v 0.75260001 18.69120026 -0.26339999
v 0.77869999 18.80459976 -0.30840001
v 0.75680000 18.78520012 -0.37220001
v 0.76190001 18.72150040 -0.18730000
v 0.79909998 18.82859993 -0.24680001
v 0.70200002 18.65889931 -0.41880000
v 0.65969998 18.64550018 -0.50300002
v 0.64279997 18.52820015 -0.48930001
v 0.64200002 18.23360062 -0.02690000
v 0.62650001 17.99099922 -0.03580000
v 0.57929999 18.06570053 0.04670000
v 0.51679999 17.92230034 0.11340000
v 0.57209998 17.85689926 0.05450000
v 0.69840002 17.97529984 -0.19430000
v 0.66509998 17.88590050 -0.09410000
v 0.62099999 17.78359985 -0.00460000
v 0.44880000 17.79339981 0.16530000
v 0.50849998 17.73310089 0.12180000
v 0.39510000 17.86109924 0.21460000
v 0.46320000 17.98640060 0.17209999
v 0.53109998 18.12630081 0.12470000
v 0.50220001 18.22579956 0.27540001
v 0.49680001 18.16749954 0.19910000
v 0.42860001 18.05170059 0.23920000
v 0.35859999 17.93790054 0.27689999
v 0.28140000 17.83239937 0.30779999
v 0.31659999 17.74559975 0.24789999
v 0.19460000 17.74309921 0.33329999
v 0.22310001 17.64380074 0.27430001
v 0.11620000 17.56649971 0.29229999
v 0.14110000 17.46870041 0.25180000
v 0.26339999 17.55909920 0.23260000
v 0.09980000 17.68070030 0.35139999
v 0.00000000 17.65690041 0.35760000
v 0.17890000 17.84950066 0.40930000
v 0.26510000 17.92499924 0.38319999
v 0.08990000 17.80109978 0.42640001
v -0.00000000 17.78409958 0.43239999
v -0.00000000 17.90340042 0.51160002
v 0.08540000 17.91440010 0.50880003
v 0.31860000 17.49069977 0.20780000
v 0.42609999 17.61070061 0.17190000
v 0.36610001 17.67169952 0.20370001
v 0.48879999 17.55839920 0.13760000
v 0.56470001 17.67469978 0.07280000
v 0.54640001 17.51000023 0.09410000
v 0.61659998 17.61730003 0.01910000
v 0.38890001 17.43910027 0.18570000
v 0.34670001 18.01860046 0.35299999
v 0.27010000 18.01070023 0.46990001
v 0.35940000 18.09259987 0.43910000
v 0.29980001 18.07390022 0.56840003
v 0.39260000 18.15130043 0.53420001
v 0.47839999 18.25289917 0.50300002
v 0.49739999 18.34410095 0.62470001
v 0.42340001 18.20439911 0.63309997
v 0.42460001 18.24090004 0.72479999
v 0.37380001 18.15649986 0.73699999
v 0.34750000 18.11820030 0.65880001
v 0.32089999 18.10400009 0.76999998
v 0.27360001 18.06710052 0.70760000
v 0.37149999 18.19039917 0.80369997
v 0.34000000 18.13809967 0.81089997
v 0.40509999 18.27300072 0.80159998
v 0.46270001 18.35470009 0.73740000
v 0.51959997 18.50329971 0.71550000
v 0.47679999 18.48080063 0.79430002
v 0.56440002 18.45280075 0.55000001
v 0.57029998 18.57259941 0.64380002
v 0.55320001 18.35829926 0.45269999
v 0.19460000 18.02330017 0.62169999
v 0.17739999 17.94980049 0.49910000
v 0.44610000 18.18750000 0.40459999
v 0.42500001 18.12150002 0.31709999
v 0.52800000 18.28700066 0.36100000
v 0.00000000 19.16130066 1.22739995
v -0.00000000 19.28249931 1.15429997
v 0.00000000 19.38769913 1.09490001
v 0.00000000 19.46750069 1.05110002
v 0.00000000 19.51849937 1.03390002
v 0.00000000 19.06270027 1.30490005
v -0.00000000 19.01329994 1.31840003
v 0.03470000 19.07159996 1.28830004
v 0.04230000 19.15130043 1.21650004
v 0.04860000 19.03820038 1.29120004
v 0.08260000 19.11479950 1.19850004
v -0.00000000 18.97800064 1.30750000
v 0.05610000 18.99510002 1.28629994
v -0.00010000 18.93740082 1.27110004
v 0.06380000 18.94939995 1.24629998
v 0.09750000 19.03879929 1.22770000
v 0.09840000 18.99209976 1.23979998
v 0.05100000 19.26700020 1.14230001
v 0.05980000 19.36949921 1.08369994
v 0.09910000 19.23130035 1.11500001
v 0.11210000 19.32600021 1.05180001
v -0.00000000 18.72629929 1.17089999
v -0.00000000 18.75049973 1.15559995
v -0.00000000 18.69569969 1.18180001
v 0.11320000 18.85580063 1.11580002
v 0.05820000 18.83149910 1.13010001
v 0.07880000 18.78459930 1.14059997
v 0.15200000 18.80710030 1.11969995
v -0.00000000 18.81990051 1.12899995
v -0.00000000 18.78019905 1.13890004
v 0.05660000 18.75419998 1.15629995
v 0.08380000 18.73019981 1.16429996
v 0.11440000 18.75749969 1.14830005
v 0.16840000 18.75779915 1.12989998
v 0.24010000 18.75009918 1.09420002
v 0.23909999 18.83029938 1.07739997
v 0.32249999 18.71199989 1.04630005
v 0.34880000 18.76790047 1.01730001
v 0.39080000 18.65810013 0.98729998
v 0.42500001 18.68939972 0.94650000
v 0.46869999 18.73340034 0.89170003
v 0.39420000 18.83180046 0.97070003
v 0.39210001 18.99379921 0.96280003
v 0.28670001 18.92980003 1.03980005
v 0.46840000 18.88769913 0.91020000
v 0.52789998 18.78540039 0.82990003
v 0.42890000 18.57839966 0.92079997
v 0.46630001 18.59399986 0.86830002
v 0.50970000 18.62870026 0.80430001
v 0.35580000 18.63579941 1.00960004
v 0.29370001 18.67200089 1.06120002
v 0.25960001 18.63979912 1.06700003
v 0.31869999 18.61870003 1.01890004
v 0.19220001 18.65859985 1.11220002
v 0.22020000 18.61440086 1.06159997
v 0.22280000 18.69879913 1.10660005
v 0.28169999 18.60549927 1.01900005
v 0.39250001 18.57379913 0.95560002
v 0.35589999 18.57530022 0.97399998
v 0.15580000 18.71610069 1.14260006
v 0.13429999 18.67749977 1.15050006
v 0.09900000 18.64609909 1.14750004
v 0.07270000 18.69219971 1.17410004
v 0.05570000 18.66160011 1.17139995
v 0.00000000 18.66589928 1.17920005
v 0.05110000 18.62680054 1.14440000
v 0.03760000 18.64159966 1.16410005
v 0.16540000 18.88719940 1.09739995
v 0.08160000 18.90150070 1.12210000
v 0.04270000 18.88339996 1.15230000
v 0.08070000 18.94109917 1.14119995
v 0.06770000 18.94079971 1.18019998
v 0.12430000 18.96229935 1.17159998
v 0.12860000 18.94879913 1.12919998
v 0.12200000 18.91679955 1.11049998
v 0.00000000 18.86400032 1.15110004
v -0.00010000 18.89609909 1.21229994
v 0.03450000 18.90270042 1.20690000
v 0.19170000 18.94020081 1.10109997
v 0.17850000 18.98419952 1.14049995
v 0.23330000 19.02459908 1.07500005
v 0.00000000 20.06669998 0.85009998
v 0.00000000 20.18939972 0.78860003
v 0.12230000 20.18569946 0.78750002
v 0.12530001 20.05999947 0.85089999
v 0.00000000 19.95700073 0.90570003
v 0.13169999 19.94490051 0.90869999
v 0.00000000 19.72920036 1.02409995
v 0.00000000 19.78610039 0.99800003
v 0.00000000 19.86230087 0.95499998
v 0.00000000 19.67930031 1.03789997
v 0.13560000 19.70610046 1.02590001
v 0.13450000 19.64999962 1.04419994
v 0.26269999 19.68110085 1.00769997
v 0.26949999 19.60309982 0.99890000
v 0.37149999 19.67889977 0.98079997
v 0.36860001 19.61479950 0.97090000
v 0.25459999 19.73909950 0.98369998
v 0.13470000 19.76250076 1.00349998
v 0.25209999 19.81850052 0.95150000
v 0.13550000 19.84399986 0.96210003
v 0.24699999 19.92189980 0.89770001
v 0.35589999 19.80879974 0.91540003
v 0.35069999 19.90570068 0.86350000
v 0.36160001 19.73609924 0.95099998
v 0.46110001 19.72710037 0.91039997
v 0.46790001 19.67239952 0.94230002
v 0.45339999 19.61470032 0.93500000
v 0.33489999 19.55579948 0.92369998
v 0.37210000 19.57609940 0.93750000
v 0.43370000 19.56879997 0.91159999
v 0.40750000 19.54409981 0.87690002
v 0.21730000 19.54910088 0.97200000
v 0.29460001 19.51409912 0.87089998
v 0.38170001 19.51180077 0.83459997
v 0.50790000 19.54759979 0.87730002
v 0.53210002 19.59239960 0.88940001
v 0.59390002 19.55330086 0.83399999
v 0.56389999 19.51180077 0.82920003
v 0.47819999 19.51689911 0.84810001
v 0.52490002 19.48299980 0.80919999
v 0.11730000 19.59609985 1.04200006
v 0.09740000 19.54490089 1.02579999
v 0.17340000 19.49850082 0.94989997
v 0.07940000 19.50009918 1.01740003
v 0.13910000 19.44720078 0.95819998
v 0.07060000 19.44799995 1.03910005
v 0.12750000 19.39640045 0.99949998
v -0.00000000 19.56719971 1.03970003
v 0.23980001 19.44280052 0.85299999
v 0.18889999 19.38030052 0.88419998
v 0.00000000 19.62890053 1.04289997
v -0.00000000 18.09390068 1.03320003
v -0.00000000 18.16519928 1.06149995
v 0.00000000 18.25079918 1.06599998
v 0.10030000 18.15900040 1.04859996
v 0.10540000 18.24300003 1.05659997
v 0.20060000 18.23649979 1.01839995
v 0.18930000 18.15049934 1.00390005
v 0.08870000 18.09020042 1.01979995
v -0.00000000 18.04870033 0.98259997
v 0.07410000 18.04689980 0.97229999
v 0.16599999 18.08489990 0.97610003
v 0.13689999 18.04479980 0.93830001
v 0.22579999 18.08209991 0.90840000
v 0.25929999 18.14710045 0.93529999
v 0.18200000 18.04459953 0.87300003
v 0.19390000 18.32029915 1.03040004
v 0.10440000 18.32349968 1.05780005
v 0.18790001 18.38949966 1.04540002
v 0.10430000 18.38859940 1.07410002
v 0.24550000 18.40769958 1.00860000
v 0.26120001 18.34009933 0.98930001
v 0.28510001 18.24950027 0.95109999
v 0.00000000 18.33139992 1.06480002
v -0.00000000 18.39389992 1.08399999
v 0.10430000 18.44300079 1.09490001
v 0.00000000 18.44440079 1.10850000
v -0.00000000 18.03030014 0.82099998
v -0.00000000 18.03070068 0.91229999
v -0.00000000 18.02350044 0.71399999
v -0.00000000 17.98749924 0.60560000
v 0.06380000 18.02980042 0.90939999
v 0.06700000 18.02910042 0.82499999
v 0.11160000 18.02969933 0.90149999
v 0.12930000 18.03009987 0.83880001
v 0.07530000 18.02400017 0.72060001
v 0.15410000 18.03030014 0.74220002
v 0.22290000 18.04940033 0.78939998
v 0.27419999 18.08489990 0.83300000
v 0.08580000 17.99390030 0.60920000
v 0.28850001 18.54560089 0.95999998
v 0.29990000 18.51269913 0.96069998
v 0.32679999 18.52869987 0.95499998
v 0.30199999 18.56410027 0.95779997
v 0.28900000 18.58569908 0.97920001
v 0.26650000 18.57959938 0.97659999
v 0.28560001 18.57410049 0.95870000
v 0.27890000 18.56279945 0.95929998
v 0.26449999 18.52969933 0.98460001
v 0.27260000 18.48999977 0.98400003
v 0.28310001 18.44179916 0.97740000
v 0.30430001 18.47299957 0.95990002
v 0.32550001 18.45499992 0.94870001
v 0.30350000 18.39179993 0.96079999
v 0.33370000 18.33799934 0.92690003
v 0.35760000 18.41979980 0.92360002
v 0.36530000 18.50519943 0.94059998
v 0.39350000 18.39229965 0.87879997
v 0.40200001 18.48590088 0.90910000
v 0.37230000 18.30150032 0.86900002
v 0.34029999 18.21430016 0.87169999
v 0.30930001 18.13870049 0.86309999
v 0.23680000 18.46450043 1.01979995
v 0.23010001 18.51210022 1.02339995
v 0.22229999 18.54899979 1.01510000
v 0.25830001 18.55830002 0.97909999
v 0.17900001 18.49850082 1.06739998
v 0.18400000 18.44779968 1.06040001
v 0.17030001 18.54059982 1.05770004
v 0.22620000 18.57769966 1.00689995
v 0.24910000 18.59440041 1.01209998
v 0.18950000 18.59569931 1.04719996
v 0.16940001 18.57270050 1.04270005
v 0.31990001 18.58040047 0.98040003
v 0.15910000 19.06920052 1.13269997
v 0.13990000 19.00359917 1.19130003
v 0.11350000 18.96910095 1.21150005
v 0.12870000 19.12630081 1.13279998
v 0.15050000 19.19709969 1.07190001
v 0.16620000 19.27339935 1.00779998
v 0.21340001 19.15040016 1.03670001
v 0.23970000 19.22629929 0.97049999
v 0.32220000 19.10429955 0.98339999
v 0.33660001 19.20369911 0.92979997
v 0.45829999 19.14179993 0.90259999
v 0.44250000 19.22050095 0.87709999
v 0.25540000 19.28260040 0.91189998
v 0.34500000 19.26519966 0.88180000
v 0.17880000 19.33279991 0.94540000
v 0.27300000 19.33340073 0.86629999
v 0.30680001 19.38839912 0.84609997
v 0.36050001 19.32340050 0.85780001
v 0.37850001 19.37719917 0.84020001
v 0.43930000 19.33530045 0.83880001
v 0.44229999 19.38579941 0.82230002
v 0.43500000 19.28030014 0.85020000
v 0.33680001 19.42539978 0.81000000
v 0.29769999 19.44759941 0.81480002
v 0.37959999 19.41020012 0.80589998
v 0.52890003 19.25659943 0.81950003
v 0.50650001 19.30920029 0.80699998
v 0.59310001 19.30509949 0.76330000
v 0.55879998 19.34580040 0.76289999
v 0.59439999 19.38419914 0.72640002
v 0.63510001 19.36190033 0.71280003
v 0.49739999 19.35530090 0.80309999
v 0.53619999 19.38120079 0.76059997
v 0.57130003 19.41530037 0.74010003
v 0.62040001 19.41609955 0.71789998
v 0.65380001 19.42029953 0.70169997
v 0.69489998 19.33939934 0.66769999
v 0.69819999 19.43659973 0.66780001
v 0.63870001 19.25259972 0.75700003
v 0.56180000 19.19050026 0.83249998
v 0.59710002 19.10330009 0.82380003
v 0.67900002 19.17099953 0.74049997
v 0.49950001 19.04560089 0.89359999
v -0.00120000 14.98349953 1.09889996
v -0.00100000 14.88969994 1.09109998
v -0.00010000 14.64000034 1.07980001
v -0.00040000 14.75259972 1.08070004
v -0.00000000 14.52260017 1.08570004
v 0.00000000 14.38809967 1.09500003
v 0.14430000 14.51119995 1.09119999
v 0.15090001 14.62740040 1.08290005
v 0.15940000 14.73369980 1.08200002
v -0.00110000 15.12539959 1.11059999
v -0.00120000 15.05169964 1.10539997
v 0.05730000 14.99769974 1.10239995
v 0.06910000 15.05080032 1.10839999
v 0.07680000 15.12349987 1.11450005
v 0.07970000 15.20600033 1.11679995
v -0.00090000 15.20670033 1.11230004
v 0.15979999 15.11600018 1.12390006
v 0.16419999 15.20450020 1.12950003
v 0.16210000 15.29780006 1.12679994
v 0.07910000 15.29399967 1.11319995
v -0.00060000 15.29300022 1.10860002
v 0.07600000 15.38420010 1.10350001
v -0.00040000 15.38119984 1.09889996
v 0.15549999 15.39290047 1.11500001
v 0.25770000 15.20569992 1.14950001
v 0.25220001 15.30560017 1.14520001
v 0.36140001 15.21090031 1.16550004
v 0.35049999 15.31709957 1.15779996
v 0.25610000 15.10799980 1.14129996
v 0.36620000 15.10459995 1.15810001
v 0.14410000 15.03460026 1.11319995
v 0.24400000 15.01490021 1.12259996
v 0.21740000 14.92770004 1.10370004
v 0.10430000 14.96160030 1.10179996
v 0.17550001 14.83899975 1.09010005
v 0.36179999 14.99940014 1.13670003
v 0.34709999 14.89960003 1.10720003
v 0.48789999 15.10569954 1.16559994
v 0.49380001 14.98890018 1.14300001
v 0.48580000 14.87530041 1.10810006
v -0.00000000 12.31779957 1.07760000
v -0.00000000 12.25510025 1.07029998
v 0.00000000 12.19909954 1.06710005
v -0.00000000 12.38920021 1.08739996
v 0.12060000 12.31859970 1.07850003
v 0.11910000 12.39070034 1.08790004
v 0.12080000 12.25510025 1.07169998
v -0.00000000 12.47070026 1.09809995
v -0.00000000 12.56270027 1.10850000
v -0.00010000 12.66469955 1.11810005
v 0.11370000 12.56499958 1.10860002
v 0.11040000 12.66709995 1.11800003
v 0.11670000 12.47270012 1.09840000
v -0.00020000 11.62469959 1.17509997
v -0.00010000 11.75879955 1.16100001
v 0.12130000 11.76910019 1.15980005
v 0.19030000 11.62860012 1.17200005
v 0.00000000 11.85589981 1.14460003
v 0.00010000 11.92910004 1.12679994
v 0.00010000 11.99040031 1.10819995
v 0.00010000 12.04529953 1.09109998
v 0.09000000 11.92630005 1.12909997
v 0.09710000 11.98600006 1.11129999
v 0.17410000 11.91390038 1.13489997
v 0.19450000 11.97080040 1.11899996
v 0.10520000 12.04119968 1.09430003
v 0.21240000 12.02810001 1.10230005
v 0.22610000 12.08390045 1.08790004
v 0.11190000 12.09360027 1.08060002
v 0.00000000 12.09669971 1.07749999
v 0.09110000 11.85890007 1.14530003
v 0.15629999 11.86670017 1.14590001
v 0.20710000 11.81439972 1.15450001
v 0.25909999 11.87500000 1.14310002
v 0.29640001 11.93999958 1.12740004
v 0.29629999 11.73169994 1.16040003
v 0.36190000 11.81680012 1.14680004
v 0.40860000 11.89560032 1.13010001
v 0.36790001 11.54479980 1.16460001
v 0.42930001 11.65569973 1.15279996
v 0.51910001 11.47630024 1.13880002
v 0.33190000 11.41139984 1.17309999
v 0.47920001 11.35610008 1.14670002
v 0.30640000 11.27729988 1.17659998
v 0.44479999 11.23099995 1.15079999
v 0.60939997 11.29819965 1.11119998
v 0.65450001 11.41399956 1.10140002
v 0.56709999 11.17739964 1.11689997
v 0.67259997 11.12119961 1.08019996
v 0.72409999 11.23980045 1.07579994
v 0.82309997 11.18120003 1.03810000
v 0.76080000 11.06509972 1.04190004
v 0.77700001 11.35439968 1.06579995
v 0.88660002 11.29440022 1.02719998
v 0.52810001 11.05270004 1.11870003
v 0.62410003 10.99919987 1.08050001
v 0.41420001 11.10229969 1.15180004
v 0.56760001 11.58689976 1.12689996
v 0.70139998 11.52400017 1.08749998
v 0.61619997 11.68970013 1.11140001
v 0.74739999 11.62909985 1.07060003
v 0.82830000 11.46520042 1.04980004
v 0.87550002 11.57260036 1.02980006
v 0.48519999 11.75319958 1.13800001
v 0.28500000 11.14280033 1.17659998
v 0.26640001 11.00759983 1.17369998
v 0.38720000 10.97140026 1.14839995
v 0.25029999 10.87240028 1.16270006
v 0.36399999 10.83930016 1.13880002
v 0.13510001 11.03040028 1.18529999
v 0.12680000 10.89280033 1.17550004
v 0.14460000 11.16959953 1.18859994
v 0.15530001 11.31009960 1.18809998
v 0.16910000 11.45790005 1.18340003
v -0.00070000 11.17879963 1.19159997
v -0.00060000 11.32110023 1.19070005
v -0.00040000 11.46899986 1.18589997
v 0.00030000 10.55000019 -1.31260002
v 0.00030000 10.44110012 -1.25979996
v 0.00040000 10.34220028 -1.19340003
v 0.00070000 10.17300034 -1.01960003
v 0.00100000 10.10070038 -0.90899998
v 0.04010000 10.02980042 -0.78390002
v 0.00160000 10.03470039 -0.77810001
v 0.04240000 10.09630013 -0.91439998
v 0.04480000 10.16899967 -1.02440000
v 0.00050000 10.25310040 -1.11360002
v 0.04760000 10.24909973 -1.11810005
v 0.05130000 10.33810043 -1.19780004
v 0.00190000 9.97350025 -0.62300003
v 0.00220000 9.91819954 -0.44970000
v 0.03800000 9.96809959 -0.62840003
v 0.03470000 9.91310024 -0.45289999
v 0.03250000 9.86410046 -0.26859999
v 0.00230000 9.86810017 -0.26679999
v 0.00230000 9.82069969 -0.08070000
v 0.03320000 9.81809998 -0.08200000
v 0.07030000 9.89760017 -0.46190000
v 0.06340000 9.85179996 -0.27300000
v 0.06330000 9.80980015 -0.08510000
v 0.06750000 9.77550030 0.09430000
v 0.03580000 9.78050041 0.09630000
v 0.09170000 9.79500008 -0.08830000
v 0.09600000 9.76519966 0.09170000
v 0.09460000 9.83090019 -0.27689999
v 0.11010000 9.87040043 -0.47240001
v 0.08050000 9.95129967 -0.64679998
v 0.13959999 9.92140007 -0.68690002
v 0.14730000 9.82950020 -0.46259999
v 0.12360000 9.80160046 -0.27460000
v 0.19080000 9.85960007 -0.65380001
v 0.08420000 10.01570034 -0.80330002
v 0.08820000 10.08419991 -0.93159997
v 0.14180000 10.06719971 -0.96210003
v 0.13840000 9.99660015 -0.84149998
v -0.00000000 15.70100021 1.02310002
v -0.00000000 15.81429958 0.98259997
v -0.00010000 15.62209988 1.04659998
v -0.00010000 15.54959965 1.06620002
v 0.05060000 15.62030029 1.04890001
v 0.09060000 15.68529987 1.03230000
v 0.06170000 15.55570030 1.06780005
v 0.07030000 15.47309971 1.08770001
v -0.00020000 15.46829987 1.08449996
v 0.14460000 15.48789978 1.09500003
v 0.12650000 15.58329964 1.06789994
v 0.22790000 15.50599957 1.10490000
v 0.21060000 15.60700035 1.07299995
v 0.30120000 15.62849998 1.07509995
v 0.28330001 15.73279953 1.03460002
v 0.18979999 15.71210003 1.03400004
v 0.37830001 15.75100040 1.02789998
v 0.36120000 15.85509968 0.98460001
v 0.26789999 15.84029961 0.99000001
v 0.39660001 15.64869976 1.06869996
v 0.17749999 15.82569981 0.98879999
v 0.31909999 15.52560043 1.10909998
v 0.33590001 15.42210007 1.13769996
v 0.24190000 15.40590000 1.12940001
v 0.08750000 15.81369972 0.98549998
v -0.00000000 16.27519989 0.76160002
v 0.06620000 16.38990021 0.69830000
v 0.06930000 16.27589989 0.76450002
v 0.13390000 16.39069939 0.70889997
v 0.14010000 16.27779961 0.77209997
v 0.13230000 16.50270081 0.64340001
v 0.20220000 16.49959946 0.66240001
v 0.20550001 16.39089966 0.72240001
v 0.21030000 16.60390091 0.60290003
v 0.13880000 16.61240005 0.57749999
v 0.27820000 16.49360085 0.67970002
v 0.28410000 16.39010048 0.73329997
v 0.21480000 16.28050041 0.78119999
v 0.29670000 16.28319931 0.78689998
v 0.07350000 16.16180038 0.82650000
v 0.14839999 16.16500092 0.83209997
v 0.07810000 16.04759979 0.88400000
v 0.15770000 16.05220032 0.88840002
v 0.22700000 16.16970062 0.83800000
v 0.31209999 16.17519951 0.83960003
v 0.24020000 16.05929947 0.89209998
v 0.32830000 16.06749916 0.89060003
v -0.00000000 16.16080093 0.82429999
v -0.00000000 16.04619980 0.88220000
v 0.08300000 15.93220043 0.93690002
v 0.16730000 15.93929958 0.94050002
v -0.00000000 15.93070030 0.93510002
v 1.62940001 15.19369984 -1.53289998
v 1.60220003 15.08549976 -1.50049996
v 1.45869994 15.11299992 -1.59309995
v 1.51970005 15.23309994 -1.60739994
v 1.65520000 15.29030037 -1.56169999
v 1.55620003 15.33170033 -1.62650001
v 1.67620003 15.38259983 -1.58819997
v 1.58080006 15.42520046 -1.64690006
v 1.45609999 15.38029957 -1.68260002
v 1.48039997 15.47210026 -1.69799995
v 1.42250001 15.29220009 -1.67030001
v 1.33640003 15.33780003 -1.71570003
v 1.35699999 15.42339993 -1.72800004
v 1.24349999 15.36060047 -1.74950004
v 1.25320005 15.45650005 -1.76429999
v 1.13680005 15.37829971 -1.77919996
v 1.14160001 15.48530006 -1.79429996
v 1.24489999 15.27130032 -1.72979999
v 1.14170003 15.27260017 -1.75829995
v 1.31809998 15.27449989 -1.70669997
v 1.36969995 15.21500015 -1.66820002
v 1.27330005 15.17910004 -1.69579995
v 1.31519997 15.06799984 -1.64690006
v 1.15960002 15.16349983 -1.72899997
v 1.18420005 15.04500008 -1.69149995
v 1.01950002 15.39550018 -1.80449998
v 1.02269995 15.51290035 -1.81879997
v 0.89609998 15.41250038 -1.82190001
v 0.89910001 15.53929996 -1.83620000
v 0.77280003 15.42790031 -1.82650006
v 0.77550000 15.56260014 -1.84159994
v 0.90030003 15.28629971 -1.80159998
v 0.77630001 15.29489994 -1.80639994
v 1.02419996 15.27820015 -1.78419995
v 1.15339994 15.59490013 -1.80490005
v 1.03299999 15.63220024 -1.82809997
v 0.90890002 15.66800022 -1.84500003
v 1.37720001 15.51729965 -1.74100006
v 1.26830006 15.55720043 -1.77620006
v 1.49979997 15.56490040 -1.71319997
v 1.39709997 15.61359978 -1.75250006
v 1.28699994 15.66030025 -1.78460002
v 1.59749997 15.51819992 -1.66680002
v 1.69140005 15.47620010 -1.61240005
v 1.79789996 15.54529953 -1.57000005
v 1.77950001 15.43640041 -1.54980004
v 1.69679999 15.57619953 -1.63660002
v 1.76329994 15.34659958 -1.52440000
v 1.74660003 15.25949955 -1.49269998
v 1.82669997 15.24129963 -1.42359996
v 1.81570005 15.15890026 -1.37909997
v 1.72909999 15.16909981 -1.45620000
v 1.80550003 15.07079983 -1.33089995
v 1.71340001 15.07170010 -1.41550004
v 1.70560002 14.96549988 -1.36950004
v 1.79859996 14.97539997 -1.28100002
v 1.88139999 15.08349991 -1.24650002
v 1.87629998 14.99370003 -1.19079995
v 1.88730001 15.16479969 -1.30350006
v 1.70290005 14.85169983 -1.32169998
v 1.79489994 14.87110043 -1.23099995
v 1.59619999 14.96199989 -1.45439994
v 1.59689999 14.83549976 -1.40690005
v 1.89279997 15.23950005 -1.35819995
v 1.94560003 15.25650024 -1.29910004
v 1.94500005 15.18599987 -1.23119998
v 1.98780000 15.28719997 -1.24559999
v 1.99370003 15.21850014 -1.16170001
v 1.93980002 15.32269955 -1.36290002
v 1.97940004 15.35229969 -1.32319999
v 1.89499998 15.30700016 -1.40590000
v 1.83739996 15.31820011 -1.46089995
v 1.85020006 15.38860035 -1.48559999
v 1.89269996 15.35809994 -1.43889999
v 1.87600005 15.45199966 -1.48780000
v 1.92079997 15.38599968 -1.42240000
v 1.91890001 15.49979973 -1.46759999
v 1.95760000 15.42150021 -1.39629996
v 1.96019995 15.54119968 -1.44309998
v 1.99339998 15.45919991 -1.36870003
v 2.01230001 15.38959980 -1.28789997
v 2.02440000 15.49660015 -1.34420002
v 2.03970003 15.42850018 -1.25999999
v 2.06209993 15.46500015 -1.23930001
v 2.04990005 15.53160000 -1.32439995
v 1.99619997 15.57909966 -1.41999996
v 2.02679992 15.61340046 -1.40030003
v 2.02370000 15.32590008 -1.19980001
v 2.05170012 15.36870003 -1.16810000
v 1.86520004 15.59570026 -1.53789997
v 1.91600001 15.63729954 -1.51090002
v 1.95799994 15.67479992 -1.48730004
v 1.86370003 15.74810028 -1.56830001
v 1.90960002 15.78400040 -1.54449999
v 1.80509996 15.86810017 -1.61389995
v 1.85440004 15.90419960 -1.59029996
v 1.99399996 15.70839977 -1.46739995
v 1.95089996 15.81639957 -1.52450001
v 1.90079999 15.93630028 -1.57050002
v 1.68610001 15.95119953 -1.67309999
v 1.73959994 15.99440002 -1.64740002
v 1.75259995 15.83069992 -1.64030004
v 1.81099999 15.71170044 -1.59590006
v 1.79260004 16.03339958 -1.62399995
v 1.74919999 15.68140030 -1.62820005
v 1.67709994 15.68050003 -1.66880000
v 1.60689998 15.61079979 -1.68579996
v 1.60710001 15.69690037 -1.70379996
v 1.51600003 15.65600014 -1.72619998
v 1.53069997 15.74030018 -1.73490000
v 1.41770005 15.70880032 -1.76059997
v 1.44050002 15.79889965 -1.76300001
v 1.30939996 15.76299953 -1.78830004
v 1.33640003 15.86260033 -1.78550005
v 1.54990005 15.80990028 -1.73529994
v 1.46899998 15.88039970 -1.75740004
v 1.50759995 15.95149994 -1.74230003
v 1.58640003 15.86019993 -1.72140002
v 1.36989999 15.95680046 -1.77479994
v 1.41170001 16.04389954 -1.75580001
v 1.60290003 15.75940037 -1.71459997
v 1.19410002 15.81859970 -1.81040001
v 1.22329998 15.92930031 -1.80260003
v 1.07319999 15.87619972 -1.82710004
v 1.10339999 15.99849987 -1.81389999
v 1.17100000 15.70650005 -1.81070006
v 1.04990005 15.75349998 -1.83130002
v 1.69760001 15.79679966 -1.66849995
v 1.64380002 15.77340031 -1.69610000
v 1.63390005 15.90600014 -1.69879997
v 1.55509996 16.01560020 -1.72000003
v 1.60860002 16.07379913 -1.69410002
v 1.46210003 16.12339973 -1.73039997
v 1.51989996 16.19400024 -1.70150006
v 1.36020005 16.23170090 -1.72969997
v 1.42509997 16.31450081 -1.69490004
v 1.30509996 16.13800049 -1.76139998
v 1.47039998 14.95790005 -1.53429997
v 1.33819997 14.93519974 -1.59860003
v 1.35270000 14.80060005 -1.55219996
v 1.47899997 14.81970024 -1.48479998
v 1.20420003 14.91670036 -1.64890003
v 1.08759999 14.77239990 -1.64100003
v 1.07169998 14.90470028 -1.68420005
v 1.21969998 14.78460026 -1.60329998
v 1.10140002 14.63879967 -1.59300005
v 1.23210001 14.65130043 -1.55509996
v 1.11280000 14.50520039 -1.53740001
v 1.24170005 14.51749992 -1.50250006
v 1.36259997 14.66709995 -1.50349998
v 1.37020004 14.53380013 -1.45210004
v 1.48699999 14.68579960 -1.43900001
v 1.60039997 14.70730019 -1.35909998
v 1.60370004 14.57870007 -1.30799997
v 1.70290005 14.73040009 -1.27300000
v 1.70340002 14.60470009 -1.22189999
v 1.49290001 14.55360031 -1.38919997
v 1.37409997 14.40050030 -1.39479995
v 1.49469995 14.42140007 -1.33220005
v 1.60520005 14.44659996 -1.25610006
v 1.70290005 14.47589970 -1.16799998
v 1.69749999 14.34430027 -1.10899997
v 1.60160005 14.31369972 -1.19640005
v 1.49310005 14.28740025 -1.27149999
v 1.37440002 14.26589966 -1.33249998
v 1.25119996 14.24890041 -1.37820005
v 1.24810004 14.38399982 -1.44270003
v 1.37160003 14.12819958 -1.26730001
v 1.25150001 14.11089993 -1.31219995
v 1.48640001 14.15079975 -1.20729995
v 1.12140000 14.37129974 -1.47599995
v 1.00329995 14.22729969 -1.42820001
v 0.99599999 14.36219978 -1.49500000
v 1.12679994 14.23610020 -1.40989995
v 0.88209999 14.22229958 -1.43379998
v 0.87349999 14.35659981 -1.50039995
v 1.00750005 14.09049988 -1.36160004
v 0.88749999 14.08689976 -1.36749995
v 0.89060003 13.95030022 -1.30659997
v 1.00950003 13.95199966 -1.29980004
v 1.12950003 14.09840012 -1.34340000
v 1.12989998 13.95829964 -1.28079998
v 0.77090001 14.08710003 -1.36249995
v 0.76470000 14.22099972 -1.42799997
v 0.75520003 14.35449982 -1.49380004
v 0.98570001 14.49639988 -1.55700004
v 0.86189997 14.49090004 -1.56260002
v 0.84789997 14.62530041 -1.61819994
v 0.97270000 14.63039970 -1.61269999
v 0.74290001 14.48859978 -1.55530000
v 0.72820002 14.62339973 -1.61059999
v 0.95770001 14.76420021 -1.66250002
v 1.05429995 15.03409958 -1.72350001
v 1.03690004 15.15849972 -1.75720000
v 0.91079998 15.15890026 -1.77509999
v 0.78579998 15.16189957 -1.78040004
v 0.79939997 15.02849960 -1.74880004
v 0.67830002 15.02970028 -1.74339998
v 0.66479999 15.16619968 -1.77499998
v 0.81529999 14.89420033 -1.71220005
v 0.69470000 14.89369965 -1.70519996
v 0.59840000 14.75969982 -1.64279997
v 0.58130002 14.89579964 -1.68770003
v 0.71179998 14.75839996 -1.66069996
v 0.83200002 14.75979996 -1.66820002
v 0.56470001 15.03289986 -1.72720003
v 0.92540002 15.02950001 -1.74290001
v 0.94160002 14.89770031 -1.70539999
v 0.55070001 15.17150021 -1.76040006
v 0.65549999 15.30340004 -1.80100000
v 0.54070002 15.31159973 -1.78770006
v 0.44560000 15.17790031 -1.73860002
v 0.43419999 15.31970024 -1.76779997
v 0.45960000 15.03779984 -1.70389998
v 2.07649994 15.27429962 -0.94959998
v 2.04730010 15.18900013 -0.96670002
v 2.03449988 15.26189995 -1.09819996
v 2.06320000 15.31639957 -1.06570005
v 2.08270001 15.36359978 -1.04729998
v 2.09340000 15.33160019 -0.93980002
v 2.10310006 15.31830025 -0.82830000
v 2.09249997 15.26189995 -0.82639998
v 2.07750010 15.18809986 -0.81669998
v 2.10109997 15.26739979 -0.71120000
v 2.09130001 15.20069981 -0.69569999
v 2.09240007 15.22290039 -0.58850002
v 2.08130002 15.15100002 -0.56419998
v 2.07960010 15.12279987 -0.66680002
v 2.06509995 15.10009956 -0.77819997
v 2.02579999 14.97949982 -0.83910000
v 2.03629994 15.07970047 -0.89660001
v 2.05189991 15.00759983 -0.73269999
v 2.01340008 14.87749958 -0.78479999
v 2.03600001 14.91069984 -0.68379998
v 1.98679996 14.94960022 -0.94220001
v 1.99339998 15.04790020 -1.00259995
v 1.97839999 14.84549999 -0.88590002
v 2.01679993 14.80920029 -0.63160002
v 2.04640007 14.94639969 -0.58569998
v 2.02379990 14.85070038 -0.53680003
v 2.06489992 15.03750038 -0.62930000
v 1.99849999 14.77060032 -0.72990000
v 2.06590009 15.07139969 -0.53189999
v 2.08270001 15.25170040 -0.49030000
v 2.07220006 15.18420029 -0.46970001
v 2.09990001 15.28509998 -0.60399997
v 2.08929992 15.31060028 -0.50379997
v 2.10439992 15.33640003 -0.61290002
v 2.09310007 15.36019993 -0.51130003
v 2.10759997 15.32120037 -0.71869999
v 2.05480003 15.22019958 -0.38330001
v 2.06459999 15.28369999 -0.40020001
v 2.07069993 15.34000015 -0.41020000
v 2.05690002 15.10939980 -0.44159999
v 2.04590011 14.98579979 -0.49270001
v 2.03649998 15.02900028 -0.40619999
v 2.02119994 14.89579964 -0.44710001
v 2.01090002 14.94449997 -0.36359999
v 2.11109996 15.36229992 -0.72229999
v 2.10949993 15.36040020 -0.82819998
v 2.11319995 15.39009953 -0.82789999
v 2.11279988 15.39159966 -0.72399998
v 2.11420012 15.40909958 -0.72500002
v 2.11590004 15.40830040 -0.82789999
v 2.11019993 15.40260029 -0.93040001
v 2.11540008 15.42129993 -0.92890000
v 2.10560012 15.42959976 -1.02989995
v 2.11380005 15.44839954 -1.02670002
v 2.10360003 15.37310028 -0.93379998
v 2.09590006 15.40130043 -1.03629994
v 2.11919999 15.41530037 -0.82830000
v 2.12069988 15.42949963 -0.92879999
v 2.11649990 15.41499996 -0.72549999
v 2.10780001 15.40540028 -0.61970001
v 2.10660005 15.37660027 -0.61750001
v 2.09540009 15.39999962 -0.51440001
v 2.09780002 15.42920017 -0.51510000
v 2.10929990 15.42240047 -0.62080002
v 2.10159993 15.44670010 -0.51569998
v 2.07480001 15.38840008 -0.41420001
v 2.07839990 15.42889977 -0.41319999
v 2.08369994 15.46070004 -0.40950000
v 2.07249999 15.40880013 -1.14719999
v 2.08820009 15.44299984 -1.13360000
v 2.08030009 15.49699974 -1.22469997
v 2.09590006 15.52309990 -1.21480000
v 2.10080004 15.46990013 -1.12510002
v 2.11080003 15.54230022 -1.20899999
v 2.11209989 15.48880005 -1.12059999
v 2.09030008 15.58790016 -1.29830003
v 2.10870004 15.60739994 -1.29130006
v 2.05340004 15.64319992 -1.38469994
v 2.07760000 15.66779995 -1.37300003
v 2.07130003 15.56229973 -1.30920005
v 2.02609992 15.73709965 -1.45140004
v 2.05599999 15.76049995 -1.43939996
v 2.10109997 15.68669987 -1.36530006
v 2.08529997 15.77810001 -1.43130004
v 2.12610006 15.55410004 -1.20720005
v 2.12369990 15.49930000 -1.11940002
v 2.13639998 15.50109959 -1.12160003
v 2.14299989 15.55850029 -1.20959997
v 2.12199998 15.45759964 -1.02620006
v 2.13129997 15.45740032 -1.02789998
v 2.12809992 15.62049961 -1.28859997
v 2.14919996 15.62749958 -1.29089999
v 2.15100002 15.49440002 -1.12720001
v 2.16230011 15.55580044 -1.21700001
v 2.17350006 15.63000011 -1.29949999
v 1.99749994 15.14080048 -1.07299995
v 1.94350004 15.10719967 -1.16209996
v 1.94029999 15.01830006 -1.09889996
v 1.93579996 14.92090034 -1.04100001
v 1.87249994 14.89459991 -1.13699996
v 1.93030000 14.81480026 -0.98580003
v 1.86880004 14.78540039 -1.08440006
v 1.79289997 14.75679970 -1.18079996
v 1.79069996 14.63409996 -1.12899995
v 1.78729999 14.50679970 -1.07430005
v 1.86420000 14.66639996 -1.03110003
v 1.85800004 14.54069996 -0.97570002
v 1.84850001 14.41129971 -0.91649997
v 1.78020000 14.37650013 -1.01540005
v 1.91429996 14.57750034 -0.87440002
v 1.90139997 14.44989967 -0.81440002
v 1.92340004 14.69999981 -0.93099999
v 1.96809995 14.73449993 -0.83020002
v 1.95539999 14.61670017 -0.77270001
v 1.93889999 14.49349976 -0.71190000
v 1.98130000 14.65849972 -0.67259997
v 1.96089995 14.54179955 -0.61150002
v 1.88030005 14.32120037 -0.74930000
v 1.91460001 14.36800003 -0.64639997
v 1.93379998 14.42230034 -0.54600000
v 2.49020004 15.89500046 -1.55920005
v 2.44569993 15.77009964 -1.50639999
v 2.37369990 15.83409977 -1.50810003
v 2.41950011 15.93929958 -1.56079996
v 2.32100010 15.89299965 -1.51800001
v 2.35570002 15.99180031 -1.56690001
v 2.28279996 15.80550003 -1.46399999
v 2.31410003 15.73340034 -1.44070005
v 2.24510002 15.73980045 -1.41260004
v 2.24970007 15.63679981 -1.35440004
v 2.21040010 15.72019958 -1.38469994
v 2.20379996 15.63109970 -1.31789994
v 2.23639989 15.79829979 -1.44400001
v 2.25239992 15.85569954 -1.48090005
v 2.21120000 15.79880047 -1.43640006
v 2.21670008 15.87829971 -1.48420000
v 2.17939997 15.79889965 -1.42980003
v 2.17939997 15.71350002 -1.36979997
v 2.18490005 15.54619980 -1.23000002
v 2.16750002 15.47889996 -1.13590002
v 2.21110010 15.52649975 -1.24689996
v 2.18519998 15.45300007 -1.14610004
v 2.14689994 15.79650021 -1.42649996
v 2.15129995 15.70829964 -1.36280000
v 2.17759991 15.88920021 -1.48339999
v 2.13790011 15.89280033 -1.48290002
v 2.12540007 15.69999981 -1.36170006
v 2.11549997 15.78989983 -1.42690003
v 2.27300000 15.93949986 -1.52730000
v 2.22440004 15.97029972 -1.53139997
v 2.29399991 16.03890038 -1.57260001
v 2.23230004 16.07539940 -1.57500005
v 2.31550002 16.14940071 -1.60940003
v 2.38910007 16.09630013 -1.60560000
v 2.24060011 16.19260025 -1.61119998
v 2.17490005 15.98929977 -1.53219998
v 2.17100000 16.10110092 -1.57509995
v 2.11150002 16.11680031 -1.57340002
v 2.09649992 16.24449921 -1.60280001
v 2.16709995 16.22410011 -1.60810006
v 2.16720009 16.35370064 -1.62460005
v 2.25430012 16.31660080 -1.62829995
v 2.08480000 16.37689972 -1.61549997
v 2.07850003 16.00119972 -1.53330004
v 2.05460000 16.12319946 -1.57239997
v 2.12590003 15.99919987 -1.53230000
v 2.02909994 16.25449944 -1.59840000
v 2.28049994 15.56509972 -1.34909999
v 2.23280001 15.47939968 -1.25360000
v 2.30040002 15.49470043 -1.35060000
v 2.24990010 15.42230034 -1.26020002
v 2.37360001 15.57629967 -1.42700005
v 2.35220003 15.66030025 -1.43190002
v 2.46289992 15.65690041 -1.48769999
v 2.47799993 15.56659985 -1.48979998
v 2.39039993 15.49580002 -1.43229997
v 2.49860001 15.48299980 -1.50460005
v 2.40989995 15.41740036 -1.44700003
v 2.57640004 15.62740040 -1.52520001
v 2.59649992 15.54399967 -1.54110003
v 2.52780008 15.39920044 -1.52810001
v 2.43720007 15.33790016 -1.46759999
v 2.62649989 15.45860004 -1.56669998
v 2.31710005 15.42409992 -1.35829997
v 2.33550000 15.35239983 -1.37179995
v 2.56489992 15.71290016 -1.52240002
v 2.56069994 15.80340004 -1.53709996
v 2.67070007 15.76060009 -1.53629994
v 2.68179989 15.67940044 -1.53799999
v 2.66269994 15.84290028 -1.54970002
v 2.26500010 15.35999966 -1.26940000
v 2.21700001 15.36349964 -1.16170001
v 2.23250008 15.30780029 -1.17019999
v 2.19659996 15.31799984 -1.05809999
v 2.21239996 15.26609993 -1.06519997
v 2.20180011 15.41300011 -1.15409994
v 2.18230009 15.36369991 -1.05120003
v 2.16840005 15.40139961 -1.04449999
v 2.20260000 15.23439980 -0.95539999
v 2.18530011 15.28450012 -0.95020002
v 2.16470003 15.30669975 -0.83690000
v 2.17059994 15.32870007 -0.94529998
v 2.18050003 15.26229954 -0.83990002
v 2.19970012 15.21189976 -0.84310001
v 2.23140001 15.20890045 -1.07249999
v 2.22390008 15.17870045 -0.96060002
v 2.25040007 15.24730015 -1.17960000
v 2.25550008 15.14669991 -1.07939994
v 2.25070000 15.11750031 -0.96560001
v 2.27270007 15.18220043 -1.18920004
v 2.28160000 15.29409981 -1.28129995
v 2.30360007 15.22509956 -1.29460001
v 2.39260006 15.19989967 -1.40820003
v 2.33290005 15.15149975 -1.30890000
v 2.35929990 15.27830029 -1.38940001
v 2.30069995 15.11190033 -1.19840002
v 2.46059990 16.03809929 -1.59940004
v 2.52719998 15.98530006 -1.59280002
v 2.57710004 16.06599998 -1.60619998
v 2.62940001 15.99849987 -1.59389997
v 2.57789993 15.95409966 -1.58840001
v 2.69659996 16.06529999 -1.58440006
v 2.73609996 15.97760010 -1.56630003
v 2.65310001 15.92380047 -1.57299995
v 2.63630009 16.15130043 -1.59679997
v 2.50710011 16.13649940 -1.61590004
v 2.55970001 16.23469925 -1.60590005
v 2.69869995 16.23469925 -1.56250000
v 2.76690006 16.13730049 -1.55209994
v 2.61540008 16.32640076 -1.56970000
v 2.67230010 16.40710068 -1.50940001
v 2.76029992 16.30859947 -1.50380003
v 2.81990004 16.37179947 -1.42470002
v 2.89650011 16.25970078 -1.41740000
v 2.83430004 16.20319939 -1.49549997
v 2.73020005 16.47649956 -1.42920005
v 2.52110004 16.40970039 -1.57630002
v 2.57360005 16.49629974 -1.51460004
v 2.41860008 16.48310089 -1.58319998
v 2.46700001 16.57460022 -1.51970005
v 2.47210002 16.31240082 -1.61430001
v 2.37639999 16.38190079 -1.62269998
v 2.42729998 16.20579910 -1.62539995
v 2.34179997 16.26720047 -1.62919998
v 2.27659988 16.43820000 -1.62370002
v 2.31100011 16.54540062 -1.58669996
v 2.17700005 16.47929955 -1.61790001
v 2.20090008 16.59379959 -1.58410001
v 2.81660008 16.03860092 -1.53690004
v 2.89150000 16.09499931 -1.48259997
v 2.93179989 15.98869991 -1.46669996
v 2.84960008 15.94250011 -1.51890004
v 2.95819998 16.14340019 -1.40610003
v 3.00430012 16.02709961 -1.39119995
v 3.01149988 16.18230057 -1.30939996
v 2.94709992 16.30319977 -1.31809998
v 3.04399991 16.21010017 -1.19270003
v 2.97909999 16.33040047 -1.19719994
v 2.87109995 16.41909981 -1.32379997
v 2.90569997 16.44650078 -1.20000005
v 3.06259990 16.05920029 -1.29630005
v 3.03590012 15.91530037 -1.37570000
v 2.95810008 15.88790035 -1.45109999
v 3.09999990 15.93799973 -1.28069997
v 2.87030005 15.85159969 -1.50339997
v 2.97580004 15.79430008 -1.44180000
v 2.88560009 15.76539993 -1.49759996
v 2.99329996 15.70590019 -1.44470000
v 2.90339994 15.68159962 -1.50559998
v 3.05530000 15.81289959 -1.36319995
v 3.07319999 15.71949959 -1.36170006
v 2.75979996 15.89089966 -1.54569995
v 2.77379990 15.80729961 -1.53100002
v 2.78649998 15.72589970 -1.52919996
v 2.57150006 15.89120007 -1.56659997
v 0.62620002 13.23630047 -1.10210001
v 0.73629999 13.20940018 -1.10459995
v 0.70880002 13.09430027 -1.08739996
v 0.56169999 13.12699986 -1.08130002
v 0.85610002 13.19509983 -1.09500003
v 0.84069997 13.08160019 -1.07659996
v 0.95920002 12.97099972 -1.02890003
v 0.83090001 12.96650028 -1.06210005
v 0.96660000 13.07989979 -1.04709995
v 0.82569999 12.85369968 -1.05130005
v 0.69370002 12.84560013 -1.06840003
v 0.69819999 12.96749973 -1.07570004
v 0.56169999 12.97140026 -1.07200003
v 0.56129998 12.83790016 -1.06830001
v 0.43300000 12.82670021 -1.05540001
v 0.42960000 12.96010017 -1.05439997
v 0.30149999 13.08500004 -1.03050005
v 0.42050001 13.09809971 -1.05620003
v 0.30890000 12.94989967 -1.03160000
v 0.49620000 13.24440002 -1.08169997
v 0.39440000 13.22589970 -1.05830002
v 0.47310001 13.35330009 -1.08889997
v 0.37709999 13.34850025 -1.06560004
v 0.46390000 13.46860027 -1.10380006
v 0.36759999 13.47189999 -1.08050001
v 0.27860001 13.34619999 -1.04149997
v 0.27180001 13.47490025 -1.05760002
v 0.28909999 13.21689987 -1.03299999
v 0.55980003 13.27740002 -1.09759998
v 0.55960000 13.35659981 -1.10759997
v 0.19380000 13.07900047 -1.00639999
v 0.19820000 12.94330025 -1.00849998
v 0.31259999 12.81579971 -1.03579998
v 0.56190002 12.71420002 -1.06789994
v 0.43500000 12.69839954 -1.05879998
v 0.69270003 12.72949982 -1.06420004
v 0.69529998 12.61859989 -1.06280005
v 0.56510001 12.59640026 -1.07000005
v 0.82630002 12.63980007 -1.03890002
v 0.82419997 12.74489975 -1.04349995
v 0.31479999 12.68389988 -1.04250002
v 0.20240000 12.67259979 -1.02390003
v 0.31760001 12.55420017 -1.05159998
v 0.20410000 12.53810024 -1.03569996
v 0.43840000 12.57429981 -1.06470001
v 0.20080000 12.80760002 -1.01470006
v 0.95490003 12.86439991 -1.01429999
v 1.07939994 12.87810040 -0.95670003
v 1.08229995 12.98099995 -0.97520000
v 1.08780003 13.08629990 -0.99790001
v 0.97689998 13.19060040 -1.06900001
v 0.86979997 13.30920029 -1.11689997
v 0.98729998 13.30430031 -1.09480000
v 0.75529999 13.32129955 -1.12390006
v 0.76660001 13.43710041 -1.14639997
v 0.87989998 13.42730045 -1.14240003
v 0.77280003 13.55900002 -1.17400002
v 0.88650000 13.55090046 -1.17289996
v 0.65920001 13.45030022 -1.13919997
v 0.66350001 13.56989956 -1.16480005
v 0.89020002 13.68019962 -1.20949996
v 0.77569997 13.68659973 -1.20840001
v 0.66500002 13.69579983 -1.19760001
v 0.99620003 13.42290020 -1.12450004
v 1.00279999 13.54749966 -1.15880001
v 0.64950001 13.33909988 -1.11930001
v 0.55960000 13.46269989 -1.12419999
v 1.09539998 13.19449997 -1.02479994
v 1.10399997 13.30690002 -1.05589998
v 1.20920002 13.20600033 -0.96219999
v 1.21720004 13.31700039 -0.99970001
v 1.33369994 13.45110035 -0.97600001
v 1.32420003 13.33479977 -0.92720002
v 1.22560000 13.43420029 -1.04120004
v 1.11230004 13.42500019 -1.09089994
v 1.31610000 13.22500038 -0.88249999
v 1.20290005 13.09959984 -0.92930001
v 1.19780004 12.89519978 -0.87870002
v 1.19910002 12.99639988 -0.90140003
v 1.30789995 13.01739979 -0.80900002
v 1.30830002 12.91580009 -0.78179997
v 1.40699995 13.04430008 -0.70050001
v 1.40939999 12.94099998 -0.66850001
v 1.40830004 13.14710045 -0.74080002
v 1.31040001 13.11989975 -0.84280002
v 1.41380000 13.25179958 -0.78789997
v 1.42289996 13.36060047 -0.84030002
v 1.51080000 13.39490032 -0.74180001
v 1.50039995 13.28660011 -0.68129998
v 1.49450004 13.18179989 -0.62650001
v 1.49440002 13.07759953 -0.57940000
v 1.49919999 12.97140026 -0.54229999
v 1.50709999 12.86030006 -0.51670003
v 1.41429996 12.83510017 -0.64560002
v 1.31070006 12.81359959 -0.76179999
v 1.41869998 12.72480011 -0.63279998
v 1.31350005 12.70930004 -0.75000000
v 1.51479995 12.74170017 -0.50300002
v 1.57490003 13.00809956 -0.40910000
v 1.58659995 12.89050007 -0.38150001
v 1.56729996 13.11810017 -0.45050001
v 1.62570000 13.04959965 -0.28560001
v 1.63810003 12.92420006 -0.25790000
v 1.61870003 13.16600037 -0.32609999
v 1.19840002 12.79450035 -0.86159998
v 1.07889998 12.77700043 -0.94250000
v 1.20039999 12.69379997 -0.85100001
v 1.08060002 12.67730045 -0.93349999
v 1.31560004 12.60249996 -0.74730003
v 1.20319998 12.59270000 -0.84799999
v 1.08440006 12.57900047 -0.93070000
v 1.20659995 12.49209976 -0.85350001
v 1.09029996 12.48270035 -0.93550003
v 1.31640005 12.49440002 -0.75430000
v 0.95359999 12.76060009 -1.00329995
v 0.95529997 12.65939999 -0.99610001
v 0.96030003 12.56099987 -0.99419999
v 0.83260000 12.53870010 -1.03830004
v 5.69290018 10.42879963 -0.95039999
v 5.67799997 10.42109966 -0.88380003
v 5.66760015 10.31890011 -0.95480001
v 5.67299986 10.32960033 -0.99900001
v 5.68079996 10.21739960 -1.00820005
v 5.67649984 10.22739983 -1.05359995
v 5.65180016 10.10890007 -1.04439998
v 5.63929987 10.11839962 -1.08329999
v 5.60120010 10.00619984 -1.06719995
v 5.58710003 10.01630020 -1.09920001
v 5.56759977 9.91009998 -1.09060001
v 5.55550003 9.92099953 -1.12489998
v 5.57270002 9.90110016 -1.05429995
v 5.60230017 10.00000000 -1.03170002
v 5.59369993 9.99629974 -0.99750000
v 5.56610012 9.89519978 -1.01750004
v 5.54129982 9.89729977 -0.98989999
v 5.57450008 9.99510002 -0.96789998
v 5.54040003 9.81490040 -1.03820002
v 5.53849983 9.82489967 -1.07459998
v 5.53070021 9.83479977 -1.10819995
v 5.51870012 9.76290035 -1.09599996
v 5.51459980 9.77120018 -1.12730002
v 5.51259995 9.75629997 -1.06379998
v 5.51650000 9.81499958 -1.00839996
v 5.50699997 9.90349960 -0.97659999
v 5.48099995 9.82019997 -0.99199998
v 5.54309988 9.99779987 -0.95029998
v 5.46990013 9.91129971 -0.97350001
v 5.44080019 9.82820034 -0.98710001
v 5.50629997 10.00370026 -0.94840002
v 5.49809980 9.75000000 -1.03209996
v 5.46570015 9.75209999 -1.01240003
v 5.61019993 10.09749985 -0.93769997
v 5.63570023 10.09939957 -0.96710002
v 5.64979982 10.10289955 -1.00399995
v 5.67799997 10.20769978 -0.96550000
v 5.65520000 10.20129967 -0.93120003
v 5.65269995 10.30259991 -0.92379999
v 5.63579988 10.28810024 -0.89899999
v 5.62529993 10.19519997 -0.90549999
v 5.58930016 10.18500042 -0.89020002
v 5.57530022 10.09609985 -0.92040002
v 5.61579990 10.27550030 -0.87750000
v 5.58970022 10.26039982 -0.86210001
v 5.55399990 10.18220043 -0.88650000
v 5.53690004 10.09619999 -0.91339999
v 5.55940008 10.25230026 -0.85579997
v 5.52390003 9.84350014 -1.14250004
v 5.50880003 9.85410023 -1.17519999
v 5.53230000 9.93360043 -1.15190005
v 5.50209999 9.77999973 -1.15559995
v 5.48269987 9.78909969 -1.17939997
v 5.47480011 9.73139954 -1.19400001
v 5.49189997 9.72229958 -1.17139995
v 5.45819998 9.79800034 -1.19850004
v 5.47819996 9.86719990 -1.19519997
v 5.50000000 9.94540024 -1.16470003
v 5.44040012 9.87800026 -1.19410002
v 5.46540022 9.95530033 -1.16499996
v 5.42630005 9.80729961 -1.20379996
v 5.44910002 9.73799992 -1.21229994
v 5.46640015 9.69349957 -1.20249999
v 5.43839979 9.69320011 -1.20039999
v 5.47860003 9.67529964 -1.18700004
v 5.50239992 9.71329975 -1.14540005
v 5.48920012 9.65970039 -1.16020000
v 5.44199991 9.67220020 -1.17260003
v 5.44890022 9.66059971 -1.14740002
v 5.49520016 9.65839958 -1.12639999
v 5.45849991 9.65639973 -1.11930001
v 5.50710011 9.70689964 -1.11670005
v 5.56360006 10.02789974 -1.12469995
v 5.53369999 10.03950024 -1.14460003
v 5.57049990 10.14060020 -1.12590003
v 5.60930014 10.13059998 -1.11109996
v 5.52799988 10.14820004 -1.12779999
v 5.55039978 10.24549961 -1.10070002
v 5.59779978 10.24419975 -1.10430002
v 5.49620008 10.04959965 -1.14870000
v 5.64449978 10.23810005 -1.08959997
v 5.65290022 10.34119987 -1.04419994
v 5.64599991 10.37570000 -0.86720002
v 5.62209988 10.35260010 -0.85839999
v 5.60239983 10.33500004 -0.84850001
v 5.61429977 10.38910007 -0.81070000
v 5.59670019 10.36789989 -0.81080002
v 5.63859987 10.41409969 -0.80360001
v 5.64319992 10.36509991 -0.77679998
v 5.67560005 10.37880039 -0.76639998
v 5.70790005 10.32380009 -0.75010002
v 5.67379999 10.31869984 -0.76740003
v 5.64340019 10.30729961 -0.77829999
v 5.61800003 10.34850025 -0.78240001
v 5.59299994 10.33139992 -0.78359997
v 5.57630014 10.34980011 -0.80949998
v 5.61359978 10.29300022 -0.78310001
v 5.69750023 10.26140022 -0.75870001
v 5.66520023 10.25469971 -0.77689999
v 5.68319988 10.19760036 -0.77899998
v 5.71700001 10.20199966 -0.75770003
v 5.69820023 10.13910007 -0.78140002
v 5.73290014 10.14249992 -0.76090002
v 5.75150013 10.20479965 -0.73640001
v 5.76760006 10.14509964 -0.73989999
v 5.73089981 10.26399994 -0.73839998
v 5.63119984 10.24400043 -0.78719997
v 5.64690018 10.18959999 -0.79060000
v 5.74700022 10.32750034 -0.71710002
v 5.76669979 10.26459980 -0.70980000
v 5.72170019 10.40979958 -0.73549998
v 5.68060017 10.44740009 -0.79780000
v 5.74420023 10.50780010 -0.73119998
v 5.72060013 10.52379990 -0.79189998
v 5.70489979 10.61400032 -0.71319997
v 5.70400000 10.63239956 -0.78200001
v 5.66830015 10.76259995 -0.78810000
v 5.70160007 10.65289974 -0.85170001
v 5.64860010 10.77250004 -0.85259998
v 5.71710014 10.53120041 -0.86040002
v 5.65390015 10.74160004 -0.72100002
v 5.72510004 10.61219978 -0.64600003
v 5.79619980 10.49849987 -0.66670001
v 5.78230000 10.39669991 -0.66890001
v 5.58220005 10.32040024 -0.83929998
v 5.55639982 10.33259964 -0.80750000
v 5.55770016 10.30720043 -0.83459997
v 5.52960014 10.30350018 -0.83630002
v 5.52419996 10.24969959 -0.86040002
v 5.49760008 10.30630016 -0.84410000
v 5.48789978 10.25300026 -0.87910002
v 5.45419979 10.32600021 -0.80350000
v 5.44829988 10.33409977 -0.87519997
v 5.50199986 10.32229996 -0.80180001
v 5.45489979 10.26770020 -0.91829997
v 5.43349981 10.36480045 -0.94940001
v 5.44329977 10.29020023 -0.97589999
v 5.46420002 10.31369972 -1.02830005
v 5.45319986 10.39560032 -1.00580001
v 5.38829994 10.44289970 -0.94069999
v 5.42000008 10.48029995 -0.99470001
v 5.37949991 10.40470028 -0.87320000
v 5.45870018 10.20149994 -0.95639998
v 5.48369980 10.18980026 -0.91820002
v 5.45629978 10.21689987 -1.00399995
v 5.38969994 10.37609959 -0.80220002
v 5.34219980 10.43669987 -0.71710002
v 5.33370018 10.46710014 -0.79409999
v 5.39930010 10.34899998 -0.72670001
v 5.46729994 10.29349995 -0.73689997
v 5.33260012 10.50030041 -0.86430001
v 5.51300001 10.29860020 -0.76520002
v 5.55310011 10.26739979 -0.77689999
v 5.52629995 10.25669956 -0.75550002
v 5.54230022 10.30529976 -0.77880001
v 5.53210020 10.32579994 -0.80440003
v 5.50519991 10.24909973 -0.71789998
v 5.51709986 10.18340015 -0.89429998
v 5.49980021 10.10219955 -0.92690003
v 5.47219992 10.01290035 -0.96149999
v 5.47300005 10.11240005 -0.95539999
v 5.44770002 10.02460003 -0.98830003
v 5.45590019 10.12370014 -0.99180001
v 5.43249989 10.03610039 -1.02240002
v 5.43419981 9.92240047 -0.98449999
v 5.40829992 9.93570042 -1.01199996
v 5.72450018 10.54240036 -0.93510002
v 5.67869997 10.66440010 -0.91860002
v 5.60990000 10.77219963 -0.90329999
v 5.55760002 10.76280022 -0.94250000
v 5.50080013 10.87870026 -0.95230001
v 5.55259991 10.89130020 -0.91280001
v 5.54129982 11.02439976 -0.87639999
v 5.59719992 10.89799976 -0.86610001
v 5.49690008 11.01599979 -0.92530000
v 5.43590021 11.13700008 -0.91750002
v 5.44140005 10.99940014 -0.96090001
v 5.37860012 11.11680031 -0.94830000
v 5.38299990 10.97770023 -0.98839998
v 5.31939983 11.09399986 -0.97549999
v 5.32469988 10.95100021 -1.00450003
v 5.25869989 11.06649971 -0.98949999
v 5.44579983 10.86050034 -0.98299998
v 5.39109993 10.83660030 -1.00129998
v 5.50460005 10.74960041 -0.97990000
v 5.44969988 10.72900009 -1.00090003
v 5.26770020 10.91870022 -0.99949998
v 5.19899988 11.03419971 -0.98269999
v 5.21509981 10.88319969 -0.97210002
v 5.14429998 10.99989986 -0.95529997
v 5.33760023 10.80749989 -0.99580002
v 5.28940010 10.77519989 -0.96660000
v 5.20330000 11.17730045 -0.95670003
v 5.26289988 11.20380020 -0.94510001
v 5.14419985 11.14789963 -0.94830000
v 5.32000017 11.22749996 -0.92079997
v 5.37449980 11.24930000 -0.89139998
v 5.42170000 11.26580048 -0.85240000
v 5.31809998 11.35869980 -0.86940002
v 5.36140013 11.37749958 -0.83170003
v 5.26879978 11.47220039 -0.87000000
v 5.30800009 11.49339962 -0.83130002
v 5.26809978 11.33609962 -0.89770001
v 5.22130013 11.44690037 -0.89590001
v 5.48180008 11.14809990 -0.87199998
v 5.45499992 11.27190018 -0.80180001
v 5.51340008 11.14990044 -0.81709999
v 5.39659977 11.39099979 -0.78570002
v 5.57070017 11.02439976 -0.81840003
v 5.52670002 11.14140034 -0.75580001
v 5.56969976 11.01070023 -0.75260001
v 5.48810005 11.26379967 -0.68360001
v 5.52670002 11.12880039 -0.68839997
v 5.47749996 11.27009964 -0.74610001
v 5.49840021 11.25850010 -0.61379999
v 5.53469992 11.12160015 -0.61250001
v 5.56160021 10.99580002 -0.68120003
v 5.57310009 10.99139977 -0.60070002
v 5.44290018 11.40289974 -0.67790002
v 5.42889977 11.40159988 -0.73760003
v 5.61269999 10.89150047 -0.80390000
v 5.60699987 10.87580013 -0.73750001
v 5.60860014 10.86559963 -0.66409999
v 5.66800022 10.73849964 -0.64910001
v 5.62020016 10.65869999 -0.96050000
v 5.67170000 10.55399990 -0.99470001
v 5.60059977 10.54829979 -1.01380002
v 5.55900002 10.64750004 -0.99269998
v 5.53359985 10.53470039 -1.02789998
v 5.49760008 10.63029957 -1.01540005
v 5.43669987 10.60410023 -1.01230001
v 5.39620018 10.70259953 -0.99330002
v 5.38369989 10.57199955 -0.98240000
v 5.34910011 10.67189980 -0.96399999
v 5.47139978 10.51159954 -1.02590001
v 5.34759998 10.53629971 -0.93019998
v 5.31419992 10.63969994 -0.91549999
v 5.55259991 10.43910027 -1.04610002
v 5.49639988 10.42140007 -1.04079998
v 5.61070013 10.44550037 -1.02950001
v 5.66480017 10.44229984 -1.00390005
v 5.60720015 10.34510040 -1.06589997
v 5.55670023 10.34300041 -1.07480001
v 5.50600004 10.33189964 -1.06210005
v 5.50829983 10.24069977 -1.08000004
v 5.67630005 10.33860016 -0.54119998
v 5.66050005 10.29810047 -0.53060001
v 5.69469976 10.27229977 -0.56639999
v 5.72819996 10.31110001 -0.59600002
v 5.66860008 10.25580025 -0.55119997
v 5.64849997 10.28139973 -0.52139997
v 5.69259977 10.21700001 -0.56330001
v 5.72209978 10.22859955 -0.58550000
v 5.64309978 10.24699974 -0.54350001
v 5.66160011 10.20759964 -0.55070001
v 5.62989998 10.20129967 -0.54710001
v 5.61600018 10.24460030 -0.54200000
v 5.67999983 10.15950012 -0.55940002
v 5.71239996 10.16909981 -0.57560003
v 5.74179983 10.18000031 -0.59990001
v 5.72779989 10.11489964 -0.58759999
v 5.75689983 10.12380028 -0.61150002
v 5.74069977 10.05430031 -0.59770000
v 5.76900005 10.06159973 -0.62239999
v 5.75439978 9.98260021 -0.59939998
v 5.78599977 9.98789978 -0.62250000
v 5.71869993 9.97780037 -0.58630002
v 5.70779991 10.04730034 -0.58020002
v 5.69500017 10.10639954 -0.57029998
v 5.80259991 9.89739990 -0.66439998
v 5.81090021 9.99260044 -0.65369999
v 5.77939987 9.89620018 -0.63599998
v 5.75129986 9.89430046 -0.61400002
v 5.79419994 10.06830025 -0.65069997
v 5.78259993 10.13199997 -0.63999999
v 5.78950024 10.19909954 -0.66490000
v 5.76819992 10.18850040 -0.62860000
v 5.80240011 10.14009953 -0.67400002
v 5.81610012 10.07540035 -0.68309999
v 5.64529991 10.15159988 -0.55170000
v 5.61100006 10.14630032 -0.55760002
v 5.59950018 10.19680023 -0.55390000
v 5.59040022 10.24359989 -0.54820001
v 5.65950012 10.09840012 -0.55989999
v 5.67229986 10.04069996 -0.56900001
v 5.63570023 10.03460026 -0.57040000
v 5.62349987 10.09259987 -0.56379998
v 5.75129986 10.24230003 -0.61549997
v 5.77299976 10.31919956 -0.65560001
v 5.77799988 10.25640011 -0.65740001
v 5.75379992 10.39550018 -0.59649998
v 5.78350019 10.20540047 -0.70840001
v 5.79759979 10.14540005 -0.71300000
v 5.63399982 10.26620007 -0.51630002
v 5.60979986 10.26099968 -0.51310003
v 5.67250013 10.24600029 -0.49550000
v 5.65040016 10.23260021 -0.50129998
v 5.69290018 10.26319981 -0.48670000
v 5.72049999 10.30280018 -0.46880001
v 5.75199986 10.21860027 -0.42620000
v 5.72739983 10.20530033 -0.45969999
v 5.72550011 10.39700031 -0.48570001
v 5.70709991 10.40429974 -0.54780000
v 5.76859999 10.39690018 -0.41549999
v 5.76700020 10.30650043 -0.39789999
v 5.74580002 10.50590038 -0.47799999
v 5.76240015 10.51560020 -0.40130001
v 5.72219992 10.49160004 -0.53979999
v 5.77810001 10.22620010 -0.37430000
v 5.77610016 10.14649963 -0.40099999
v 5.79080009 10.15060043 -0.35710001
v 5.76179981 10.22700024 -0.30759999
v 5.77489996 10.14820004 -0.30950001
v 5.74300003 10.30889988 -0.31020001
v 5.70149994 10.19499969 -0.48120001
v 5.67530012 10.18330002 -0.49450001
v 5.70100021 10.12419987 -0.48260000
v 5.72730017 10.13319969 -0.46100000
v 5.75099993 10.13959980 -0.43279999
v 5.62480021 10.22140026 -0.50250000
v 5.59770012 10.21129990 -0.50160003
v 5.58419991 10.25370026 -0.51300001
v 5.56949997 10.20269966 -0.49750000
v 5.55670023 10.24880028 -0.51410002
v 5.54169989 10.19589996 -0.48719999
v 5.52610016 10.24930000 -0.52100003
v 5.54230022 10.23709965 -0.57590002
v 5.56629992 10.24260044 -0.56019998
v 5.54829979 10.19299984 -0.59259999
v 5.57240009 10.19419956 -0.56940001
v 5.51709986 10.23289967 -0.61100000
v 5.52869987 10.19330025 -0.62639999
v 5.49090004 10.25329971 -0.58240002
v 5.48990011 10.23270035 -0.49030000
v 5.51420021 10.18630028 -0.46619999
v 5.49189997 10.17739964 -0.42690000
v 5.45839977 10.21980000 -0.43709999
v 5.52939987 10.12969971 -0.45800000
v 5.51130009 10.12370014 -0.42019999
v 5.55560017 10.13860035 -0.48330000
v 5.58599997 10.14879990 -0.49559999
v 5.60319996 10.08920002 -0.49470001
v 5.57049990 10.07750034 -0.48199999
v 5.63679981 10.10070038 -0.49980000
v 5.61660004 10.15929985 -0.49980000
v 5.64669991 10.17090034 -0.50059998
v 5.67030001 10.11299992 -0.49649999
v 5.69239998 10.04599953 -0.49100000
v 5.65710020 10.03530025 -0.49840000
v 5.67710018 9.95839977 -0.48280001
v 5.70970011 9.96640015 -0.47000000
v 5.72329998 10.05510044 -0.47220001
v 5.74469995 9.97249985 -0.46140000
v 5.60370016 10.30869961 -0.23240000
v 5.63819981 10.26449966 -0.24810000
v 5.67840004 10.30679989 -0.26030001
v 5.62570000 10.34630013 -0.22319999
v 5.67049980 10.20269966 -0.25090000
v 5.60690022 10.24160004 -0.24360000
v 5.63390017 10.18649960 -0.24150001
v 5.57560015 10.22399998 -0.24980000
v 5.59689999 10.16849995 -0.24420001
v 5.52659988 10.25070000 -0.25400001
v 5.54570007 10.20810032 -0.26519999
v 5.55450010 10.26700020 -0.24390000
v 5.51560020 10.26270008 -0.21660000
v 5.54470015 10.27439976 -0.20570000
v 5.52580023 10.22350025 -0.18160000
v 5.55859995 10.23200035 -0.17490000
v 5.53830004 10.15139961 -0.15840000
v 5.57460022 10.15909958 -0.15400000
v 5.58760023 10.06750011 -0.13620000
v 5.54820013 10.06050014 -0.14309999
v 5.50180006 10.14599991 -0.15620001
v 5.50729990 10.05640030 -0.13510001
v 5.55100012 9.96380043 -0.10870000
v 5.51119995 9.96179962 -0.10320000
v 5.54740000 9.85309982 -0.08680000
v 5.50570011 9.85260010 -0.08350000
v 5.58680010 9.85499954 -0.07860000
v 5.59140015 9.96560001 -0.10990000
v 5.47039986 10.05690002 -0.11310000
v 5.46600008 10.14809990 -0.14300001
v 5.47510004 9.96290016 -0.08330000
v 5.49420023 10.22290039 -0.18320000
v 5.46619987 10.23499966 -0.17919999
v 5.48710012 10.25489998 -0.23260000
v 5.44649982 10.24930000 -0.26069999
v 5.39639997 10.28839970 -0.24050000
v 5.42640018 10.26179981 -0.14880000
v 5.43370008 10.15550041 -0.10940000
v 5.49800014 10.23089981 -0.26809999
v 5.60820007 10.16860008 -0.14070000
v 5.62270021 10.07540035 -0.11860000
v 5.59200001 10.24149990 -0.16769999
v 5.62139988 10.25640011 -0.15290000
v 5.63600016 10.18000031 -0.11790000
v 5.65360022 10.08240032 -0.09390000
v 5.65969992 10.19069958 -0.08970000
v 5.67990017 10.08880043 -0.06270000
v 5.64580011 10.27589989 -0.12870000
v 5.57369995 10.28719997 -0.19650000
v 5.60020018 10.30319977 -0.18560000
v 5.58080006 10.28509998 -0.23819999
v 5.62389994 10.33259964 -0.16680001
v 5.51700020 10.19239998 -0.28619999
v 5.53469992 10.13879967 -0.28920001
v 5.56339979 10.15260029 -0.26190001
v 5.61819983 10.10540009 -0.24089999
v 5.58179998 10.09109974 -0.25860000
v 5.65850019 10.12049961 -0.23989999
v 5.69840002 10.13179970 -0.25490001
v 5.71570015 10.21889973 -0.26670000
v 5.73929977 10.14120007 -0.27570000
v 5.75930023 10.06369972 -0.27770001
v 5.79290009 10.06999969 -0.30809999
v 5.72090006 10.05659962 -0.25380000
v 5.67969990 10.04759979 -0.23920000
v 5.69759989 9.96730042 -0.24169999
v 5.73990011 9.97509956 -0.24990000
v 5.78249979 9.98180008 -0.26560000
v 5.75260019 9.87899971 -0.24480000
v 5.78749990 9.88160038 -0.26769999
v 5.71239996 9.87380028 -0.23320000
v 5.63770008 10.03600025 -0.23999999
v 5.65600014 9.95880032 -0.23970000
v 5.59980011 10.02420044 -0.25670001
v 5.61700010 9.94900036 -0.25279999
v 5.55079985 10.07810020 -0.28670001
v 5.51420021 10.12829971 -0.32699999
v 5.52930021 10.06849957 -0.32499999
v 5.50699997 10.12339973 -0.37329999
v 5.52190018 10.06330013 -0.37000000
v 5.53819990 9.99870014 -0.36420000
v 5.54470015 10.00349998 -0.32010001
v 5.56659985 9.92940044 -0.35769999
v 5.56769991 9.93200016 -0.31680000
v 5.58400011 9.84220028 -0.35220000
v 5.58780003 9.84510040 -0.31340000
v 5.58990002 9.84169960 -0.39039999
v 5.57789993 9.93130016 -0.39579999
v 5.54330015 9.99860001 -0.40869999
v 5.56780005 10.01290035 -0.28340000
v 5.58640003 9.93949986 -0.28029999
v 5.52519989 10.06299973 -0.41549999
v 5.55859995 10.00259972 -0.44960001
v 5.54220009 10.06799984 -0.45510000
v 5.49209976 10.17809963 -0.32010001
v 5.48369980 10.17380047 -0.37239999
v 5.46700001 10.21300030 -0.30039999
v 5.45209980 10.21259975 -0.36480001
v 5.41480017 10.25150013 -0.34840000
v 5.41629982 10.26420021 -0.43979999
v 5.36380005 10.33170033 -0.42500001
v 5.36840010 10.30140018 -0.32830000
v 5.67889977 10.40629959 -0.26179999
v 5.64510012 10.41930008 -0.20860000
v 5.66060019 10.51650047 -0.26409999
v 5.66919994 10.53250027 -0.19620000
v 5.64120007 10.64990044 -0.24270000
v 5.65280008 10.67210007 -0.17180000
v 5.60209990 10.78549957 -0.21799999
v 5.59089994 10.80070019 -0.14470001
v 5.50880003 10.91730022 -0.12470000
v 5.47569990 10.91860008 -0.04080000
v 5.55039978 10.79640007 -0.07530000
v 5.44519997 10.89200020 0.04270000
v 5.51259995 10.78310013 -0.00440000
v 5.59749985 10.67300034 -0.03030000
v 5.64379978 10.68280029 -0.09550000
v 5.67329979 10.54819965 -0.04690000
v 5.68389988 10.53859997 -0.12700000
v 5.67490005 10.42090034 -0.06730000
v 5.65539980 10.39809990 -0.13620000
v 5.67939997 10.31169987 -0.04820000
v 5.66639996 10.29559994 -0.09470000
v 5.64319992 10.42990017 -0.02250000
v 5.60939980 10.54440022 -0.00600000
v 5.65269995 10.31939983 -0.00710000
v 5.67850018 10.19960022 -0.05590000
v 5.68090010 10.20810032 -0.01430000
v 5.54449987 10.65550041 0.02180000
v 5.46939993 10.75699997 0.05970000
v 5.39060020 10.84200001 0.10170000
v 5.33059978 10.78549957 0.15750000
v 5.40469980 10.71370029 0.10600000
v 5.31599998 10.66440010 0.13490000
v 5.25489998 10.72500038 0.20080000
v 5.49130011 10.62880039 0.07080000
v 5.42780018 10.59420013 0.09160000
v 5.32089996 10.91440010 0.15360001
v 5.27010012 10.84459972 0.21410000
v 5.35729980 10.98219967 0.08130000
v 5.55469990 10.53310013 0.02730000
v 5.50190020 10.51189995 0.05730000
v 5.54799986 10.41839981 0.03570000
v 5.59670019 10.42829990 0.01020000
v 5.45590019 10.48849964 0.07030000
v 5.50159979 10.40299988 0.05690000
v 5.38360023 10.55949974 0.09200000
v 5.38180017 11.05910015 -0.00970000
v 5.44040012 11.04150009 -0.11340000
v 5.38189983 11.16479969 -0.13910000
v 5.32910013 11.19670010 -0.05920000
v 5.42420006 11.14589977 -0.21640000
v 5.38789988 11.27149963 -0.24349999
v 5.33739996 11.28689957 -0.17490000
v 5.43510008 11.26249981 -0.31259999
v 5.46479988 11.13449955 -0.29280001
v 5.40730000 11.40130043 -0.33059999
v 5.35979986 11.40569973 -0.26780000
v 5.46910000 11.25539970 -0.38710001
v 5.44500017 11.40190029 -0.39600000
v 5.50040007 11.12590027 -0.37189999
v 5.30520010 11.41479969 -0.20819999
v 5.31920004 11.54580021 -0.28680000
v 5.26929998 11.54810047 -0.23170000
v 5.36189985 11.54930019 -0.34490001
v 5.47399998 11.02690029 -0.19769999
v 5.50290012 11.01329994 -0.27910000
v 5.54199982 10.91230011 -0.19980000
v 5.55639982 10.89470005 -0.27640000
v 5.61959982 10.77079964 -0.28650001
v 5.28359985 11.31229973 -0.10840000
v 5.22179985 11.34130001 -0.05330000
v 5.25409985 11.24160004 0.00740000
v 5.15530014 11.35999966 -0.01720000
v 5.17199993 11.26770020 0.04840000
v 5.08860016 11.18739986 0.12260000
v 5.18200016 11.17749977 0.11090000
v 5.08860016 11.27569962 0.06090000
v 5.08409977 11.36240005 -0.00800000
v 5.27680016 11.14179993 0.06830000
v 5.19129992 11.44400024 -0.11120000
v 5.13409996 11.45320034 -0.08270000
v 5.24809980 11.42860031 -0.15490000
v 5.27269983 11.05459976 0.13699999
v 5.25129986 10.97430038 0.20850000
v 5.21369982 10.89009953 0.27270001
v 5.21740007 10.76790047 0.26879999
v 5.16720009 10.79899979 0.31979999
v 5.10150003 10.81709957 0.34619999
v 5.07870007 10.70940018 0.39269999
v 5.13609982 10.70079994 0.37239999
v 5.13280010 10.91419983 0.29409999
v 5.18300009 10.67949963 0.32910001
v 5.16130018 11.00469971 0.23690000
v 5.06739998 11.01840019 0.24930000
v 5.04879999 10.92230034 0.30100000
v 5.17770004 11.08889961 0.17120001
v 5.08120012 11.10229969 0.18470000
v 5.66979980 10.63879967 -0.30960000
v 5.71120024 10.64029980 -0.37360001
v 5.65560007 10.76780033 -0.35049999
v 5.72329998 10.51259995 -0.31970000
v 5.74170017 10.40130043 -0.31639999
v 5.70979977 10.62979984 -0.44749999
v 5.67579985 10.76249981 -0.42289999
v 5.67250013 10.74779987 -0.49820000
v 5.70590019 10.61540031 -0.51480001
v 5.70779991 10.60529995 -0.57740003
v 5.66569996 10.73680019 -0.57389998
v 5.77040005 10.49009991 -0.58770001
v 5.61689997 10.86390018 -0.58389997
v 5.62029982 10.87010002 -0.50019997
v 5.62020016 10.88360023 -0.42129999
v 5.58900023 10.88770008 -0.34909999
v 5.56549978 10.99890041 -0.43660000
v 5.53579998 11.00440025 -0.35929999
v 5.53509998 11.12349987 -0.44960001
v 5.49720001 11.25419998 -0.46129999
v 5.53900003 11.11909962 -0.53109998
v 5.50409985 11.25489998 -0.53810000
v 5.46120024 11.40250015 -0.46740001
v 5.46479988 11.40400028 -0.54040003
v 5.57320023 10.99149990 -0.51650000
v 1.38750005 0.78759998 -0.75360000
v 1.39900005 0.72630000 -0.61760002
v 1.37170005 0.93879998 -0.61900002
v 1.35490000 0.95679998 -0.76289999
v 1.36880004 0.98019999 -0.87650001
v 1.39129996 0.83550000 -0.87550002
v 1.42170000 1.00759995 -0.97180003
v 1.43270004 0.87519997 -0.98240000
v 1.43760002 0.75129998 -1.00250006
v 1.40550005 0.70200002 -0.88959998
v 1.40499997 0.62910002 -0.76690000
v 1.39649999 0.58350003 -0.92510003
v 1.39839995 0.50480002 -0.81559998
v 1.42630005 0.63559997 -1.03550005
v 1.48510003 0.66790003 -1.13419998
v 1.50179994 0.78270000 -1.09800005
v 1.40149999 0.52620000 -1.07760000
v 1.37730002 0.47549999 -0.97189999
v 1.38440001 0.40210000 -0.87330002
v 1.42709994 0.39449999 -0.72160000
v 1.41520000 0.30320001 -0.80190003
v 1.43260002 0.51300001 -0.62400001
v 1.37609994 0.41690001 -1.11899996
v 1.36090004 0.37149999 -1.02090001
v 1.37010002 0.31079999 -0.93959999
v 1.45340002 0.55820000 -1.17680001
v 1.52149999 0.57279998 -1.26590002
v 1.55610001 0.68460000 -1.22270000
v 1.42219996 0.44459999 -1.21399999
v 1.48819995 0.45500001 -1.29830003
v 1.62679994 0.68919998 -1.30280006
v 1.59619999 0.57169998 -1.34319997
v 1.57570004 0.79960001 -1.18149996
v 1.64590001 0.80659997 -1.25639999
v 1.50409997 0.90369999 -1.07019997
v 1.57879996 0.92070001 -1.14849997
v 1.57459998 1.04499996 -1.12269998
v 1.64230001 1.05390000 -1.18840003
v 1.64800000 0.92919999 -1.21790004
v 1.70290005 1.05900002 -1.24399996
v 1.71099997 0.93210000 -1.27479994
v 1.69570005 1.18529999 -1.21889997
v 1.63660002 1.17990005 -1.16579998
v 1.57009995 1.17270005 -1.10350001
v 1.49820006 1.03009999 -1.05069995
v 1.42130005 1.14970005 -0.96410000
v 1.49489999 1.16270006 -1.03639996
v 1.39530003 0.65530002 -0.48030001
v 1.44579995 0.49100000 -0.47740000
v 1.45019996 0.46540001 -0.35940000
v 1.50549996 0.33399999 -0.46120000
v 1.50979996 0.33140001 -0.35299999
v 1.58949995 0.21580000 -0.45359999
v 1.49100006 0.31840000 -0.57040000
v 1.57019997 0.18780001 -0.55330002
v 1.47200000 0.25979999 -0.66759998
v 1.54740000 0.14690000 -0.65009999
v 1.45640004 0.19480000 -0.76029998
v 1.52129996 0.10290000 -0.74750000
v 1.67209995 0.11330000 -0.56669998
v 1.69330001 0.14110000 -0.46450001
v 1.64400005 0.07810000 -0.66509998
v 1.60270000 0.23060000 -0.35080001
v 1.51709998 0.32370001 -0.24500000
v 1.44970000 0.43970001 -0.24470000
v 1.37969995 0.50279999 -0.11900000
v 1.38180006 0.55140001 -0.24130000
v 1.44809997 0.40509999 -0.13100000
v 1.51880002 0.30160001 -0.13730000
v 1.39510000 0.59850001 -0.35960001
v 1.61059999 0.23150000 -0.24519999
v 1.71169996 0.16390000 -0.35940000
v 1.72360003 0.17340000 -0.24980000
v 1.35940003 0.72740000 -0.34299999
v 1.39600003 0.81349999 -0.46250001
v 1.34819996 0.83550000 -0.29809999
v 1.38240004 0.92299998 -0.40910000
v 1.33870006 0.75770003 -0.17710000
v 1.35669994 0.83789998 -0.12010000
v 1.36230004 0.92119998 -0.23450001
v 1.34360003 0.66200000 -0.22090000
v 1.38479996 1.00670004 -0.34119999
v 1.37759995 1.03429997 -0.52370000
v 1.36699998 1.13600004 -0.88160002
v 1.38610005 1.29659998 -0.88110000
v 1.43529999 1.29900002 -0.95389998
v 1.41040003 1.45410001 -0.87819999
v 1.45430005 1.44990003 -0.94419998
v 1.50059998 1.30239999 -1.02209997
v 1.51090002 1.44669998 -1.00940001
v 1.46959996 1.59889996 -0.93640000
v 1.51960003 1.59249997 -0.99919999
v 1.47650003 1.74520004 -0.92979997
v 1.52250004 1.73810005 -0.99089998
v 1.51610005 1.88250005 -0.98619998
v 1.47150004 1.88919997 -0.92659998
v 1.50090003 2.02760005 -0.98670000
v 1.45850003 2.03430009 -0.92640001
v 1.54929996 2.02139997 -1.04980004
v 1.56410003 1.87670004 -1.04970002
v 1.57159996 1.73230004 -1.05480003
v 1.48179996 2.17429996 -0.99140000
v 1.44239998 2.18140006 -0.92879999
v 1.42509997 2.04080009 -0.87040001
v 1.41439998 2.18820000 -0.86989999
v 1.43390000 1.89569998 -0.87150002
v 1.43710005 1.75189996 -0.87309998
v 1.42920005 1.60570002 -0.87550002
v 1.40400004 1.61210001 -0.81430000
v 1.41209996 1.75779998 -0.81569999
v 1.41059995 1.90170002 -0.81620002
v 1.57330000 1.58809996 -1.06289995
v 1.57179999 1.44550002 -1.07319999
v 1.63000000 1.44620001 -1.13230002
v 1.63269997 1.31050003 -1.14690006
v 1.56959999 1.30639994 -1.08679998
v 1.62660003 1.58620000 -1.12240005
v 1.67750001 1.58640003 -1.17340004
v 1.68379998 1.44830000 -1.18280005
v 1.68959999 1.31459999 -1.19840002
v 1.35880005 1.29719996 -0.80460000
v 1.38409996 1.45910001 -0.81089997
v 1.35350001 1.30439997 -0.72490001
v 1.37660003 1.46609998 -0.74070001
v 1.39810002 1.61860001 -0.74930000
v 1.36590004 1.32330000 -0.64429998
v 1.38619995 1.47749996 -0.66720003
v 1.36220002 1.17170000 -0.60170001
v 1.34529996 1.13349998 -0.69110000
v 1.34230006 1.12810004 -0.78969997
v 4.91370010 11.39729977 -0.68640000
v 4.93680000 11.41370010 -0.75870001
v 4.95489979 11.28009987 -0.75319999
v 4.93580008 11.21450043 -0.65270001
v 5.00449991 11.20139980 -0.84310001
v 4.97069979 11.16510010 -0.78060001
v 4.98869991 11.31429958 -0.81480002
v 4.96239996 11.42969990 -0.81300002
v 4.89029980 11.53190041 -0.78820002
v 4.90780020 11.53339958 -0.83969998
v 4.81990004 11.63000011 -0.82340002
v 4.83760023 11.62829971 -0.87370002
v 4.74020004 11.72130013 -0.85869998
v 4.76079988 11.72089958 -0.91020000
v 4.65910006 11.81320000 -0.89319998
v 4.68219995 11.81449986 -0.94819999
v 4.79209995 11.73470020 -0.94989997
v 4.86600018 11.64070034 -0.91259998
v 4.97009993 11.56779957 -0.90600002
v 4.93440008 11.54570007 -0.87930000
v 4.90409994 11.66380024 -0.93900001
v 5.02799988 11.46969986 -0.88260001
v 4.99209976 11.44750023 -0.85380000
v 5.02740002 11.33969975 -0.85820001
v 5.07079983 11.36509991 -0.88730001
v 4.94980001 11.69400024 -0.95319998
v 5.01380014 11.59599972 -0.91990000
v 5.07110023 11.49580002 -0.89800000
v 4.83279991 11.75969982 -0.97670001
v 4.71579981 11.82929993 -0.99100000
v 4.75860023 11.85529995 -1.02090001
v 4.63649988 11.92269993 -1.03540003
v 4.68240023 11.95069981 -1.06910002
v 4.60020018 11.90600014 -0.98809999
v 4.88009977 11.79160023 -0.99210000
v 4.80800009 11.88850021 -1.03929996
v 4.57490015 11.90320015 -0.92769998
v 4.55989981 11.91320038 -0.85460001
v 4.64589977 11.82499981 -0.82550001
v 4.63250017 11.83769989 -0.74580002
v 4.54729986 11.92580032 -0.76999998
v 4.61630011 11.84710026 -0.65439999
v 4.53200006 11.93410015 -0.67479998
v 4.69560003 11.75650024 -0.63169998
v 4.71169996 11.74450016 -0.71980000
v 4.72809982 11.73359966 -0.79530001
v 4.46950006 11.99790001 -0.88209999
v 4.48689985 11.99090004 -0.96060002
v 4.45620012 12.00850010 -0.79290003
v 4.51480007 11.99610043 -1.02680004
v 4.39510012 12.07740021 -0.99040002
v 4.42609978 12.08549976 -1.06190002
v 4.55450010 12.01550007 -1.07920003
v 4.46990013 12.10799980 -1.11960006
v 4.33479977 12.17510033 -1.09280002
v 4.38310003 12.20040035 -1.15559995
v 4.30039978 12.16450024 -1.01629996
v 4.80600023 11.63949966 -0.76239997
v 4.87400007 11.53489971 -0.72560000
v 4.78590012 11.64799976 -0.68989998
v 4.85239983 11.54360008 -0.65319997
v 4.84079981 11.56879997 -0.57150000
v 4.77269983 11.66569996 -0.60500002
v 4.83099985 11.59689999 -0.48359999
v 4.76620007 11.68959999 -0.51230001
v 4.87050009 11.44729996 -0.52499998
v 4.86350012 11.48849964 -0.44369999
v 4.88899994 11.40670013 -0.60380000
v 4.90600014 11.22599983 -0.53359997
v 5.05149984 11.23029995 -0.88709998
v 5.08909988 11.11750031 -0.92129999
v 5.10400009 11.25790024 -0.91409999
v 5.09940004 10.96700001 -0.90829998
v 5.04090023 11.08699989 -0.87709999
v 5.00850010 11.05469990 -0.81500000
v 5.00199986 11.01650047 -0.74339998
v 5.06890011 10.93690014 -0.84509999
v 5.05900002 10.91240025 -0.76910001
v 5.14230013 10.81779957 -0.85900003
v 5.13149977 10.79599953 -0.77910000
v 5.06339979 10.89929962 -0.69069999
v 5.01469994 10.98099995 -0.68889999
v 5.05999994 10.90880013 -0.61729997
v 4.99749994 11.01519966 -0.64219999
v 4.96369982 11.10529995 -0.70380002
v 5.13469982 10.78479958 -0.69110000
v 5.21070004 10.68400002 -0.77929997
v 5.20959997 10.66199970 -0.68889999
v 5.22259998 10.71020031 -0.85619998
v 5.17189980 10.84850025 -0.92409998
v 5.25050020 10.74219990 -0.91880000
v 5.15929985 11.28509998 -0.92460001
v 5.21479988 11.31130028 -0.91700000
v 5.16960001 11.41919994 -0.90539998
v 5.11850023 11.52420044 -0.90050000
v 5.16629982 11.55379963 -0.89160001
v 5.10850000 11.65869999 -0.91740000
v 5.15430021 11.69089985 -0.90399998
v 5.21040010 11.58220005 -0.87089998
v 5.24749994 11.60779953 -0.83980000
v 5.19789982 11.72169971 -0.88540000
v 5.23579979 11.75109959 -0.85490000
v 5.27850008 11.63059998 -0.80229998
v 5.34060001 11.51169968 -0.78680003
v 5.06110001 11.62660027 -0.92350000
v 5.11850023 11.39159966 -0.90350002
v 5.09000015 11.79199982 -0.95020002
v 5.04589987 11.75819969 -0.96149999
v 4.99819994 11.72579956 -0.96139997
v 4.97779989 11.85569954 -1.00950003
v 5.02019978 11.88949966 -0.99959999
v 4.92969990 11.82400036 -1.00399995
v 4.98339987 11.05490017 -0.57929999
v 4.95629978 11.05720043 -0.50910002
v 5.04759979 10.92599964 -0.54650003
v 5.01770020 10.93140030 -0.48100001
v 5.07299995 10.82820034 -0.44260001
v 5.11479998 10.81250000 -0.51539999
v 5.13700008 10.78999996 -0.59920001
v 5.21350002 10.64179993 -0.56529999
v 5.17220020 10.70829964 -0.45960000
v 5.25059986 10.55070019 -0.45109999
v 5.20679998 10.62430000 -0.37490001
v 5.11679983 10.74199963 -0.38080001
v 5.04589987 10.76119995 -0.32139999
v 5.01739979 10.83279991 -0.38190001
v 4.97090006 10.91720009 -0.41929999
v 4.96540022 10.82769966 -0.34670001
v 4.92049980 10.88350010 -0.35870001
v 4.87020016 10.96770000 -0.35960001
v 4.91720009 11.01930046 -0.43660000
v 4.89970016 10.84000015 -0.28299999
v 4.85020018 10.91460037 -0.26719999
v 4.83409977 11.05309963 -0.33690000
v 4.87389994 11.12800026 -0.42719999
v 4.81610012 10.98410034 -0.23970000
v 4.96430016 10.78090000 -0.29490000
v 5.14230013 10.67059994 -0.30180001
v 5.05579996 10.69719982 -0.25060001
v 5.14949989 10.60809994 -0.22200000
v 5.05789995 10.64190006 -0.17790000
v 5.15719986 10.56260014 -0.14630000
v 5.06599998 10.60140038 -0.10750000
v 5.22860003 10.50809956 -0.20090000
v 5.22069979 10.55790043 -0.28549999
v 5.28660011 10.44369984 -0.25520000
v 5.26789999 10.48779964 -0.34999999
v 5.16419983 10.52630043 -0.08500000
v 5.08080006 10.56550026 -0.04830000
v 5.10020018 10.53190041 -0.00010000
v 5.17859983 10.50669956 -0.03440000
v 5.24590015 10.46030045 -0.07060000
v 5.23570013 10.47550011 -0.12920000
v 4.97569990 10.64439964 -0.08370000
v 4.96829987 10.68780041 -0.15140000
v 4.99359989 10.59500027 -0.02550000
v 4.96570015 10.73359966 -0.22390001
v 4.89160013 10.79249954 -0.20520000
v 4.84100008 10.85680008 -0.18040000
v 4.84709978 10.80290031 -0.09910000
v 4.89629984 10.74650002 -0.12940000
v 5.27899981 10.50129986 -0.60949999
v 5.29519987 10.45199966 -0.50449997
v 5.36229992 10.36170006 -0.52710003
v 5.30469990 10.40369987 -0.39910001
v 5.32060003 10.36470032 -0.30090001
v 5.33879995 10.33790016 -0.21619999
v 5.28919983 10.40740013 -0.17590000
v 5.29769993 10.39229965 -0.10710000
v 5.31559992 10.39640045 -0.04910000
v 5.26650000 10.46510029 -0.02210000
v 5.34100008 10.41170025 -0.00070000
v 5.28350019 10.46710014 0.02600000
v 5.36770010 10.32859993 -0.07520000
v 5.39069986 10.34529972 -0.02530000
v 5.35109997 10.32289982 -0.13850001
v 5.44719982 10.27810001 -0.53860003
v 5.40889978 10.31340027 -0.64039999
v 5.34770012 10.39910030 -0.62709999
v 5.27600002 10.54220009 -0.70510000
v 5.27969980 10.57530022 -0.78310001
v 5.46500015 10.26900005 -0.65560001
v 5.50260019 10.24110031 -0.66280001
v 2.28049994 0.61449999 -0.60540003
v 2.34060001 0.48249999 -0.48190001
v 2.29069996 0.47279999 -0.65240002
v 2.25309992 0.59009999 -0.72130001
v 2.25189996 0.46210000 -0.78990000
v 2.22399998 0.57940000 -0.83630002
v 2.22199988 0.45919999 -0.91619998
v 2.19280005 0.58050001 -0.94700003
v 2.27710009 0.35280001 -0.75349998
v 2.25180006 0.34509999 -0.88810003
v 2.29349995 0.25799999 -0.72479999
v 2.27480006 0.24320000 -0.86280000
v 2.31469989 0.36440000 -0.61269999
v 2.32069993 0.27540001 -0.58530003
v 2.35829997 0.35960001 -0.45840001
v 2.35570002 0.27360001 -0.44180000
v 2.37829995 0.31510001 -0.29330000
v 2.38170004 0.24220000 -0.29330000
v 2.39240003 0.25920001 -0.13940001
v 2.40289998 0.19990000 -0.14760000
v 2.44009995 0.22530000 -0.00340000
v 2.45370007 0.16660000 -0.01280000
v 2.48950005 0.20750000 0.13150001
v 2.49460006 0.14770000 0.12729999
v 2.40890002 0.28140000 0.01320000
v 2.46259999 0.26470000 0.14430000
v 2.37360001 0.32400000 -0.12480000
v 2.37010002 0.17749999 -0.28909999
v 2.39420009 0.14399999 -0.14880000
v 2.43950009 0.10880000 -0.01190000
v 2.37140012 0.39660001 -0.28360000
v 2.33730006 0.56330001 -0.39289999
v 2.36039996 0.47200000 -0.24290000
v 2.35719991 0.39620000 -0.09880000
v 2.31590009 0.19610000 -0.56330001
v 2.34640002 0.19900000 -0.42829999
v 2.29419994 0.12800001 -0.54079998
v 2.31730008 0.13650000 -0.41060001
v 2.26959991 0.08910000 -0.38850001
v 2.24889994 0.07630000 -0.51630002
v 2.33629990 0.12580000 -0.27630001
v 2.28839993 0.08480000 -0.25659999
v 2.29999995 0.17360000 -0.69940001
v 2.27760005 0.10310000 -0.67350000
v 2.28169990 0.15260001 -0.83840001
v 2.24440002 0.14229999 -0.97329998
v 2.23850012 0.23819999 -0.99330002
v 2.19039989 0.14240000 -1.09449995
v 2.18829989 0.24140000 -1.11129999
v 2.13100004 0.14620000 -1.20179999
v 2.13170004 0.24850000 -1.21510005
v 2.06389999 0.15000001 -1.29279995
v 2.06680012 0.25549999 -1.30110002
v 2.12140012 0.36420000 -1.22679996
v 2.17379999 0.35420001 -1.12800002
v 2.06240010 0.37329999 -1.30760002
v 1.98810005 0.15320000 -1.36650002
v 1.99329996 0.26130000 -1.36849999
v 2.04520011 0.06100000 -1.27409995
v 1.96930003 0.06250000 -1.34700000
v 2.11299992 0.05960000 -1.18330002
v 2.17560005 0.05750000 -1.07589996
v 2.13109994 -0.00520000 -1.04470003
v 2.06920004 -0.00440000 -1.15009999
v 2.22810006 0.06060000 -0.95080000
v 2.18199992 0.00040000 -0.92089999
v 2.21840000 0.34700000 -1.01400006
v 2.14759994 0.47770000 -1.13999999
v 2.18919992 0.46610001 -1.03369999
v 2.15680003 0.59200001 -1.05069995
v 2.11319995 0.60769999 -1.14450002
v 2.25939989 0.07760000 -0.81209999
v 2.21269989 0.02140000 -0.78420001
v 2.11520004 -0.03360000 -0.88620001
v 2.14860010 -0.01470000 -0.75430000
v 2.06870008 -0.02830000 -0.72049999
v 2.03500009 -0.04320000 -0.84660000
v 2.16939998 0.01230000 -0.61970001
v 2.09060001 -0.00060000 -0.59009999
v 2.23119998 0.04980000 -0.64719999
v 2.20740008 0.70200002 -0.88429999
v 2.22880006 0.70850003 -0.78810000
v 2.23149991 0.85140002 -0.76179999
v 2.24099994 0.72960001 -0.69370002
v 2.22799993 0.83569998 -0.84539998
v 2.28660011 0.66409999 -0.51160002
v 2.26970005 0.71880001 -0.42570001
v 2.31209993 0.63180000 -0.31740001
v 2.26139998 0.69410002 -0.23940000
v 2.29150009 0.62660003 -0.12610000
v 2.33470011 0.55000001 -0.18920000
v 2.33360004 0.47610000 -0.05980000
v 2.29480004 0.55710000 -0.00950000
v 2.22729993 0.69510001 -0.05830000
v 2.25489998 0.64099997 0.04940000
v 2.20560002 0.76020002 -0.15970001
v 2.34400010 0.41810000 0.06690000
v 2.37360001 0.34250000 0.03580000
v 2.31949997 0.50629997 0.10880000
v 2.23099995 0.77440000 -0.33899999
v 2.22849989 0.80989999 -0.51709998
v 2.19980001 0.85990000 -0.42699999
v 2.24160004 0.76529998 -0.60490000
v 2.20659995 0.91420001 -0.59320003
v 2.17919993 0.95630002 -0.50400001
v 2.22390008 0.87849998 -0.67850000
v 2.18239999 0.83380002 -0.25220001
v 2.15939999 0.91399997 -0.33649999
v 2.23049998 0.98680001 -0.81120002
v 2.21900010 1.00520003 -0.73329997
v 2.19630003 1.03069997 -0.65359998
v 2.16440010 1.06299996 -0.56959999
v 2.19090009 1.16400003 -0.69080001
v 2.15380001 1.18519998 -0.61570001
v 2.21519995 1.14849997 -0.76419997
v 2.18059993 1.31500006 -0.70450002
v 2.14630008 1.32749999 -0.63690001
v 2.19939995 1.30659997 -0.77190000
v 2.12789989 1.10300004 -0.48100001
v 2.14299989 1.00390005 -0.41280001
v 2.08669996 1.14880002 -0.39309999
v 2.10030007 1.05610001 -0.32429999
v 2.11249995 1.21459997 -0.53570002
v 2.07110000 1.25250006 -0.45170000
v 2.22359991 1.13839996 -0.83679998
v 2.22919989 0.97759998 -0.88819999
v 2.21510005 1.13450003 -0.90700001
v 2.20900011 0.97909999 -0.96280003
v 2.18560004 1.13629997 -0.97130001
v 2.18169999 1.29690003 -0.90149999
v 2.19980001 1.30069995 -0.83840001
v 2.14619994 1.29519999 -0.95940000
v 2.20939994 0.83370000 -0.92909998
v 2.17149997 0.84509999 -1.00890005
v 2.16499996 0.99080002 -1.02989995
v 2.13610005 1.14310002 -1.02730000
v 2.17429996 0.70859998 -0.97829998
v 2.13120008 0.72500002 -1.06550002
v 2.11820006 0.86489999 -1.07980001
v 2.08220005 0.74430001 -1.14400005
v 2.06130004 0.88599998 -1.14310002
v 2.03800011 0.76209998 -1.21490002
v 2.01410007 0.90340000 -1.20239997
v 2.06940007 0.62379998 -1.22790003
v 2.02609992 0.63760000 -1.29680002
v 1.99919999 0.77630001 -1.27600002
v 2.10060000 0.49059999 -1.23290002
v 2.04959989 0.50190002 -1.30840003
v 1.97630000 0.91579998 -1.25699997
v 1.95640004 0.78509998 -1.32360005
v 1.93659997 0.92309999 -1.30079997
v 1.97660005 0.64620000 -1.34909999
v 2.04410005 1.02730000 -1.13989997
v 2.10479999 1.00849998 -1.08720005
v 2.07800007 1.15470004 -1.07889998
v 2.02550006 1.16820002 -1.13349998
v 1.99689996 1.04260004 -1.19400001
v 1.96000004 1.05260003 -1.24609995
v 1.94970000 1.18669999 -1.24269998
v 1.98510003 1.17949998 -1.19120002
v 1.70550001 11.34980011 -0.53280002
v 1.74389994 11.15110016 -0.52999997
v 1.63759995 11.27299976 -0.71499997
v 1.62339997 11.42220020 -0.67729998
v 1.53770006 11.38109970 -0.87040001
v 1.53320003 11.50839996 -0.81999999
v 1.43529999 11.48130035 -1.00870001
v 1.43630004 11.59570026 -0.95220000
v 1.62530005 11.14379978 -0.78960001
v 1.52890003 11.26119995 -0.93489999
v 1.59870005 11.02989960 -0.87580001
v 1.50839996 11.14900017 -1.00829995
v 1.47770000 11.04160023 -1.08739996
v 1.37940001 11.15279961 -1.20609999
v 1.40779996 11.26049995 -1.13740003
v 1.26100004 11.25189972 -1.31120002
v 1.28960001 11.35990047 -1.25020003
v 1.42589998 11.36950016 -1.07079995
v 1.32340002 11.57260036 -1.12689996
v 1.33019996 11.67770004 -1.06680000
v 1.31009996 11.46660042 -1.18830001
v 1.19690001 11.65089989 -1.21529996
v 1.21239996 11.74950027 -1.15499997
v 1.17700005 11.54899979 -1.27579999
v 1.43180001 11.70940018 -0.90079999
v 1.52160001 11.63389969 -0.77600002
v 1.33229995 11.78090000 -1.01030004
v 1.15269995 11.44369984 -1.33469999
v 0.99949998 11.51119995 -1.38370001
v 1.02960002 11.61660004 -1.32799995
v 1.12300003 11.33520031 -1.39040005
v 0.96770000 11.40089989 -1.43540001
v 1.33959997 11.04450035 -1.27489996
v 1.22329998 11.14179993 -1.36960006
v 1.37769997 10.82750034 -1.24930000
v 1.28520000 10.93270016 -1.34000003
v 1.43570006 10.93570042 -1.16910005
v 1.51569998 10.82069969 -1.06579995
v 1.45490003 10.71679974 -1.16260004
v 1.58389997 10.70400047 -0.97790003
v 1.52230000 10.60519981 -1.08930004
v 1.64730000 10.58769989 -0.90679997
v 1.58599997 10.49510002 -1.03009999
v 1.44560003 10.50479984 -1.18929994
v 1.37810004 10.60980034 -1.25010002
v 1.50890005 10.40120029 -1.13880002
v 1.56169999 10.92370033 -0.96910000
v 1.63460004 10.80270004 -0.86420000
v 1.67939997 10.90450001 -0.75139999
v 1.30219996 10.71459961 -1.32060003
v 1.21270001 10.81470013 -1.39510000
v 1.02359998 10.77810001 -1.48969996
v 1.10520005 10.90520000 -1.46259999
v 1.12639999 10.69219971 -1.43640006
v 1.21360004 10.59840012 -1.37740004
v 1.17279994 11.02709961 -1.42180002
v 1.08669996 11.22309971 -1.44099998
v 1.03980005 11.10579967 -1.48280001
v 0.97810000 10.98130035 -1.51189995
v 0.88900000 11.16660023 -1.51440001
v 0.83399999 11.04069996 -1.53520000
v 0.90329999 10.85159969 -1.52750003
v 0.76779997 10.91030025 -1.54250002
v 0.93229997 11.28649998 -1.48029995
v 0.72640002 11.21039963 -1.51329994
v 0.76580000 11.33259964 -1.48450005
v 0.80010003 11.45020008 -1.44360006
v 1.71599996 11.01459980 -0.64359999
v 1.74179995 10.76910019 -0.64899999
v 1.78160000 10.85859966 -0.51849997
v 1.81659997 10.94810009 -0.38560000
v 1.87259996 10.75879955 -0.21960001
v 1.83539999 10.69859982 -0.40560001
v 1.87829995 10.54010010 -0.33790001
v 1.90929997 10.56490040 -0.16850001
v 1.94250000 10.41269970 -0.13290000
v 1.91620004 10.39610004 -0.29409999
v 1.95099998 10.26210022 -0.26400000
v 1.97370005 10.27610016 -0.10650000
v 1.92180002 10.22910023 -0.42370000
v 1.88409996 10.35709953 -0.45400000
v 1.84259999 10.49059963 -0.49810001
v 2.00530005 10.14680004 -0.08530000
v 1.98479998 10.13430023 -0.24150001
v 1.98529994 10.27260017 0.04630000
v 2.01360011 10.14500046 0.06530000
v 1.95819998 10.40470028 0.02560000
v 1.93149996 10.54310036 0.00460000
v 1.93589997 10.51340008 0.16120000
v 1.95940006 10.38560009 0.17460001
v 1.91369998 10.64060020 0.15590000
v 1.90680003 10.68830013 -0.00890000
v 1.79610002 10.62959957 -0.56160003
v 1.75339997 10.55280018 -0.70800000
v 1.69780004 10.67889977 -0.77789998
v 1.80320001 10.42669964 -0.65390003
v 1.70459998 10.47089958 -0.84979999
v 1.75629997 10.35439968 -0.80390000
v 1.89230001 10.81499958 0.01770000
v 1.87450004 10.89560032 -0.13940001
v 1.87230003 10.92780018 0.05060000
v 1.86489999 10.99800014 -0.07960000
v 1.84539998 11.03549957 0.08170000
v 1.84249997 11.09399986 -0.03380000
v 1.86790001 10.87559986 0.18290000
v 1.89260006 10.76109982 0.16580001
v 1.83940005 10.98709965 0.20250000
v 1.84739995 11.09210014 -0.19130000
v 1.83430004 11.16040039 -0.13320000
v 1.81099999 11.19410038 -0.00120000
v 1.81320000 11.14239979 0.10870000
v 1.80610001 11.24890041 -0.10320000
v 1.84169996 11.02540016 -0.27460000
v 1.82179999 11.19789982 -0.26830000
v 1.79990005 11.17430019 -0.37239999
v 1.60220003 11.56190014 -0.64550000
v 1.64260006 11.63679981 -0.49439999
v 1.67170000 11.50329971 -0.51859999
v 1.58190000 11.69110012 -0.61290002
v 1.68879998 11.59370041 -0.38159999
v 1.72340000 11.46640015 -0.40079999
v 1.66340005 11.71100044 -0.35460001
v 1.62140000 11.75930023 -0.46419999
v 1.56840003 11.81289959 -0.57789999
v 1.50800002 11.75430012 -0.73460001
v 1.49619997 11.87059975 -0.69319999
v 1.42369998 11.81989956 -0.85219997
v 1.41499996 11.92809963 -0.80589998
v 1.33089995 11.88189983 -0.95800000
v 1.32589996 11.98060036 -0.90930003
v 1.22950006 11.93579960 -1.04509997
v 1.22979999 12.02429962 -0.99680001
v 1.22409999 11.84430027 -1.09780002
v 1.32089996 12.07919979 -0.86530000
v 1.40840006 12.03549957 -0.76270002
v 1.48730004 11.98499966 -0.65270001
v 1.55540001 11.93050003 -0.54070002
v 1.60950005 11.87520027 -0.43059999
v 1.65250003 11.82019997 -0.32390001
v 1.64699996 11.92430019 -0.28889999
v 1.60880005 11.98989964 -0.39359999
v 1.55460000 12.04860020 -0.50230002
v 1.48619998 12.10039997 -0.61390001
v 1.56470001 12.17199993 -0.46190000
v 1.49249995 12.21969986 -0.57660002
v 1.40639997 12.14439964 -0.72380000
v 1.40900004 12.25599957 -0.68959999
v 1.71790004 11.55319977 -0.27200001
v 1.75380003 11.43540001 -0.28970000
v 1.76559997 11.39750004 -0.18320000
v 1.79970002 11.29510021 -0.19630000
v 1.79009998 11.31459999 -0.29249999
v 1.82340002 11.21669960 -0.20130000
v 1.77100003 11.34889984 -0.07980000
v 1.73000002 11.50440025 -0.16310000
v 1.73510003 11.44950008 -0.05640000
v 1.76209998 11.32689953 -0.40349999
v 1.68820000 11.66329956 -0.24640000
v 1.69869995 11.60470009 -0.13850001
v 1.67729998 11.69340038 -0.11170000
v 1.67009997 11.76220036 -0.21740000
v 1.66649997 11.85219955 -0.18600000
v 1.66970003 11.77180004 -0.08350000
v 1.67840004 11.84570026 -0.05200000
v 1.67410004 11.93949986 -0.14890000
v 1.65849996 12.03059959 -0.24830000
v 1.66910005 11.69340038 0.01870000
v 1.67970002 11.62360001 -0.00660000
v 1.70309997 11.54259968 -0.03180000
v 1.66589999 12.62670040 -0.22980000
v 1.69219995 12.67650032 -0.10210000
v 1.71070004 12.51379967 -0.07530000
v 1.67719996 12.42240047 -0.22020000
v 1.71130002 12.59119987 0.04660000
v 1.69050002 12.73690033 0.01870000
v 1.67470002 12.82769966 -0.12130000
v 1.67219996 12.88000011 -0.00400000
v 1.65950000 12.96700001 -0.14300001
v 1.65820003 13.01790047 -0.02870000
v 1.65250003 12.78600025 -0.24050000
v 1.60479999 12.61830044 -0.36390001
v 1.59809995 12.76179981 -0.36640000
v 1.51779997 12.61400032 -0.50180000
v 1.60109997 12.45880032 -0.37680000
v 1.51320004 12.47859955 -0.51440001
v 1.58200002 12.30669975 -0.41900000
v 1.50310004 12.34560013 -0.54210001
v 1.64800000 12.24660015 -0.29730001
v 1.62170005 12.11009979 -0.35100001
v 1.41880000 12.49009991 -0.64039999
v 1.42050004 12.60910034 -0.63090003
v 1.41400003 12.37139988 -0.66090000
v 1.64839995 13.09679985 -0.17260000
v 1.65040004 13.14999962 -0.06070000
v 1.63929999 13.07129955 0.08540000
v 1.65090001 12.93420029 0.11100000
v 1.66789997 12.79570007 0.13410001
v 1.68830001 12.65769958 0.16030000
v 1.64690006 12.71150017 0.26920000
v 1.62899995 12.84599972 0.24529999
v 1.61469996 12.98270035 0.22340000
v 1.60599995 13.12059975 0.19870000
v 1.56420004 13.02019978 0.33280000
v 1.57599998 12.88409996 0.35200000
v 1.55760002 13.15970039 0.31180000
v 1.59089994 12.75109959 0.37329999
v 1.53579998 12.64869976 0.49470001
v 1.60739994 12.62150002 0.39969999
v 1.52190006 12.77690029 0.47119999
v 1.50940001 12.90830040 0.45269999
v 1.66600001 12.58010006 0.29899999
v 1.70910001 12.52309990 0.19440000
v 1.73259997 12.45040035 0.08740000
v 1.72630000 12.39200020 0.23690000
v 1.74870002 12.31579971 0.13760000
v 1.73290002 12.36380005 -0.01950000
v 1.74740005 12.22640038 0.04330000
v 1.63549995 13.20569992 0.05230000
v 1.65090001 13.27630043 -0.10350000
v 1.64150000 13.33619976 0.00790000
v 1.64419997 13.21899986 -0.21400000
v 1.66050005 13.39700031 -0.15860000
v 1.65760005 13.46119976 -0.04940000
v 1.61689997 13.39630032 0.12170000
v 1.64110005 13.52690029 0.05980000
v 1.67760003 13.51210022 -0.22400001
v 1.68069994 13.57960033 -0.11610000
v 1.67229998 13.64890003 -0.01120000
v 1.61230004 13.59560013 0.16940001
v 1.57439995 13.45569992 0.24310000
v 1.60570002 13.25889969 0.16660000
v 1.55929995 13.30440044 0.28439999
v 1.64880002 13.33500004 -0.26840001
v 1.62020004 13.27600002 -0.38049999
v 1.63020003 13.38249969 -0.44749999
v 1.66190004 13.44620037 -0.33430001
v 1.69980001 13.62269974 -0.29690000
v 1.68130004 13.55440044 -0.40849999
v 1.64489996 13.49059963 -0.52249998
v 1.56649995 13.22439957 -0.50410002
v 1.57330000 13.32999992 -0.56639999
v 1.71080005 12.26379967 -0.12130000
v 1.68280005 12.14260006 -0.19480000
v 1.72580004 12.12979984 -0.03900000
v 1.69679999 12.03129959 -0.10170000
v 1.72880006 12.00809956 0.04090000
v 1.69920003 11.92290020 -0.01220000
v 1.72379994 11.89990044 0.12350000
v 1.69529998 11.82470036 0.07870000
v 1.71399999 11.80949974 0.20900001
v 1.68680000 11.74320030 0.17260000
v 1.70229995 11.74250031 0.29359999
v 1.67960000 11.68330002 0.26710001
v 1.72370005 11.80350018 0.32969999
v 1.73819995 11.88230038 0.25900000
v 1.74860001 11.98279953 0.18370000
v 1.74689996 11.95530033 0.32550001
v 1.75610006 12.06620026 0.25870001
v 1.75230002 12.09879971 0.11100000
v 1.75670004 12.18729973 0.19520000
v 1.73959994 12.14130020 0.34290001
v 1.73310006 12.02289963 0.40239999
v 1.73699999 12.26459980 0.28690001
v 1.73029995 11.85799980 0.38800001
v 1.69550002 11.80659962 0.50220001
v 1.71000004 11.77530003 0.43320000
v 1.71730006 11.91069984 0.45890000
v 1.66260004 11.83839989 0.57569999
v 1.68289995 11.95699978 0.53430003
v 1.69659996 12.07890034 0.48310000
v 1.68669999 11.69869995 0.44670001
v 1.69319999 11.70330048 0.37120000
v 1.71080005 11.75440025 0.38029999
v 1.67060006 11.71030045 0.52429998
v 1.67410004 11.64540005 0.35749999
v 1.66670001 11.62779999 0.44440001
v 1.65540004 11.56190014 0.43419999
v 1.66349995 11.58829975 0.34150001
v 1.63479996 11.54510021 0.52319998
v 1.63160002 11.47179985 0.51169997
v 1.65590000 11.49730015 0.42019999
v 1.64090002 11.39729977 0.49779999
v 1.66890001 11.42840004 0.40410000
v 1.66559994 11.52989960 0.32420000
v 1.68099999 11.46500015 0.30550000
v 1.59459996 11.53369999 0.60570002
v 1.58690000 11.45149994 0.59609997
v 1.64890003 11.62320042 0.52920002
v 1.61300004 11.62430000 0.60939997
v 1.66680002 11.62779999 0.24490000
v 1.66799998 11.57149982 0.22440000
v 1.68320000 11.50809956 0.20320000
v 1.66840005 11.62539959 0.12180000
v 1.66989994 11.68369961 0.14520000
v 1.68169999 11.56050014 0.09860000
v 1.67420006 11.75769997 0.04570000
v 3.80460000 13.53600025 -0.36849999
v 3.82040000 13.64920044 -0.41380000
v 3.70440006 13.62940025 -0.41450000
v 3.66860008 13.55340004 -0.38589999
v 3.60409999 13.66740036 -0.43709999
v 3.60590005 13.61940002 -0.42050001
v 3.71180010 13.68910027 -0.43250000
v 3.53029990 13.60389996 -0.42530000
v 3.48729992 13.54619980 -0.41610000
v 3.58559990 13.57269955 -0.40300000
v 3.56830001 13.47509956 -0.37650001
v 3.45819998 13.39420033 -0.40349999
v 3.37930012 13.48299980 -0.45230001
v 3.67210007 13.41499996 -0.34169999
v 3.64179993 13.22609997 -0.31869999
v 3.75929999 13.33010006 -0.30250001
v 3.55310011 13.31260014 -0.35920000
v 3.95300007 13.33139992 -0.28369999
v 3.88429999 13.43340015 -0.32220000
v 3.83669996 13.23460007 -0.26870000
v 3.95729995 13.60949993 -0.39359999
v 4.00839996 13.51490021 -0.35249999
v 4.11329985 13.57979965 -0.38530001
v 4.06500006 13.66849995 -0.42300001
v 4.16720009 13.48019981 -0.34430000
v 4.06519985 13.41349983 -0.31220001
v 4.01749992 13.22509956 -0.25340000
v 3.90919995 13.13280010 -0.24339999
v 4.08029985 13.11550045 -0.23150000
v 3.97979999 13.02760029 -0.22660001
v 3.80360007 13.03590012 -0.26170000
v 3.88210011 12.93540001 -0.24710000
v 3.72429991 13.13350010 -0.28560001
v 3.54469991 13.13420010 -0.38100001
v 3.46090007 13.22850037 -0.42330000
v 3.62750006 13.04030037 -0.34599999
v 3.37750006 13.32670021 -0.47099999
v 3.40089989 13.17090034 -0.52260000
v 3.33200002 13.28170013 -0.56639999
v 3.37109995 13.14150047 -0.64319998
v 3.31520009 13.25909996 -0.67869997
v 3.27690005 13.39430046 -0.61339998
v 3.27090001 13.37520027 -0.71749997
v 3.30890012 13.43019962 -0.52209997
v 3.32660007 13.56840038 -0.49820000
v 3.26419997 13.52989960 -0.56599998
v 3.41750002 13.61019993 -0.45860001
v 3.50530005 13.64630032 -0.44540000
v 3.59500003 13.71409988 -0.44040000
v 3.48440003 13.69559956 -0.45510000
v 3.58179998 13.76420021 -0.42680001
v 3.46539998 13.74720001 -0.44800001
v 3.56180000 13.82540035 -0.39140001
v 3.44260001 13.80710030 -0.42129999
v 3.52990007 13.90069962 -0.33289999
v 3.67459989 13.85949993 -0.37480000
v 3.64070010 13.94120026 -0.31150001
v 3.69560003 13.79349995 -0.41569999
v 3.40969992 13.87889957 -0.37349999
v 3.32979989 13.79899979 -0.46169999
v 3.35700011 13.73419952 -0.47950000
v 3.38240004 13.67370033 -0.47950000
v 3.70749998 13.73960018 -0.43329999
v 3.81139994 13.77830029 -0.43630001
v 3.79579997 13.83689976 -0.41810000
v 3.81960011 13.72179985 -0.43509999
v 3.93510008 13.69680023 -0.42860001
v 3.91689992 13.76700020 -0.44760001
v 4.02850008 13.74699974 -0.45230001
v 3.99729991 13.81569958 -0.46910000
v 4.10370016 13.79189968 -0.48910001
v 4.06370020 13.85990047 -0.50540000
v 4.16330004 13.82940006 -0.54409999
v 4.11700010 13.89570045 -0.56040001
v 4.20989990 13.85900021 -0.61830002
v 4.15850019 13.92469978 -0.63380003
v 4.27400017 13.78820038 -0.58780003
v 4.31890011 13.80449963 -0.68190002
v 4.24870014 13.88099957 -0.71130002
v 4.34509993 13.70259953 -0.54830003
v 4.39489985 13.71409988 -0.64330000
v 4.46880007 13.60869980 -0.60380000
v 4.41529989 13.60039997 -0.50760001
v 4.50199986 13.59860039 -0.71609998
v 4.42929983 13.70610046 -0.75389999
v 4.35440016 13.80329990 -0.79119998
v 4.48050022 13.48600006 -0.47020000
v 4.34390020 13.57429981 -0.43370000
v 4.40500021 13.46259975 -0.39449999
v 4.28020000 13.67389965 -0.47490001
v 4.53639984 13.49289989 -0.56830001
v 4.21810007 13.75809956 -0.51380002
v 4.28299999 13.89000034 -0.81989998
v 4.24280024 13.97029972 -0.95539999
v 4.22179985 13.96980000 -0.83520001
v 4.30700016 13.87810040 -0.93870002
v 4.19250011 13.95069981 -0.72619998
v 4.14839983 14.02740002 -0.72860003
v 4.17210007 14.05370045 -0.83960003
v 4.18620014 14.06470013 -0.96109998
v 4.37580013 13.78149986 -0.90960002
v 4.24459982 13.94649982 -1.07889998
v 4.30870008 13.84440041 -1.06019998
v 4.37440014 13.74230003 -1.03040004
v 4.11539984 13.99720001 -0.63489997
v 4.10610008 14.12110043 -0.72270000
v 4.07250023 14.08329964 -0.62540001
v 3.98550010 14.12829971 -0.52890003
v 4.03049994 14.04259968 -0.55190003
v 4.02540016 14.18029976 -0.60750002
v 4.05800009 14.22819996 -0.71030003
v 4.07410002 13.96539974 -0.56230003
v 4.02519989 13.92669964 -0.50880003
v 4.14919996 13.71770000 -0.46070001
v 4.20260000 13.63210011 -0.42320001
v 4.25990009 13.53359985 -0.38190001
v 4.31699991 13.42409992 -0.34180000
v 4.22240019 13.37180042 -0.30540001
v 4.37160015 13.30710030 -0.30680001
v 4.46120024 13.34319973 -0.36030000
v 4.27670002 13.25689983 -0.27230000
v 3.96790004 13.87930012 -0.47240001
v 3.89840007 13.82740021 -0.44960001
v 3.87619996 13.88939953 -0.43320000
v 3.93779993 13.94460011 -0.45930001
v 3.84579992 13.96179962 -0.39269999
v 3.90300012 14.01869965 -0.42379999
v 3.98670006 13.99660015 -0.49800000
v 3.94679999 14.07470036 -0.46910000
v 3.85980010 14.10550022 -0.36600000
v 3.90330005 14.16370010 -0.42050001
v 3.80360007 14.04839993 -0.33050001
v 3.77040005 13.90730000 -0.37580001
v 3.73200011 13.99300003 -0.31200001
v 3.58940005 14.03929996 -0.23720001
v 3.67770004 14.09510040 -0.23930000
v 3.74769998 14.15089989 -0.26060000
v 0.86360002 19.60890007 -0.29240000
v 0.85140002 19.57559967 -0.22010000
v 0.85219997 19.51420021 -0.27890000
v 0.85949999 19.54459953 -0.34009999
v 0.86699998 19.57970047 -0.39520001
v 0.87339997 19.65139961 -0.35589999
v 0.87099999 19.67539978 -0.24380000
v 0.85930002 19.63159943 -0.16810000
v 0.84700000 19.50909996 -0.17309999
v 0.84619999 19.54360008 -0.13370000
v 0.84310001 19.49119949 -0.05680000
v 0.85100001 19.58329964 -0.08680000
v 0.84500003 19.51740074 -0.01380000
v 0.86199999 19.68959999 -0.11470000
v 0.85240000 19.62820053 -0.03370000
v 0.85740000 19.75559998 -0.04900000
v 0.84829998 19.68400002 0.03250000
v 0.84160000 19.83379936 0.03230000
v 0.82910001 19.75749969 0.11430000
v 0.79530001 19.84210014 0.20160000
v 0.77990001 19.76199913 0.28290001
v 0.81650001 19.67469978 0.19859999
v 0.76760000 19.68210030 0.36530000
v 0.80390000 19.58779907 0.28659999
v 0.73490000 19.84930038 0.36950001
v 0.72380000 19.76799965 0.44839999
v 0.75029999 19.92970085 0.28999999
v 0.80989999 19.91939926 0.11990000
v 0.82300001 19.99349976 0.03770000
v 0.85229999 19.90570068 -0.04780000
v 0.86580002 19.82159996 -0.12639999
v 0.83899999 19.59700012 0.11640000
v 0.84570003 19.54990005 0.04190000
v 0.84310001 19.44330025 0.09870000
v 0.83279997 19.47480011 0.20400000
v 0.87260002 19.74519920 -0.19110000
v 0.87959999 19.80489922 -0.26380000
v 0.87250000 19.88820076 -0.20240000
v 0.87669998 19.78709984 -0.39109999
v 0.87760001 19.87150002 -0.34250000
v 0.87919998 19.72660065 -0.31290001
v 0.87070000 19.95820045 -0.28270000
v 0.84140003 19.42259979 0.03540000
v 0.85229999 19.32439995 0.10940000
v 0.85250002 19.31690025 0.04900000
v 0.85909998 19.21629906 0.16260000
v 0.85740000 19.22389984 0.09010000
v 0.84899998 19.32799911 0.19140001
v 0.83810002 19.30220032 0.29049999
v 0.85450000 19.12350082 0.12690000
v 0.85729998 19.13890076 0.05940000
v 0.81910002 19.41419983 0.32870001
v 0.80280000 19.36009979 0.43460000
v 0.81840003 19.26219940 0.39300001
v 0.85149997 19.22800064 0.03530000
v 0.85850000 19.30690002 0.00140000
v 0.84249997 19.40570068 -0.01060000
v 0.84820002 19.22699928 -0.00940000
v 0.83960003 19.21059990 -0.04960000
v 0.86640000 19.28280067 -0.04310000
v 0.86000001 19.39249992 -0.04160000
v 0.85070002 19.47229958 -0.08820000
v 0.88510001 19.39399910 -0.05830000
v 0.87680000 19.46500015 -0.10420000
v 0.87570000 19.49550056 -0.18820000
v 0.90490001 19.46719933 -0.11070000
v 0.91039997 19.50639915 -0.18830000
v 0.90410000 19.39800072 -0.07480000
v 0.87169999 19.70459938 -0.43239999
v 0.85219997 19.76449966 -0.52800000
v 0.85659999 19.85320091 -0.48410001
v 0.81730002 19.82620049 -0.63389999
v 0.81730002 19.92040062 -0.58480000
v 0.76410002 19.88649940 -0.74000001
v 0.76029998 19.98640060 -0.68529999
v 0.81300002 20.01149940 -0.52700001
v 0.85630000 19.94169998 -0.43200001
v 0.80540001 20.09980011 -0.46079999
v 0.85009998 20.02980042 -0.37029999
v 0.85460001 20.04610062 -0.21160001
v 0.83550000 20.11639977 -0.29899999
v 0.80960000 20.19980049 -0.22040001
v 0.82770002 20.13369942 -0.13230000
v 0.79220003 20.18400002 -0.38650000
v 0.77029997 20.26199913 -0.30630001
v 0.75230002 20.08029938 -0.62089998
v 0.74110001 20.16790009 -0.54769999
v 0.67750001 20.14710045 -0.70980000
v 0.66479999 20.23579979 -0.62860000
v 0.68570000 20.04809952 -0.77990001
v 0.68989998 19.94090080 -0.83870000
v 0.76190001 19.78079987 -0.78399998
v 0.68980002 19.82690048 -0.88580000
v 0.68449998 19.70730019 -0.92070001
v 0.59429997 19.73699951 -1.00929999
v 0.59799999 19.86459923 -0.97409999
v 0.48830000 19.75839996 -1.07990003
v 0.49190000 19.89319992 -1.04719996
v 0.48159999 19.62000084 -1.09899998
v 0.58660001 19.60519981 -1.03180003
v 0.67470002 19.58329964 -0.94400001
v 0.75349998 19.67000008 -0.81709999
v 0.81239998 19.72890091 -0.67439997
v 0.80229998 19.62750053 -0.70649999
v 0.59789997 19.98679924 -0.92570001
v 0.59469998 20.10190010 -0.86420000
v 0.49239999 20.02289963 -0.99930000
v 0.48960000 20.14520073 -0.93489999
v 0.84490001 19.67539978 -0.56580001
v 0.86409998 19.62389946 -0.46890000
v 0.85500002 19.54190063 -0.50150001
v 0.83440000 19.58359909 -0.59770000
v 0.86280000 19.50769997 -0.43079999
v 0.86839998 19.48139954 -0.38620001
v 0.86049998 19.43009949 -0.45899999
v 0.88480002 19.41449928 -0.41999999
v 0.88779998 19.46730042 -0.35879999
v 0.92030001 19.41320038 -0.40820000
v 0.84179997 19.45520020 -0.52770001
v 0.81950003 19.48760033 -0.62230003
v 0.83230001 19.36260033 -0.54699999
v 0.80350000 19.38689995 -0.63910002
v 0.86400002 19.34499931 -0.47979999
v 0.89170003 19.49570084 -0.28099999
v 0.92390001 19.47400093 -0.35870001
v 0.93239999 19.51560020 -0.27750000
v 0.96530002 19.49209976 -0.35679999
v 0.96820003 19.50139999 -0.26449999
v 0.99809998 19.47430038 -0.33239999
v 0.96289998 19.45619965 -0.26249999
v 0.98580003 19.43460083 -0.31470001
v 0.99839997 19.43029976 -0.41010001
v 1.01839995 19.41480064 -0.38100001
v 0.95880002 19.42270088 -0.41319999
v 0.94230002 19.33629990 -0.43650001
v 0.98070002 19.34090042 -0.44340000
v 0.95260000 19.24609947 -0.45100001
v 0.98949999 19.24510002 -0.45609999
v 0.94840002 19.15209961 -0.44330001
v 0.98320001 19.14640045 -0.44260001
v 1.02110004 19.24379921 -0.44670001
v 1.01409996 19.14270020 -0.43239999
v 0.95740002 19.05999947 -0.40189999
v 0.92610002 19.06480026 -0.41220000
v 0.98530000 19.05540085 -0.39039999
v 0.91070002 19.24810028 -0.45699999
v 0.90109998 19.33629990 -0.44450000
v 0.90840000 19.15640068 -0.45460001
v 1.01580000 19.34239960 -0.43759999
v 1.02869999 19.33370018 -0.40860000
v 1.03250003 19.24139977 -0.41900000
v 0.99620003 19.38780022 -0.35400000
v 0.99290001 19.40550041 -0.29370001
v 1.00189996 19.36479950 -0.31110001
v 1.01170003 19.30820084 -0.33410001
v 1.00460005 19.32029915 -0.38000000
v 1.01510000 19.23929977 -0.34909999
v 1.01510000 19.23929977 -0.38990000
v 1.02260005 19.15220070 -0.37779999
v 1.03069997 19.14489937 -0.40689999
v 1.00419998 19.05750084 -0.37000000
v 1.00520003 19.06699944 -0.34560001
v 0.97020000 18.98329926 -0.32260001
v 0.94880003 18.98080063 -0.34040001
v 0.97549999 18.99530029 -0.30109999
v 1.00969994 19.16020012 -0.34729999
v 0.98879999 19.16320038 -0.31430000
v 0.97060001 19.09160042 -0.30309999
v 0.99049997 19.07950020 -0.32470000
v 0.93709999 19.03089905 -0.26930001
v 0.93870002 19.10580063 -0.28760001
v 0.91469997 19.05830002 -0.25729999
v 0.94709998 19.16309929 -0.29280001
v 0.96069998 19.01189995 -0.28470001
v 0.99000001 19.23290062 -0.30520001
v 0.97920001 19.29039955 -0.28760001
v 0.95749998 19.34280014 -0.26030001
v 0.92940003 19.29870033 -0.23199999
v 0.93470001 19.26790047 -0.24490000
v 0.90619999 19.26210022 -0.18300000
v 0.89840001 19.29360008 -0.18719999
v 0.89080000 19.28310013 -0.12450000
v 0.87480003 19.30069923 -0.13570000
v 0.88849998 19.32740021 -0.14940000
v 0.90820003 19.34810066 -0.19620000
v 0.93510002 19.21990013 -0.26069999
v 0.91280001 19.23369980 -0.18040000
v 0.91790003 19.41570091 -0.21570000
v 0.96480000 19.40830040 -0.25740001
v 0.92909998 19.45929909 -0.20680000
v 0.94250000 19.49430084 -0.18970001
v 0.86760002 19.14279938 -0.23440000
v 0.84350002 19.08410072 -0.21290000
v 0.88639998 19.08329964 -0.25459999
v 0.90219998 19.12159920 -0.27289999
v 0.91560000 19.15810013 -0.27930000
v 0.90020001 19.18280029 -0.24280000
v 0.80620003 19.13310051 -0.16120000
v 0.84500003 19.17840004 -0.17440000
v 0.88840002 19.20459938 -0.17410000
v 0.88660002 19.24060059 -0.10460000
v 0.84859997 19.21680069 -0.10190000
v 0.90140003 19.26539993 -0.11480000
v 0.89069998 19.30649948 -0.06090000
v 0.90009999 19.32419968 -0.07860000
v 0.89279997 19.33460045 -0.09320000
v 0.90480000 19.39649963 -0.09700000
v 0.81250000 19.16329956 -0.09410000
v 0.78280002 19.12319946 -0.09860000
v 0.78280002 19.09370041 -0.13210000
v 0.82359999 19.12450027 -0.10260000
v 0.79549998 19.10560036 -0.09220000
v 0.83929998 19.15970039 -0.09380000
v 0.84570003 19.13809967 -0.10490000
v 0.85490000 19.16860008 -0.07040000
v 0.87910002 19.03289986 -0.21150000
v 0.89999998 18.98310089 -0.21540000
v 0.87370002 18.97349930 -0.15910000
v 0.88069999 18.93980026 -0.15629999
v 0.89569998 18.93600082 -0.18580000
v 0.87639999 18.91790009 -0.13480000
v 0.89579999 18.90229988 -0.16900000
v 0.88690001 18.86930084 -0.16490000
v 0.91119999 18.88209915 -0.22020000
v 0.91790003 18.90920067 -0.21160001
v 0.88319999 18.86879921 -0.23270001
v 0.85780001 18.84919930 -0.17230000
v 0.86519998 18.88739967 -0.11880000
v 0.83590001 18.85639954 -0.11740000
v 0.82249999 18.84199905 -0.18040000
v 0.80750000 18.82889938 -0.13259999
v 0.84410000 18.86529922 -0.24010000
v 0.79269999 18.82159996 -0.17749999
v 0.91360003 18.91659927 -0.28950000
v 0.93790001 18.92370033 -0.27320001
v 0.88010001 18.91830063 -0.30070001
v 0.84880000 18.93429947 -0.08800000
v 0.86129999 18.95840073 -0.11850000
v 0.85009998 19.01339912 -0.06440000
v 0.84090000 19.01409912 -0.10760000
v 0.94330001 18.94280052 -0.25560001
v 0.92919999 18.96349907 -0.24169999
v 0.91320002 18.93280029 -0.21160001
v 0.85509998 19.01880074 -0.15610000
v 0.81430000 19.05200005 -0.15800001
v 0.80909997 19.03709984 -0.11980000
v 0.79920000 19.07099915 -0.10260000
v 0.82510000 19.04710007 -0.09390000
v 0.83630002 19.09339905 -0.10260000
v 0.84770000 19.06320000 -0.08460000
v 0.85879999 19.12709999 -0.09200000
v 0.86059999 19.10860062 -0.06100000
v 0.85670000 19.16440010 -0.03320000
v 0.85650003 19.15279961 0.00850000
v 0.85869998 19.08300018 -0.02460000
v 2.00889993 15.48379993 -0.15760000
v 2.03299999 15.48320007 -0.22059999
v 2.04450011 15.54119968 -0.17150000
v 1.99820006 15.51290035 -0.08450000
v 1.97590005 15.44890022 -0.09590000
v 1.99950004 15.44629955 -0.16689999
v 1.94570005 15.42599964 -0.02170000
v 1.93789995 15.37500000 -0.04470000
v 1.96580005 15.39770031 -0.10910000
v 1.99230003 15.40089989 -0.17490000
v 1.96150005 15.35089970 -0.12040000
v 1.98720002 15.35340023 -0.17919999
v 1.96019995 15.30770016 -0.12940000
v 1.93570006 15.32820034 -0.06470000
v 1.93820000 15.28429985 -0.08450000
v 1.90890002 15.33559990 0.01820000
v 1.90859997 15.28839970 -0.00860000
v 1.87820005 15.28489971 0.08120000
v 1.87909997 15.23690033 0.04960000
v 1.84440005 15.22830009 0.14530000
v 1.84630001 15.17920017 0.11070000
v 1.80669999 15.17029953 0.21100000
v 1.80949998 15.11950016 0.17460001
v 1.76580000 15.16419983 0.31549999
v 1.76440001 15.11330032 0.27759999
v 1.80929995 15.22000027 0.24840000
v 1.84800005 15.27760029 0.18130000
v 1.76859999 15.06029987 0.24060000
v 1.85329998 15.12829971 0.07480000
v 1.88530004 15.18840027 0.01690000
v 1.81739998 15.06599998 0.13689999
v 1.88259995 15.33419991 0.11460000
v 1.85619998 15.32940006 0.22080000
v 1.89150000 15.38759995 0.15290000
v 1.91470003 15.38560009 0.04770000
v 1.92490005 15.44130039 0.08390000
v 1.91340005 15.24219990 -0.03620000
v 1.94519997 15.24390030 -0.10810000
v 1.92320001 15.19620037 -0.06820000
v 1.93789995 15.14970016 -0.10870000
v 1.89610004 15.13809967 -0.01980000
v 1.91079998 15.08549976 -0.06290000
v 1.95969999 15.20750046 -0.14520000
v 1.96000004 15.27359962 -0.13540000
v 1.95899999 15.48519993 0.00930000
v 1.97140002 15.55480003 0.06410000
v 1.93649995 15.50500011 0.13110000
v 2.00970006 15.59379959 -0.00350000
v 1.94630003 15.57740021 0.18500000
v 1.98249996 15.63239956 0.12490000
v 2.02239990 15.67720032 0.07030000
v 1.98239994 15.30500031 -0.17839999
v 2.01399994 15.33969975 -0.24439999
v 2.00690007 15.28549957 -0.23700000
v 2.03200006 15.25549984 -0.30550000
v 2.04069996 15.31470013 -0.31799999
v 1.99590003 15.22809982 -0.22139999
v 2.01889992 15.19099998 -0.28529999
v 1.97899997 15.16679955 -0.19530000
v 1.97479999 15.25720024 -0.16970000
v 2.00020003 15.12180042 -0.25639999
v 1.95620000 15.10050011 -0.15899999
v 1.97599995 15.04870033 -0.21870001
v 2.04029989 15.15019989 -0.35910001
v 2.02029991 15.07499981 -0.32710001
v 1.99500000 14.99600029 -0.28720000
v 2.04649997 15.36830044 -0.32370001
v 2.01950002 15.39029980 -0.24510001
v 2.05130005 15.41609955 -0.32260001
v 2.02530003 15.43729973 -0.23870000
v 2.05710006 15.45899963 -0.31400001
v 2.06649995 15.49800014 -0.29929999
v 2.05180001 15.62510014 -0.06010000
v 2.06710005 15.71080017 0.02610000
v 2.03270006 15.76840019 0.13750000
v 2.08439994 15.80469990 0.09840000
v 2.03500009 15.86880016 0.19800000
v 2.09689999 15.90900040 0.15979999
v 2.02259994 15.97700024 0.25070000
v 2.09649992 16.02249908 0.21010000
v 2.17379999 15.93400002 0.12940000
v 2.19219995 16.05360031 0.17630000
v 2.26749992 15.94219971 0.10280000
v 2.31730008 16.07189941 0.14340000
v 2.32550001 16.20849991 0.17170000
v 2.18650007 16.17849922 0.20750000
v 2.15849996 16.29599953 0.21600001
v 2.30310011 16.33559990 0.16859999
v 2.25510001 16.45619965 0.15230000
v 2.10870004 16.40760040 0.21080001
v 2.45190001 16.37809944 0.10550000
v 2.39619994 16.50519943 0.08320000
v 2.48600006 16.24090004 0.11780000
v 2.07550001 16.13969994 0.24690001
v 2.03349996 16.24959946 0.26690000
v 2.48950005 16.07939911 0.09620000
v 2.68440008 16.17510033 0.02540000
v 2.63940001 16.30509949 0.02590000
v 2.58599997 15.97789955 0.05170000
v 2.74760008 16.06459999 0.00330000
v 2.45720005 15.87469959 0.04730000
v 2.37330008 15.92879963 0.07450000
v 2.21449995 15.83129978 0.04730000
v 2.14510012 15.82639980 0.06930000
v 2.11599994 15.73159981 -0.00360000
v 2.16860008 15.73649979 -0.02280000
v 2.13389993 15.65530014 -0.10630000
v 2.09310007 15.64850044 -0.09000000
v 2.08119988 15.57639980 -0.19110000
v 2.11229992 15.58640003 -0.20160000
v 2.22320008 15.72399998 -0.03570000
v 2.28830004 15.81659985 0.02860000
v 2.17499995 15.64519978 -0.11510000
v 1.98930001 16.08720016 0.29390001
v 1.96449995 15.91709995 0.29929999
v 1.98459995 15.81480026 0.24480000
v 1.91770005 15.84570026 0.35499999
v 1.94239998 15.74969959 0.29949999
v 1.98870003 15.71910000 0.18600000
v 1.95009995 15.65919971 0.24200000
v 1.90530002 15.67759991 0.36030000
v 1.91460001 15.59249973 0.30370000
v 1.87839997 15.76720047 0.41630000
v 1.92279994 16.01939964 0.34740001
v 1.87080002 15.94009972 0.40619999
v 1.80030000 16.02099991 0.45120001
v 1.85699999 16.10960007 0.38810000
v 1.93270004 16.18829918 0.32589999
v 1.76549995 16.18939972 0.42469999
v 1.70899999 16.08930016 0.49129999
v 1.84619999 16.28540039 0.35170001
v 1.82830000 15.85410023 0.46849999
v 1.75590003 15.92819977 0.51410002
v 2.08419991 15.52289963 -0.30129999
v 2.10360003 15.53059959 -0.30460000
v 2.14280009 15.57810020 -0.20649999
v 2.12459993 15.52250004 -0.30590001
v 2.17429996 15.55480003 -0.20750000
v 2.14759994 15.50059986 -0.30480000
v 2.11680007 15.47780037 -0.40959999
v 2.13299990 15.45709991 -0.40770000
v 2.10339999 15.48589993 -0.41010001
v 2.10730004 15.45139980 -0.51590002
v 2.11560011 15.44369984 -0.51510000
v 2.11229992 15.42739964 -0.62120003
v 2.11770010 15.42070007 -0.62080002
v 2.12080002 15.40970039 -0.72579998
v 2.12759995 15.39420033 -0.72589999
v 2.12389994 15.41170025 -0.82910001
v 2.13089991 15.39809990 -0.83039999
v 2.12730002 15.42749977 -0.93010002
v 2.13560009 15.41580009 -0.93269998
v 2.12590003 15.40330029 -0.61979997
v 2.13709998 15.36950016 -0.72600001
v 2.13709998 15.37629986 -0.61849999
v 2.14010000 15.37549973 -0.83219999
v 2.12689996 15.42450047 -0.51340002
v 2.14129996 15.39519978 -0.51090002
v 2.15219998 15.42549992 -0.40470001
v 2.15879989 15.35709953 -0.50819999
v 2.17420006 15.38440037 -0.40110001
v 2.17300010 15.46679974 -0.30199999
v 2.20079994 15.42269993 -0.29820001
v 2.09229994 15.48029995 -0.40939999
v 2.20720005 15.51860046 -0.20600000
v 2.24180007 15.47150040 -0.20270000
v 2.29979992 15.52980042 -0.11890000
v 2.25790000 15.58020020 -0.12040000
v 2.37610006 15.59599972 -0.05180000
v 2.32710004 15.65060043 -0.04980000
v 2.34270000 15.46980000 -0.11530000
v 2.42490005 15.53250027 -0.05030000
v 2.38720012 15.40149975 -0.10980000
v 2.47460008 15.46109962 -0.04550000
v 2.52320004 15.60019970 -0.00920000
v 2.47040009 15.66769981 -0.00690000
v 2.57649994 15.52620029 -0.00610000
v 2.31699991 15.35019970 -0.19270000
v 2.35850000 15.27849960 -0.18660000
v 2.43390012 15.32629967 -0.10250000
v 2.27830005 15.41489983 -0.19820000
v 2.52600002 15.38309956 -0.03760000
v 2.27640009 15.69419956 -0.04440000
v 2.21639991 15.61940002 -0.11930000
v 2.35579991 15.77929974 0.01270000
v 2.41560006 15.72799969 0.00060000
v 2.23110008 15.36960030 -0.29370001
v 2.26419997 15.30879974 -0.28889999
v 2.30060005 15.24110031 -0.28410000
v 2.34080005 15.16720009 -0.27930000
v 2.40310001 15.20069981 -0.17990001
v 2.33649993 15.06949997 -0.38470000
v 2.38560009 15.08740044 -0.27450001
v 2.29500008 15.14519978 -0.38730001
v 2.25880003 15.21479988 -0.39030001
v 2.45140004 15.11709976 -0.17260000
v 2.22709990 15.27820015 -0.39359999
v 2.20280004 15.25850010 -0.50330001
v 2.23049998 15.19929981 -0.50150001
v 2.17910004 15.31130028 -0.50559998
v 2.19910002 15.33500004 -0.39730000
v 5.13059998 10.52760029 0.04950000
v 5.06230021 10.52929974 0.10740000
v 5.02290010 10.55239964 0.03290000
v 4.95330000 10.58300018 0.06130000
v 4.92420006 10.63939953 0.00230000
v 4.89979982 10.61590004 0.09230000
v 4.87449980 10.68330002 0.03700000
v 4.90430021 10.69620037 -0.06040000
v 4.85729980 10.74590015 -0.02640000
v 4.83479977 10.71819973 0.07320000
v 4.81920004 10.78870010 0.01060000
v 4.85589981 10.63959980 0.12310000
v 4.79839993 10.74769974 0.11010000
v 4.78509998 10.82689953 0.04820000
v 4.80900002 10.85270023 -0.06430000
v 4.77689981 10.89879990 -0.02790000
v 4.77960014 10.97029972 -0.11280000
v 4.80569983 10.91569996 -0.14870000
v 4.79160023 11.04580021 -0.20350000
v 4.75969982 10.94439983 0.01100000
v 4.76789999 11.02210045 -0.07400000
v 4.76020002 10.86429977 0.08830000
v 4.82180023 10.66259956 0.15899999
v 4.85120010 10.57310009 0.19939999
v 4.88030005 10.55449963 0.16590001
v 4.90019989 10.45919991 0.20640001
v 4.87260008 10.47399998 0.23420000
v 4.92189980 10.53639984 0.13850001
v 4.94080019 10.44849968 0.19080000
v 4.83099985 10.59109974 0.23600000
v 4.79740000 10.68500042 0.19939999
v 4.77220011 10.77709961 0.15140000
v 4.98120022 10.52480030 0.12110000
v 4.98719978 10.43929958 0.18020000
v 4.94129992 10.33300018 0.21870001
v 4.98280001 10.32499981 0.21340001
v 4.94430017 10.21560001 0.25500000
v 4.98409986 10.20989990 0.25430000
v 5.02390003 10.32139969 0.22059999
v 5.02330017 10.20720005 0.26230001
v 5.03639984 10.43210030 0.17460001
v 5.10699987 10.51039982 0.13869999
v 5.06969976 10.43150043 0.19599999
v 5.13390017 10.51739979 0.17030001
v 5.09700012 10.43470001 0.22330000
v 5.09289980 10.32129955 0.25650001
v 5.06040001 10.32009983 0.23510000
v 5.12379980 10.43729973 0.25150001
v 5.11889982 10.32509995 0.28529999
v 5.16060019 10.52280045 0.20410000
v 5.15789986 10.54599953 0.08480000
v 5.18209982 10.56270027 0.11590000
v 5.22139978 10.51669979 0.04890000
v 5.24730015 10.53870010 0.08050000
v 5.19659996 10.49899960 0.01250000
v 5.06290007 10.20479965 0.27010000
v 5.03070021 10.08780003 0.27730000
v 5.07259989 10.08850002 0.29150000
v 4.98659992 10.09080029 0.27419999
v 5.03109980 9.98410034 0.32470000
v 4.98780012 9.98610020 0.31970000
v 5.07049990 9.98709965 0.34029999
v 5.10080004 10.20510006 0.28569999
v 5.10949993 10.09270000 0.31590000
v 5.13089991 10.20960045 0.31470001
v 5.13990021 10.09920025 0.34810001
v 5.13469982 10.00119972 0.39250001
v 5.10540009 9.99330044 0.36330000
v 5.16079998 10.10750008 0.38710001
v 5.15320015 10.01220036 0.42820001
v 5.14919996 10.21669960 0.35280001
v 4.94430017 10.09869957 0.28360000
v 4.90730000 10.22620010 0.27030000
v 4.90509987 10.34500027 0.23710001
v 4.87729979 10.24050045 0.29679999
v 4.87790012 10.35980034 0.26429999
v 4.86240005 10.25829983 0.33230001
v 4.86199999 10.37590027 0.29740000
v 4.85690022 10.48970032 0.26719999
v 4.86880016 10.16489983 0.40900001
v 4.86390018 10.27740002 0.36960000
v 4.87169981 10.14560032 0.37250000
v 4.88469982 10.12740040 0.33700001
v 4.86469984 10.39309978 0.33210000
v 4.90929985 10.11139965 0.30610001
v 4.94449997 9.99330044 0.32620001
v 4.90570021 10.00520039 0.34490001
v 4.87849998 10.02239990 0.37560001
v 1.70620000 16.39529991 0.37580001
v 1.88639998 16.46229935 0.27450001
v 1.81219995 16.57679939 0.24710000
v 1.64279997 16.54249954 0.32940000
v 1.96630001 16.62439919 0.17100000
v 2.04139996 16.51689911 0.19660001
v 1.97039998 16.35420036 0.27550000
v 2.10899997 16.67989922 0.10000000
v 2.18860006 16.57110023 0.12920000
v 1.88450003 16.72649956 0.13920000
v 1.73699999 16.68300056 0.21250001
v 1.92349994 16.87500000 0.03070000
v 1.79690003 16.82180023 0.10450000
v 2.01979995 16.78160095 0.06670000
v 2.13770008 16.84070015 -0.01370000
v 2.03239989 16.93350029 -0.05180000
v 2.23569989 16.73760033 0.02210000
v 2.32319999 16.62549973 0.05500000
v 2.34109998 16.79490089 -0.07090000
v 2.43670011 16.68149948 -0.03700000
v 2.51810002 16.55979919 -0.00900000
v 2.12100005 16.99049950 -0.14749999
v 2.23480010 16.89850044 -0.10810000
v 1.92289996 17.01510048 -0.09140000
v 1.82360005 16.95929909 -0.00640000
v 1.70650005 16.91029930 0.06980000
v 1.81459999 17.08699989 -0.13120000
v 1.72510004 17.03580093 -0.04260000
v 1.61749995 16.99340057 0.03710000
v 1.57430005 16.87919998 0.14320000
v 1.65559995 16.78470039 0.17710000
v 2.00289989 17.06970024 -0.18880001
v 2.18939996 17.04129982 -0.25780001
v 2.06419992 17.11730003 -0.29929999
v 1.88610005 17.13870049 -0.23070000
v 1.94099998 17.18449974 -0.34150001
v 2.23900008 17.08370018 -0.38119999
v 2.36409998 16.99740028 -0.34500000
v 2.31010008 16.95159912 -0.21890000
v 1.57640004 16.65929985 0.28680000
v 1.50670004 16.76420021 0.24820000
v 1.43570006 16.86109924 0.21269999
v 1.29429996 16.84970093 0.27480000
v 1.35630000 16.75239944 0.31189999
v 1.20879996 16.74410057 0.36759999
v 1.15300000 16.84049988 0.32879999
v 1.23130000 16.93880081 0.23909999
v 1.09539998 16.92900085 0.29100001
v 1.16869998 17.01819992 0.20260000
v 1.03810000 17.00799942 0.25229999
v 1.36530006 16.94989967 0.17900001
v 1.29630005 17.02930069 0.14460000
v 1.41900003 17.04479980 0.07850000
v 1.34430003 17.11260033 0.04190000
v 1.22790003 17.09799957 0.10630000
v 1.45220006 17.13509941 -0.02980000
v 1.53330004 17.06900024 0.00520000
v 1.63199997 17.10619926 -0.07680000
v 1.49520004 16.96640015 0.11100000
v 1.26900005 17.17040062 -0.00100000
v 1.15890002 17.15660095 0.06260000
v 1.37080002 17.19169998 -0.07140000
v 1.10689998 17.08699989 0.16280000
v 1.04540002 17.14559937 0.11850000
v 1.08800006 17.20890045 0.01430000
v 0.98360002 17.19700050 0.07100000
v 0.98290002 17.07659912 0.21080001
v 0.93059999 17.13509941 0.16560000
v 0.88129997 17.18600082 0.11810000
v 0.90480000 16.99659920 0.29460001
v 0.95899999 16.91810036 0.33590001
v 0.85490000 17.06520081 0.25080001
v 1.06610000 16.73629951 0.41650000
v 1.01380002 16.83099937 0.37610000
v 0.87760001 16.81949997 0.41839999
v 0.92909998 16.72710037 0.46030000
v 0.97469997 16.62919998 0.50290000
v 1.11310005 16.63579941 0.45850000
v 1.01279998 16.52739906 0.54689997
v 1.15199995 16.53100014 0.50300002
v 1.04219997 16.42340088 0.59259999
v 1.18019998 16.42399979 0.55030000
v 1.25960004 16.64119911 0.40880001
v 1.30180001 16.53289986 0.45379999
v 1.32990003 16.42079926 0.50309998
v 0.84450001 16.61960030 0.54299998
v 0.88220000 16.52090073 0.58660001
v 0.79920000 16.71389961 0.50019997
v 1.41470003 16.64769936 0.35220000
v 0.74629998 16.80179977 0.45710000
v 0.82239997 16.90430069 0.37560001
v 0.67879999 16.69459915 0.53719997
v 0.62400001 16.77639961 0.49450001
v 1.46500003 16.53479958 0.39700001
v 1.49839997 16.41259956 0.44830000
v 1.48769999 16.29280090 0.51080000
v 1.64100003 16.25819969 0.46169999
v 1.59630001 16.14389992 0.52960002
v 1.46710002 16.17980003 0.57050002
v 1.66610003 15.98970032 0.55390000
v 1.56130004 16.03840065 0.59069997
v 1.53110003 15.93850040 0.64800000
v 1.44570005 16.07329941 0.62739998
v 1.42460001 15.97259998 0.68159997
v 1.32509995 16.09620094 0.66390002
v 1.31359994 15.99590015 0.71490002
v 1.20379996 16.10939980 0.69989997
v 1.20079994 16.00989914 0.74809998
v 1.20319998 16.21229935 0.65039998
v 1.33420002 16.20129967 0.61129999
v 1.40369999 15.87759972 0.73329997
v 1.50230002 15.84420013 0.70240003
v 1.30120003 15.90089989 0.76389998
v 1.62979996 15.89290047 0.61339998
v 1.68009996 15.74639988 0.63520002
v 1.71770000 15.83559990 0.57580000
v 1.59510005 15.80060005 0.67030001
v 1.63890004 15.66199970 0.69209999
v 1.55939996 15.71380043 0.72479999
v 1.47329998 15.75619984 0.75449997
v 1.79040003 15.76659966 0.53189999
v 1.75199997 15.68150043 0.59439999
v 1.33770001 16.30970001 0.55729997
v 1.19630003 16.31710052 0.60000002
v 1.06280005 16.31909943 0.63970000
v 1.07609999 16.21599960 0.68739998
v 0.93589997 16.31679916 0.67650002
v 0.95319998 16.21479988 0.72219998
v 0.83429998 16.20980072 0.75400001
v 0.85030001 16.10989952 0.79850000
v 0.96590000 16.11450005 0.76770002
v 1.08379996 16.11490059 0.73470002
v 0.97530001 16.01639938 0.81209999
v 1.08780003 16.01630020 0.78060001
v 0.86369997 16.01180077 0.84200001
v 0.81440002 16.31089973 0.70929998
v 0.69849998 16.30349922 0.73769999
v 0.71929997 16.20269966 0.78170002
v 0.73740000 16.10250092 0.82560003
v 0.91250002 16.41950035 0.63129997
v 0.79000002 16.41189957 0.66520000
v 0.67439997 16.40329933 0.69440001
v 0.75999999 16.51090050 0.62180001
v 0.64639997 16.49979973 0.65200001
v 1.57360005 13.67490005 0.27779999
v 1.54139996 13.78450012 0.36059999
v 1.46550000 13.67619991 0.46619999
v 1.50279999 13.52060032 0.38890001
v 1.63039994 13.80119991 0.18430001
v 1.60570002 13.89500046 0.26480001
v 1.51259995 13.89949989 0.42699999
v 1.58109999 13.99730015 0.33309999
v 1.55739999 14.10410023 0.39300001
v 1.48529994 14.01630020 0.48449999
v 1.45809996 14.13529968 0.53560001
v 1.37240005 14.06400013 0.62889999
v 1.40400004 13.93550014 0.58060002
v 1.27390003 14.00100040 0.72270000
v 1.31200004 13.86380005 0.67650002
v 1.43449998 13.80830002 0.52670002
v 1.34599996 13.73130035 0.62730002
v 1.20980000 13.79899979 0.76370001
v 1.24829996 13.66569996 0.71579999
v 1.27629995 13.54039955 0.67170000
v 1.14559996 13.60569954 0.78539997
v 1.17610002 13.48690033 0.74379998
v 1.04620004 13.54640007 0.83600003
v 1.07840002 13.43649960 0.79720002
v 1.10119998 13.73550034 0.83389997
v 0.99919999 13.66520023 0.88279998
v 1.37380004 13.60089970 0.57810003
v 1.39750004 13.46430016 0.53560001
v 1.29789996 13.41740036 0.63779998
v 1.19840002 13.37390041 0.71270001
v 1.15999997 13.94390011 0.81089997
v 1.23549998 14.14299965 0.76289999
v 1.10420001 14.10229969 0.85390002
v 1.03359997 13.88379955 0.88550001
v 0.92830002 14.06770039 0.94679999
v 1.20850003 14.28269958 0.79470003
v 1.07819998 14.26099968 0.88160002
v 1.34169996 14.19429970 0.67030001
v 1.31669998 14.32180023 0.70510000
v 1.43149996 14.25570011 0.57969999
v 1.53369999 14.21420002 0.44650000
v 1.51030004 14.32569981 0.49399999
v 1.60119998 14.29889965 0.36309999
v 1.58010006 14.40250015 0.41360000
v 1.62170005 14.19659996 0.30720001
v 1.67929995 14.29189968 0.22700000
v 1.66059995 14.38759995 0.28520000
v 1.64189994 14.09759998 0.24540000
v 1.69649994 14.19869995 0.16320001
v 1.66209996 14.00339985 0.17620000
v 1.71280003 14.10929966 0.09300000
v 1.74609995 14.29959965 0.08560000
v 1.72990000 14.38840008 0.15160000
v 1.75960004 14.21329975 0.01380000
v 1.64059997 14.48400021 0.33849999
v 1.55939996 14.50450039 0.45879999
v 1.62059999 14.57880020 0.38679999
v 1.69260001 14.56879997 0.26809999
v 1.67359996 14.65680027 0.31880000
v 1.71179998 14.47859955 0.21240000
v 1.48889995 14.43550014 0.53549999
v 1.40849996 14.37370014 0.61769998
v 1.29910004 14.44060040 0.73420000
v 1.39069998 14.48439980 0.65039998
v 1.47070003 14.53899956 0.57150000
v 1.28750002 14.54730034 0.75770003
v 1.37790000 14.58419991 0.67790002
v 1.45599997 14.63290024 0.60259998
v 1.68099999 13.91609955 0.09780000
v 1.65439999 13.72119999 0.08980000
v 1.69659996 13.83710003 0.00920000
v 1.70650005 13.76340008 -0.08680000
v 1.74199998 13.87250042 -0.16470000
v 1.70790005 13.69229984 -0.18910000
v 1.73790002 13.80070019 -0.26600000
v 1.72549999 13.73079967 -0.37419999
v 1.77010000 13.90709972 -0.34459999
v 1.75360000 13.83940029 -0.45269999
v 1.78400004 13.95170021 -0.53070003
v 1.72669995 13.77670002 -0.56489998
v 1.75109994 13.89620018 -0.64060003
v 1.70340002 13.66349983 -0.48679999
v 1.66320002 13.60229969 -0.59909999
v 1.68250000 13.72060013 -0.67490000
v 1.70200002 13.84609985 -0.74790001
v 1.61860001 13.67189980 -0.77780002
v 1.63559997 13.80070019 -0.84829998
v 1.72389996 13.97690010 -0.81860000
v 1.77820003 14.02120018 -0.71380001
v 1.65260005 13.93610001 -0.91610003
v 1.81529999 14.07159996 -0.60560000
v 1.84060001 14.12800026 -0.50089997
v 1.80330002 14.01560020 -0.42260000
v 1.85039997 14.19470024 -0.67930001
v 1.88030005 14.24520016 -0.57590002
v 1.80649996 14.15050030 -0.78399998
v 1.77760005 13.97869968 -0.24320000
v 1.81459999 14.08360004 -0.32300001
v 1.73769999 13.94680023 -0.07090000
v 1.72739995 14.02509975 0.01520000
v 1.77049994 14.13070011 -0.06490000
v 1.77750003 14.05270004 -0.15050000
v 1.81649995 14.15690041 -0.23010001
v 1.81219995 14.23429966 -0.14360000
v 1.80309999 14.31550026 -0.06310000
v 1.84430003 14.41660023 -0.13670000
v 1.83010006 14.49699974 -0.06080000
v 1.78970003 14.39949989 0.01120000
v 1.85490000 14.33730030 -0.21900000
v 1.49230003 13.33409977 0.40750000
v 1.49280000 13.18280029 0.42289999
v 1.49930000 13.04310036 0.43730000
v 1.42999995 12.91950035 0.54509997
v 1.42069995 13.05049992 0.53369999
v 1.33159995 13.04580021 0.61790001
v 1.34080005 12.92070007 0.62699997
v 1.23740005 13.03310013 0.68849999
v 1.24660003 12.91450024 0.69709998
v 1.35039997 12.79539967 0.64190000
v 1.44079995 12.79059982 0.56120002
v 1.45249999 12.66419983 0.58249998
v 1.35990000 12.67099953 0.66159999
v 1.46469998 12.54039955 0.60900003
v 1.54990005 12.52379990 0.52420002
v 1.47650003 12.41849995 0.64050001
v 1.56260002 12.40089989 0.55949998
v 1.36899996 12.54819965 0.68519998
v 1.37829995 12.42689991 0.71249998
v 1.25479996 12.79409981 0.71170002
v 1.26150000 12.67310047 0.73100001
v 1.15380001 12.90520000 0.75720000
v 1.16030002 12.79109955 0.77209997
v 1.14450002 13.01690006 0.74790001
v 1.13300002 13.12510014 0.74570000
v 1.22710001 13.14910030 0.68699998
v 1.32229996 13.17020035 0.61510003
v 1.05700004 13.00080013 0.79979998
v 1.06640005 12.89649963 0.81029999
v 1.07110000 12.78999996 0.82609999
v 1.16279995 12.67529964 0.79140002
v 1.06819999 12.68190002 0.84660000
v 1.05569994 12.57079983 0.87120003
v 1.16079998 12.55790043 0.81320000
v 1.26650000 12.55169964 0.75300002
v 1.27090001 12.43109989 0.77600002
v 1.15730000 12.43850040 0.83530003
v 1.03649998 12.45339966 0.89700001
v 0.99070001 12.79349995 0.87529999
v 0.98250002 12.69760036 0.89639997
v 0.95359999 12.59959984 0.92570001
v 1.41270006 13.18360043 0.52649999
v 1.40579998 13.32069969 0.52499998
v 1.31190002 13.29389954 0.62040001
v 1.21459997 13.26229954 0.69430000
v 1.10160005 13.33240032 0.76889998
v 1.11909997 13.22980022 0.75199997
v 1.01150000 13.29389954 0.81320000
v 1.02960002 13.19909954 0.79960001
v 0.98830003 13.38899994 0.83770001
v 0.36309999 19.46540070 0.80460000
v 0.41880000 19.43569946 0.79269999
v 0.44610000 19.49040031 0.80760002
v 0.48769999 19.45940018 0.78030002
v 0.46320000 19.42939949 0.77819997
v 0.50660002 19.41720009 0.74669999
v 0.48629999 19.39550018 0.79290003
v 0.55190003 19.44840050 0.76660001
v 0.59759998 19.47430038 0.78119999
v 0.61420000 19.44140053 0.74229997
v 0.65509999 19.46699905 0.73049998
v 0.63440001 19.51029968 0.77810001
v 0.69360000 19.50209999 0.70590001
v 0.66460001 19.55509949 0.76440001
v 0.71960002 19.55330086 0.66600001
v 0.68229997 19.61199951 0.73479998
v 0.73949999 19.48159981 0.61059999
v 0.61619997 19.60239983 0.82669997
v 0.31840000 19.47590065 0.81879997
v 2.43930006 0.01250000 0.93180001
v 2.50990009 0.01530000 0.92589998
v 2.48600006 0.04830000 1.03170002
v 2.41540003 0.04170000 1.01719999
v 2.36890006 0.01420000 0.93570000
v 2.34859991 0.02790000 1.02230000
v 2.45919991 -0.00750000 0.81860000
v 2.52749991 0.00740000 0.80820000
v 2.55800009 0.05840000 1.01520002
v 2.57520008 0.04510000 0.91409999
v 2.60330009 0.10870000 0.90380001
v 2.60039997 0.10420000 1.00680006
v 2.59369993 0.17659999 0.90109998
v 2.60349989 0.16560000 1.00730002
v 2.59120011 0.14780000 1.10140002
v 2.57859993 0.10100000 1.09669995
v 2.62969995 0.11980000 1.17690003
v 2.62199998 0.06760000 1.16830003
v 2.64129996 0.09960000 1.24629998
v 2.63269997 0.05510000 1.24370003
v 2.55710006 0.06100000 1.09870005
v 2.59060001 0.02290000 1.16610003
v 2.60680008 0.01380000 1.24510002
v 2.53900003 0.00190000 1.16919994
v 2.51419997 0.04740000 1.10749996
v 2.56010008 -0.00880000 1.24479997
v 2.63919997 0.09100000 1.28740001
v 2.63050008 0.06280000 1.29929996
v 2.63630009 0.13779999 1.25759995
v 2.63940001 0.11260000 1.30760002
v 2.62899995 0.08220000 1.34089994
v 2.62649989 0.16769999 1.18929994
v 2.60139990 0.19830000 1.11099994
v 2.61669993 0.21070001 1.20529997
v 2.62260008 0.16840000 1.27040005
v 2.59400010 0.24779999 1.12730002
v 2.58730006 0.21980000 1.01839995
v 2.54679990 0.28320000 0.95190001
v 2.56450009 0.26780000 1.03880000
v 2.57069993 0.23480000 0.91729999
v 2.60109997 0.11270000 0.79170001
v 2.58249998 0.18320000 0.79130000
v 2.54209995 0.25520000 0.80809999
v 2.53649998 0.29370001 0.88520002
v 2.51799989 0.33989999 0.90509999
v 2.51329994 0.32690001 0.98570001
v 2.52049994 0.33620000 0.81169999
v 2.52979994 0.30599999 1.06669998
v 2.56410003 0.28459999 1.14870000
v 2.46320009 0.30590001 1.09660006
v 2.51659989 0.30230001 1.17139995
v 2.45390010 0.34930000 1.03460002
v 2.58340001 0.04650000 0.79780000
v 2.58019996 0.06020000 0.67089999
v 2.59060001 0.12420000 0.67100000
v 2.53320003 0.03090000 0.53979999
v 2.57139993 0.08150000 0.53869998
v 2.53430009 0.01590000 0.67650002
v 2.47070003 -0.00650000 0.68559998
v 2.38479996 -0.00720000 0.82450002
v 2.30299997 0.00670000 0.82980001
v 2.29099989 0.01490000 0.94290000
v 2.39470005 -0.01350000 0.69430000
v 2.30579996 -0.00240000 0.70289999
v 2.26990008 0.02490000 1.03260005
v 2.19700003 0.03130000 0.95620000
v 2.20469999 0.03130000 0.84230000
v 2.17540002 0.03750000 1.04760003
v 2.47110009 0.00120000 0.54720002
v 2.45989990 0.02510000 0.41260001
v 2.52060008 0.05610000 0.40450001
v 2.44090009 0.04950000 0.28049999
v 2.49379992 0.08300000 0.27160001
v 2.52519989 0.13259999 0.26800001
v 2.55830002 0.10750000 0.40310001
v 2.47029996 0.09360000 0.13169999
v 2.42470002 0.05120000 0.14219999
v 2.38569999 0.00620000 0.42469999
v 2.37199998 0.03310000 0.29460001
v 2.39459991 -0.01250000 0.55839998
v 2.58139992 0.14420000 0.54329997
v 2.56380010 0.17060000 0.40910000
v 2.38860011 0.06680000 1.07809997
v 2.32969999 0.04600000 1.09029996
v 2.44000006 0.08830000 1.08019996
v 2.40479994 0.11460000 1.11249995
v 2.36630011 0.08740000 1.12320006
v 2.38790011 0.10740000 1.15919995
v 2.35719991 0.08830000 1.16589999
v 2.31299996 0.07570000 1.13800001
v 2.25149989 0.04320000 1.10510004
v 2.23799992 0.06780000 1.16219997
v 2.30999994 0.08740000 1.18069994
v 2.23539996 0.10940000 1.20539999
v 2.36050010 0.06730000 1.20099998
v 2.31920004 0.07000000 1.21519995
v 2.28449988 0.09060000 1.23399997
v 2.29959989 0.07130000 1.26689994
v 2.32969999 0.05230000 1.25100005
v 2.36840010 0.04960000 1.23940003
v 2.39569998 0.08630000 1.19570005
v 2.41339993 0.11860000 1.19659996
v 2.40280008 0.13310000 1.15999997
v 2.40759993 0.13930000 1.12559998
v 2.15479994 0.04570000 1.12520003
v 2.13700008 0.05590000 1.19260001
v 2.04719996 0.04280000 1.14810002
v 2.02810001 0.05180000 1.22049999
v 2.12319994 0.07310000 1.24670005
v 2.01640010 0.07040000 1.28260005
v 2.06660008 0.03350000 1.06700003
v 1.95350003 0.00850000 1.08210003
v 1.93789995 0.02420000 1.17050004
v 1.91480005 0.03660000 1.25039995
v 2.45099998 0.09770000 1.13469994
v 2.44260001 0.12840000 1.14129996
v 2.47440004 0.06440000 1.12419999
v 2.45729995 0.05670000 1.18690002
v 2.48740005 0.01880000 1.17799997
v 2.50929999 0.00050000 1.24489999
v 2.47530007 0.03070000 1.24609995
v 2.52410007 0.01330000 1.29809999
v 2.49460006 0.02610000 1.28590000
v 2.56609988 0.01240000 1.30700004
v 2.51850009 0.03950000 1.33350003
v 2.56040001 0.04400000 1.34889996
v 2.60570002 0.03130000 1.30869997
v 2.59750009 0.05880000 1.35070002
v 2.48370004 0.04990000 1.30050004
v 2.45989990 0.06870000 1.25049996
v 2.47690010 0.08690000 1.30890000
v 2.45729995 0.10780000 1.25230002
v 2.50589991 0.07260000 1.35599995
v 2.44779992 0.09680000 1.19289994
v 2.44860005 0.13150001 1.19470000
v 2.43880010 0.15279999 1.14639997
v 2.46110010 0.14360000 1.24969995
v 2.44959998 0.16350000 1.19169998
v 2.43650007 0.17800000 1.14330006
v 2.40890002 0.16190000 1.12779999
v 2.12080002 0.08270000 1.28129995
v 2.06290007 0.09180000 1.28410006
v 2.04839993 0.10880000 1.29460001
v 1.99090004 0.07830000 1.33109999
v 2.08400011 0.10230000 1.30639994
v 2.07220006 0.12830000 1.31669998
v 2.04649997 0.13190000 1.30429995
v 2.14000010 0.07010000 1.30299997
v 2.09669995 0.08850000 1.32780004
v 2.10759997 0.07270000 1.35259998
v 2.15149999 0.05280000 1.32990003
v 2.07859993 0.11790000 1.34109998
v 2.07419991 0.14890000 1.34860003
v 2.06870008 0.15420000 1.32260001
v 2.04520011 0.15530001 1.31389999
v 2.04699993 0.18020000 1.32369995
v 2.06830001 0.18130000 1.32579994
v 2.04530001 0.20880000 1.31669998
v 2.07119989 0.21060000 1.32159996
v 2.07529998 0.24220000 1.31540000
v 2.04480004 0.23970000 1.30509996
v 2.08039999 0.21410000 1.35010004
v 2.08279991 0.24820000 1.34759998
v 2.07660007 0.18120000 1.35200000
v 2.03830004 0.17550001 1.34899998
v 2.03340006 0.14390001 1.34389997
v 2.03620005 0.20930000 1.34669995
v 2.07789993 0.14380001 1.37650001
v 2.08119988 0.18040000 1.38100004
v 2.08489990 0.10700000 1.36749995
v 2.02130008 0.11430000 1.33729994
v 2.03329992 0.12630001 1.38409996
v 2.01049995 0.08610000 1.38209999
v 1.96430004 0.05120000 1.38300002
v 2.00270009 0.06970000 1.42990005
v 1.95829999 0.04030000 1.43270004
v 2.02950001 0.11070000 1.42920005
v 2.12030005 0.06260000 1.38300002
v 2.09410000 0.09810000 1.39820004
v 2.13610005 0.06300000 1.42060006
v 2.11050010 0.09480000 1.43410003
v 2.15459991 0.06950000 1.46430004
v 2.13010001 0.09260000 1.47640002
v 2.09739995 0.13090000 1.44550002
v 2.11190009 0.12130000 1.48870003
v 2.08489990 0.13800000 1.40840006
v 2.18479991 0.05650000 1.45400000
v 2.19449997 0.03310000 1.50960004
v 2.15899992 0.04350000 1.51849997
v 2.17479992 0.04340000 1.40660000
v 2.12969995 0.06640000 1.52999997
v 2.16359997 0.04320000 1.36360002
v 2.21409988 0.05770000 1.35169995
v 2.21869993 0.05540000 1.39719999
v 2.20749998 0.06990000 1.31400001
v 2.20280004 0.08980000 1.28380001
v 2.24320006 0.13869999 1.28209996
v 2.20400000 0.11320000 1.25639999
v 2.26690006 0.12850000 1.25399995
v 2.28130007 0.10010000 1.28480005
v 2.27550006 0.13110000 1.30050004
v 2.28909993 0.12150000 1.34039998
v 2.29229999 0.15840000 1.34990001
v 2.26799989 0.16040000 1.30429995
v 2.29670000 0.20090000 1.35950005
v 2.28230000 0.19280000 1.31519997
v 2.28419995 0.23080000 1.31060004
v 2.29789996 0.25979999 1.36160004
v 2.26099992 0.18570000 1.35440004
v 2.25920010 0.14320000 1.35270000
v 2.25819993 0.23410000 1.34570003
v 2.30599999 0.15400000 1.39919996
v 2.30669999 0.19460000 1.41219997
v 2.30410004 0.10450000 1.44519997
v 2.30500007 0.14280000 1.45659995
v 2.30520010 0.11560000 1.38740003
v 2.30979991 0.18099999 1.46809995
v 2.29469991 0.08620000 1.32299995
v 2.31250000 0.05870000 1.30809999
v 2.32620001 0.05340000 1.36099994
v 2.30960011 0.08050000 1.37419999
v 2.34019995 0.03950000 1.29489994
v 2.35249996 0.03680000 1.34949994
v 2.24320006 0.11370000 1.31289995
v 2.24769998 0.09830000 1.35119998
v 2.24810004 0.09200000 1.39619994
v 2.25959992 0.13470000 1.40030003
v 1.83519995 0.00610000 1.18159997
v 1.80649996 0.05120000 1.27489996
v 1.84140003 -0.01790000 1.08000004
v 1.73640001 -0.02560000 1.07579994
v 1.72119999 -0.04150000 0.96039999
v 1.84379995 -0.03120000 0.96880001
v 1.96840000 0.00870000 0.86290002
v 1.96800005 -0.00010000 0.97869998
v 1.83690000 -0.03230000 0.85189998
v 1.96159995 0.01830000 0.74309999
v 1.82509995 -0.03230000 0.73110002
v 1.95420003 0.02760000 0.62320000
v 1.81449997 -0.01660000 0.60909998
v 1.68239999 -0.05660000 0.71259999
v 1.67089999 -0.03820000 0.57900000
v 1.55610001 -0.04870000 0.70700002
v 1.54509997 -0.02610000 0.56349999
v 1.45210004 -0.01400000 0.71300000
v 1.44389999 0.01460000 0.56339997
v 1.39610004 0.04890000 0.86890000
v 1.37520003 0.05220000 0.72299999
v 1.47319996 -0.02210000 0.85820001
v 1.57889998 -0.05150000 0.84340000
v 1.50370002 -0.00950000 0.98610002
v 1.42659998 0.06900000 0.99540001
v 1.60689998 -0.04390000 0.96770000
v 1.33490002 0.14579999 0.73580003
v 1.32850003 0.17140000 0.59329998
v 1.36730003 0.07920000 0.57260001
v 1.35619998 0.14610000 0.87290001
v 1.54929996 0.01510000 0.42559999
v 1.67349994 -0.00480000 0.44700000
v 1.44819999 0.05630000 0.42060000
v 1.56449997 0.06160000 0.29750001
v 1.68879998 0.03320000 0.32179999
v 1.46609998 0.11130000 0.29269999
v 1.81540000 0.00060000 0.48580000
v 1.70169997 -0.04980000 0.84020001
v 1.63370001 -0.02350000 1.08169997
v 1.94970000 0.04190000 0.50370002
v 2.08089995 0.06520000 0.61080003
v 2.07850003 0.05950000 0.48640001
v 2.19449997 0.03460000 0.46489999
v 2.19819999 0.03120000 0.59170002
v 2.30250001 -0.00660000 0.57300001
v 2.29579997 0.00560000 0.44270000
v 2.28900003 0.03530000 0.31450000
v 2.19160008 0.05320000 0.33780000
v 2.20350003 0.03850000 0.71789998
v 2.08470011 0.06600000 0.73699999
v 2.07699990 0.06990000 0.36170000
v 2.07730007 0.07510000 0.23160000
v 2.18460011 0.05290000 0.20690000
v 1.95150006 0.06630000 0.38020000
v 1.95959997 0.08870000 0.24869999
v 2.08879995 0.04650000 0.85990000
v 2.08480000 0.03520000 0.97350001
v 1.82449996 0.03940000 0.36350000
v 1.83809996 0.08540000 0.24050000
v 1.70969999 0.08470000 0.20900001
v 1.72459996 0.12410000 0.09520000
v 1.84770000 0.10760000 0.11220000
v 1.72969997 0.14950000 -0.02080000
v 1.84930003 0.12370000 -0.01480000
v 1.60300004 0.15719999 0.07530000
v 1.61420000 0.19700000 -0.02970000
v 1.58580005 0.11250000 0.18320000
v 1.96430004 0.09350000 0.11360000
v 1.74249995 0.00360000 1.18400002
v 1.64839995 0.01380000 1.18309999
v 1.55589998 0.05090000 1.18390000
v 1.64859998 0.06530000 1.26800001
v 1.56239998 0.07030000 1.26919997
v 1.72940004 0.06540000 1.27040005
v 1.74450004 0.10540000 1.29719996
v 1.70350003 0.08800000 1.35469997
v 1.75250006 0.13360000 1.31610000
v 1.73090005 0.12450000 1.37919998
v 1.79879999 0.15560000 1.30719995
v 1.76170003 0.16720000 1.33710003
v 1.80809999 0.10200000 1.30789995
v 1.74510002 0.16460000 1.39129996
v 1.71710002 0.10700000 1.45539999
v 1.68089998 0.06890000 1.45060003
v 1.74249995 0.14870000 1.46089995
v 1.76359999 0.20559999 1.34640002
v 1.75310004 0.20710000 1.39900005
v 1.75960004 0.24680001 1.34689999
v 1.76209998 0.25279999 1.40269995
v 1.78009999 0.23580000 1.30960000
v 1.78799999 0.19720000 1.31130004
v 1.82949996 0.13450000 1.33490002
v 1.87950003 0.06090000 1.31770003
v 1.89460003 0.06080000 1.35150003
v 1.84590006 0.11500000 1.36740005
v 1.63520002 0.05700000 1.35780001
v 1.55620003 0.06170000 1.35769999
v 1.48570001 0.10510000 1.36430001
v 1.49090004 0.12500000 1.27450001
v 1.43369997 0.16769999 1.37609994
v 1.44000006 0.19800000 1.28480005
v 1.40810001 0.23830000 1.39540005
v 1.42270005 0.27770001 1.30270004
v 1.38059998 0.17460001 1.48549998
v 1.41059995 0.10690000 1.46399999
v 1.47549999 0.06260000 1.45560002
v 1.48880005 0.12680000 1.18640006
v 1.44260001 0.21269999 1.19309998
v 1.55060005 0.04570000 1.45299995
v 1.62689996 -0.01480000 1.53900003
v 1.54859996 -0.01480000 1.54700005
v 1.62249994 0.04650000 1.45079994
v 1.47220004 0.00230000 1.55830002
v 1.53330004 0.01390000 1.09440005
v 1.45669997 0.09730000 1.09909999
v 1.40699995 0.19540000 1.10150003
v 1.38510001 0.17000000 0.99430001
v 1.37839997 0.27379999 0.99180001
v 1.38440001 0.29650000 1.10689998
v 1.39059997 0.38690001 1.11280000
v 1.41719997 0.29879999 1.20580006
v 1.40859997 0.37909999 1.22290003
v 1.43270004 0.34830001 1.32470000
v 1.42690003 0.46450001 1.13010001
v 1.44079995 0.45190001 1.01989996
v 1.39709997 0.36980000 0.99890000
v 1.42879999 0.44859999 1.24210000
v 1.36039996 0.25409999 0.87269998
v 1.34029996 0.25540000 0.75010002
v 1.32930005 0.28020000 0.62349999
v 1.37150002 0.36570001 0.77010000
v 1.35300004 0.39289999 0.66020000
v 1.38709998 0.35980001 0.88200003
v 2.38709998 0.34160000 1.18690002
v 2.38660002 0.32690001 1.12170005
v 2.38820004 0.38180000 1.11160004
v 2.36669993 0.37880000 1.20529997
v 2.31310010 0.40189999 1.23199999
v 2.29719996 0.35389999 1.27409995
v 2.35050011 0.36939999 1.27079999
v 2.26099992 0.31840000 1.24670005
v 2.27690005 0.27390000 1.28050005
v 2.29889989 0.30800000 1.31260002
v 2.33480000 0.34349999 1.32490003
v 2.32839990 0.31630000 1.38290000
v 2.38319993 0.33829999 1.37679994
v 2.38310003 0.34070000 1.31019998
v 2.41610003 0.30649999 1.35319996
v 2.40619993 0.30930001 1.28980005
v 2.38619995 0.34459999 1.24860001
v 2.39590001 0.30700001 1.17340004
v 2.38779998 0.29429999 1.12090003
v 2.44409990 0.27759999 1.11150002
v 2.38879991 0.26480001 1.11629999
v 2.43479991 0.25650001 1.11510003
v 2.39820004 0.27550000 1.16340005
v 2.40289998 0.31230000 1.22920001
v 2.41630006 0.27559999 1.27219999
v 2.40989995 0.28020000 1.21440005
v 2.42639995 0.26969999 1.33270001
v 2.43140006 0.23379999 1.31780005
v 2.42120004 0.24190000 1.26069999
v 2.43400002 0.19910000 1.30710006
v 2.42389989 0.20840000 1.25380003
v 2.44359994 0.22210000 1.37829995
v 2.44650006 0.18730000 1.36389995
v 2.43829989 0.25720000 1.39579999
v 2.43379998 0.16450000 1.29789996
v 2.42580009 0.17500000 1.24909997
v 2.41470003 0.21570000 1.20379996
v 2.41260004 0.24830000 1.20630002
v 2.41680002 0.18320000 1.20229995
v 2.42470002 0.29150000 1.41949999
v 2.43869996 0.22080000 1.45990002
v 2.41540003 0.23490000 1.47249997
v 2.42549992 0.19570000 1.53260005
v 2.44639993 0.17970000 1.52320004
v 2.39980006 0.20540000 1.53910005
v 2.38709998 0.24050000 1.48060000
v 2.38310003 0.30669999 1.44060004
v 2.33419991 0.28439999 1.44210005
v 2.31040001 0.24010000 1.42630005
v 2.35649991 0.23320000 1.48239994
v 2.32780004 0.21439999 1.47749996
v 2.37089992 0.20160000 1.53989995
v 2.34489989 0.18580000 1.53499997
v 2.23600006 0.26629999 1.28530002
v 2.24329996 0.31369999 1.32659996
v 2.25799990 0.28330001 1.37769997
v 2.22210002 0.35820001 1.29069996
v 2.19659996 0.39660001 1.33270001
v 2.22839999 0.35710001 1.36489999
v 2.19939995 0.41270000 1.26400006
v 2.15179992 0.43740001 1.30509996
v 2.18050003 0.47569999 1.22819996
v 2.11820006 0.46990001 1.25129998
v 2.20020008 0.36719999 1.21619999
v 2.20160007 0.43110001 1.18480003
v 2.25399995 0.37500000 1.22019994
v 2.26609993 0.43830001 1.17670000
v 2.20309997 0.47250000 1.11860001
v 2.27800012 0.48010001 1.09700000
v 2.34459996 0.44710001 1.16450000
v 2.34529996 0.45789999 1.06029999
v 2.21250010 0.30809999 1.24409997
v 2.09920001 0.50440001 1.17530000
v 2.15939999 0.51539999 1.15890002
v 2.07870007 0.43169999 1.23350000
v 2.05290008 0.48120001 1.17579997
v 2.10159993 0.39300001 1.29190004
v 2.21199989 0.50779998 1.01909995
v 2.15779996 0.54879999 1.06239998
v 2.09809995 0.54909998 1.08130002
v 2.13809991 0.38769999 1.34940004
v 2.17459989 0.37599999 1.39020002
v 2.13150001 0.35400000 1.39090002
v 2.11159992 0.35069999 1.34739995
v 2.10750008 0.32229999 1.38689995
v 2.09549999 0.31750000 1.34689999
v 2.08999991 0.34580001 1.30400002
v 2.08290005 0.31050000 1.30939996
v 2.20180011 0.35360000 1.42999995
v 2.24799991 0.33010000 1.40820003
v 2.26020002 0.31240001 1.46060002
v 2.22709990 0.35179999 1.48469996
v 2.26230001 0.26400000 1.43579996
v 2.15440011 0.35040000 1.43659997
v 2.11940002 0.32440001 1.43289995
v 2.17079997 0.35440001 1.49559999
v 2.12820005 0.32440001 1.48909998
v 2.38709998 0.40180001 1.00419998
v 2.46090007 0.37790000 0.94999999
v 2.40660000 0.42919999 0.89499998
v 2.49309993 0.40939999 0.85159999
v 2.43280005 0.46860000 0.78530002
v 2.48370004 0.41020000 0.73720002
v 2.34980011 0.47650000 0.94940001
v 2.29959989 0.52679998 1.00049996
v 2.23329997 0.57859999 0.92339998
v 2.30730009 0.55479997 0.88400000
v 2.36179996 0.50520003 0.83260000
v 2.37930012 0.54470003 0.71109998
v 2.43790007 0.49020001 0.65820003
v 2.47129989 0.41740000 0.61339998
v 2.36630011 0.56760001 0.58090001
v 2.41429996 0.50080001 0.52380002
v 2.44840002 0.42690000 0.47999999
v 2.30780005 0.58249998 0.76050001
v 2.24359989 0.62739998 0.80860001
v 2.30710006 0.62419999 0.63700002
v 2.23720002 0.66640002 0.68760002
v 2.16070008 0.62900001 0.83829999
v 2.16129994 0.58819997 0.95200002
v 2.15569997 0.68440002 0.73009998
v 2.50399995 0.33329999 0.70310003
v 2.50999999 0.34950000 0.58170003
v 2.49180007 0.36340001 0.44870001
v 2.53889990 0.27970001 0.56250000
v 2.52320004 0.29910001 0.42980000
v 2.53550005 0.26060000 0.68480003
v 2.57130003 0.19230001 0.67549998
v 2.56320000 0.21050000 0.55140001
v 2.54740000 0.23459999 0.41830000
v 2.41520000 0.44909999 0.34830001
v 2.45070004 0.37729999 0.31619999
v 2.39689994 0.39210001 0.18990000
v 2.36770010 0.47389999 0.22560000
v 2.42799997 0.32300001 0.16429999
v 2.48280001 0.31270000 0.29449999
v 2.50880003 0.25189999 0.28060001
v 2.34400010 0.56580001 0.27270001
v 2.38080001 0.52920002 0.39430001
v 2.30029988 0.60180002 0.15910000
v 2.25740004 0.68330002 0.22110000
v 2.30320001 0.64590001 0.33350000
v 2.21390009 0.72430003 0.11460000
v 2.33909988 0.60390002 0.45400000
v 2.24670005 0.70920002 0.39789999
v 2.28209996 0.66320002 0.51450002
v 2.19860005 0.74750000 0.28690001
v 1.22660005 11.41940022 0.87449998
v 1.18690002 11.27470016 0.88990003
v 1.32879996 11.30150032 0.80809999
v 1.33870006 11.41170025 0.80549997
v 1.43610001 11.32549953 0.73580003
v 1.43710005 11.41969967 0.73879999
v 1.52370000 11.34840012 0.66350001
v 1.52100003 11.43430042 0.67110002
v 1.53349996 11.52499962 0.67879999
v 1.45529997 11.51920033 0.74360001
v 1.48479998 11.62989998 0.74580002
v 1.39979994 11.63990021 0.80360001
v 1.36479998 11.52210045 0.80479997
v 1.43630004 11.76790047 0.79390001
v 1.51629996 11.75300026 0.73680001
v 1.55719995 11.62639999 0.68180001
v 1.58490002 11.74059963 0.67250001
v 1.63730001 11.72630024 0.60100001
v 1.61029994 11.86450005 0.64719999
v 1.54159999 11.88449955 0.71359998
v 1.46010005 11.90170002 0.77340001
v 1.55980003 12.01819992 0.67949998
v 1.47720003 12.03680038 0.74449998
v 1.62919998 11.99269962 0.60879999
v 1.30379999 11.66180038 0.85740000
v 1.26450002 11.54100037 0.86510003
v 1.23350000 11.81739998 0.89120001
v 1.19780004 11.69639969 0.90640002
v 1.34050000 11.78880024 0.84530002
v 1.25870001 11.94169998 0.87320000
v 1.36549997 11.92010021 0.82669997
v 1.38189995 12.05200005 0.80220002
v 1.27409995 12.06690025 0.85159999
v 1.38890004 12.18120003 0.77370000
v 1.27929997 12.19019985 0.82679999
v 1.48609996 12.16899967 0.71100003
v 1.27649999 12.31099987 0.80089998
v 1.38660002 12.30560017 0.74290001
v 1.48529994 12.29599953 0.67549998
v 1.15540004 12.08329964 0.89440000
v 1.14069998 11.96630001 0.91329998
v 1.15980005 12.20049953 0.87470001
v 1.11549997 11.85070038 0.93099999
v 1.08179998 11.73770046 0.94870001
v 1.01370001 11.99450016 0.95330000
v 0.98890001 11.88710022 0.96880001
v 0.85850000 11.92870045 1.01419997
v 0.88260001 12.02750015 0.99959999
v 1.02919996 12.10369968 0.93919998
v 0.89749998 12.12749958 0.98769999
v 0.95719999 11.78190041 0.98720002
v 0.82730001 11.83010006 1.03180003
v 0.79009998 11.73079967 1.05130005
v 0.91860002 11.67759991 1.00820005
v 1.04180002 11.62740040 0.96759999
v 1.15709996 11.57950020 0.92060000
v 1.11280000 11.46350002 0.93699998
v 1.59259999 11.37129974 0.58480000
v 1.54229999 11.26150036 0.65670002
v 1.61160004 11.28769970 0.57359999
v 1.69149995 11.22700024 0.46890000
v 1.66199994 11.31659985 0.48330000
v 1.64069998 11.19750023 0.56360000
v 1.69330001 11.35060024 0.38670000
v 1.70760000 11.38949966 0.28520000
v 1.74030006 11.30160046 0.26400000
v 1.72449994 11.26179981 0.36870000
v 1.72430003 11.12860012 0.45550001
v 1.75740004 11.16289997 0.35120001
v 1.67509997 11.10009956 0.55540001
v 1.75740004 11.02390003 0.44430000
v 1.78970003 11.05700016 0.33530000
v 1.71089995 10.99689960 0.54939997
v 1.77460003 11.20279980 0.24290000
v 1.80789995 11.09679985 0.22260000
v 1.77839994 11.24720001 0.13320000
v 1.74310005 11.34580040 0.15700001
v 1.70990002 11.43340015 0.18060000
v 1.70690000 11.48419952 0.07450000
v 1.73950005 11.39509964 0.04990000
v 1.57229996 11.17020035 0.65149999
v 1.48839998 11.13959980 0.73049998
v 1.45609999 11.23320007 0.73250002
v 1.39310002 11.10169983 0.79970002
v 1.35560000 11.19869995 0.80299997
v 1.52690005 11.04230022 0.73060000
v 1.60889995 11.07330036 0.64850003
v 1.43410003 11.00399971 0.79930001
v 1.47630000 10.90340042 0.80320001
v 1.56770003 10.94060040 0.73350000
v 1.68589997 10.86419964 0.64950001
v 1.64750004 10.97099972 0.64780003
v 1.60759997 10.83450031 0.73920000
v 1.51699996 10.79880047 0.81150001
v 1.33560002 10.95779991 0.85509998
v 1.37849998 10.85939980 0.85759997
v 1.29100001 11.05379963 0.85869998
v 1.24319994 11.15260029 0.86809999
v 1.13699996 11.07789993 0.91600001
v 1.18949997 10.99279976 0.90490001
v 1.03960001 10.99380016 0.94669998
v 1.09210002 10.92210007 0.93839997
v 0.97950000 11.06060028 0.96600002
v 1.07299995 11.16219997 0.93940002
v 1.06019998 11.34350014 0.95690000
v 0.98449999 11.23130035 0.98269999
v 0.94669998 11.40590000 1.00880003
v 0.90730000 11.12199974 0.99910003
v 0.83389997 11.01049995 1.00610006
v 0.76670003 10.89589977 1.00740004
v 0.82220000 10.84850025 0.98290002
v 0.89620000 10.95689964 0.97850001
v 0.87320000 10.80160046 0.97090000
v 0.95109999 10.90159988 0.96340001
v 1.00179994 10.84200001 0.95959997
v 1.13960004 10.84340000 0.93589997
v 1.04960001 10.77530003 0.96230000
v 1.18280005 10.75669956 0.93750000
v 1.09350002 10.69999981 0.96730000
v 1.22099996 10.66300011 0.94529998
v 1.13039994 10.61590004 0.97539997
v 1.27909994 10.80990028 0.90090001
v 1.23609996 10.90390015 0.89999998
v 1.31840003 10.71090031 0.90950000
v 1.25240004 10.56369972 0.95980000
v 1.15670002 10.52309990 0.98879999
v 1.05190003 10.57279968 0.99769998
v 1.06830001 10.49110031 1.01030004
v 1.01590002 10.63889980 0.98900002
v 0.97039998 10.69869995 0.97990000
v 0.90630001 10.61299992 0.99379998
v 0.95690000 10.57199955 1.00469995
v 0.85610002 10.65499973 0.98150003
v 0.92220002 10.75249958 0.97180003
v 0.80720001 10.69589996 0.97619998
v 0.75830001 10.73639965 0.98490000
v 0.70690000 10.77890015 1.00709999
v 0.75410002 10.58629990 0.98509997
v 0.80449998 10.55099964 0.99479997
v 0.71240002 10.47439957 0.99769998
v 0.76510000 10.44229984 1.01150000
v 0.70550001 10.62220001 0.98960000
v 0.66329998 10.50720024 0.99720001
v 0.70240003 10.94610023 1.04149997
v 0.64910001 10.82520008 1.03910005
v 0.60280001 10.70300007 1.03740001
v 0.65630001 10.66040039 1.00870001
v 0.50559998 10.62279987 1.06789994
v 0.56440002 10.58059978 1.03840005
v 0.53950000 10.74919987 1.07159996
v 0.53100002 10.45969963 1.03890002
v 0.57950002 10.42459965 1.01580000
v 0.61530000 10.54179955 1.01289999
v 0.62709999 10.39229965 1.00479996
v 0.54110003 10.30970001 1.01510000
v 0.58829999 10.27799988 1.01080000
v 0.49520001 10.34249973 1.03489995
v 0.47670001 10.49790001 1.06599998
v 0.43370000 10.66639996 1.09930003
v 0.46090001 10.79640007 1.10730004
v 0.57940000 10.87489986 1.07700002
v 0.49250001 10.92539978 1.11530006
v 0.34500000 10.70660019 1.12870002
v 0.41100001 10.53779984 1.09379995
v 0.32980001 10.57530022 1.12030005
v 0.99730003 11.51739979 0.98809999
v 1.67910004 0.53350002 1.12409997
v 1.75909996 0.50660002 1.10300004
v 1.72340000 0.57169998 1.00689995
v 1.64189994 0.58630002 1.00660002
v 1.79579997 0.56050003 1.00240004
v 1.82270002 0.52469999 1.10959995
v 1.68750000 0.64139998 0.90850002
v 1.60099995 0.64700001 0.90189999
v 1.64419997 0.69679999 0.80180001
v 1.56070006 0.68519998 0.78839999
v 1.72399998 0.69419998 0.80790001
v 1.76090002 0.62730002 0.90520000
v 1.82490003 0.64499998 0.91740000
v 1.79530001 0.70450002 0.81680000
v 1.85010004 0.59469998 1.02170002
v 1.87179995 0.56639999 1.12960005
v 1.80050004 0.47200000 1.18879998
v 1.84430003 0.50880003 1.21229994
v 1.83329999 0.44049999 1.26730001
v 1.87670004 0.46730000 1.29229999
v 1.85699999 0.40529999 1.34169996
v 1.89209998 0.42989999 1.36099994
v 1.92859995 0.48710001 1.30939996
v 1.90050006 0.53780001 1.22909999
v 1.93330002 0.44270000 1.37030005
v 1.74389994 0.46079999 1.18350005
v 1.79700005 0.41460001 1.23769999
v 1.70350003 0.47099999 1.21899998
v 1.74559999 0.40759999 1.22930002
v 1.64579999 0.52039999 1.20270002
v 1.94060004 0.58370000 1.13240004
v 1.91229999 0.62669998 1.03129995
v 1.98039997 0.60549998 1.01370001
v 1.99880004 0.55750000 1.11350000
v 1.96930003 0.53469998 1.22290003
v 2.01710010 0.50739998 1.19739997
v 1.88650000 0.67430001 0.92750001
v 1.86020005 0.72990000 0.82550001
v 1.83210003 0.78450000 0.72140002
v 1.76559997 0.75730002 0.71069998
v 1.87349999 0.83060002 0.60460001
v 1.80690002 0.83039999 0.61150002
v 1.90190005 0.78340000 0.71149999
v 1.73909998 0.80830002 0.60119998
v 1.68770003 0.74900001 0.70109999
v 1.65890002 0.79839998 0.59020001
v 1.79139996 0.88679999 0.50540000
v 1.72340000 0.86989999 0.49489999
v 1.78439999 0.95700002 0.40340000
v 1.71870005 0.93830001 0.39089999
v 1.64760005 0.85280001 0.48030001
v 1.64849997 0.91460001 0.37310001
v 1.85590005 0.88859999 0.50050002
v 1.93859994 0.81220001 0.58120000
v 1.92079997 0.88029999 0.48199999
v 1.96889997 0.75749999 0.68510002
v 1.93139994 0.72229999 0.81160003
v 2.00289989 0.70550001 0.78960001
v 1.95869994 0.66350001 0.91259998
v 2.02600002 0.64150000 0.88830000
v 2.08189988 0.72109997 0.77490002
v 2.05290008 0.77010000 0.66659999
v 2.09820008 0.66409999 0.87889999
v 1.60459995 0.74769998 0.69220001
v 1.52310002 0.73199999 0.67860001
v 1.48490000 0.65069997 0.76770002
v 1.51359999 0.62589997 0.88069999
v 1.45070004 0.57440001 0.73170000
v 1.46329999 0.54970002 0.83870000
v 1.47549999 0.53539997 0.94709998
v 1.54890001 0.59369999 0.99040002
v 1.48599994 0.52859998 1.05229998
v 1.57609999 0.55140001 1.09019995
v 1.47590005 0.53250003 1.15629995
v 1.56480002 0.54339999 1.18190002
v 1.43850005 0.44800001 0.90649998
v 1.42509997 0.45989999 0.79879999
v 1.40520000 0.49030000 0.69700003
v 1.43620002 0.61360002 0.62650001
v 1.38789999 0.53619999 0.59530002
v 1.46389997 0.68610001 0.65789998
v 1.41970003 0.66189998 0.51670003
v 1.37699997 0.58819997 0.48629999
v 1.45309997 0.72689998 0.54320002
v 1.34309995 0.43990001 0.55170000
v 1.57739997 0.79250002 0.57849997
v 1.50559998 0.77160001 0.56209999
v 1.57120001 0.83700001 0.46430001
v 1.50300002 0.81500000 0.44520000
v 1.85529995 0.34599999 1.40779996
v 1.82900000 0.36910000 1.31480002
v 1.83019996 0.31720001 1.33829999
v 1.85010004 0.30489999 1.40480006
v 1.83029997 0.27239999 1.35179996
v 1.84679997 0.26140001 1.40670002
v 1.86670005 0.32139999 1.48609996
v 1.86150002 0.27990001 1.47420001
v 1.85520005 0.23240000 1.46889997
v 1.83570004 0.20800000 1.41330004
v 1.84679997 0.18140000 1.46720004
v 1.83350003 0.15109999 1.41499996
v 1.85210001 0.12909999 1.46329999
v 1.85599995 0.14820001 1.52620006
v 1.86720002 0.10230000 1.51830006
v 1.87140000 0.07950000 1.45309997
v 1.89030004 0.06460000 1.50559998
v 1.85329998 0.09420000 1.40799999
v 1.83060002 0.17170000 1.37000000
v 1.81980002 0.18780001 1.33169997
v 1.82790005 0.22340000 1.36420000
v 1.81400001 0.23140000 1.32369995
v 1.89820004 0.05060000 1.39409995
v 1.90799999 0.04370000 1.44140005
v 1.92369998 0.04280000 1.49530005
v 1.86080003 0.06080000 1.58519995
v 1.88660002 0.01870000 1.57229996
v 1.93050003 -0.00460000 1.56029999
v 1.87150002 0.03300000 1.66630006
v 1.90209997 -0.00490000 1.65960002
v 1.94780004 -0.02500000 1.65069997
v 1.85220003 0.10760000 1.59679997
v 1.85930002 0.11390000 1.68809998
v 1.85210001 0.15099999 1.61010003
v 1.85920000 0.07570000 1.67400002
v 1.85099995 0.19400001 1.53579998
v 1.85710001 0.18810000 1.62290001
v 1.85420001 0.23800001 1.54630005
v 1.86570001 0.14790000 1.70469999
v 1.87129998 0.21680000 1.63320005
v 1.86140001 0.27770001 1.55939996
v 1.87979996 0.17850000 1.71780002
v 1.87240005 0.06460000 1.72109997
v 1.88909996 0.03680000 1.73000002
v 1.90139997 0.06020000 1.77429998
v 1.87559998 0.08760000 1.74489999
v 1.92240000 0.00850000 1.73319995
v 1.93449998 0.03710000 1.78289998
v 1.81070006 0.27460000 1.30550003
v 1.76919997 0.27620000 1.29939997
v 1.75530005 0.31930000 1.29020000
v 1.74319994 0.33680001 1.34309995
v 1.75310004 0.29069999 1.34469998
v 1.76730001 0.30050001 1.40629995
v 1.76160002 0.34930000 1.41159999
v 1.73099995 0.38339999 1.34840000
v 1.74749994 0.39379999 1.42620003
v 1.77699995 0.33829999 1.49430001
v 1.78610003 0.28860000 1.48049998
v 1.76549995 0.37590000 1.51999998
v 1.73479998 0.36510000 1.28579998
v 1.80340004 0.31630000 1.28740001
v 1.78629994 0.35679999 1.25670004
v 1.71089995 0.41960001 1.28120005
v 1.70500004 0.43000001 1.35249996
v 1.87290001 0.35910001 1.50530005
v 1.87119997 0.38100001 1.42279994
v 1.90030003 0.40580001 1.43490005
v 1.93550003 0.41690001 1.43830001
v 1.94180000 0.40930000 1.52390003
v 1.98819995 0.40880001 1.51880002
v 1.96959996 0.40939999 1.43550003
v 1.97090006 0.42680001 1.36730003
v 1.98959994 0.46129999 1.29910004
v 2.01239991 0.39809999 1.31309998
v 2.04119992 0.38850001 1.27359998
v 2.03099990 0.44470000 1.25230002
v 1.99259996 0.39300001 1.36420000
v 1.99489999 0.38540000 1.43009996
v 2.01169991 0.35299999 1.42550004
v 2.00900006 0.35690001 1.36329997
v 2.02090001 0.38119999 1.50539994
v 2.03699994 0.34439999 1.49389994
v 1.98930001 0.33629999 1.58879995
v 1.95120001 0.33690000 1.59189999
v 1.91209996 0.32980001 1.59029996
v 1.92309999 0.25889999 1.65390003
v 1.95959997 0.26339999 1.65419996
v 1.93139994 0.22970000 1.73280001
v 1.96599996 0.24290000 1.73440003
v 1.88989997 0.24290000 1.64830005
v 1.89740002 0.20890000 1.73029995
v 1.87909997 0.30770001 1.57889998
v 1.89880002 0.39219999 1.52020001
v 1.99489999 0.26530001 1.65610003
v 2.02469993 0.32850000 1.58280003
v 2.02579999 0.25790000 1.65520000
v 0.81230003 12.58790016 1.00150001
v 0.89120001 12.48429966 0.96590000
v 0.87959999 12.65400028 0.96490002
v 0.91469997 12.72270012 0.93669999
v 0.92180002 12.80060005 0.91970003
v 0.86320001 12.80309963 0.95899999
v 0.87110001 12.74499989 0.96270001
v 0.80460000 12.78750038 0.99699998
v 0.83149999 12.71370029 0.98909998
v 0.73259997 12.76399994 1.03439999
v 0.76410002 12.67520046 1.02349997
v 0.67199999 12.64319992 1.05579996
v 0.64480001 12.74020004 1.06620002
v 0.70929998 12.85820007 1.03770006
v 0.62309998 12.84109974 1.07149994
v 0.54579997 12.71889973 1.08969998
v 0.52759999 12.82409954 1.09609997
v 0.60570002 12.94540024 1.07290006
v 0.51270002 12.93340015 1.10010004
v 0.69080001 12.95619965 1.03639996
v 0.59259999 13.05150032 1.07219994
v 0.50139999 13.04580021 1.10239995
v 0.67619997 13.05529976 1.03289998
v 0.42600000 12.80850029 1.11210001
v 0.44020000 12.70049953 1.10529995
v 0.41400000 12.92140007 1.11769998
v 0.56699997 12.61830044 1.08050001
v 0.47180000 12.50259972 1.08679998
v 0.59050000 12.52140045 1.06900001
v 0.45590001 12.59840012 1.09669995
v 0.35270000 12.48859978 1.09549999
v 0.34220001 12.58300018 1.10510004
v 0.33129999 12.68540001 1.11380005
v 0.70630002 12.54769993 1.04040003
v 0.61290002 12.42679977 1.05799997
v 0.74460000 12.44750023 1.02370000
v 0.48590001 12.41279984 1.07739997
v 0.78439999 12.87320042 0.99690002
v 0.85100001 12.88350010 0.95270002
v 0.91640002 12.88770008 0.90700001
v 0.90520000 12.97869968 0.89690000
v 0.98720002 12.89080048 0.85970002
v 0.97750002 12.98779964 0.84869999
v 0.83670002 12.97200012 0.94520003
v 0.76700002 12.96500015 0.99269998
v 0.82209998 13.06159973 0.93839997
v 0.75199997 13.05790043 0.98699999
v 0.89980000 12.34490013 0.97079998
v 1.03480005 12.33080006 0.91240001
v 0.76130003 12.34029961 1.01979995
v 0.76690000 12.24139977 1.02230000
v 0.90270001 12.23120022 0.97810000
v 0.63129997 12.24800014 1.05270004
v 0.62629998 12.33440018 1.05260003
v 0.49840000 12.25199986 1.06949997
v 0.49509999 12.32909966 1.07120001
v 0.62819999 12.16670036 1.05809999
v 0.76310003 12.14910030 1.02950001
v 0.61680001 12.08800030 1.06850004
v 0.74989998 12.05980015 1.04079998
v 0.59710002 12.00920010 1.08329999
v 0.72790003 11.97080040 1.05579996
v 0.56879997 11.92809963 1.10119998
v 0.69779998 11.88029957 1.07369995
v 0.66039997 11.78699970 1.09309995
v 0.53170002 11.84319973 1.12020004
v 0.48570001 12.11069965 1.08169997
v 0.46860000 12.04160023 1.09529996
v 0.35839999 12.12759972 1.08319998
v 0.34470001 12.06659985 1.09490001
v 0.36629999 12.18929958 1.07659996
v 0.49550000 12.18000031 1.07299995
v 0.44330001 11.97029972 1.11210001
v 0.32429999 12.00440025 1.11029994
v 0.36910000 12.25409985 1.07539999
v 0.36730000 12.32460022 1.07900000
v 0.24259999 12.32100010 1.08010006
v 0.24339999 12.25500011 1.07459998
v 0.36149999 12.40260029 1.08620000
v 0.23940000 12.39519978 1.08850002
v 0.24120000 12.19509983 1.07360005
v 0.23570000 12.13889980 1.07799995
v 0.11960000 12.19810009 1.06920004
v 0.11670000 12.14519978 1.07200003
v 1.03509998 12.21500015 0.92580003
v 1.15840006 12.31849957 0.85509998
v 0.33680001 9.81980038 0.97780001
v 0.40560001 9.74009991 0.99870002
v 0.48170000 9.88899994 1.03600001
v 0.41460001 9.93550014 1.01479995
v 0.54310000 10.01480007 1.04069996
v 0.48320001 10.05099964 1.02110004
v 0.59570003 10.13189983 1.03349996
v 0.54100001 10.16460037 1.01650000
v 0.49410000 10.19719982 1.01359999
v 0.43599999 10.08679962 1.01300001
v 0.63999999 10.24650002 1.02279997
v 0.70099998 10.21640015 1.04279995
v 0.66390002 10.10239983 1.05589998
v 0.77689999 10.19169998 1.06070006
v 0.74970001 10.07909966 1.07430005
v 0.85079998 10.06499958 1.08369994
v 0.86839998 10.17609978 1.07050002
v 0.88380003 10.28530025 1.05470002
v 0.97180003 10.17300034 1.07009995
v 0.97869998 10.28079987 1.05429995
v 0.96230000 10.06270027 1.08319998
v 1.08210003 10.18410015 1.06040001
v 1.08130002 10.29199982 1.04400003
v 1.07949996 10.07369995 1.07400000
v 0.89960003 10.39080048 1.03750002
v 0.82609999 10.41250038 1.02750003
v 0.80129999 10.30319977 1.04499996
v 0.98420000 10.38360023 1.03750002
v 0.72070003 9.96459961 1.08399999
v 0.83190000 9.95230007 1.09309995
v 0.81480002 9.83810043 1.09770000
v 0.69360000 9.84700012 1.08850002
v 0.62269998 9.98600006 1.06529999
v 0.58069998 9.86369991 1.06729996
v 0.67490000 9.72700024 1.08599997
v 0.80360001 9.72340012 1.09710002
v 0.54570001 9.73390007 1.05710006
v 0.95109999 9.95100021 1.09249997
v 0.94069999 9.83860016 1.09739995
v 0.73350000 10.32999992 1.02800000
v 0.67720002 10.36079979 1.01100004
v 0.45060000 10.22920036 1.02740002
v 0.39530000 10.11970043 1.01950002
v 0.33090001 10.01259995 1.00610006
v 0.36780000 9.97770023 1.00469995
v 0.29449999 9.87119961 0.96939999
v 0.26280001 9.90769958 0.96939999
v 0.23430000 9.93519974 0.97630000
v 0.29660001 10.04209995 1.01769996
v 0.26010001 10.06739998 1.03559995
v 0.20370001 9.95650005 0.98790002
v 0.35609999 10.15040016 1.03789997
v 0.31340000 10.17940044 1.06190002
v 0.20310000 9.81140041 0.88739997
v 0.22700000 9.77709961 0.88650000
v 0.18040000 9.83650017 0.89170003
v 0.25479999 9.72840023 0.88900000
v 0.19760001 9.66049957 0.75790000
v 0.21640000 9.60229969 0.75610000
v 0.28659999 9.65820026 0.89160001
v 0.23210000 9.52830029 0.74910003
v 0.30309999 9.56130028 0.88220000
v 0.18170001 9.56690025 0.59740001
v 0.19509999 9.50539970 0.59219998
v 0.16830000 9.61699963 0.59990001
v 0.17930000 9.70390034 0.75830001
v 0.15530001 9.65709972 0.60119998
v 0.16200000 9.73620033 0.75959998
v 0.14219999 9.68939972 0.60259998
v 0.40669999 10.26150036 1.05200005
v 0.44600001 10.37709999 1.06180000
v 0.35670000 10.29399967 1.07930005
v 0.38789999 10.41320038 1.08940005
v 0.31490001 10.44760036 1.11489999
v 0.29370001 10.32460022 1.10459995
v 0.20940000 10.35050011 1.12390006
v 0.22100000 10.47599983 1.13409996
v 0.22930001 10.60529995 1.14069998
v 0.11350000 10.49349976 1.14320004
v 0.10880000 10.36730003 1.13469994
v 0.19010000 10.22830009 1.10529995
v 0.26100001 10.20590019 1.08570004
v 0.10040000 10.24349976 1.11839998
v 0.41049999 9.59679985 0.98250002
v 0.53939998 9.60630035 1.04499996
v 0.54439998 9.48700047 1.02839994
v 0.42060000 9.47729969 0.96390003
v 0.67070001 9.60830021 1.07830000
v 0.80089998 9.60980034 1.09159994
v 0.93000001 9.50559998 1.08669996
v 0.93070000 9.61540031 1.09420002
v 0.80260003 9.49800014 1.08140004
v 0.93339998 9.72649956 1.09790003
v 1.06439996 9.73859978 1.09109998
v 1.06889999 9.85019970 1.08930004
v 1.19570005 9.76029968 1.07579994
v 1.19780004 9.87250042 1.07280004
v 1.32589996 9.78989983 1.05009997
v 1.32539999 9.90330029 1.04569995
v 1.19379997 9.64869976 1.07609999
v 1.32539999 9.67660046 1.05260003
v 1.06159997 9.62790012 1.08920002
v 1.32350004 9.56400013 1.05320001
v 1.19079995 9.53789997 1.07400000
v 1.05900002 9.51830006 1.08440006
v 1.45260000 9.82400036 1.01250005
v 1.44930005 9.93879986 1.00670004
v 1.57620001 9.74260044 0.96759999
v 1.57290006 9.85910034 0.96130002
v 1.45379996 9.70899963 1.01689994
v 1.56710005 9.97519970 0.95400000
v 1.19930005 9.98490047 1.06640005
v 1.32309997 10.01679993 1.03890002
v 1.44350004 10.05329990 0.99930000
v 1.07449996 9.96210003 1.08360004
v 1.19889998 10.09710026 1.05639994
v 1.19550002 10.20820045 1.04250002
v 1.31809998 10.12989998 1.02919996
v 1.30929995 10.24190044 1.01559997
v 0.92890000 9.39700031 1.07609999
v 0.80470002 9.38790035 1.06719995
v 0.67430001 9.49300003 1.06529999
v 0.67919999 9.38049984 1.04719996
v 0.55220002 9.37279987 1.00680006
v 0.43300000 9.36450005 0.94050002
v 0.31810001 9.46020031 0.86610001
v 0.33440000 9.35639954 0.84450001
v 0.56019998 9.26189995 0.98140001
v 0.68320000 9.27079964 1.02550006
v 0.44639999 9.25459957 0.91360003
v 0.92619997 9.29030037 1.06320000
v 0.80530000 9.27989960 1.05009997
v 1.05519998 9.41020012 1.07720006
v 1.17840004 9.32190037 1.06480002
v 1.18550003 9.42889977 1.07009995
v 1.04970002 9.30379963 1.06830001
v 0.80339998 9.17350006 1.03090000
v 0.92119998 9.18500042 1.04859996
v 0.91350001 9.08059978 1.03260005
v 0.79820001 9.06809998 1.01020002
v 1.04240000 9.19900036 1.05789995
v 1.03330004 9.09529972 1.04630005
v 0.68519998 9.16310024 1.00160003
v 0.68400002 9.05659962 0.97619998
v 0.56750000 9.15349960 0.95400000
v 0.57239997 9.04650021 0.92559999
v 0.94400001 15.06470013 1.11960006
v 0.81950003 14.97360039 1.12199998
v 0.96929997 14.88010025 1.06079996
v 1.04219997 14.97130013 1.07599998
v 1.08969998 14.82639980 0.97780001
v 1.13810003 14.91069984 1.00059998
v 1.22819996 14.87839985 0.92079997
v 1.19529998 14.80150032 0.89569998
v 1.28820002 14.80119991 0.81889999
v 1.17869997 14.71819973 0.87059999
v 1.27929997 14.72500038 0.79540002
v 1.17579997 14.62749958 0.85350001
v 1.28040004 14.64150047 0.77679998
v 1.36450005 14.75039959 0.72289997
v 1.36810005 14.82110023 0.74809998
v 1.31029999 14.87139988 0.84579998
v 1.19620001 14.98820019 1.00419998
v 1.27219999 14.94970036 0.93510002
v 1.11790001 15.05119991 1.06369996
v 1.04110003 15.13770008 1.09770000
v 1.12679994 15.20330048 1.06389999
v 1.19200003 15.12390041 1.03770006
v 1.25810003 15.06029987 0.99220002
v 0.97600001 15.23980045 1.10399997
v 0.87419999 15.18410015 1.13090003
v 0.75590003 15.13259983 1.14730000
v 1.32229996 15.01570034 0.93620002
v 1.37440002 15.07689953 0.92549998
v 1.32009995 15.12759972 0.97060001
v 1.38059998 15.19169998 0.94290000
v 1.42780006 15.13669968 0.90380001
v 1.43069994 15.03540039 0.89190000
v 1.47360003 15.08479977 0.87220001
v 1.38329995 14.99100018 0.88300002
v 1.34319997 14.93550014 0.86839998
v 1.38250005 14.88609982 0.77840000
v 1.40629995 14.94349957 0.80940002
v 1.44089997 14.98600006 0.84420002
v 1.43659997 14.78989983 0.65429997
v 1.43550003 14.85680008 0.68229997
v 1.36889994 14.67230034 0.70109999
v 1.44439995 14.71609974 0.62919998
v 1.18110001 14.52600002 0.83870000
v 1.51090002 14.76860046 0.56260002
v 1.50030005 14.83899975 0.59030002
v 1.52450001 14.68980026 0.53280002
v 1.49559999 14.90289974 0.62070000
v 1.50090003 14.96080017 0.65829998
v 1.44459999 14.91769981 0.71679997
v 1.46210003 14.97060013 0.75540000
v 1.48599994 15.01099968 0.80030000
v 1.51429999 15.01150036 0.70130002
v 1.52680004 15.05599976 0.74510002
v 1.55229998 14.95440006 0.56199998
v 1.55560005 15.01019955 0.60110003
v 1.55869997 14.89340019 0.52999997
v 1.60800004 15.00800037 0.50449997
v 1.61129999 15.06140041 0.54390001
v 1.61370003 14.95009995 0.47099999
v 1.06200004 14.73320007 0.94630003
v 1.05420005 14.63350010 0.92729998
v 0.93089998 14.76990032 1.01750004
v 0.91790003 14.65900040 0.99239999
v 0.78659999 14.82110023 1.07319999
v 0.77230000 14.69789982 1.04069996
v 0.76730001 14.57890034 1.03340006
v 0.91689998 14.54290009 0.98379999
v 0.61479998 14.62080002 1.06270003
v 0.60650003 14.50209999 1.06540000
v 0.76340002 14.45330048 1.03139997
v 0.46309999 14.66240025 1.07860005
v 0.45240000 14.55060005 1.08309996
v 0.62269998 14.73480034 1.06970000
v 0.47409999 14.76900005 1.08490002
v 0.91900003 14.41460037 0.97460002
v 0.75580001 14.31429958 1.02760005
v 0.92259997 14.26399994 0.96149999
v 0.59469998 14.37339973 1.07070005
v 1.05669999 14.52410030 0.91610003
v 1.06439996 14.40110016 0.90200001
v 1.19140005 14.41129971 0.81980002
v 0.63270003 14.85109997 1.09969997
v 0.64109999 14.98050022 1.13890004
v 0.61900002 15.11299992 1.16159999
v 3.98009992 13.13269997 -1.49730003
v 4.06220007 13.12290001 -1.50259995
v 4.02150011 13.05230045 -1.47150004
v 3.93670011 13.06770039 -1.45410001
v 4.13570023 13.01980019 -1.47319996
v 4.06150007 12.97089958 -1.44990003
v 4.14940023 13.17609978 -1.50919998
v 4.21549988 13.07250023 -1.47880006
v 4.22340012 13.23060036 -1.48969996
v 4.28900003 13.12800026 -1.46070004
v 4.28690004 13.28549957 -1.44319999
v 4.35300016 13.18410015 -1.41589999
v 4.47069979 13.13850021 -1.32609999
v 4.41660023 13.08380032 -1.39339995
v 4.40730000 13.23849964 -1.34710002
v 4.35200024 13.02750015 -1.43690002
v 4.27710009 12.97189999 -1.45449996
v 4.19509983 12.91959953 -1.44910002
v 4.11000013 12.87279987 -1.42630005
v 4.25290012 12.81980038 -1.42540002
v 4.16429996 12.77190018 -1.40170002
v 4.02010012 12.83570004 -1.38940001
v 3.97480011 12.94629955 -1.41700006
v 4.07390022 12.72929955 -1.36249995
v 4.33680010 12.87180042 -1.43110001
v 4.39650011 12.77120018 -1.40480006
v 4.31279993 12.71990013 -1.39909995
v 4.41270018 12.92679977 -1.41400003
v 4.47179985 12.82460022 -1.38810003
v 4.47760010 12.98229980 -1.37179995
v 4.53100014 13.03649998 -1.30659997
v 4.58820009 12.93179989 -1.28499997
v 4.53599977 12.87860012 -1.34749997
v 4.51660013 13.19029999 -1.24030006
v 4.57530022 13.08800030 -1.22280002
v 4.45480013 13.29039955 -1.26049995
v 4.39039993 13.38969994 -1.28629994
v 4.34149981 13.33850002 -1.37320006
v 4.61390018 13.13560009 -1.12460005
v 4.55810022 13.23900032 -1.14100003
v 4.64779997 13.17710018 -1.01359999
v 4.59549999 13.28310013 -1.02989995
v 4.49889994 13.34029961 -1.16129994
v 4.53859997 13.38729954 -1.05120003
v 4.66669989 13.02950001 -1.10860002
v 4.63079977 12.98270035 -1.20430005
v 4.64270020 12.82439995 -1.25989997
v 4.59219980 12.77280045 -1.31949997
v 4.53009987 12.72080040 -1.35829997
v 4.64739990 12.66520023 -1.28799999
v 4.58830023 12.61559963 -1.32550001
v 4.45699978 12.66959953 -1.37460005
v 4.51879978 12.56709957 -1.34140003
v 4.69540024 12.71490002 -1.23080003
v 4.68370008 12.87450027 -1.18270004
v 4.73460007 12.76399994 -1.15670002
v 4.21960020 13.39109993 -1.47660005
v 4.15660000 13.33889961 -1.52590001
v 4.08500004 13.28769970 -1.54840004
v 4.01319981 13.40439987 -1.58749998
v 4.08549976 13.45429993 -1.56299996
v 3.93330002 13.52830029 -1.61609995
v 4.00909996 13.57730007 -1.59109998
v 3.85599995 13.48139954 -1.61230004
v 3.77069998 13.60869980 -1.62320006
v 3.85010004 13.65670013 -1.62810004
v 3.93000007 13.70440006 -1.60409999
v 4.00470018 13.74790001 -1.55270004
v 4.07840014 13.62360001 -1.53859997
v 3.93269992 13.87189960 -1.55659997
v 3.85349989 13.83030033 -1.60630000
v 3.76999998 13.78359985 -1.62899995
v 3.68820000 13.73560047 -1.62259996
v 3.78209996 13.44069958 -1.58169997
v 3.69700003 13.56499958 -1.59080005
v 3.61400008 13.69019985 -1.58870006
v 3.93729997 13.35929966 -1.58469999
v 3.86249995 13.32299995 -1.55799997
v 3.79209995 13.29059982 -1.50829995
v 3.71449995 13.40709972 -1.52839994
v 3.93109989 13.21669960 -1.52559996
v 3.86299992 13.17910004 -1.48039997
v 4.00750017 13.24339962 -1.54579997
v 4.15040016 13.50370026 -1.51129997
v 4.27449989 13.44139957 -1.40470004
v 4.20709991 13.55010033 -1.43750000
v 4.13889980 13.66539955 -1.46420002
v 4.19239998 13.70569992 -1.37600005
v 4.25810003 13.59519958 -1.34909999
v 4.12769985 13.82180023 -1.39339995
v 4.07049990 13.78579998 -1.47979999
v 3.83839989 13.03579998 -1.38800001
v 3.78290009 13.15089989 -1.41480005
v 3.70449996 13.12730026 -1.33169997
v 3.75300002 13.01019955 -1.30589998
v 3.72110009 13.26500034 -1.43959999
v 3.65170002 13.38070011 -1.45710003
v 3.57680011 13.49890041 -1.46389997
v 3.63269997 13.52849960 -1.53559995
v 3.55159998 13.65069962 -1.53240001
v 3.53690004 13.81060028 -1.58420002
v 3.47399998 13.76939964 -1.52719998
v 3.40050006 13.88140011 -1.52079999
v 3.42420006 13.73309994 -1.45560002
v 3.34859991 13.84360027 -1.44840002
v 3.50020003 13.61740017 -1.46130002
v 3.45460010 13.58749962 -1.38039994
v 3.38150001 13.70030022 -1.37559998
v 3.34060001 13.66860008 -1.28929996
v 3.40969992 13.55819988 -1.29110003
v 3.52519989 13.47280025 -1.38020003
v 3.47379994 13.44680023 -1.28639996
v 3.30620003 13.80959988 -1.36810005
v 3.27180004 13.94880009 -1.43990004
v 3.22799993 13.91460037 -1.35609996
v 3.19120002 14.04930019 -1.43499994
v 3.14610004 14.01519966 -1.34290004
v 3.19109988 13.88430023 -1.26919997
v 3.11100006 13.98709965 -1.24909997
v 3.26760006 13.77779961 -1.28250003
v 3.32640004 13.98779964 -1.51600003
v 3.46539998 13.92380047 -1.57879996
v 3.39409995 14.03129959 -1.57710004
v 3.47410011 14.07750034 -1.61609995
v 3.54310012 13.96959972 -1.61489999
v 3.56220007 14.12419987 -1.62790000
v 3.62890005 14.01630020 -1.62399995
v 3.61299992 13.85630035 -1.61870003
v 3.69700003 13.90349960 -1.62570000
v 3.40159988 14.18130016 -1.62969995
v 3.31909990 14.13420010 -1.58599997
v 3.23970008 14.23490047 -1.60510004
v 3.32570004 14.28359985 -1.65369999
v 3.24860001 14.08940029 -1.51859999
v 3.16580009 14.18840027 -1.53050005
v 3.59150004 13.35779953 -1.37179995
v 3.65149999 13.24289989 -1.35479999
v 3.58400011 13.22049999 -1.25709999
v 3.53209996 13.33460045 -1.27489996
v 3.63150001 13.10429955 -1.23450005
v 3.67910004 12.98670006 -1.20889997
v 3.80019999 12.89220047 -1.27919996
v 3.73119998 12.87020016 -1.18210006
v 3.61470008 12.96269989 -1.10200000
v 3.56380010 13.07919979 -1.12709999
v 3.55769992 12.93669987 -0.98699999
v 3.50070000 13.05189991 -1.01129997
v 3.67409992 12.84889984 -1.07519996
v 3.62520003 12.82639980 -0.96069998
v 3.51819992 13.19589996 -1.14929998
v 3.88280010 12.91759968 -1.35930002
v 3.93079996 12.80270004 -1.33260000
v 3.85339999 12.77659988 -1.25250006
v 3.79150009 12.75660038 -1.15520000
v 3.74219990 12.73929977 -1.04859996
v 3.86039996 12.64729977 -1.12890005
v 3.81760001 12.63350010 -1.02390003
v 3.91589999 12.66549969 -1.22500002
v 3.47210002 13.30970001 -1.16820002
v 3.42090011 13.42029953 -1.18320000
v 3.36310005 13.52910042 -1.19319999
v 3.29900002 13.63790035 -1.19669998
v 3.25769997 13.61019993 -1.09669995
v 3.31609988 13.50310040 -1.08710003
v 3.23000002 13.74720001 -1.19250000
v 3.19390011 13.71879959 -1.09800005
v 3.36739993 13.39570045 -1.07159996
v 3.41199994 13.28499985 -1.05299997
v 3.31900001 13.37749958 -0.95319998
v 3.27399993 13.48449993 -0.97450000
v 3.35809994 13.26469994 -0.92979997
v 3.45400000 13.16959953 -1.03299999
v 3.39849997 13.14610004 -0.90730000
v 3.44950008 13.02740002 -0.88499999
v 3.42880011 13.01790047 -0.74830002
v 3.36949992 13.13479996 -0.77410001
v 3.32380009 13.25459957 -0.80199999
v 3.43939996 13.02939987 -0.61129999
v 3.51410007 12.91390038 -0.86070001
v 3.49959993 12.90769958 -0.72180003
v 0.39710000 9.82369995 -0.91790003
v 0.30160001 9.81519985 -0.78450000
v 0.26350001 9.89009953 -0.83710003
v 0.37130001 9.89050007 -0.96710002
v 0.42390001 9.76039982 -0.88529998
v 0.33140001 9.75220013 -0.75260001
v 0.35670000 9.69219971 -0.73220003
v 0.28090000 9.68879986 -0.58459997
v 0.25720000 9.74479961 -0.60020000
v 0.22820000 9.80060005 -0.62300003
v 0.17820001 9.78419971 -0.44800001
v 0.20350000 9.73649979 -0.43500000
v 0.17000000 9.72589970 -0.26370001
v 0.14880000 9.76630020 -0.26920000
v 0.15580000 9.71030045 -0.08950000
v 0.18770000 9.67990017 -0.25940001
v 0.16960000 9.66919994 -0.08930000
v 0.24280000 9.62950039 -0.41949999
v 0.20310000 9.62769985 -0.25690001
v 0.22450000 9.68550014 -0.42550001
v 0.21730000 9.56809998 -0.25639999
v 0.25970000 9.56709957 -0.41659999
v 0.30160001 9.62959957 -0.57480001
v 0.32130000 9.56550026 -0.56900001
v 0.27689999 9.49800014 -0.41610000
v 0.23130000 9.50070000 -0.25780001
v 0.34050000 9.49619961 -0.56639999
v 0.37940001 9.63059998 -0.71929997
v 0.40090001 9.56579971 -0.71100003
v 0.18150000 9.62129974 -0.08970000
v 0.16429999 9.65340042 0.08210000
v 0.17350000 9.60970020 0.07990000
v 0.16869999 9.59840012 0.25270000
v 0.15940000 9.63949966 0.25520000
v 0.18260001 9.55889988 0.07740000
v 0.17839999 9.55099964 0.24990000
v 0.19270000 9.56569958 -0.09100000
v 0.15369999 9.69120026 0.08430000
v 0.13869999 9.74499989 -0.08990000
v 0.11710000 9.77340031 -0.08980000
v 0.12040000 9.74790001 0.08910000
v 0.09680000 9.74769974 0.26359999
v 0.11980000 9.73089981 0.26220000
v 0.11250000 9.72340012 0.43450001
v 0.09100000 9.73999977 0.43500000
v 0.13710000 9.70639992 0.26010001
v 0.12870000 9.70009995 0.43340001
v 0.13970000 9.72299957 0.08660000
v 0.44949999 9.69839954 -0.86369997
v 0.55530000 9.71049976 -0.97689998
v 0.52829999 9.77350044 -0.99769998
v 0.47360000 9.63539982 -0.84920001
v 0.49630001 9.57040024 -0.83920002
v 0.58090001 9.64630032 -0.96230000
v 0.60460001 9.58080006 -0.95099998
v 0.67009997 9.73029995 -1.07179999
v 0.69800001 9.66479969 -1.05690002
v 0.64010000 9.79430008 -1.09179997
v 0.50029999 9.83619976 -1.02740002
v 0.60869998 9.85709953 -1.11819994
v 0.72149998 9.88850021 -1.19319999
v 0.75749999 9.82439995 -1.16880000
v 0.79409999 9.99600029 -1.27919996
v 0.83819997 9.93099976 -1.25290000
v 0.68360001 9.95090008 -1.22130001
v 0.57690001 9.91889954 -1.15090001
v 0.87879997 9.86460018 -1.22829998
v 0.79110003 9.75879955 -1.14849997
v 0.47350001 9.89929962 -1.06750000
v 0.72299999 9.59850025 -1.04460001
v 0.62620002 9.51309967 -0.94230002
v 0.74540001 9.53050041 -1.03400004
v 0.51719999 9.50230026 -0.83230001
v 0.64639997 9.44270039 -0.93540001
v 0.53729999 9.43099976 -0.82749999
v 0.42120001 9.49709988 -0.70609999
v 0.44090000 9.42450047 -0.70340002
v 0.76580000 9.46030045 -1.02479994
v 0.78530002 9.38759995 -1.01699996
v 0.89270002 9.48429966 -1.09389997
v 0.91210002 9.41129971 -1.08340001
v 0.87190002 9.55510044 -1.10529995
v 0.66579998 9.36950016 -0.93000001
v 0.84869999 9.62409973 -1.11800003
v 0.97839999 9.65830040 -1.16960001
v 1.00279999 9.58720016 -1.15460002
v 0.82179999 9.69190025 -1.13199997
v 0.94959998 9.72799969 -1.18690002
v 0.27190000 9.96430016 -0.96039999
v 0.35969999 9.95730019 -1.03989995
v 0.27419999 10.03299999 -1.05350006
v 0.35270000 10.02250004 -1.11010003
v 0.35190001 10.08730030 -1.17480004
v 0.42480001 10.08040047 -1.21619999
v 0.43480000 10.02219963 -1.16820002
v 0.49370000 10.08759975 -1.25680006
v 0.51810002 10.03619957 -1.22459996
v 0.64420003 10.01140022 -1.25100005
v 0.54640001 9.97889996 -1.18799996
v 0.60369998 10.06890011 -1.27929997
v 0.45170000 9.96160030 -1.11740005
v 0.74650002 10.05939960 -1.30579996
v 0.85380000 10.12189960 -1.35039997
v 0.90840000 10.05430031 -1.32299995
v 0.96550000 10.19859982 -1.38069999
v 1.02540004 10.12510014 -1.34959996
v 1.07939994 10.28919983 -1.39030004
v 1.14289999 10.20839977 -1.35360003
v 1.18879998 10.39229965 -1.36960006
v 1.25450003 10.30309963 -1.32650006
v 1.00769997 10.36970043 -1.42649996
v 1.11469996 10.48149967 -1.41489995
v 0.89829999 10.27120018 -1.41020000
v 1.07900000 10.05119991 -1.31830001
v 0.95789999 9.98530006 -1.29550004
v 1.19910002 10.12819958 -1.31700003
v 0.79329997 10.18770027 -1.37590003
v 0.69499999 10.11989975 -1.33070004
v 0.72610003 10.25059986 -1.39719999
v 0.82270002 10.34150028 -1.43620002
v 0.63889998 10.17640018 -1.35080004
v 0.56169999 10.12100029 -1.30239999
v 0.57650000 10.22719955 -1.36269999
v 0.51630002 10.16460037 -1.31519997
v 0.45670000 10.19699955 -1.31029999
v 0.50500000 10.27159977 -1.36350000
v 0.47729999 10.12629986 -1.27890003
v 0.42780000 10.13640022 -1.26129997
v 0.36140001 10.15400028 -1.23559999
v 0.27880001 10.10239983 -1.13380003
v 0.20990001 10.12160015 -1.09630001
v 0.20379999 10.05029964 -1.00569999
v 0.29020000 10.17580032 -1.20669997
v 0.31140000 10.25640011 -1.27509999
v 0.38630000 10.22710037 -1.29550004
v 0.22050001 10.19869995 -1.17789996
v 0.23750000 10.28369999 -1.25209999
v 0.26190001 10.37880039 -1.31949997
v 0.34330001 10.34739971 -1.33949995
v 0.18560000 10.40480042 -1.29799998
v 0.16859999 10.30749989 -1.22959995
v 0.15620001 10.22010040 -1.15180004
v 0.14770000 10.14070034 -1.06350005
v 0.42590001 10.31140041 -1.35500002
v 0.38519999 10.45030022 -1.39890003
v 0.47819999 10.40929985 -1.41209996
v 0.56809998 10.36200047 -1.41680002
v 0.19990000 9.98429966 -0.90619999
v 0.19730000 9.93070030 -0.81169999
v 2.24370003 6.11110020 -0.35609999
v 2.23020005 6.09340000 -0.26040000
v 2.24769998 5.98099995 -0.33649999
v 2.25609994 6.05119991 -0.45249999
v 2.25410008 5.80730009 -0.29830000
v 2.27410007 5.85650015 -0.40400001
v 2.22790003 5.91949987 -0.23549999
v 2.22410011 5.76259995 -0.19910000
v 2.19910002 5.86990023 -0.14200000
v 2.25279999 5.64760017 -0.25340000
v 2.28410006 5.68720007 -0.35679999
v 2.18470001 5.72380018 -0.10490000
v 2.16059995 5.83029985 -0.05250000
v 2.18039989 5.96869993 -0.08360000
v 2.14330006 5.93139982 0.00090000
v 2.20860004 6.01940012 -0.16940001
v 2.21609998 6.16069984 -0.16660000
v 2.19639993 6.10249996 -0.10080000
v 2.20600009 6.22970009 -0.10250000
v 2.18720007 6.18820000 -0.04300000
v 2.20330000 6.30240011 -0.05490000
v 2.18330002 6.27650023 0.00560000
v 2.21679997 6.27990007 -0.14520000
v 2.21560001 6.33029985 -0.10320000
v 2.22370005 6.23880005 -0.20299999
v 2.16890001 6.06099987 -0.02590000
v 2.15980005 6.15700006 0.02690000
v 2.23469996 6.20510006 -0.27910000
v 2.24449992 6.19710016 -0.36710000
v 2.23790002 6.30219984 -0.29409999
v 2.23040009 6.31529999 -0.22380000
v 2.24349999 6.29879999 -0.37709999
v 2.13249993 6.03009987 0.05340000
v 2.08730006 6.00519991 0.13519999
v 2.09689999 5.90170002 0.08450000
v 2.05419993 5.76910019 0.11490000
v 2.11209989 5.79780006 0.03330000
v 2.04250002 5.87510014 0.16700000
v 1.98850000 5.74209976 0.19200000
v 1.98160005 5.84870005 0.24800000
v 2.07439995 5.66050005 0.06680000
v 2.13490009 5.69029999 -0.01590000
v 2.00480008 5.63259983 0.14250000
v 2.03430009 5.98210001 0.21900000
v 1.97580004 5.95709991 0.30440000
v 1.91630006 5.71630001 0.26280001
v 1.91410005 5.82119989 0.32390001
v 1.91349995 5.92749977 0.38890001
v 2.07669997 6.11310005 0.18330000
v 2.02220011 6.09359980 0.26780000
v 2.12290001 6.13320017 0.10280000
v 2.16350007 5.57779980 -0.06150000
v 2.21289992 5.61100006 -0.15459999
v 2.30489993 5.72739983 -0.46579999
v 2.31579995 5.56059980 -0.41010001
v 2.33690000 5.59399986 -0.52160001
v 2.28360009 5.52610016 -0.30309999
v 2.31469989 5.39860010 -0.34740001
v 2.34739995 5.42829990 -0.45710000
v 2.27309990 5.36819983 -0.24180000
v 2.24289989 5.49219990 -0.20060000
v 2.19370008 5.46040010 -0.10350000
v 2.22340012 5.33869982 -0.14150000
v 2.13280010 5.43079996 -0.01510000
v 2.16199994 5.31050014 -0.05020000
v 2.05900002 5.40280008 0.06190000
v 2.08730006 5.28350019 0.02850000
v 2.00559998 5.25710011 0.09710000
v 1.97930002 5.37519979 0.13079999
v 2.03010011 5.51910019 0.09980000
v 1.95360005 5.49119997 0.17000000
v 2.10229993 5.54759979 0.02370000
v 2.19000006 5.18680000 -0.08100000
v 2.25169992 5.21290016 -0.17510000
v 2.11380005 5.16139984 -0.00050000
v 2.30240011 5.23960018 -0.27779999
v 2.27729988 5.08319998 -0.20430000
v 2.32890010 5.10669994 -0.30849999
v 2.29780006 4.94980001 -0.23019999
v 2.35019994 4.96969986 -0.33520001
v 2.23519993 4.92920017 -0.13300000
v 2.21479988 5.05970001 -0.10840000
v 2.34470010 5.26599979 -0.38550001
v 2.37150002 5.12900019 -0.41790000
v 2.37730002 5.29110003 -0.49720001
v 2.40380001 5.14960003 -0.53109998
v 2.36780000 5.45580006 -0.57059997
v 2.39619994 5.31360006 -0.61229998
v 2.39730000 5.33319998 -0.72979999
v 2.37150002 5.48000002 -0.68720001
v 2.37800002 5.35090017 -0.84700000
v 2.35529995 5.50110006 -0.80390000
v 2.31760001 5.52120018 -0.91649997
v 2.33759999 5.36880016 -0.96030003
v 2.39840007 5.19910002 -0.88400000
v 2.35570002 5.21530008 -0.99830002
v 2.42020011 5.18389988 -0.76599997
v 2.44070005 5.03280020 -0.79699999
v 2.41729999 5.04580021 -0.91630000
v 2.37319994 5.06050014 -1.03190005
v 2.25760007 5.54190016 -1.01999998
v 2.27600002 5.38859987 -1.06500006
v 2.29220009 5.23400021 -1.10409999
v 2.32900000 5.64900017 -0.75379997
v 2.34260011 5.62379980 -0.63709998
v 2.29340005 5.67150021 -0.86629999
v 2.26539993 5.81729984 -0.81250000
v 2.29979992 5.79320002 -0.69870001
v 2.20679998 5.83850002 -0.91589999
v 2.23410010 5.69269991 -0.96899998
v 2.31159997 5.76429987 -0.58060002
v 2.28139997 5.90360022 -0.51929998
v 2.27180004 5.93319988 -0.64330000
v 2.42129993 5.16790009 -0.64760000
v 2.44330001 5.01970005 -0.67750001
v 2.45840001 4.86910009 -0.70279998
v 2.45460010 4.87979984 -0.82290000
v 2.44239998 4.85760021 -0.58459997
v 2.45190001 4.70809984 -0.60549998
v 2.46709991 4.71689987 -0.72369999
v 2.42650008 5.00500011 -0.55989999
v 2.46250010 4.72539997 -0.84369999
v 2.24799991 6.18389988 -0.46619999
v 2.24180007 6.30019999 -0.47170001
v 2.23880005 6.40590000 -0.48100001
v 2.22560000 6.31139994 -0.57560003
v 2.21609998 6.42110014 -0.58120000
v 2.23650002 6.19329977 -0.58090001
v 2.20260000 6.21049976 -0.69430000
v 2.18939996 6.32819986 -0.68110001
v 2.24979997 6.06820011 -0.59579998
v 2.21799994 6.08830023 -0.71850002
v 2.23900008 5.95690012 -0.76090002
v 2.16039991 6.10780001 -0.82639998
v 2.18109989 5.97739983 -0.86669999
v 2.14359999 6.22919989 -0.79909998
v 2.07909989 6.12410021 -0.91720003
v 2.06110001 6.24639988 -0.88840002
v 1.97880006 6.13549995 -0.98720002
v 1.95920002 6.25899982 -0.95740002
v 2.09980011 5.99389982 -0.95599997
v 1.99950004 6.00530005 -1.02509999
v 1.86500001 6.14179993 -1.03320003
v 1.84340000 6.26580000 -1.00220001
v 1.88590002 6.01160002 -1.07070005
v 2.12930012 6.34649992 -0.78179997
v 2.04320002 6.36439991 -0.86879998
v 1.93830001 6.37739992 -0.93510002
v 2.12459993 5.85640001 -1.00360000
v 2.17260003 6.44089985 -0.68260002
v 2.20659995 6.52500010 -0.59469998
v 2.15420008 6.54540014 -0.69279999
v 2.10509992 6.46159983 -0.77789998
v 2.07870007 6.56529999 -0.78289998
v 2.23740005 6.50769997 -0.49590001
v 2.25139999 6.49539995 -0.40259999
v 2.24609995 6.39720011 -0.38839999
v 2.24469995 6.39419985 -0.30640000
v 2.25449991 6.48890018 -0.31830001
v 2.25200009 6.48780012 -0.24320000
v 2.23970008 6.39709997 -0.23580000
v 2.26589990 6.58540010 -0.24850000
v 2.26580000 6.58739996 -0.33039999
v 2.23449993 6.40409994 -0.17590000
v 2.24690008 6.49030018 -0.17540000
v 2.22480011 6.33440018 -0.16890000
v 2.22230005 6.35340023 -0.13330001
v 2.22889996 6.40939999 -0.12450000
v 2.23920012 6.49289989 -0.11190000
v 2.22709990 6.49060011 -0.04880000
v 2.22000003 6.40129995 -0.07390000
v 2.25049996 6.58970022 -0.09900000
v 2.23480010 6.59019995 -0.02690000
v 2.26060009 6.58699989 -0.17209999
v 2.27399993 6.68879986 -0.16949999
v 2.27959991 6.68699980 -0.25409999
v 2.27690005 6.68870020 -0.34330001
v 2.25740004 6.59480000 -0.41940001
v 2.23589993 6.60760021 -0.51490003
v 2.26290011 6.69509983 -0.43779999
v 2.23329997 6.70650005 -0.53619999
v 2.19589996 6.62470007 -0.61330003
v 2.18400002 6.72130013 -0.63440001
v 2.26729989 6.79530001 -0.45730001
v 2.22979999 6.80399990 -0.55860001
v 2.17190003 6.81589985 -0.65660000
v -0.00000000 18.44829941 -0.85549998
v -0.00000000 18.58040047 -0.87709999
v -0.00000000 18.70409966 -0.92589998
v 0.09380000 18.70439911 -0.92690003
v -0.00000000 18.81970024 -0.99479997
v 0.09880000 18.82010078 -0.99309999
v -0.00000000 18.93790054 -1.06529999
v 0.10410000 18.93829918 -1.06180000
v 0.19740000 18.82119942 -0.98580003
v 0.14020000 11.66499996 -1.22469997
v 0.30559999 11.66549969 -1.26929998
v 0.48640001 11.63920021 -1.32830000
v 0.66229999 11.60519981 -1.37430000
v 0.53619999 11.77019978 -1.28219998
v 0.70789999 11.72029972 -1.32700002
v 0.62290001 11.88049984 -1.24710000
v 0.76719999 11.82409954 -1.28160000
v 0.49070001 11.95349979 -1.19579995
v 0.61000001 12.03929996 -1.17830002
v 0.71139997 11.97019958 -1.21490002
v 0.71710002 12.10709953 -1.15690005
v 0.79519999 12.04259968 -1.18320000
v 0.81779999 12.15929985 -1.13010001
v 0.87349999 12.09790039 -1.15110004
v 0.91589999 12.19489956 -1.09660006
v 0.94849998 12.13309956 -1.11819994
v 1.01610005 12.21249962 -1.05260003
v 1.03320003 12.14190006 -1.07990003
v 0.88590002 12.26869965 -1.07470000
v 0.99769998 12.29069996 -1.02909994
v 0.77300000 12.23340034 -1.10689998
v 0.88840002 11.99030018 -1.19780004
v 0.93959999 12.05070019 -1.16110003
v 0.97560000 12.08969975 -1.13310003
v 0.65740001 12.18579960 -1.12820005
v 0.73979998 12.31840038 -1.08679998
v 0.61570001 12.27659988 -1.10389996
v 0.53700000 12.12759972 -1.14059997
v 0.48949999 12.22869968 -1.11020005
v 0.82950002 11.91419983 -1.23850000
v 0.95630002 11.86340046 -1.23979998
v 0.91399997 11.77239990 -1.29149997
v 1.08589995 11.81050014 -1.21309996
v 1.05879998 11.71660042 -1.27040005
v 0.99470001 11.94499969 -1.19120002
v 1.10880005 11.89809990 -1.15840006
v 0.87199998 11.67199993 -1.34399998
v 0.40860000 12.06099987 -1.14520001
v 0.36100000 12.17840004 -1.10810006
v 0.33539999 12.30090046 -1.08249998
v 0.46090001 12.33829975 -1.08850002
v 0.32330000 12.42660046 -1.06459999
v 0.44560000 12.45419979 -1.07430005
v 0.20770000 12.40410042 -1.05120003
v 0.21590000 12.26959991 -1.07190001
v 0.62650001 11.48579979 -1.41900003
v 0.83429998 11.56379986 -1.39559996
v 0.59399998 11.36429977 -1.45679998
v 0.56029999 11.24020004 -1.48300004
v 0.52190000 11.11419964 -1.49759996
v 0.37099999 11.13490009 -1.44920003
v 0.47720000 10.98649979 -1.50010002
v 0.33870000 11.00870037 -1.45589995
v 0.67909998 11.08399963 -1.52939999
v 0.62309998 10.95450020 -1.53240001
v 0.30350000 10.88140011 -1.45249999
v 0.19200000 10.89830017 -1.41530001
v 0.09260000 10.90869999 -1.38870001
v 0.16920000 10.77330017 -1.40450001
v 0.08170000 10.78460026 -1.38110006
v 0.26719999 10.75450039 -1.43649995
v 0.42760000 10.85719967 -1.49150002
v 0.56010002 10.82339954 -1.52199996
v 0.49460000 10.69200039 -1.49710000
v 0.37680000 10.72770023 -1.46980000
v 0.09980000 12.38939953 -1.03859997
v 0.09820000 12.52779961 -1.02129996
v 0.09760000 12.66549969 -1.00759995
v 0.09700000 12.80280018 -0.99690002
v 0.00000000 12.80130005 -0.98809999
v -0.00000000 12.93910027 -0.97979999
v 0.09580000 12.93999958 -0.98949999
v 0.09390000 13.07699966 -0.98740000
v 0.00000000 12.66320038 -1.00020003
v 0.19679999 16.81419945 0.45400000
v 0.28600001 16.78680038 0.49300000
v 0.15820000 16.71719933 0.51370001
v 0.23630001 16.70059967 0.54589999
v 0.36600000 16.74699974 0.53259999
v 0.31189999 16.67539978 0.57810003
v 0.38029999 16.64649963 0.60409999
v 0.43430001 16.69910049 0.56840003
v 0.43070000 16.62220001 0.61970001
v 0.36100000 16.57519913 0.64450002
v 0.43590000 16.56649971 0.64920002
v 0.36050001 16.48719978 0.68959999
v 0.44800001 16.48480034 0.68860000
v 0.37090001 16.38920021 0.73729998
v 0.46489999 16.39049911 0.73210001
v 0.54240000 16.48999977 0.67530000
v 0.56599998 16.39550018 0.71730000
v 0.58819997 16.29610062 0.76090002
v 0.48410001 16.29019928 0.77730000
v 0.51719999 16.57489967 0.63569999
v 0.38670000 16.28610039 0.78600001
v 0.40439999 16.18110085 0.83480000
v 0.50370002 16.18759918 0.82319999
v 0.28500000 16.59020042 0.62739998
v 0.48609999 16.64480019 0.60030001
v 0.51770002 16.74209976 0.53179997
v 0.57239997 16.67090034 0.57120001
v 0.61350000 16.58989906 0.61089998
v 0.72340000 16.60580063 0.57920003
v 0.66769999 17.23150063 0.12710001
v 0.68260002 17.30089951 0.06290000
v 0.75489998 17.22859955 0.10070000
v 0.75330001 17.28140068 0.04350000
v 0.83780003 17.23130035 0.07020000
v 0.81019998 17.26729965 0.03280000
v 0.92140001 17.24469948 0.02390000
v 0.85979998 17.29070091 -0.01330000
v 1.01510000 17.26059914 -0.03460000
v 1.03069997 17.34819984 -0.13490000
v 0.94230002 17.31819916 -0.07320000
v 1.11210001 17.27879906 -0.09860000
v 0.87019998 17.38100052 -0.08750000
v 0.79570001 17.33390045 -0.02130000
v 0.73009998 17.37689972 -0.01000000
v 0.66490000 17.41990089 0.01340000
v 0.79949999 17.44350052 -0.08260000
v 0.73220003 17.50349998 -0.06320000
v 0.94870001 17.42320061 -0.15240000
v 1.19159997 17.22290039 -0.04950000
v 1.01699996 17.46450043 -0.21750000
v 0.92670000 17.54470062 -0.22250000
v 0.86830002 17.49799919 -0.15320000
v 1.06980002 17.50790024 -0.28680000
v 0.97119999 17.58790016 -0.29440001
v 0.79350001 17.57040024 -0.13890000
v 0.84350002 17.62450027 -0.21280000
v 0.72710001 17.64049911 -0.10800000
v 0.67079997 17.56060028 -0.02880000
v 0.77120000 17.70529938 -0.18690000
v 0.77859998 17.17720032 0.15449999
v 0.67369998 17.17040062 0.18240000
v 0.81290001 17.12459946 0.20400000
v 0.60270000 17.46330070 0.04950000
v 0.61690003 18.65629959 0.57760000
v 0.61269999 18.75489998 0.67140001
v 0.56089997 18.68409920 0.73740000
v 0.59240001 18.84830093 0.76609999
v 0.65539998 18.92149925 0.69910002
v 0.63270003 19.01090050 0.77789998
v 0.55140001 18.94490051 0.84700000
v 0.70510000 19.08340073 0.69529998
v 0.75910002 19.15509987 0.59810001
v 0.79339999 19.21409988 0.49570000
v 0.77640003 19.30710030 0.53570002
v 0.73650002 19.24629974 0.63889998
v 0.75349998 19.39629936 0.57110000
v 0.78109998 19.45330048 0.47979999
v 0.75760001 19.54120064 0.53590000
v 0.79310000 19.51580048 0.38389999
v 0.76139998 19.60759926 0.45070001
v 0.74129999 17.85519981 -0.23270001
v 0.71179998 17.79070091 -0.14569999
v 0.80320001 17.75799942 -0.26650000
v 0.88090003 17.67049980 -0.28780001
v 0.90689999 17.71059990 -0.36620000
v 0.82489997 17.79910088 -0.34689999
v 0.92379999 17.74559975 -0.44929999
v 0.83950001 17.83209991 -0.42960000
v 0.77079999 17.92700005 -0.40070000
v 0.75910002 17.89579964 -0.31740001
v 0.77620000 17.94899940 -0.48809999
v 0.71390003 18.05830002 -0.55040002
v 0.64569998 18.16309929 -0.61669999
v 0.68809998 18.05629921 -0.64450002
v 0.67040002 17.71080017 -0.06150000
v 0.42879999 18.37240028 0.81730002
v 0.43869999 18.47649956 0.85990000
v 0.00000000 18.62100029 1.14370000
v -0.00000000 18.64060020 1.16670001
v -0.00000000 13.42619991 1.17219996
v -0.00000000 13.57470036 1.18030000
v -0.00010000 13.73099995 1.18130004
v 0.10310000 13.57380009 1.18030000
v 0.10740000 13.72920036 1.18149996
v 0.21730000 13.72280025 1.17850006
v 0.20770000 13.57030010 1.17729998
v 0.11340000 13.89210033 1.16929996
v -0.00010000 13.89550018 1.16849995
v 0.23029999 13.88150024 1.16729999
v 0.12100000 14.05860043 1.14230001
v -0.00000000 14.06420040 1.13870001
v 0.24590001 14.04109955 1.14450002
v 0.10050000 13.42599964 1.17190003
v 0.20190001 13.42500019 1.16890001
v 0.09960000 13.28489971 1.16139996
v 0.19960000 13.28600025 1.15849996
v 0.31410000 13.56180000 1.16719997
v 0.30410001 13.42109966 1.15989995
v 0.29980001 13.28619957 1.15059996
v 0.32990000 13.70890045 1.16719997
v 0.44279999 13.68319988 1.14370000
v 0.41999999 13.54489994 1.14619994
v 0.35110000 13.86030006 1.15530002
v 0.47290000 13.82419968 1.12989998
v -0.00000000 13.28439999 1.16180003
v -0.00000000 13.14859962 1.15170002
v 0.10010000 13.14960003 1.15129995
v -0.00010000 13.01860046 1.14279997
v -0.00010000 12.89420033 1.13460004
v -0.00010000 12.77569962 1.12660003
v 0.32679999 14.80270004 1.08990002
v 0.31220001 14.70149994 1.08329999
v 0.30100000 14.59449959 1.08720005
v 0.29020000 14.47570038 1.09829998
v 0.43990001 14.42819977 1.09290004
v 0.27759999 14.34239960 1.11189997
v 0.42309999 14.29479980 1.10339999
v 0.26240000 14.19569969 1.12440002
v 0.40079999 14.15470028 1.11549997
v 0.37580001 14.01019955 1.13399994
v 0.54320002 14.09819984 1.08899999
v 0.50760001 13.96310043 1.10860002
v 0.57499999 14.23519993 1.07579994
v 0.68769997 14.02359962 1.04620004
v 0.73790002 14.16219997 1.02760005
v 0.82720000 13.92520046 0.98890001
v 0.63630003 13.89640045 1.06900001
v 0.75269997 13.80830002 1.01909995
v 0.12940000 14.22150040 1.11780000
v 0.13720000 14.37570000 1.10329998
v -0.00000000 14.23009968 1.11160004
v -0.00060000 11.03810024 1.18889999
v -0.00040000 10.89939976 1.17999995
v 0.00020000 10.62940025 1.15209997
v -0.00010000 10.76290035 1.16429996
v 0.00070000 10.49930000 1.14530003
v 0.11690000 10.62349987 1.14999998
v 0.12090000 10.75679970 1.16139996
v 0.23830000 10.73789978 1.15059996
v 0.00130000 10.37310028 1.13789999
v 0.00190000 10.24880028 1.12320006
v 0.00240000 9.75599957 0.43439999
v 0.00270000 9.76620007 0.60990000
v 0.00230000 9.76150036 0.26480001
v 0.03650000 9.76070023 0.26470000
v 0.03440000 9.75469971 0.43460000
v 0.06860000 9.75689983 0.26440001
v 0.06460000 9.75000000 0.43489999
v 0.06300000 9.75959969 0.60890001
v 0.03370000 9.76459980 0.60970002
v 0.08890000 9.75030041 0.60759997
v 0.07070000 9.79909992 0.77450001
v 0.03780000 9.80360031 0.77749997
v 0.09960000 9.79109955 0.77039999
v 0.00220000 9.78180027 0.09710000
v 0.00250000 10.12199974 1.09290004
v 0.00290000 9.99409962 1.03020000
v 0.06520000 9.99149990 1.02610004
v 0.08500000 10.11769962 1.08759999
v 0.00310000 9.88220024 0.92400002
v 0.00300000 9.80500031 0.77859998
v 0.04830000 9.88070011 0.92159998
v 0.25380000 15.94939995 0.94270003
v 0.34459999 15.96070004 0.93900001
v 0.42250001 16.07609940 0.88270003
v 0.44040000 15.97210026 0.92879999
v 0.52270001 16.08499908 0.86870003
v 0.54110003 15.98330021 0.91299999
v 0.62800002 16.09390068 0.84939998
v 0.60890001 16.19499969 0.80519998
v 0.64569998 15.99400043 0.89260000
v 0.66289997 15.89560032 0.93390000
v 0.55909997 15.88290024 0.95510000
v 0.75360000 16.00379944 0.86860001
v 0.87570000 15.91609955 0.88360000
v 0.76870000 15.90690041 0.90990001
v 0.68040001 15.79880047 0.97340000
v 0.57749999 15.78380013 0.99510002
v 0.59740001 15.68599987 1.03439999
v 0.47650000 15.76790047 1.01390004
v 0.49579999 15.66759968 1.05369997
v 0.45829999 15.86929989 0.97240001
v 0.69989997 15.70390034 1.01339996
v 1.25979996 16.03650093 -1.78620005
v 1.14180005 16.11870003 -1.79079998
v 1.99440002 14.70339966 -0.57550001
v 1.96889997 14.59420013 -0.51499999
v 1.93910003 14.48260021 -0.44990000
v 1.93400002 14.54650021 -0.35949999
v 1.96739995 14.64980030 -0.42359999
v 1.99740005 14.75150013 -0.48269999
v 1.99220002 14.80300045 -0.39530000
v 1.95930004 14.70839977 -0.33790001
v 1.92320001 14.61260033 -0.27509999
v 1.88460004 14.51560020 -0.20770000
v 1.89610004 14.44209957 -0.29100001
v 1.90170002 14.37069988 -0.38060001
v 1.89699996 14.30410004 -0.47589999
v 1.85430002 14.19159985 -0.40130001
v 1.85860002 14.26189995 -0.30730000
v 1.87010002 14.58969975 -0.13090000
v 1.85420001 14.66370010 -0.06040000
v 1.81410003 14.57689953 0.00860000
v 1.75619996 14.57069969 0.14240000
v 1.77370000 14.48499966 0.07970000
v 1.79719996 14.65579987 0.07190000
v 1.83759999 14.73709965 0.00380000
v 1.82089996 14.80869961 0.06190000
v 1.78020000 14.73270035 0.12950000
v 1.73810005 14.65410042 0.19939999
v 1.90929997 14.68010044 -0.19700000
v 1.89339995 14.74839973 -0.12549999
v 1.94649994 14.76930046 -0.25839999
v 1.93069994 14.83189964 -0.18560000
v 1.98070002 14.85760021 -0.31410000
v 1.96490002 14.91460037 -0.23980001
v 1.33729994 16.66460037 -1.58710003
v 1.41470003 16.51810074 -1.63339996
v 1.57560003 16.43420029 -1.63189995
v 1.49820006 16.38209915 -1.66120005
v 1.50759995 16.57180023 -1.59940004
v 1.58309996 16.25399971 -1.67250001
v 1.66540003 16.12509918 -1.66779995
v 1.72389996 16.16850090 -1.64359999
v 1.84469998 16.06629944 -1.60430002
v 1.78279996 16.20330048 -1.62370002
v 1.84220004 16.22920036 -1.60899997
v 1.89610004 16.09230042 -1.58920002
v 1.94529998 15.96280003 -1.55490005
v 1.94760001 16.11059952 -1.57920003
v 1.98899996 15.98270035 -1.54369998
v 1.90250003 16.24650002 -1.60029995
v 1.96459997 16.25499916 -1.59710002
v 2.00009990 16.12100029 -1.57379997
v 1.85730004 16.38310051 -1.60389996
v 1.93030000 16.39060020 -1.60300004
v 1.78659999 16.36630058 -1.61140001
v 2.03309989 15.99559975 -1.53670001
v 2.02550006 15.86559963 -1.49660003
v 1.98899996 15.84389973 -1.50849998
v 1.71749997 16.33970070 -1.62570000
v 1.64950001 16.30240059 -1.64649999
v 1.65480006 16.47229958 -1.60930002
v 1.60099995 16.60829926 -1.57430005
v 1.73510003 16.49850082 -1.59490001
v 1.81719995 16.51440048 -1.58889997
v 1.90180004 16.52099991 -1.59019995
v 1.78919995 16.64439964 -1.55400002
v 1.88580000 16.64859962 -1.55750000
v 1.69459999 16.63150024 -1.55920005
v 1.45210004 16.71549988 -1.54779994
v 1.56210005 16.74679947 -1.52010000
v 1.66970003 16.76409912 -1.50440001
v 1.77719998 16.77160072 -1.49969995
v 1.88580000 16.77179909 -1.50469995
v 1.99890006 16.76259995 -1.51450002
v 1.98539996 16.64410019 -1.56710005
v 2.11890006 16.73679924 -1.52030003
v 2.09069991 16.62719917 -1.57770002
v 1.98920000 16.51849937 -1.59759998
v 2.07990003 16.50600052 -1.60920000
v 2.23839998 16.69599915 -1.52310002
v 2.00589991 16.38879967 -1.60749996
v 2.03169990 16.86569977 -1.43809998
v 2.16059995 16.83309937 -1.44110000
v 1.90310001 16.88640022 -1.43320000
v 1.78419995 16.89179993 -1.42709994
v 2.21239996 16.91640091 -1.34210002
v 2.28640008 16.78739929 -1.44180000
v 2.34209991 16.86669922 -1.34150004
v 2.40079999 16.92880058 -1.22140002
v 1.66569996 16.89200020 -1.43139994
v 1.68560004 17.01099968 -1.34259999
v 1.55610001 17.01560020 -1.36099994
v 1.54540002 16.88409996 -1.44799995
v 1.41869998 16.86359978 -1.47780001
v 2.80469990 15.64470005 -1.54170001
v 2.70070004 15.59799957 -1.55320001
v 2.83170009 15.55939960 -1.56649995
v 2.72950006 15.51270008 -1.57959998
v 2.86919999 15.46700001 -1.59749997
v 2.76900005 15.42029953 -1.61099994
v 2.91610003 15.36690044 -1.62899995
v 2.81750011 15.31919956 -1.64139998
v 2.97029996 15.26150036 -1.65960002
v 2.87210011 15.21199989 -1.67030001
v 3.12249994 15.19909954 -1.64800000
v 3.03049994 15.15190029 -1.68850005
v 3.06200004 15.30529976 -1.61899996
v 3.20510006 15.23929977 -1.57669997
v 3.14479995 15.34070015 -1.54900002
v 3.21840000 15.36639977 -1.45140004
v 3.27789998 15.27060032 -1.47640002
v 3.34360003 15.17010021 -1.49749994
v 3.27119994 15.13409996 -1.59979999
v 3.34089994 15.02630043 -1.61530006
v 3.25690007 14.97959995 -1.68830001
v 3.18810010 15.09000015 -1.67200005
v 3.23169994 14.81659985 -1.73500001
v 3.16249990 14.92809963 -1.72850001
v 3.32739997 14.86859989 -1.69470000
v 3.41240001 14.91679955 -1.62119997
v 3.09509993 15.04020023 -1.71239996
v 3.41310000 15.06589985 -1.51170003
v 3.40650010 15.19670010 -1.36880004
v 3.34209991 15.29230022 -1.35070002
v 3.47449994 15.09630013 -1.38139999
v 3.28390002 15.38249969 -1.32930005
v 3.16720009 15.45759964 -1.42400002
v 3.23399997 15.46840000 -1.30560005
v 3.34299994 15.39080048 -1.18830001
v 3.39989996 15.30459976 -1.20570004
v 3.29419994 15.47290039 -1.16989994
v 3.12590003 15.54559994 -1.39680004
v 3.19420004 15.55200005 -1.28310001
v 3.09240007 15.43770027 -1.51929998
v 3.04929996 15.53069973 -1.48930001
v 3.00850010 15.40730000 -1.58819997
v 2.96350002 15.50459957 -1.55669999
v 2.92849994 15.59549999 -1.52699995
v 3.01659989 15.61929989 -1.46220005
v 2.93179989 15.10060024 -1.69780004
v 2.77049994 15.16030025 -1.65170002
v 2.71580005 15.26749992 -1.62600005
v 2.66680002 15.36719990 -1.59669995
v 2.61470008 15.21430016 -1.58280003
v 2.56699991 15.31060028 -1.55540001
v 2.47370005 15.25399971 -1.49109995
v 2.51920009 15.16230011 -1.51429999
v 2.66899991 15.10919952 -1.60619998
v 2.72749996 14.99759960 -1.62650001
v 2.82949996 15.04829979 -1.67659998
v 2.78959990 14.88280010 -1.64419997
v 2.89199996 14.93410015 -1.69729996
v 2.99519992 14.98729992 -1.72049999
v 2.57179999 15.06089973 -1.53480005
v 2.62989998 14.95079994 -1.55069995
v 2.15470004 15.42930031 -1.03770006
v 2.14580011 15.39509964 -0.93629998
v 2.14219999 15.44789982 -1.03190005
v 2.15750003 15.36590004 -0.94059998
v 2.15140009 15.34480000 -0.83440000
v 2.14919996 15.33679962 -0.72630000
v 2.16389990 15.29689980 -0.72689998
v 2.16820002 15.29850006 -0.61600000
v 2.15120006 15.34109974 -0.61710000
v 2.18840003 15.24940014 -0.61530000
v 2.18149996 15.25070000 -0.72790003
v 2.20289993 15.19839954 -0.72939998
v 2.21269989 15.19410038 -0.61510003
v 2.22939992 15.14039993 -0.73110002
v 2.24210000 15.13290024 -0.61540002
v 2.22350001 15.15590000 -0.84640002
v 2.25329995 15.09399986 -0.84969997
v 2.26209998 15.07639980 -0.73299998
v 2.27760005 15.06550026 -0.61600000
v 2.26309991 15.13409996 -0.50019997
v 2.09920001 15.89009953 -1.48440003
v 2.06189990 15.88099957 -1.48870003
v 0.70289999 12.51259995 -1.06459999
v 0.71700001 12.41199970 -1.07249999
v 0.58890003 12.37660027 -1.08630002
v 0.57300001 12.48379993 -1.07570004
v 0.84410000 12.44229984 -1.04429996
v 0.86170000 12.35190010 -1.05659997
v 0.98159999 12.37559986 -1.01090002
v 1.09829998 12.38930035 -0.94790000
v 0.96899998 12.46599960 -0.99910003
v 1.10810006 12.29969978 -0.96749997
v 1.11870003 12.21459961 -0.99379998
v 1.12800002 12.13409996 -1.02620006
v 1.13170004 12.05710030 -1.06420004
v 1.22609997 12.11270046 -0.95440000
v 1.22060001 12.20300007 -0.91839999
v 1.04120004 12.07880020 -1.10979998
v 1.21510005 12.29650021 -0.88910002
v 1.31750000 12.17910004 -0.82709998
v 1.31620002 12.28170013 -0.79540002
v 1.21050000 12.39299965 -0.86729997
v 1.31630003 12.38700008 -0.77079999
v 0.55960000 13.58110046 -1.14800000
v 0.55909997 13.70629978 -1.17990005
v 0.66469997 13.82590008 -1.23899996
v 0.55779999 13.83510017 -1.22060001
v 0.66259998 13.95810032 -1.28970003
v 0.55540001 13.96580029 -1.27049994
v 0.77609998 13.81840038 -1.25100005
v 0.89139998 13.81400013 -1.25380003
v 1.00940001 13.81359959 -1.24539995
v 1.00720000 13.67809963 -1.19869995
v 1.12469995 13.68130016 -1.17439997
v 1.11930001 13.54979992 -1.13020003
v 1.24059999 13.69069958 -1.13590002
v 1.23370004 13.55879974 -1.08650005
v 1.35239995 13.70699978 -1.08319998
v 1.24600005 13.82849979 -1.18980002
v 1.36029994 13.84519958 -1.14139998
v 1.12820005 13.81820011 -1.22430003
v 1.34340000 13.57499981 -1.02810001
v 0.77450001 13.95259953 -1.30250001
v 0.65859997 14.09070015 -1.34870005
v 0.55119997 14.09679985 -1.32850003
v 0.45320001 13.97459984 -1.24810004
v 0.44909999 14.10459995 -1.30470002
v 0.44250000 14.23490047 -1.36500001
v 0.54439998 14.22789955 -1.39090002
v 0.35200000 14.11289978 -1.28020000
v 0.34599999 14.24289989 -1.33829999
v 0.35589999 13.98349953 -1.22539997
v 0.45580000 13.84490013 -1.19879997
v 0.45760000 13.71630001 -1.15830004
v 0.35820001 13.85420036 -1.17639995
v 0.36010000 13.72529984 -1.13590002
v 0.65189999 14.22309971 -1.41289997
v 0.64209998 14.35579967 -1.47720003
v 0.53469998 14.35990047 -1.45340002
v 0.45980000 13.59020042 -1.12670004
v 0.36260000 13.59759998 -1.10380006
v 0.26809999 13.60369968 -1.08229995
v 0.26609999 13.73289967 -1.11530006
v 0.17530000 13.73869991 -1.09899998
v 0.17450000 13.86830044 -1.14069998
v 0.26470000 13.86219978 -1.15660000
v 0.08700000 13.74250031 -1.08860004
v 0.08660000 13.87209988 -1.13150001
v 0.17630000 13.60869980 -1.06459999
v -0.00000000 13.74349976 -1.08580005
v -0.00000000 13.87320042 -1.12849998
v -0.00000000 14.00279999 -1.17639995
v 0.17309999 13.99759960 -1.18900001
v 0.08580000 14.00150013 -1.17949998
v 0.17060000 14.12709999 -1.24129999
v 0.08450000 14.13109970 -1.23060000
v -0.00000000 14.13259983 -1.22689998
v 0.26269999 13.99149990 -1.20480001
v 0.25940001 14.12080002 -1.25820005
v 0.25450000 14.25080013 -1.31420004
v 0.24810000 14.38169956 -1.37020004
v 0.33809999 14.37399960 -1.39639997
v 0.42210001 14.49919987 -1.48300004
v 0.43340001 14.36639977 -1.42519999
v 0.32830000 14.50640011 -1.45299995
v 0.24030000 14.51379967 -1.42530000
v 0.16710000 14.25720024 -1.29509997
v 0.16270000 14.38819981 -1.34930003
v 0.08270000 14.26140022 -1.28289998
v 0.08050000 14.39249992 -1.33580005
v 5.81110001 10.07970047 -0.72180003
v 5.82830000 9.99750042 -0.69120002
v 5.82590008 10.00199986 -0.73420000
v 5.81220007 9.90139961 -0.73879999
v 5.81619978 9.89850044 -0.69999999
v 5.80009985 10.00459957 -0.76910001
v 5.78149986 10.07979965 -0.74809998
v 5.76219988 10.00389957 -0.78700000
v 5.74660015 10.07800007 -0.76670003
v 5.72450018 10.00209999 -0.79780000
v 5.71169996 10.07619953 -0.78420001
v 5.67509985 10.07059956 -0.79430002
v 5.66120005 10.13230038 -0.79360002
v 5.61040020 10.17860031 -0.79329997
v 5.62340021 10.12160015 -0.79549998
v 5.63730001 10.06110001 -0.79670000
v 5.68709993 9.99860001 -0.80409998
v 5.64849997 9.99260044 -0.80269998
v 5.58690023 10.10990047 -0.78479999
v 5.57530022 10.16679955 -0.78240001
v 5.53560019 10.20969963 -0.75610000
v 5.56290007 10.22019958 -0.78210002
v 5.54710007 10.15660000 -0.75590003
v 5.55810022 10.09990025 -0.75779998
v 5.59700012 10.23229980 -0.79110003
v 5.59910011 10.05070019 -0.78780001
v 5.56930017 10.04100037 -0.76040000
v 5.61229992 9.98560047 -0.78789997
v 5.58470011 9.97760010 -0.75980002
v 5.75969982 9.90789986 -0.79339999
v 5.72440004 9.90929985 -0.80390000
v 5.74189997 9.79699993 -0.79490000
v 5.71150017 9.79979992 -0.80900002
v 5.72749996 9.68550014 -0.80100000
v 5.69829988 9.68830013 -0.81339997
v 5.67829990 9.80160046 -0.81059998
v 5.68879986 9.90939999 -0.80530000
v 5.65490007 9.90719986 -0.79570001
v 5.64599991 9.80169964 -0.80190003
v 5.66709995 9.69009972 -0.81449997
v 5.63590002 9.69069958 -0.80739999
v 5.61660004 9.80029964 -0.78530002
v 5.62610006 9.90349960 -0.77679998
v 5.60720015 9.69009972 -0.79210001
v 5.69140005 9.58790016 -0.82639998
v 5.65999985 9.58870029 -0.82489997
v 5.72189999 9.58549976 -0.81500000
v 5.76490021 9.79360008 -0.77090001
v 5.75129986 9.68210030 -0.77880001
v 5.78999996 9.90530014 -0.77069998
v 5.77759981 9.79059982 -0.74080002
v 5.78070021 9.78890038 -0.70920002
v 5.77169991 9.78890038 -0.67970002
v 5.76590014 9.67879963 -0.74890000
v 5.77069998 9.67650032 -0.71590000
v 5.75050020 10.06130028 -0.44720000
v 5.77839994 10.06659985 -0.42140001
v 5.81619978 9.98340034 -0.42559999
v 5.80359983 10.07190037 -0.39050001
v 5.83780003 9.98670006 -0.38650000
v 5.81080008 10.07359982 -0.34889999
v 5.83990002 9.98799992 -0.33950001
v 5.81909990 9.98630047 -0.29580000
v 5.83549976 9.88150024 -0.33460000
v 5.81580019 9.88230038 -0.29820001
v 5.83029985 9.76459980 -0.32620001
v 5.81659985 9.76640034 -0.28990000
v 5.83930016 9.87959957 -0.37500000
v 5.82350016 9.87699986 -0.41130000
v 5.82700014 9.76080036 -0.40009999
v 5.83510017 9.76280022 -0.36379999
v 5.79829979 9.87409973 -0.44060001
v 5.78109980 9.97830009 -0.44870001
v 5.76749992 9.87030029 -0.46309999
v 5.80509996 9.75850010 -0.42950001
v 5.81099987 9.64150047 -0.41659999
v 5.83069992 9.64330006 -0.38789999
v 5.83979988 9.64490032 -0.35310000
v 5.83500004 9.64620018 -0.31659999
v 5.81869984 9.64700031 -0.28349999
v 5.79379988 9.76749992 -0.25720000
v 5.79549980 9.64700031 -0.25549999
v 5.84250021 9.53050041 -0.34660000
v 5.83680010 9.53069973 -0.31029999
v 5.82310009 9.53110027 -0.27649999
v 5.47480011 10.23099995 -1.04779994
v 5.48810005 10.15069962 -1.10959995
v 5.46040010 10.14570045 -1.07539999
v 5.45300007 10.13490009 -1.03289998
v 5.43069983 10.04520035 -1.05990005
v 5.39209986 9.94849968 -1.04670000
v 5.39120007 9.95800018 -1.08539999
v 5.35769987 9.86870003 -1.06949997
v 5.35690022 9.87979984 -1.11189997
v 5.37440014 9.85490036 -1.03110003
v 5.36460018 9.78489971 -1.05669999
v 5.34959984 9.79769993 -1.09389997
v 5.39090014 9.77180004 -1.02680004
v 5.40269995 9.84049988 -1.00129998
v 5.38980007 9.71539974 -1.05429995
v 5.36759996 9.72700024 -1.08440006
v 5.40420008 9.68019962 -1.08280003
v 5.38829994 9.68939972 -1.11119998
v 5.35659981 9.73960018 -1.11870003
v 5.38100004 9.70199966 -1.14180005
v 5.42679977 9.76019955 -1.00960004
v 5.42220020 9.70699978 -1.03489995
v 5.34859991 9.80980015 -1.13380003
v 5.36509991 9.77530003 -1.17509997
v 5.35620022 9.75599957 -1.15289998
v 5.36390018 9.81900024 -1.16869998
v 5.39060020 9.81560040 -1.19610000
v 5.38399982 9.76019955 -1.19480002
v 5.41639996 9.74639988 -1.20869994
v 5.40520000 9.88399982 -1.17739999
v 5.37610006 9.88510036 -1.14929998
v 5.38040018 9.72169971 -1.17240000
v 5.40759993 9.96170044 -1.12049997
v 5.44099998 10.05150032 -1.09660006
v 5.43359995 9.96059990 -1.14779997
v 5.46250010 10.05360031 -1.12880003
v 5.29379988 10.60809994 -0.85250002
v 5.56850004 10.31560040 -0.78490001
v 5.58360004 10.27950001 -0.78410000
v 5.51819992 10.20250034 -0.71710002
v 5.51700020 10.19719982 -0.67000002
v 5.52839994 10.14910030 -0.71869999
v 5.52449989 10.14350033 -0.67559999
v 5.54059982 10.09280014 -0.72100002
v 5.53579998 10.08769989 -0.67989999
v 5.54559994 10.08580017 -0.64039999
v 5.54769993 10.02970028 -0.68339998
v 5.55679989 10.02810001 -0.64529997
v 5.56239986 9.96640015 -0.68699998
v 5.56930017 9.96450043 -0.65050000
v 5.57620001 10.02840042 -0.61260003
v 5.58760023 9.96450043 -0.61870003
v 5.58209991 9.89029980 -0.69169998
v 5.58680010 9.88799953 -0.66039997
v 5.58869982 9.89400005 -0.72270000
v 5.56689978 9.97060013 -0.72450000
v 5.57410002 9.79590034 -0.73269999
v 5.57119989 9.79310036 -0.69880003
v 5.59110022 9.79839993 -0.76260000
v 5.60400009 9.89859962 -0.75160003
v 5.56430006 9.68459988 -0.70660001
v 5.57060003 9.68200016 -0.67350000
v 5.58150005 9.79049969 -0.66710001
v 5.56780005 9.68700027 -0.73989999
v 5.55130005 10.03369999 -0.72359997
v 5.60190010 9.88729954 -0.63180000
v 5.62300014 9.78769970 -0.61809999
v 5.62480021 9.88720036 -0.60829997
v 5.59969997 9.78890038 -0.64029998
v 5.58809996 9.67990017 -0.64480001
v 5.61429977 9.67809963 -0.62470001
v 5.61079979 9.57299995 -0.63770002
v 5.63969994 9.57219982 -0.62750000
v 5.64449978 9.67689991 -0.61290002
v 5.58510017 9.57450008 -0.65590000
v 5.65110016 9.78689957 -0.60200000
v 5.61409998 9.96590042 -0.59399998
v 5.65380001 9.88790035 -0.59210002
v 5.64709997 9.96910000 -0.57920003
v 5.68730021 9.88959980 -0.58759999
v 5.68300009 9.97329998 -0.57730001
v 5.68310022 9.78689957 -0.59780002
v 5.60290003 10.03030014 -0.58660001
v 5.56610012 10.08670044 -0.60769999
v 5.59210014 10.08850002 -0.58149999
v 5.58090019 10.14290047 -0.57489997
v 5.55530024 10.14130020 -0.60060000
v 5.53509998 10.14109993 -0.63459998
v 1.33870006 0.59829998 -0.09120000
v 1.33399999 0.68779999 -0.04850000
v 1.36199999 0.76920003 -0.00120000
v 1.41480005 0.83969998 0.04180000
v 1.39549994 0.90930003 -0.06290000
v 1.44729996 1.04809999 -0.10230000
v 1.39690006 0.98900002 -0.16580001
v 1.45290005 0.97320002 -0.01000000
v 1.51830006 1.02970004 0.03520000
v 1.51020002 1.10099995 -0.05110000
v 1.47379994 0.90200001 0.08210000
v 1.53069997 0.96039999 0.12170000
v 1.47990000 0.84899998 0.18850000
v 1.53050005 0.90069997 0.21960001
v 1.46370006 0.81260002 0.30440000
v 1.51310003 0.85829997 0.32980001
v 1.43299997 0.78479999 0.15320000
v 1.42910004 0.74650002 0.27430001
v 1.38010001 0.71429998 0.11790000
v 1.38709998 0.67189997 0.24110000
v 1.45360005 0.77069998 0.42320001
v 1.42190003 0.70539999 0.39620000
v 1.58659995 0.94700003 0.24920000
v 1.57930005 0.88489997 0.35130000
v 1.58109999 1.08290005 0.07310000
v 1.58679998 1.01549995 0.15820000
v 1.65160000 1.05439997 0.18240000
v 1.64579999 1.12160003 0.09630000
v 1.71449995 1.08410001 0.19960000
v 1.70669997 1.15110004 0.11200000
v 1.63580000 1.18840003 0.01440000
v 1.57219994 1.15160000 -0.01010000
v 1.69649994 1.21290004 0.02860000
v 1.71720004 1.01359999 0.29330000
v 1.65110004 0.98549998 0.27430001
v 1.77470005 1.10560000 0.20890000
v 1.76559997 1.17340004 0.12050000
v 1.78020000 1.03410006 0.30460000
v 1.51110005 1.17569995 -0.13900000
v 1.45430005 1.12870002 -0.19599999
v 1.40919995 1.07430005 -0.26580000
v 1.42309999 1.16369998 -0.36000001
v 1.40040004 1.10160005 -0.44369999
v 1.45940006 1.21689999 -0.28279999
v 1.42490005 1.26569998 -0.43320000
v 1.39059997 1.21739995 -0.51679999
v 1.46360004 1.31260002 -0.35319999
v 1.56869996 1.21949995 -0.09360000
v 1.56739998 1.29369998 -0.17160000
v 1.51289999 1.25790000 -0.22100000
v 1.56630003 1.37800002 -0.23729999
v 1.51339996 1.35029995 -0.28680000
v 1.62179995 1.32029998 -0.13850001
v 1.61790001 1.39830005 -0.20260000
v 1.62909997 1.24899995 -0.06710000
v 1.34459996 0.63090003 0.07930000
v 1.35230005 0.58450001 0.20360000
v 1.35650003 0.43669999 0.27390000
v 1.35710001 0.54000002 0.32480001
v 1.35679996 0.48789999 0.15830000
v 1.38900006 0.62930000 0.36530000
v 1.34370005 0.49390000 0.44139999
v 1.34689999 0.38150001 0.38600001
v 1.33539999 0.32570001 0.50059998
v 1.35819995 0.27610001 0.33930001
v 1.34039998 0.21850000 0.45910001
v 1.37979996 0.33770001 0.22920001
v 1.39359999 0.39730000 0.11910000
v 1.39610004 0.18390000 0.30620000
v 1.37339997 0.12430000 0.43020001
v 1.41929996 0.24650000 0.19509999
v 1.48780000 0.16930000 0.17870000
v 1.34809995 0.54040003 0.03700000
v 1.38929999 0.45190001 0.00250000
v 1.45140004 0.36390001 -0.01790000
v 1.44490004 0.31119999 0.09180000
v 1.51830006 0.27020001 -0.03020000
v 1.51010001 0.22740000 0.07540000
v 1.61559999 0.22120000 -0.13760000
v 1.39970005 0.22900000 -0.88720000
v 1.43869996 0.14180000 -0.85879999
v 1.36489999 0.25240001 -0.98879999
v 1.38049996 0.18550000 -0.97289997
v 1.36399996 0.18020000 -1.06120002
v 1.35560000 0.27360001 -1.05460000
v 1.36819994 0.19390000 -1.15359998
v 1.36559999 0.30270001 -1.14600003
v 1.40149999 0.20850000 -1.23730004
v 1.40400004 0.32470000 -1.23580003
v 1.41260004 0.11300000 -1.22430003
v 1.38960004 0.10120000 -1.14740002
v 1.45560002 0.21100000 -1.31159997
v 1.46360004 0.33219999 -1.31630003
v 1.53880000 0.32560000 -1.38329995
v 1.56550002 0.44949999 -1.36870003
v 1.65279996 0.43200001 -1.41559994
v 1.62769997 0.30970001 -1.42830002
v 1.67900002 0.55610001 -1.39489996
v 1.76390004 0.53820002 -1.41830003
v 1.74460006 0.41299999 -1.43540001
v 1.72409999 0.29290000 -1.44470000
v 1.60850000 0.19050001 -1.42480004
v 1.52370000 0.20370001 -1.37740004
v 1.45910001 0.10810000 -1.28910005
v 1.43309999 0.05510000 -1.20599997
v 1.42809999 0.03310000 -1.14649999
v 1.47070003 0.03350000 -1.24259996
v 1.48329997 -0.01080000 -1.16830003
v 1.53349996 0.01400000 -1.28810000
v 1.55610001 -0.02530000 -1.20130002
v 1.58360004 -0.03910000 -1.10630000
v 1.50370002 -0.02680000 -1.07379997
v 1.63199997 -0.02590000 -1.23609996
v 1.66400003 -0.03830000 -1.14450002
v 1.61020005 0.00790000 -1.32430005
v 1.52170002 0.09550000 -1.34790003
v 1.43589997 0.01900000 -1.05710006
v 1.53439999 -0.01760000 -0.96929997
v 1.46190000 0.03130000 -0.95429999
v 1.39080000 0.09120000 -1.05760002
v 1.41129994 0.10250000 -0.95870000
v 1.49530005 0.06570000 -0.85070002
v 1.57190001 0.00940000 -0.86409998
v 1.60909998 0.04070000 -0.76239997
v 1.70580006 0.00250000 -0.79960001
v 1.66170001 -0.02190000 -0.90039998
v 1.61839998 -0.03970000 -1.00419998
v 1.39269996 1.35099995 -0.56300002
v 1.40960002 1.49430001 -0.59090000
v 1.42890000 1.38479996 -0.48170000
v 1.44190001 1.51680005 -0.51300001
v 1.46959996 1.42120004 -0.40270001
v 1.47979999 1.54219997 -0.43700001
v 1.46060002 1.65400004 -0.53329998
v 1.49559999 1.67060006 -0.46129999
v 1.43110001 1.63909996 -0.60729998
v 1.40900004 1.62720001 -0.67989999
v 1.47389996 1.79289997 -0.54380000
v 1.44319999 1.78209996 -0.61600000
v 1.41970003 1.77219999 -0.68699998
v 1.40730000 1.76409996 -0.75379997
v 1.40719998 1.90820003 -0.75629997
v 1.42159998 1.91589999 -0.69080001
v 1.44780004 1.92460001 -0.61989999
v 1.48140001 1.93280005 -0.54740000
v 1.50880003 1.80340004 -0.47450000
v 1.51820004 1.93910003 -0.47889999
v 1.48420000 2.07369995 -0.54600000
v 1.44799995 2.06760001 -0.61949998
v 1.52339995 2.07710004 -0.47729999
v 1.54489994 1.81239998 -0.41090000
v 1.55470002 1.94280005 -0.41679999
v 1.53380001 1.68630004 -0.39590001
v 1.52240002 1.56589997 -0.36989999
v 1.56729996 1.58329999 -0.31750000
v 1.57389998 1.69770002 -0.34160000
v 1.58200002 1.81840003 -0.35580000
v 1.59089994 1.94410002 -0.36269999
v 1.63530004 2.07080007 -0.32139999
v 1.59800005 2.07470012 -0.36320001
v 1.62919998 1.94319999 -0.31979999
v 1.67460001 2.06620002 -0.29200000
v 1.67009997 1.94099998 -0.29080001
v 1.71570003 2.06189990 -0.27610001
v 1.71229994 1.93879998 -0.27640000
v 1.66520000 1.82179999 -0.28330001
v 1.70959997 1.82130003 -0.26969999
v 1.62210000 1.82140005 -0.31230000
v 1.67840004 2.19799995 -0.28670001
v 1.63829994 2.20440006 -0.31549999
v 1.60119998 2.21050000 -0.35730001
v 1.56149995 2.07710004 -0.41600001
v 1.56420004 2.21530008 -0.40939999
v 1.60370004 2.35249996 -0.34840000
v 1.56379998 2.35840011 -0.39780000
v 1.52380002 2.21760011 -0.46980000
v 1.52100003 2.36139989 -0.45640001
v 1.61660004 1.70480001 -0.29990000
v 1.66170001 1.70799994 -0.27210000
v 1.70780003 1.70899999 -0.25909999
v 1.66050005 1.60060000 -0.25380000
v 1.70819998 1.60300004 -0.24180000
v 1.75339997 1.82040000 -0.27010000
v 1.75339997 1.70809996 -0.25940001
v 1.75530005 1.60150003 -0.24280000
v 1.61339998 1.59440005 -0.27919999
v 1.61380005 1.49160004 -0.24720000
v 1.66289997 1.50059998 -0.22510000
v 1.56449997 1.47650003 -0.28270000
v 1.51540005 1.45340002 -0.33410001
v 4.87379980 11.31680012 -0.46059999
v 4.84689999 11.21230030 -0.38150001
v 4.83930016 11.27670002 -0.32130000
v 4.86390018 11.37660027 -0.38839999
v 4.84649992 11.32660007 -0.25990000
v 4.86929989 11.42280006 -0.31900001
v 4.88630009 11.45880032 -0.25670001
v 4.87879992 11.55760002 -0.29490000
v 4.86990023 11.52649975 -0.36570001
v 4.83129978 11.62670040 -0.39690000
v 4.83529997 11.65270042 -0.31810001
v 4.89909983 11.58460045 -0.23790000
v 4.85410023 11.68019962 -0.25590000
v 4.91650009 11.48729992 -0.20600000
v 4.86810017 11.36550045 -0.20260000
v 4.90500021 11.39589977 -0.15300000
v 4.94269991 11.33520031 -0.04850000
v 4.95639992 11.41959953 -0.11420000
v 4.88210011 11.31149960 -0.08850000
v 4.86539984 11.22620010 -0.02230000
v 4.92939997 11.25059986 0.01690000
v 4.83850002 11.27939987 -0.13699999
v 4.81669998 11.19460011 -0.06610000
v 4.95760012 11.51109982 -0.16800000
v 5.01450014 11.43910027 -0.08690000
v 5.00549984 11.53090000 -0.14300001
v 5.01090002 11.35540009 -0.01700000
v 4.81389999 11.23779964 -0.19069999
v 4.78719997 11.15320015 -0.11380000
v 4.80550003 11.18680000 -0.24490000
v 4.78070021 11.10219955 -0.16080000
v 4.93349981 11.60919952 -0.19840001
v 4.88660002 11.70759964 -0.21150000
v 4.97559977 11.63039970 -0.17420000
v 4.92449999 11.73190022 -0.17870000
v 4.90420008 11.86060047 -0.17560001
v 4.86409998 11.83450031 -0.19410001
v 4.96680021 11.75419998 -0.16010000
v 5.02019978 11.64799976 -0.16200000
v 4.82709980 11.80570030 -0.22730000
v 5.05539989 11.54629993 -0.12930000
v 5.10699987 11.55560017 -0.13070001
v 5.07480001 11.45059967 -0.07600000
v 5.06610012 11.66170025 -0.16260000
v 4.77500010 11.74370003 -0.33750001
v 4.79610014 11.77490044 -0.27450001
v 4.72550011 11.86629963 -0.29130000
v 4.70100021 11.82989979 -0.35440001
v 4.68970013 11.79969978 -0.43830001
v 4.76809978 11.71720028 -0.41999999
v 4.60699987 11.88319969 -0.45510000
v 4.62169981 11.91679955 -0.37029999
v 4.64879990 11.95720005 -0.30570000
v 4.75769997 11.90170002 -0.24310000
v 4.68359995 11.99699974 -0.25690001
v 4.79519987 11.93490028 -0.20890000
v 4.72289991 12.03409958 -0.22139999
v 4.81099987 11.12580013 -0.29620001
v 4.68779993 11.77499962 -0.53479999
v 4.60599995 11.86050034 -0.55430001
v 4.52150011 11.94589996 -0.57190001
v 4.43319988 12.02869987 -0.58829999
v 4.44199991 12.01620007 -0.69379997
v 4.34749985 12.09549999 -0.71149999
v 4.36040020 12.08860016 -0.81389999
v 4.24959993 12.17490005 -0.72680002
v 4.26160002 12.16950035 -0.83230001
v 4.14930010 12.25559998 -0.73920000
v 4.24669981 12.18939972 -0.61500001
v 4.14839983 12.26879978 -0.62360001
v 4.35020018 12.13850021 -0.49750000
v 4.25899982 12.22000027 -0.50620002
v 4.34170008 12.10960007 -0.60299999
v 4.37279987 12.17889977 -0.40490001
v 4.28539991 12.26259995 -0.41049999
v 4.43839979 12.05500031 -0.48550001
v 4.45779991 12.09329987 -0.39620000
v 4.48999977 12.13939953 -0.32760000
v 4.40719986 12.22669983 -0.33300000
v 4.54090023 12.00559998 -0.38470000
v 4.57070017 12.04920006 -0.31869999
v 4.52379990 11.96949959 -0.47119999
v 4.19479990 12.34449959 -0.41080001
v 4.16419983 12.30020046 -0.51050001
v 4.32270002 12.31190014 -0.33489999
v 4.23589993 12.39599991 -0.33160001
v 4.06629992 12.37979984 -0.51080000
v 4.10120010 12.42590046 -0.40590000
v 4.14729977 12.48089981 -0.32269999
v 4.04729986 12.34869957 -0.62940001
v 4.04740000 12.33790016 -0.74970001
v 3.94540000 12.43050003 -0.63429999
v 3.94619989 12.42280006 -0.75999999
v 4.06090021 12.33860016 -0.86210001
v 4.16130018 12.25290012 -0.84799999
v 3.96269989 12.42749977 -0.87629998
v 4.27780008 12.16520023 -0.92890000
v 4.37510014 12.08110046 -0.90710002
v 4.17959976 12.25189972 -0.94749999
v 4.20499992 12.25380039 -1.03880000
v 2.52819991 0.19220001 0.27160001
v 2.11599994 0.97340000 -0.24850000
v 2.13520002 0.89929998 -0.16680001
v 2.15490007 0.83249998 -0.08040000
v 2.09179997 0.97030002 -0.08580000
v 2.10500002 0.90480000 -0.00430000
v 2.03870010 1.03320003 -0.01820000
v 2.05279994 0.97000003 0.06290000
v 2.12779999 0.84649998 0.08440000
v 2.07690001 0.91270000 0.15070000
v 1.99940002 1.02440000 0.11870000
v 2.01999998 0.96329999 0.20790000
v 1.94770002 1.07029998 0.16260000
v 1.96389997 1.00520003 0.25440001
v 1.98699999 1.08910000 0.03580000
v 1.93620002 1.13520002 0.07710000
v 1.88279998 1.16740000 0.10450000
v 1.89300001 1.10150003 0.19200000
v 1.83449996 1.11249995 0.20680000
v 1.82490003 1.18009996 0.11820000
v 1.87140000 1.22440004 0.02060000
v 1.81359994 1.23570001 0.03310000
v 1.92540002 1.19710004 -0.00490000
v 1.90429997 1.03209996 0.28650001
v 1.84290004 1.04349995 0.30440000
v 1.97860003 0.93669999 0.35240000
v 2.04069996 0.89899999 0.30340001
v 1.91170001 0.95539999 0.38389999
v 1.97809994 1.15629995 -0.04280000
v 2.03049994 1.10210001 -0.09530000
v 2.07500005 1.03789997 -0.16599999
v 1.96599996 1.22329998 -0.11760000
v 1.91069996 1.25670004 -0.08220000
v 2.01460004 1.17130005 -0.17170000
v 2.10360003 0.85500002 0.24670000
v 2.16039991 0.79530001 0.18220000
v 2.12949991 0.79320002 0.34880000
v 2.06180000 0.83350003 0.40490001
v 1.99300003 0.86760002 0.45269999
v 2.01780009 0.81040001 0.55699998
v 2.09800005 0.78619999 0.51319999
v 2.13660002 0.74419999 0.62300003
v 2.17120004 0.74790001 0.45780000
v 2.21469998 0.71200001 0.57090002
v 2.17919993 0.77350003 0.01350000
v 2.05690002 1.11249995 -0.24259999
v 2.04169989 1.19729996 -0.31220001
v 1.99609995 1.24699998 -0.24270000
v 2.02719998 1.29390001 -0.37180001
v 1.97850001 1.33399999 -0.30379999
v 2.01629996 1.40670002 -0.41350001
v 1.96739995 1.43850005 -0.34650001
v 1.92760003 1.36870003 -0.25070000
v 1.91439998 1.46510005 -0.29380000
v 1.96080005 1.55589998 -0.37090001
v 1.90590000 1.57459998 -0.31930000
v 1.95400000 1.68019998 -0.38229999
v 1.89909995 1.69130003 -0.33239999
v 2.00410008 1.66690004 -0.44630000
v 2.01079988 1.53330004 -0.43610001
v 1.87500000 1.39310002 -0.21330000
v 1.86129999 1.48420000 -0.25500000
v 1.85270000 1.58819997 -0.28009999
v 1.94790006 1.29149997 -0.18840000
v 1.89390004 1.32050002 -0.15240000
v 2.05999994 1.37419999 -0.49020001
v 2.05679989 1.51110005 -0.50779998
v 2.09770012 1.64540005 -0.58219999
v 2.05200005 1.65450001 -0.51499999
v 2.10190010 1.49380004 -0.57740003
v 2.08669996 1.79400003 -0.58749998
v 2.04060006 1.79709995 -0.51980001
v 1.99210000 1.80159998 -0.45179999
v 2.13569999 1.63960004 -0.64760000
v 2.14179993 1.48259997 -0.64310002
v 2.10369992 1.34669995 -0.56639999
v 5.40980005 10.25310040 -0.07700000
v 5.40950012 10.26089954 -0.02090000
v 5.41890001 10.17150021 -0.00360000
v 5.44299984 10.18500042 0.04280000
v 5.43790007 10.27709961 0.02300000
v 5.49259996 10.09869957 0.08500000
v 5.48409986 10.19789982 0.07230000
v 5.45679998 10.08930016 0.05630000
v 5.47660017 10.29319954 0.05400000
v 5.42100000 10.36460018 0.01530000
v 5.45699978 10.38360023 0.04700000
v 5.41109991 10.45909977 0.07210000
v 5.37190008 10.43190002 0.04240000
v 5.31260014 10.49160004 0.06100000
v 5.34709978 10.52810001 0.07870000
v 5.27390003 10.56820011 0.10690000
v 5.20639992 10.57559967 0.15009999
v 5.29629993 10.61019993 0.12160000
v 5.22149992 10.60190010 0.18470000
v 5.52309990 10.30690002 0.06320000
v 5.57770014 10.21269989 0.07020000
v 5.56930017 10.31589985 0.04660000
v 5.53189993 10.20750046 0.08030000
v 5.53539991 10.10630035 0.10220000
v 5.58209991 10.11069965 0.10370000
v 5.53189993 10.00179958 0.12630001
v 5.49100018 9.99670029 0.10680000
v 5.45989990 9.98939991 0.07570000
v 5.57789993 10.00339985 0.12920000
v 5.56559992 9.88879967 0.14489999
v 5.52449989 9.88879967 0.14010000
v 5.48449993 9.88679981 0.12670000
v 5.61850023 10.21399975 0.04840000
v 5.61089993 10.31939983 0.02010000
v 5.65500021 10.21290016 0.02140000
v 5.62620020 10.11100006 0.08730000
v 5.66069984 9.99740028 0.09170000
v 5.66309977 10.10820007 0.05910000
v 5.62309980 10.00189972 0.11880000
v 5.43590021 10.07909966 0.01540000
v 5.41769981 10.16100025 -0.05730000
v 5.43240023 10.06960011 -0.03120000
v 5.44369984 10.06200027 -0.07670000
v 5.45160007 9.96780014 -0.04790000
v 5.44059992 9.97399998 -0.00640000
v 5.46950006 9.85579967 -0.06060000
v 5.44250011 9.86100006 -0.02620000
v 5.47109985 9.73970032 -0.03290000
v 5.44579983 9.74510002 -0.00060000
v 5.48099995 9.62650013 0.00090000
v 5.46099997 9.63169956 0.02900000
v 5.50579977 9.73589993 -0.05440000
v 5.51079988 9.62310028 -0.01700000
v 5.42749977 9.86769962 0.01570000
v 5.43300009 9.75209999 0.03870000
v 5.44299984 9.98139954 0.03620000
v 5.44990015 9.88220024 0.10010000
v 5.42850018 9.87520027 0.06070000
v 5.43429995 9.75940037 0.07960000
v 5.45060015 9.76599979 0.11730000
v 5.46120024 9.65060043 0.12860000
v 5.44969988 9.64449978 0.09620000
v 5.45060015 9.63799953 0.06200000
v 5.47840023 9.77079964 0.14810000
v 1.92470002 10.48560047 0.30390000
v 1.94649994 10.36460018 0.31439999
v 1.90030003 10.46210003 0.43610001
v 1.92200005 10.34490013 0.44639999
v 1.90190005 10.60519981 0.29929999
v 1.87720001 10.57800007 0.43000001
v 1.87779999 10.72189999 0.30190000
v 1.85150003 10.69209957 0.42820001
v 1.81239998 10.66779995 0.54820001
v 1.83840001 10.55480003 0.55299997
v 1.75419998 10.64290047 0.65930003
v 1.77999997 10.52999973 0.66619998
v 1.86090004 10.44050026 0.56019998
v 1.88110006 10.32499981 0.57029998
v 1.96829998 10.24289989 0.32890001
v 1.94180000 10.22620010 0.46000001
v 1.99030006 10.12110043 0.34540001
v 1.96039999 10.10630035 0.47530001
v 2.01169991 9.99950027 0.36129999
v 1.97850001 9.98579979 0.49039999
v 1.91540003 10.08920002 0.59689999
v 1.93040001 9.96930027 0.61070001
v 1.89929998 10.20800018 0.58289999
v 2.00830007 10.13459969 0.20880000
v 1.98319995 10.25930023 0.19130000
v 1.82099998 10.30160046 0.68370003
v 1.83780003 10.18550014 0.69489998
v 1.80180001 10.41629982 0.67420000
v 1.70200002 10.50090027 0.76470000
v 1.72350001 10.38749981 0.77399999
v 1.60979998 10.46759987 0.84649998
v 1.63110006 10.35459995 0.85790002
v 1.74220002 10.27340031 0.78359997
v 1.64900005 10.24079990 0.86799997
v 1.58420002 10.57970047 0.83429998
v 1.67600000 10.61349964 0.75550002
v 1.50909996 10.43080044 0.91159999
v 1.52919996 10.31840038 0.92540002
v 1.48440003 10.54189968 0.89600003
v 1.72220004 10.75440025 0.65350002
v 1.64429998 10.72480011 0.74669999
v 1.78160000 10.77939987 0.54589999
v 1.82219994 10.80440044 0.43030000
v 1.85070002 10.83549976 0.30980000
v 1.79030001 10.91520023 0.43579999
v 1.82110000 10.94719982 0.32150000
v 1.74679995 10.88939953 0.54619998
v 1.84770000 10.30290031 -0.61360002
v 1.88689995 10.18210030 -0.58370000
v 1.84019995 10.12559986 -0.73740000
v 1.80190003 10.23919964 -0.76709998
v 1.74030006 10.16979980 -0.90679997
v 1.77550006 10.06299973 -0.87570000
v 1.69219995 9.99750042 -0.99190003
v 1.65970004 10.09729958 -1.02470005
v 1.59200001 9.93169975 -1.08140004
v 1.71739995 9.89830017 -0.96170002
v 1.61790001 9.83880043 -1.05229998
v 1.80270004 9.95709991 -0.84789997
v 1.82389998 9.85270023 -0.82230002
v 1.73790002 9.80010033 -0.93470001
v 1.89440000 9.90250015 -0.69000000
v 1.87000000 10.01299953 -0.71210003
v 1.94869995 9.94699955 -0.54210001
v 1.92089999 10.06369972 -0.56099999
v 1.95669997 10.10519981 -0.40160000
v 1.98889995 9.98449993 -0.38400000
v 2.01749992 10.01060009 -0.22330000
v 1.91610003 9.79459953 -0.67119998
v 1.84280002 9.75049973 -0.79990000
v 1.97340000 9.83370018 -0.52630001
v 1.99609995 9.72430038 -0.51340002
v 1.93610001 9.68980026 -0.65539998
v 2.04139996 9.75259972 -0.35960001
v 2.01659989 9.86649990 -0.36989999
v 1.86099994 9.65069962 -0.78109998
v 1.75610006 9.70339966 -0.91090000
v 1.77359998 9.60830021 -0.89050001
v 1.87880003 9.55290031 -0.76539999
v 1.79100001 9.51480007 -0.87320000
v 1.95510006 9.58790016 -0.64200002
v 1.63929999 9.74639988 -1.02620006
v 1.65789998 9.65480042 -1.00290000
v 1.55949998 10.02470016 -1.11380005
v 1.61740005 10.19769955 -1.05900002
v 1.69599998 10.27740002 -0.94139999
v 1.56680000 10.29899979 -1.09630001
v 1.64409995 10.38589954 -0.98180002
v 1.47259998 10.21210003 -1.18620002
v 1.51970005 10.11800003 -1.14890003
v 1.40989995 10.04090023 -1.21130002
v 1.36510003 10.12759972 -1.24779999
v 1.24870002 10.04839993 -1.28139997
v 1.31330001 10.21479988 -1.28610003
v 1.29219997 9.96840000 -1.24749994
v 1.41760004 10.30700016 -1.22590005
v 1.44869995 9.95429993 -1.17729998
v 1.48119998 9.86750031 -1.14649999
v 1.50790000 9.78050041 -1.11940002
v 1.38929999 9.72480011 -1.16289997
v 1.52980006 9.69340038 -1.09490001
v 1.41129994 9.64249992 -1.14049995
v 1.54869998 9.60649967 -1.07280004
v 1.43069994 9.55970001 -1.12090003
v 1.56640005 9.52000046 -1.05330002
v 1.44879997 9.47679996 -1.10350001
v 1.58399999 9.43369961 -1.03590000
v 1.46679997 9.39350033 -1.08780003
v 1.69239998 9.47459984 -0.96380001
v 1.67519999 9.56420040 -0.98199999
v 1.60200000 9.34770012 -1.02040005
v 1.48479998 9.31009960 -1.07249999
v 1.71010005 9.38560009 -0.94800001
v 1.30569994 9.51570034 -1.14680004
v 1.32400000 9.43579960 -1.13150001
v 1.34179997 9.35519981 -1.11660004
v 1.28620005 9.59480000 -1.16380000
v 1.26419997 9.67310047 -1.18320000
v 1.15629995 9.55189991 -1.16429996
v 1.13450003 9.62689972 -1.18050003
v 1.23810005 9.75049973 -1.20529997
v 1.36300004 9.80650043 -1.18820000
v 1.10909998 9.70059967 -1.19889998
v 1.17560005 9.47570038 -1.14940000
v 1.19389999 9.39830017 -1.13540006
v 1.04330003 9.44069958 -1.12800002
v 1.02400005 9.51480007 -1.14080000
v 1.06190002 9.36499977 -1.11609995
v 1.77540004 11.29660034 0.02520000
v 1.68299997 12.45180035 0.33620000
v 1.63590002 12.37080002 0.47189999
v 1.69519997 12.32600021 0.38020000
v 1.62320006 12.49510002 0.43259999
v 1.64279997 12.24680042 0.51609999
v 1.70039999 12.20199966 0.43000001
v 1.57070005 12.27740002 0.59890002
v 1.57009995 12.15009975 0.63990003
v 1.64090002 12.12100029 0.56309998
v 3.71000004 12.94439983 -0.31979999
v 3.79439998 12.84759998 -0.30390000
v 3.88129997 12.75209999 -0.29870000
v 3.96129990 12.83460045 -0.24210000
v 3.96959996 12.65900040 -0.30230001
v 4.04110003 12.73490047 -0.24550000
v 4.12090015 12.81529999 -0.21980000
v 4.05019999 12.92109966 -0.21910000
v 4.20459986 12.89249992 -0.21470000
v 4.14239979 13.00389957 -0.21890000
v 4.23540020 13.07719994 -0.22970000
v 4.17950010 13.19270039 -0.24869999
v 4.37949991 13.01770020 -0.23199999
v 4.32900000 13.13799953 -0.24779999
v 4.29069996 12.96090031 -0.21920000
v 4.42990017 12.89840031 -0.22270000
v 4.34679985 12.84619999 -0.21460000
v 4.46969986 13.06200027 -0.26080000
v 4.42240000 13.18550014 -0.27950001
v 4.51499987 12.93920040 -0.24980000
v 4.59639978 12.96930027 -0.30309999
v 4.55590010 13.09399986 -0.31389999
v 4.51140022 13.21949959 -0.33300000
v 4.40609980 12.73429966 -0.21310000
v 4.48250008 12.78149986 -0.21810000
v 4.33409977 12.67689991 -0.22059999
v 4.40479994 12.57429981 -0.22499999
v 4.46990013 12.62520027 -0.21310000
v 4.26779985 12.78299999 -0.21630000
v 4.53889990 12.66720009 -0.21680000
v 4.19250011 12.71150017 -0.22660001
v 4.12160015 12.63759995 -0.25490001
v 4.20319986 12.54380035 -0.26679999
v 4.26639986 12.61149979 -0.23610000
v 4.34340000 12.51560020 -0.24490000
v 4.42229986 12.42220020 -0.25040001
v 4.47849989 12.47379971 -0.22770000
v 4.36940002 12.36639977 -0.28299999
v 4.45120001 12.27810001 -0.28360000
v 4.50080013 12.32859993 -0.25110000
v 4.28620005 12.45400047 -0.27720001
v 4.53090000 12.18700027 -0.27860001
v 4.57690001 12.23219967 -0.24560000
v 4.60839987 12.09280014 -0.26949999
v 4.65059996 12.13360023 -0.23469999
v 4.55240011 12.37360001 -0.22759999
v 4.62449980 12.27219963 -0.22310001
v 4.05830002 12.56840038 -0.31160000
v 4.00610018 12.50860023 -0.39840001
v 3.96679997 12.46059990 -0.50929999
v 3.91079998 12.59379959 -0.39240000
v 3.86750007 12.54419994 -0.50940001
v 3.81649995 12.68239975 -0.39199999
v 3.77110004 12.63249969 -0.51499999
v 3.72539997 12.77499962 -0.40050000
v 3.68050003 12.72630024 -0.52910000
v 3.63899994 12.87080002 -0.41990000
v 3.59579992 12.82409954 -0.55159998
v 3.55679989 12.96800041 -0.44890001
v 3.51559997 12.92469978 -0.58039999
v 3.57739997 12.80319977 -0.69499999
v 3.58870006 12.80690002 -0.83469999
v 3.66989994 12.70479965 -0.80980003
v 3.66039991 12.70300007 -0.67119998
v 3.70079994 12.72080040 -0.93489999
v 3.74959993 12.60690022 -0.65300000
v 3.47700000 13.06669998 -0.48370001
v 4.12270021 13.30550003 -0.27680001
v 3.29320002 13.64690018 -0.52350003
v 3.23040009 13.62030029 -0.59140003
v 3.19779992 13.59860039 -0.67699999
v 3.19790006 13.70470047 -0.59939998
v 3.15860009 13.69099998 -0.68660003
v 3.26480007 13.71990013 -0.52869999
v 3.23399997 13.79380035 -0.51830000
v 3.16249990 13.78789997 -0.59359998
v 3.19580007 13.87209988 -0.49430001
v 3.12039995 13.87259960 -0.57660002
v 3.11619997 13.78209972 -0.68370003
v 3.06839991 13.87329960 -0.67089999
v 3.09170008 13.78009987 -0.78369999
v 3.14150000 13.68229961 -0.78460002
v 3.08739996 13.78699970 -0.88929999
v 3.14319992 13.68280029 -0.89029998
v 3.19630003 13.58020020 -0.88040000
v 3.18799996 13.58440018 -0.77410001
v 3.24399996 13.47739983 -0.86019999
v 3.22129989 13.58950043 -0.99019998
v 3.16280007 13.69579983 -0.99680001
v 3.23079991 13.48349953 -0.75129998
v 3.10159993 13.80449963 -0.99280000
v 3.02999997 13.89220047 -0.87870002
v 3.03959990 13.91370010 -0.97860003
v 3.03839993 13.87849998 -0.77340001
v 3.01239991 13.96599960 -0.65039998
v 2.97959995 13.97760010 -0.75660002
v 2.94709992 14.06089973 -0.62500000
v 2.91339993 14.07750034 -0.73610002
v 3.00559998 14.05049992 -0.51730001
v 3.06850004 13.96000004 -0.55000001
v 3.14680004 13.95549965 -0.45890000
v 3.08529997 14.04310036 -0.41690001
v 3.18370008 14.04220009 -0.32530001
v 3.24629998 13.95370007 -0.37860000
v 3.29430008 13.87209988 -0.42690000
v 3.36170006 13.96300030 -0.31110001
v 3.29600000 14.05749989 -0.24720000
v 3.21339989 14.15779972 -0.18889999
v 3.10549998 14.13599968 -0.27379999
v 3.41190004 14.09389973 -0.19040000
v 3.32610011 14.20209980 -0.12909999
v 3.12039995 14.26410007 -0.13869999
v 3.01600003 14.23600006 -0.22780000
v 3.23169994 14.31369972 -0.07770000
v 3.01110005 14.13519955 -0.37430000
v 3.48099995 13.99139977 -0.26080000
v 3.51839995 14.14900017 -0.16580001
v 2.93269992 14.14439964 -0.48289999
v 2.92700005 14.23299980 -0.33530000
v 2.85290003 14.24339962 -0.45089999
v 2.83829999 14.33889961 -0.30309999
v 2.77279997 14.35029984 -0.42580000
v 2.92100000 14.34309959 -0.18810000
v 2.75340009 14.45520020 -0.28049999
v 2.69510007 14.46399975 -0.40650001
v 2.82969999 14.46109962 -0.16069999
v 2.87380004 14.15859985 -0.59810001
v 2.79830003 14.26109982 -0.57309997
v 2.72449994 14.36919975 -0.55159998
v 3.23550010 13.50100040 -0.65270001
v 0.92369998 19.45409966 -0.12809999
v 0.90420002 19.43899918 -0.15140000
v 0.87809998 19.41769981 -0.17140000
v 0.88330001 19.37439919 -0.16840000
v 0.87190002 19.39500046 -0.13620000
v 0.87949997 19.35740089 -0.13660000
v 0.88550001 19.39730072 -0.11580000
v 0.87900001 19.34440041 -0.11050000
v 0.82980001 19.26569939 -0.55900002
v 0.86790001 19.25419998 -0.49129999
v 0.82470000 19.16600037 -0.55860001
v 0.86409998 19.16080093 -0.48949999
v 0.81160003 19.06570053 -0.54409999
v 0.84950000 19.06739998 -0.47430000
v 0.88999999 19.06710052 -0.43340001
v 0.88959998 18.98480034 -0.37029999
v 0.85720003 18.98139954 -0.40030000
v 0.92019999 18.98500061 -0.35260001
v 0.84480000 18.90859985 -0.31909999
v 0.81550002 18.89719963 -0.35769999
v 0.78860003 18.88279915 -0.41069999
v 0.82330000 18.97489929 -0.44690001
v 0.78909999 18.96619987 -0.51679999
v 0.71869999 18.85680008 -0.56529999
v 0.74779999 18.96039963 -0.60180002
v 0.75809997 18.86809921 -0.48150000
v 0.76920003 19.06679916 -0.63059998
v 0.78299999 19.17469978 -0.64609998
v 0.79220003 19.28199959 -0.64800000
v 0.72149998 19.07019997 -0.72399998
v 0.73850000 19.18510056 -0.74320000
v 0.69940001 18.95779991 -0.69239998
v 0.64310002 18.95599937 -0.78149998
v 0.66700000 19.07279968 -0.81800002
v 0.57620001 18.95319939 -0.86350000
v 0.60079998 19.07320023 -0.90560001
v 0.54879999 18.83869934 -0.81580001
v 0.47299999 18.83329964 -0.88190001
v 0.49779999 18.94910049 -0.93440002
v 0.61489999 18.84370041 -0.73869997
v 0.67110002 18.84919930 -0.65359998
v 0.58480000 18.73410034 -0.69849998
v 0.63950002 18.74279976 -0.61600000
v 0.68660003 18.75399971 -0.52969998
v 0.52160001 18.72680092 -0.77260000
v 0.44909999 18.72019958 -0.83450001
v 0.50070000 18.61269951 -0.74320000
v 0.43210000 18.60400009 -0.80379999
v 0.55989999 18.62240028 -0.66970003
v 0.40849999 18.94470024 -0.99030000
v 0.42800000 19.06920052 -1.04069996
v 0.52079999 19.07150078 -0.98140001
v 0.54229999 19.20039940 -1.01719999
v 0.62339997 19.19820023 -0.93650001
v 0.64340001 19.32659912 -0.95289999
v 0.56089997 19.33429909 -1.03760004
v 0.68779999 19.19339943 -0.84270000
v 0.70649999 19.31539917 -0.85390002
v 0.44610000 19.20120049 -1.07939994
v 0.33939999 19.20149994 -1.12160003
v 0.32550001 19.06749916 -1.08120000
v 0.31060001 18.94140053 -1.02869999
v 0.38760000 18.82810020 -0.93330002
v 0.29460001 18.82379913 -0.96770000
v 0.20800000 18.93939972 -1.05089998
v 0.75370002 19.29999924 -0.74919999
v 0.77050000 19.41300011 -0.74460000
v 0.78789997 19.52219963 -0.73019999
v 0.74089998 19.55489922 -0.84050000
v 0.66100001 19.45590019 -0.95569998
v 0.72479999 19.43659973 -0.85320002
v 0.72170001 19.68980026 0.52800000
v 0.72689998 19.61870003 0.60470003
v 0.67350000 19.84449959 0.53399998
v 0.67460001 19.75900078 0.61070001
v 0.61390001 19.90900040 0.61849999
v 0.61790001 19.81520081 0.69199997
v 0.62040001 20.00519943 0.54430002
v 0.54750001 20.06739998 0.62650001
v 0.54060000 19.96030045 0.69599998
v 0.68120003 19.93120003 0.45680001
v 0.63520002 20.09709930 0.46669999
v 0.69669998 20.01569939 0.37880000
v 0.65249997 20.18370056 0.38339999
v 0.71319997 20.09639931 0.29699999
v 0.55980003 20.16909981 0.54799998
v 0.57239997 20.26199913 0.45899999
v 0.47049999 20.32180023 0.51520002
v 0.46320000 20.22380066 0.61210001
v 0.57800001 20.34300041 0.35890001
v 0.66430002 20.26289940 0.29269999
v 0.72649997 20.17250061 0.21070001
v 0.47350001 20.40570068 0.40560001
v 0.36000001 20.45109940 0.43619999
v 0.46950001 20.47200012 0.28510001
v 0.35760000 20.52039909 0.30899999
v 0.57450002 20.40970039 0.24890000
v 0.35960001 20.36689949 0.55489999
v 0.35650000 20.26619911 0.66009998
v 0.34979999 20.14699936 0.74000001
v 0.45359999 20.11260033 0.69099998
v 0.44830000 19.99620056 0.75690001
v 0.34660000 20.02199936 0.80269998
v 0.24130000 20.29310036 0.68870002
v 0.23960000 20.17169952 0.77370000
v 0.24259999 20.39649963 0.57969999
v 0.76630002 20.00769997 0.20870000
v 0.78039998 20.08250046 0.12490000
v 0.73619998 20.24419975 0.12140000
v 0.79079998 20.15430069 0.03900000
v 0.78930002 20.22120094 -0.04990000
v 0.73490000 20.30900002 0.02810000
v 0.83160001 20.06500053 -0.04580000
v 0.77230000 20.28120041 -0.14010000
v 0.71810001 20.36210060 -0.06800000
v 0.66090000 20.39349937 0.09190000
v 0.66780001 20.33359909 0.19520000
v 0.54189998 19.85700035 0.76200002
v 0.62699997 19.73209953 0.75760001
v 0.54809999 19.77009964 0.82020003
v 0.68599999 19.68210030 0.68279999
v 0.62580001 19.66080093 0.80170000
v 0.55150002 19.70159912 0.86150002
v 0.55100000 19.64439964 0.88840002
v 0.45480001 19.79459953 0.87010002
v 0.45030001 19.88619995 0.81840003
v 0.72640002 18.76819992 -0.44630000
v 2.58529997 16.43370056 0.01260000
v 2.68689990 16.49519920 -0.11030000
v 2.61120009 16.61750031 -0.12729999
v 2.75379992 16.37389946 -0.10090000
v 2.81459999 16.25469971 -0.10220000
v 2.89369988 16.32340050 -0.25150001
v 2.82739997 16.43810081 -0.24879999
v 2.95379996 16.21059990 -0.26370001
v 2.87310004 16.14159966 -0.11780000
v 2.93540001 16.38050079 -0.41270000
v 2.86829996 16.49300003 -0.40939999
v 2.75530005 16.55520058 -0.25409999
v 2.67519999 16.67329979 -0.26650000
v 2.58400011 16.78910065 -0.28619999
v 2.52360010 16.73719978 -0.15170000
v 2.71259999 16.72100067 -0.42109999
v 2.61919999 16.83219910 -0.43610001
v 2.79469991 16.60700035 -0.41229999
v 2.72630000 16.75699997 -0.58530003
v 2.63210011 16.86470032 -0.59619999
v 2.80960011 16.64590073 -0.57929999
v 2.47979999 16.89809990 -0.31290001
v 2.42240000 16.84939957 -0.18300000
v 2.51340008 16.93720055 -0.45750001
v 2.39669991 17.03310013 -0.48429999
v 2.88389993 16.53420067 -0.57779998
v 2.88409996 16.56119919 -0.74669999
v 2.80850005 16.67250061 -0.74769998
v 2.95190001 16.44980049 -0.74860001
v 2.95070004 16.42309952 -0.58090001
v 2.87490010 16.57489967 -0.90939999
v 2.79570007 16.68610001 -0.91109997
v 2.94639993 16.46220016 -0.90920001
v 2.99580002 16.26899910 -0.42269999
v 3.01069999 16.31240082 -0.58829999
v 2.80019999 15.96430016 -0.02690000
v 2.92160010 16.03300095 -0.14280000
v 2.84010005 15.87300014 -0.05700000
v 2.95869994 15.92990017 -0.17000000
v 2.87809992 15.79069996 -0.07900000
v 2.99070001 15.83600044 -0.19250000
v 2.92190003 15.71350002 -0.08990000
v 3.02609992 15.75049973 -0.20710000
v 3.10800004 15.79189968 -0.34189999
v 3.07489991 15.88700008 -0.32900000
v 3.12870002 15.93799973 -0.47459999
v 3.09170008 16.04660034 -0.45840001
v 3.04270005 15.98960018 -0.30849999
v 3.16450000 15.83360004 -0.48359999
v 3.06750011 15.67070007 -0.21439999
v 3.14580011 15.70259953 -0.34760001
v 2.97219992 15.63560009 -0.09360000
v 2.80559993 15.65779972 -0.02380000
v 2.75440001 15.73460007 -0.01950000
v 2.68869996 15.59329987 0.00260000
v 2.63450003 15.66919994 0.00250000
v 2.58100009 15.74120045 0.01030000
v 2.70539999 15.81169987 -0.00480000
v 2.86129999 15.57890034 -0.01710000
v 2.74550009 15.51290035 0.01040000
v 2.65249991 15.89169979 0.01940000
v 2.52399993 15.81000042 0.02550000
v 3.00370002 16.09869957 -0.28430000
v 3.04819989 16.15760040 -0.43910000
v 3.06450009 16.20190048 -0.59939998
v 3.06669998 16.22660065 -0.75950003
v 3.01270008 16.33830070 -0.75269997
v 3.11220002 16.09070015 -0.61220002
v 3.11599994 16.11400032 -0.76639998
v 5.22879982 10.62769985 0.22470000
v 5.17679977 10.53540039 0.24220000
v 5.17539978 10.55150032 0.28180000
v 5.13910007 10.45100021 0.31970000
v 5.13889980 10.44340038 0.28459999
v 5.13549995 10.33090019 0.31970000
v 5.14120007 10.33769989 0.35730001
v 5.12769985 10.45829964 0.35380000
v 5.13380003 10.34449959 0.39460000
v 5.10809994 10.46380043 0.38510001
v 5.11040020 10.34829998 0.42410001
v 5.08139992 10.46650028 0.41090000
v 5.07959986 10.34869957 0.44400001
v 5.14919996 10.23299980 0.43579999
v 5.12410021 10.23859978 0.46970001
v 5.15719986 10.22490025 0.39440000
v 5.16569996 10.11709976 0.43030000
v 5.15740013 10.12730026 0.47260001
v 5.13149977 10.13519955 0.50739998
v 5.15320015 10.02579975 0.46570000
v 5.13780022 10.03839970 0.49730000
v 5.09089994 10.24160004 0.49529999
v 5.04479980 10.34529972 0.45300001
v 5.05369997 10.24300003 0.51639998
v 5.00909996 10.34000015 0.45620000
v 5.01100016 10.23939991 0.52509999
v 5.05439997 10.13650036 0.53320003
v 5.01599979 10.13140011 0.53119999
v 4.96980000 10.22939968 0.51499999
v 4.97879982 10.12450027 0.52609998
v 4.97219992 10.33419991 0.45699999
v 5.00920010 10.45940018 0.42480001
v 5.04659986 10.46529961 0.42539999
v 5.09810019 10.58609962 0.38339999
v 5.05679989 10.58650017 0.39539999
v 5.01469994 10.58129978 0.39590001
v 5.09369993 10.13799953 0.52689999
v 5.08379984 10.05459976 0.53619999
v 5.05149984 10.05700016 0.54430002
v 5.11269999 10.04819965 0.51990002
v 5.13329983 10.57870007 0.35600001
v 5.15780020 10.56659985 0.31959999
v 5.21239996 10.65380001 0.27610001
v 5.68559980 10.10239983 0.02010000
v 5.69430017 10.09570026 -0.02290000
v 5.68750000 9.98519993 0.00840000
v 5.68699980 9.97869968 -0.03500000
v 5.66790009 9.97259998 -0.07460000
v 5.63219976 9.96850014 -0.09950000
v 5.62160015 9.85709953 -0.06090000
v 5.61940002 9.73690033 -0.03510000
v 5.58559990 9.73499966 -0.05480000
v 5.58379984 9.61979961 -0.02510000
v 5.62130022 9.62010002 -0.01430000
v 5.58150005 9.51710033 -0.00760000
v 5.61910009 9.51710033 0.00360000
v 5.61110020 9.43900013 0.02810000
v 5.58220005 9.43459988 0.00850000
v 5.58620024 9.36970043 0.03140000
v 5.60939980 9.37899971 0.05310000
v 5.62190008 9.44779968 0.05910000
v 5.62150002 9.38869953 0.07980000
v 5.64569998 9.52169991 0.03330000
v 5.54619980 9.62129974 -0.02460000
v 5.54300022 9.51720047 -0.01250000
v 5.54530001 9.43400002 0.00480000
v 5.65150023 9.62329960 0.01240000
v 5.66599989 9.62919998 0.05110000
v 5.64739990 9.52900028 0.07270000
v 5.64480019 9.74020004 -0.00680000
v 5.65719986 9.74549961 0.02860000
v 5.54600000 9.73470020 -0.06100000
v 5.64879990 9.85980034 -0.03370000
v 5.66769981 9.86369991 0.00010000
v 5.67180014 9.86929989 0.03930000
v 5.65859985 9.75160027 0.06590000
v 5.66249990 9.87520027 0.07810000
v 5.64879990 9.75790024 0.10210000
v 5.68149996 9.99120045 0.05150000
v 4.98549986 11.10109997 0.17910001
v 4.97389984 11.01659966 0.24609999
v 4.89979982 11.08950043 0.15950000
v 4.89029980 11.00220013 0.23170000
v 4.83290005 11.06459999 0.12800001
v 4.82530022 10.97579956 0.20469999
v 4.83599997 10.87399960 0.26530001
v 4.89319992 10.90120029 0.28999999
v 4.90299988 10.79440022 0.34029999
v 4.85640001 10.76790047 0.31119999
v 4.96659994 10.91860008 0.30140001
v 4.96339989 10.81439972 0.35710001
v 5.03200006 10.82139969 0.35670000
v 4.96780014 10.69559956 0.38170001
v 4.92350006 10.67809963 0.35850000
v 4.97310019 10.57250023 0.39199999
v 4.93639994 10.55889988 0.37639999
v 4.88380003 10.65769958 0.33620000
v 4.90350008 10.54279995 0.35620001
v 4.97270012 10.45100021 0.41880000
v 4.93919992 10.43939972 0.40549999
v 4.91139984 10.42469978 0.38380000
v 5.02110004 10.70580006 0.39019999
v 4.82130003 10.73950005 0.27849999
v 4.85150003 10.63469982 0.30870000
v 4.79230022 10.84319973 0.23520000
v 4.77740002 10.94340038 0.17190000
v 4.75519991 10.90439987 0.13090000
v 4.77089977 10.80980015 0.19530000
v 4.79740000 10.71109962 0.24220000
v 4.83220005 10.61170006 0.27440000
v 4.85879993 10.50669956 0.30120000
v 4.87610006 10.52490044 0.33149999
v 4.88509989 10.40950012 0.36050001
v 4.87669992 10.29629993 0.40439999
v 4.89870024 10.31389999 0.43509999
v 4.76060009 10.98980045 0.05110000
v 4.78539991 11.03129959 0.09120000
v 4.85090017 11.14369965 0.04870000
v 4.80270004 11.11130047 0.00880000
v 4.77390003 11.07030010 -0.03280000
v 4.91580009 11.16870022 0.08520000
v 4.99770021 11.18270016 0.11150000
v 5.00549984 11.26869965 0.04810000
v 5.39160013 11.55570030 -0.40779999
v 5.32180023 11.70199966 -0.42199999
v 5.29600000 11.69519997 -0.35760000
v 5.26020002 11.68920040 -0.29820001
v 5.21409988 11.68330002 -0.24789999
v 5.21560001 11.55319977 -0.18480000
v 5.16330004 11.67720032 -0.20900001
v 5.15460014 11.81939983 -0.24990000
v 5.10489988 11.80490017 -0.21259999
v 5.08419991 11.94429970 -0.25970000
v 5.03669977 11.92560005 -0.22080000
v 5.13149977 11.96020031 -0.31140000
v 5.20160007 11.83189964 -0.30019999
v 5.23659992 11.83889961 -0.36480001
v 5.17269993 11.97089958 -0.37580001
v 5.25869989 11.84119987 -0.43779999
v 5.39879990 11.55529976 -0.47790000
v 5.32670021 11.69859982 -0.49489999
v 5.26760006 11.83689976 -0.51810002
v 5.19689989 11.97130013 -0.45490000
v 5.21409988 11.96840000 -0.54220003
v 5.13600016 12.09500027 -0.47400001
v 5.10680008 12.09430027 -0.39039999
v 5.15409994 12.08899975 -0.56680000
v 5.06379986 12.08300018 -0.32220000
v 5.01560020 12.06410027 -0.26930001
v 4.99889994 12.19939995 -0.33669999
v 4.94869995 12.17749977 -0.28250000
v 5.04320002 12.21199989 -0.40889999
v 4.96689987 12.04080009 -0.23210000
v 5.11390018 11.67119980 -0.17850000
v 5.05810022 11.79080009 -0.18170001
v 4.99100018 11.90579987 -0.19270000
v 4.94700003 11.88449955 -0.17569999
v 5.01249981 11.77449989 -0.16150001
v 4.87709999 11.99170017 -0.19020000
v 4.83529997 11.96479988 -0.19040000
v 4.85160017 12.12440014 -0.21619999
v 4.80770016 12.09749985 -0.19949999
v 4.92059994 12.01640034 -0.20610000
v 4.76469994 12.06760025 -0.20160000
v 5.16050005 11.55690002 -0.15030000
v 0.92919999 13.79389954 0.93390000
v 0.84399998 13.70170021 0.96689999
v 0.91030002 13.59220028 0.91700000
v 0.69260001 13.69639969 1.04289997
v 0.77539998 13.60990047 0.99129999
v 0.83710003 13.52009964 0.94250000
v 0.95639998 13.48760033 0.87279999
v 0.88059998 13.43299961 0.90170002
v 0.78189999 13.45160007 0.96219999
v 0.82200003 13.38679981 0.92610002
v 0.72320002 13.51949978 1.00919998
v 0.68790001 13.43099976 1.01999998
v 0.74680001 13.38679981 0.97500002
v 0.61189997 13.47719955 1.06869996
v 0.64550000 13.58590031 1.05999994
v 0.52109998 13.51669979 1.11269999
v 0.55030000 13.64229965 1.10710001
v 0.59179997 13.37020016 1.07110000
v 0.66930002 13.34119987 1.02450001
v 0.50290000 13.39490032 1.11150002
v 0.58939999 13.76959991 1.09119999
v 0.73430002 13.31509972 0.97810000
v 0.66320002 13.24870014 1.02660000
v 0.73350000 13.23490047 0.97939998
v 0.58350003 13.26420021 1.07110000
v 0.66640002 13.15320015 1.02929997
v 0.74030000 13.14859962 0.98220003
v 0.58459997 13.15799999 1.07130003
v 0.78930002 13.30230045 0.93809998
v 0.78509998 13.35630035 0.94430000
v 0.84439999 13.31649971 0.90460002
v 0.79740000 13.22980022 0.93409997
v 0.80860001 13.14830017 0.93430001
v 0.86119998 13.23919964 0.89249998
v 0.87660003 13.15649986 0.88810003
v 0.90990001 13.34749985 0.87199998
v 0.93150002 13.26169968 0.85290003
v 0.94910002 13.17370033 0.84369999
v 0.96439999 13.08250046 0.84289998
v 1.04449999 13.10179996 0.79579997
v 0.89139998 13.06919956 0.89010000
v 0.24040000 20.04220009 0.83639997
v 2.40660000 0.16050000 1.16030002
v 2.41810012 0.15109999 1.19949996
v 2.42700005 0.14030001 1.24269998
v 2.42140007 0.10480000 1.23759997
v 2.43120003 0.12950000 1.29009998
v 2.42429996 0.09410000 1.28419995
v 2.40350008 0.07010000 1.23529994
v 2.40910006 0.05970000 1.28110003
v 2.43969989 0.11600000 1.34440005
v 2.42980003 0.08150000 1.33930004
v 2.44420004 0.15180001 1.35249996
v 2.46830010 0.13290000 1.41559994
v 2.46919990 0.09380000 1.40559995
v 2.48569989 0.10680000 1.48699999
v 2.48130012 0.07300000 1.47590005
v 2.48060012 0.08430000 1.54509997
v 2.47970009 0.06470000 1.52209997
v 2.48239994 0.13699999 1.49960005
v 2.47889996 0.10760000 1.55859995
v 2.46460009 0.16869999 1.42879999
v 2.46269989 0.05220000 1.39810002
v 2.47119999 0.03650000 1.47160006
v 2.41199994 0.05230000 1.33759999
v 2.38389993 0.03660000 1.34169996
v 2.43750000 0.01650000 1.39680004
v 2.39770007 -0.00180000 1.40120006
v 2.44610000 0.00400000 1.47210002
v 2.40709996 -0.01270000 1.47270000
v 2.36479998 -0.00800000 1.47630000
v 2.35529995 0.00510000 1.40999997
v 2.32430005 0.03160000 1.42170000
v 2.33439994 0.01850000 1.48749995
v 2.40669990 -0.00020000 1.52900004
v 2.37689996 -0.00050000 1.51849997
v 2.44180012 0.01370000 1.53410006
v 2.37709999 0.03800000 1.28480005
v 2.40490007 0.18760000 1.15999997
v 2.40249991 0.21670000 1.15859997
v 2.39879990 0.20850000 1.11899996
v 2.39249992 0.23530000 1.11409998
v 2.39969993 0.24640000 1.15820003
v 2.43330002 0.23210000 1.12370002
v 2.43429995 0.20590000 1.13160002
v 2.40569997 0.18400000 1.12600005
v 2.44889998 0.19589999 1.18599999
v 2.45230007 0.22830001 1.18019998
v 2.46269989 0.17730001 1.24810004
v 2.46819997 0.21060000 1.24829996
v 2.50040007 0.17739999 1.30330002
v 2.48320007 0.15570000 1.30789995
v 2.47659993 0.12320000 1.30960000
v 2.50160003 0.14390001 1.36370003
v 2.51580000 0.17280000 1.35790002
v 2.49729991 0.10850000 1.36489999
v 2.48740005 0.23980001 1.24710000
v 2.46120000 0.25610000 1.17600000
v 2.52419996 0.18480000 1.29620004
v 1.96120000 0.04300000 1.48769999
v 1.99580002 0.06290000 1.48269999
v 2.01859999 0.09860000 1.48090005
v 2.03970003 0.06980000 1.54470003
v 2.01780009 0.02900000 1.54630005
v 2.04040003 0.15520000 1.42890000
v 2.03200006 0.13950001 1.48070002
v 2.04159999 0.16740000 1.38559997
v 2.03990006 0.20700000 1.38380003
v 2.03259993 0.24410000 1.33930004
v 2.03399992 0.24529999 1.37849998
v 2.03029990 0.27950001 1.33029997
v 2.02870011 0.28320000 1.37259996
v 2.04809999 0.27399999 1.29900002
v 2.04909992 0.30820000 1.28859997
v 2.02659988 0.31600001 1.32120001
v 2.04690003 0.34599999 1.28289998
v 2.02290010 0.35470000 1.31570005
v 2.02150011 0.32049999 1.36689997
v 2.07809997 0.27649999 1.31239998
v 2.03040004 0.27939999 1.42270005
v 2.03509998 0.23980001 1.42429996
v 2.02360010 0.31760001 1.42279994
v 2.04069996 0.19830000 1.42760003
v 2.04119992 0.18040000 1.48199999
v 2.06690001 0.19360000 1.54869998
v 2.05850005 0.15360001 1.54789996
v 2.04539990 0.22319999 1.47990000
v 2.04789996 0.26519999 1.48080003
v 2.06970000 0.23370001 1.55190003
v 2.06529999 0.27329999 1.55729997
v 2.04539990 0.30630001 1.48529994
v 2.08540010 0.16060001 1.62899995
v 2.07920003 0.12530001 1.62440002
v 2.08279991 0.19329999 1.63689995
v 2.04900002 0.11290000 1.54550004
v 2.07229996 0.08730000 1.62030005
v 2.06299996 0.04560000 1.62240005
v 2.03780007 0.00680000 1.63069999
v 2.07769990 0.04540000 1.69120002
v 2.04859996 0.01370000 1.70930004
v 2.08719993 0.07540000 1.67600000
v 1.97920001 0.00070000 1.55139995
v 1.99730003 -0.01960000 1.64040005
v 2.00850010 -0.00550000 1.72070003
v 1.96410000 -0.00630000 1.72870004
v 2.01259995 0.02480000 1.77400005
v 1.97230005 0.02410000 1.78090000
v 2.01279998 0.05680000 1.80610001
v 1.97640002 0.05770000 1.81130004
v 1.94219995 0.06990000 1.81200004
v 1.98220003 0.09000000 1.83029997
v 1.95220006 0.10260000 1.83150005
v 1.99440002 0.11940000 1.84119999
v 1.96949995 0.13530000 1.84200001
v 2.01379991 0.10930000 1.83620000
v 2.03800011 0.12560000 1.83200002
v 2.01900005 0.14780000 1.83920002
v 2.04710007 0.17990001 1.80939996
v 2.06360006 0.15380000 1.80030000
v 1.99640000 0.16830000 1.84070003
v 2.03189993 0.21080001 1.82299995
v 2.04780006 0.09790000 1.81889999
v 2.01290011 0.08670000 1.82620001
v 1.91120005 0.09100000 1.80239999
v 1.92270005 0.12330000 1.82190001
v 1.89680004 0.15050000 1.78680003
v 1.88390005 0.11830000 1.76960003
v 1.94219995 0.15710001 1.83329999
v 1.91079998 0.18590000 1.80250001
v 2.05080009 0.06940000 1.79589999
v 2.05119991 0.04040000 1.76220000
v 2.08349991 0.06730000 1.73950005
v 2.08369994 0.09550000 1.77040005
v 2.07750010 0.12530001 1.78910005
v 2.08620000 0.21619999 1.38129997
v 2.08809996 0.25330001 1.38180006
v 2.09340000 0.28940001 1.38279998
v 2.08629990 0.28369999 1.34590006
v 2.10520005 0.28960001 1.42630005
v 2.10529995 0.24529999 1.46889997
v 2.11030006 0.28470001 1.47829998
v 2.09969997 0.25290000 1.42170000
v 2.11899996 0.26800001 1.53639996
v 2.14779997 0.29800001 1.54809999
v 2.10680008 0.23100001 1.52320004
v 2.12010002 0.20280001 1.58519995
v 2.14490008 0.22510000 1.59280002
v 2.10310006 0.19329999 1.51199996
v 2.11050010 0.17060000 1.57169998
v 2.10459995 0.15629999 1.50080001
v 2.10750008 0.13530000 1.55760002
v 2.11409998 0.14129999 1.64230001
v 2.13350010 0.17060000 1.65649998
v 2.13129997 0.11100000 1.70609999
v 2.15179992 0.13980000 1.71910000
v 2.11150002 0.10700000 1.62399995
v 2.12199998 0.07830000 1.68770003
v 2.11290002 0.09910000 1.54359996
v 2.11829996 0.07150000 1.60749996
v 2.13849998 0.03950000 1.59410000
v 2.09890008 0.16970000 1.45439994
v 2.10349989 0.20730001 1.46150005
v 2.09439993 0.21510001 1.41849995
v 2.08789992 0.17720000 1.41489995
v 2.15289998 0.19960000 1.66980004
v 2.18449998 0.21690001 1.67180002
v 2.17400002 0.23890001 1.59469998
v 2.21959996 0.21980000 1.66630006
v 2.20639992 0.24330001 1.59179997
v 2.25379992 0.21529999 1.66219997
v 2.22839999 0.21040000 1.72140002
v 2.26360011 0.19740000 1.73409998
v 2.19689989 0.20190001 1.74100006
v 2.23869991 0.24160001 1.58560002
v 2.19099998 0.30919999 1.54890001
v 2.16750002 0.17170000 1.73699999
v 2.23119998 0.16360000 1.74919999
v 2.20370007 0.13699999 1.75549996
v 2.23379993 0.11050000 1.75769997
v 2.25679994 0.13530000 1.74170005
v 2.21180010 0.08620000 1.76390004
v 2.17860007 0.11180000 1.75720000
v 2.59030008 0.23940000 1.22230005
v 2.55229998 0.24240001 1.23020005
v 2.57730007 0.19499999 1.28929996
v 2.60369992 0.18960001 1.28219998
v 2.57080007 0.18550000 1.35239995
v 2.59780002 0.18189999 1.34700000
v 2.55010009 0.19020000 1.29250002
v 2.51889992 0.24290000 1.23819995
v 2.47659993 0.28270000 1.17939997
v 2.54239988 0.18120000 1.35430002
v 2.55380011 0.17900001 1.40639997
v 2.58249998 0.18610001 1.39530003
v 2.56830001 0.14480001 1.39479995
v 2.59999990 0.16240001 1.39030004
v 2.60739994 0.13530000 1.37469995
v 2.57739997 0.11570000 1.38730001
v 2.61940002 0.10910000 1.36300004
v 2.58719993 0.08720000 1.37430000
v 2.63089991 0.13930000 1.32579994
v 2.62080002 0.16550000 1.33959997
v 2.54929996 0.07470000 1.37370002
v 2.54040003 0.10710000 1.38460004
v 2.53590012 0.13869999 1.39010000
v 2.52870011 0.16650000 1.39610004
v 1.62000000 0.50870001 1.28040004
v 1.54980004 0.51450002 1.27230000
v 1.47969997 0.49599999 1.25839996
v 1.45239997 0.40720001 1.34549999
v 1.48839998 0.45199999 1.36029994
v 1.53310001 0.45010000 1.47829998
v 1.54159999 0.47929999 1.36689997
v 1.46910000 0.42460001 1.47449994
v 1.59979999 0.46640000 1.47270000
v 1.60220003 0.48230001 1.36280000
v 1.66499996 0.46570000 1.45910001
v 1.65880001 0.46619999 1.35450006
v 1.59770000 0.40630001 1.57420003
v 1.53209996 0.38150001 1.57550001
v 1.46749997 0.35290000 1.57130003
v 1.60450006 0.31250000 1.62800002
v 1.54540002 0.28900000 1.62759995
v 1.60710001 0.28580001 1.71109998
v 1.54649997 0.26400000 1.71650004
v 1.61399996 0.26589999 1.78439999
v 1.56169999 0.25889999 1.79499996
v 1.48940003 0.23029999 1.72479999
v 1.51040006 0.23880000 1.81500006
v 1.48580003 0.26269999 1.63129997
v 1.66559994 0.31630000 1.61769998
v 1.66569996 0.42399999 1.56990004
v 1.66810000 0.29150000 1.70760000
v 1.41659999 0.30759999 1.54729998
v 1.42820001 0.22970000 1.63349998
v 1.43429995 0.36919999 1.45179999
v 1.71659994 0.43430001 1.44410002
v 1.67600000 0.47400001 1.27999997
v 1.73179996 0.41310000 1.55149996
v 1.77079999 0.32069999 1.61109996
v 1.72210002 0.32570001 1.61989999
v 1.72220004 0.27640000 1.70130002
v 1.75629997 0.24470000 1.68990004
v 1.41610003 0.30599999 1.42330003
v 1.39289999 0.24140000 1.51559997
v 1.39310002 0.16970000 1.61530006
v 1.41530001 0.13079999 1.73130000
v 1.38549995 0.10540000 1.59370005
v 1.41270006 0.07110000 1.71990001
v 1.40929997 0.04220000 1.57389998
v 1.44280005 0.01840000 1.70159996
v 1.46329999 0.07290000 1.83140004
v 1.46420002 0.13220000 1.83659995
v 1.53359997 0.08430000 1.89209998
v 1.53340006 0.13789999 1.89339995
v 1.54569995 0.03430000 1.87059999
v 1.48829997 0.02270000 1.81060004
v 1.44780004 0.18250000 1.73150003
v 1.48329997 0.18780001 1.82830000
v 1.49890006 -0.01340000 1.68149996
v 1.56589997 -0.03010000 1.66470003
v 1.58940005 -0.02350000 1.77119994
v 1.53250003 -0.00790000 1.78690004
v 2.04270005 0.52899998 1.08910000
v 2.03850007 0.58160001 0.98900002
v 2.10229993 0.60820001 0.98180002
v 0.22780000 12.57180023 1.10819995
v 0.23420000 12.47869968 1.09829998
v 0.22100000 12.67409992 1.11720002
v 0.21430001 12.78460026 1.12510002
v 0.10710000 12.77789974 1.12629998
v 0.10420000 12.89610004 1.13419998
v 0.10170000 13.02009964 1.14230001
v 0.20829999 12.90180016 1.13250005
v 0.20340000 13.02449989 1.14020002
v 0.31189999 12.91059971 1.12769997
v 0.30480000 13.03110027 1.13450003
v 0.32100001 12.79500008 1.12109995
v 0.40470001 13.03859997 1.12269998
v 0.30039999 13.15639973 1.14189994
v 0.39919999 13.15950012 1.12800002
v 0.49480000 13.16030025 1.10469997
v 0.49470001 13.27649975 1.10790002
v 0.39899999 13.28369999 1.13440001
v 0.40560001 13.41180038 1.14150000
v 0.20029999 13.15260029 1.14870000
v 0.24760000 9.44369984 0.73680001
v 0.26480001 9.35070038 0.71950001
v 0.28340000 9.25139999 0.69830000
v 0.35170001 9.25070000 0.81910002
v 0.36980000 9.14430046 0.79159999
v 0.30300000 9.14830017 0.67460001
v 0.24320000 9.25640011 0.55470002
v 0.26109999 9.15779972 0.53619999
v 0.22669999 9.26399994 0.39410001
v 0.24160001 9.16940022 0.37990001
v 0.32210001 9.04510021 0.65020001
v 0.27930000 9.05710030 0.51690000
v 0.38650000 9.03919983 0.76349998
v 0.40050000 8.93669987 0.73500001
v 0.33899999 8.94419956 0.62559998
v 0.29620001 8.95829964 0.49730000
v 0.25709999 9.07190037 0.36449999
v 0.27280000 8.97539997 0.34810001
v 0.40920001 8.83819962 0.70670003
v 0.35190001 8.84700012 0.60060000
v 0.36170000 8.75450039 0.57470000
v 0.41380000 8.74400043 0.67900002
v 0.31189999 8.86349964 0.47490001
v 0.32560000 8.77250004 0.45070001
v 0.47960001 8.93610001 0.82499999
v 0.47130001 9.03999996 0.85530001
v 0.48210001 8.83609962 0.79560000
v 0.45969999 9.14649963 0.88470000
v 0.22340000 9.26840019 0.22319999
v 0.23580000 9.17619991 0.21200000
v 0.22690000 9.26630020 0.05370000
v 0.24079999 9.17619991 0.04450000
v 0.24500000 9.26329994 -0.11140000
v 0.26060000 9.17539978 -0.11920000
v 0.27930000 9.26150036 -0.27140000
v 0.29620001 9.17580032 -0.27770001
v 0.25569999 9.08469963 0.03490000
v 0.27680001 9.08679962 -0.12720001
v 0.31360000 9.08959961 -0.28430000
v 0.26260000 9.34539986 -0.26560000
v 0.31209999 9.34379959 -0.42060000
v 0.32980001 9.26169968 -0.42469999
v 0.23000000 9.34850025 -0.10420000
v 0.34770000 9.17809963 -0.42950001
v 0.21420000 9.35219955 0.06210000
v 0.21610001 9.42889977 -0.09820000
v 0.20299999 9.43050003 0.06900000
v 0.21170001 9.35410023 0.23310000
v 0.20010000 9.43039989 0.24070001
v 0.24969999 9.08129978 0.20020001
v 0.26470000 8.98700047 0.18770000
v 0.28040001 8.89480019 0.17389999
v 0.27140000 8.99359989 0.02490000
v 0.28770000 8.90390015 0.01400000
v 0.28850001 8.88140011 0.33010000
v 0.21200000 9.35149956 0.40599999
v 0.19810000 9.42899990 0.41520000
v 0.20950000 9.43270016 0.58350003
v 0.18520001 9.49510002 0.42150000
v 0.18880001 9.49559975 0.24620000
v 0.17330000 9.55070019 0.42559999
v 0.22560000 9.34910011 0.57080001
v 0.19239999 9.49940014 0.07400000
v 0.20400000 9.50160027 -0.09370000
v 0.24650000 9.42580032 -0.26100001
v 0.29429999 9.42310047 -0.41760001
v 0.35949999 9.42220020 -0.56590003
v 0.37810001 9.34469986 -0.56709999
v 0.46000001 9.34879971 -0.70260000
v 0.39649999 9.26459980 -0.56950003
v 0.47880000 9.27050018 -0.70300001
v 0.41499999 9.18290043 -0.57249999
v 0.49770001 9.19060040 -0.70410001
v 0.36579999 9.09389973 -0.43460000
v 0.43360001 9.10039997 -0.57609999
v 0.45230001 9.01790047 -0.57999998
v 0.51660001 9.10970020 -0.70599997
v 0.53570002 9.02840042 -0.70829999
v 0.38389999 9.00979996 -0.44010001
v 0.57560003 9.28020000 -0.82270002
v 0.59469998 9.20170021 -0.82169998
v 0.68489999 9.29409981 -0.92589998
v 0.70410001 9.21679974 -0.92259997
v 0.80419999 9.31270027 -1.01040006
v 0.93089998 9.33629990 -1.07420003
v 0.82330000 9.23600006 -1.00469995
v 0.94970000 9.25969982 -1.06610000
v 0.55659997 9.35680008 -0.82440001
v 0.72340000 9.13809967 -0.92009997
v 0.61390001 9.12209988 -0.82150000
v 0.63330001 9.04189968 -0.82190001
v 0.74299997 9.05869961 -0.91839999
v 0.16240001 9.59749985 0.42820001
v 0.15189999 9.63720036 0.43020001
v 0.14110000 9.67119980 0.43189999
v 0.14950000 9.67549992 0.25770000
v 0.12790000 9.71539974 0.60420001
v 0.11050000 9.73569965 0.60600001
v 0.12390000 9.77859974 0.76609999
v 0.15549999 9.85480022 0.89859998
v 0.12580000 9.86760044 0.90679997
v 0.14420000 9.76049995 0.76239997
v 0.16720000 9.97249985 1.00170004
v 0.09010000 9.87600040 0.91509998
v 0.12140000 9.98410034 1.01540005
v 0.21630000 10.08870029 1.05550003
v 0.15870000 10.10579967 1.07379997
v 2.26480007 0.17680000 1.40569997
v 2.26069999 0.16490000 1.46249998
v 2.25309992 0.12630001 1.45299995
v 2.27999997 0.14060000 1.52649999
v 2.26559997 0.20440000 1.47640002
v 2.28999996 0.17730001 1.54180002
v 2.27399993 0.24519999 1.49500000
v 2.29029989 0.21259999 1.56110001
v 2.27690005 0.28799999 1.51999998
v 2.26799989 0.23370001 1.57690001
v 2.23799992 0.31029999 1.54170001
v 2.28130007 0.19870000 1.65090001
v 2.29270005 0.17030001 1.63230002
v 2.30599999 0.14090000 1.61220002
v 2.30419993 0.10830000 1.59309995
v 2.30599999 0.11070000 1.67289996
v 2.31200004 0.08180000 1.65390003
v 2.29259992 0.13779999 1.69309998
v 2.27270007 0.10340000 1.51349998
v 2.29620004 0.07190000 1.57980001
v 2.28500009 0.16680001 1.71640003
v 2.27909994 0.11080000 1.73010004
v 2.29699993 0.08720000 1.71109998
v 2.30649996 0.06960000 1.69079995
v 2.28020000 0.06270000 1.72950006
v 2.29920006 0.04510000 1.69809997
v 2.25850010 0.08610000 1.74710000
v 2.26559997 0.21950001 1.41480005
v 2.24009991 0.09060000 1.44739997
v 2.25640011 0.06900000 1.50610006
v 2.22989988 0.04250000 1.50460005
v 2.21650004 0.06410000 1.44749999
v 2.24519992 0.01450000 1.57169998
v 2.20720005 0.00770000 1.57599998
v 2.27659988 0.03800000 1.57249999
v 2.28690004 0.01460000 1.64400005
v 2.25699997 -0.00820000 1.64359999
v 2.28090000 0.01820000 1.70319998
v 2.25559998 -0.00080000 1.70379996
v 2.24230003 0.02120000 1.73679996
v 2.26200008 0.04030000 1.73670006
v 2.22059989 0.04100000 1.75510001
v 2.23909998 0.06360000 1.75460005
v 2.30509996 0.04680000 1.64699996
v 2.22530007 -0.00830000 1.70480001
v 2.21919990 -0.01470000 1.64639997
v 2.18249989 -0.00410000 1.65180004
v 2.16980004 0.01700000 1.58369994
v 2.15219998 0.01800000 1.65869999
v 2.19309998 -0.00380000 1.70920002
v 2.22510004 0.00820000 1.73230004
v 2.20429993 0.01600000 1.74259996
v 2.32319999 0.15970001 1.52909994
v 2.33179998 0.10810000 1.58210003
v 2.34290004 0.13990000 1.58739996
v 2.31469989 0.12580000 1.51950002
v 2.33439994 0.07490000 1.57159996
v 2.31349993 0.08980000 1.50979996
v 2.36750007 0.09920000 1.62150002
v 2.37030005 0.13020000 1.62300003
v 2.36019993 0.16610000 1.58910000
v 2.38470006 0.18179999 1.59490001
v 2.41330004 0.18750000 1.59580004
v 2.44140005 0.17800000 1.59239995
v 2.43020010 0.15070000 1.62530005
v 2.44199991 0.12480000 1.61909997
v 2.45930004 0.15530001 1.58399999
v 2.47029996 0.13130000 1.57249999
v 2.46539998 0.16040000 1.51199996
v 2.45650005 0.19900000 1.44449997
v 2.45180011 0.10010000 1.60950005
v 2.40879989 0.10570000 1.63080001
v 2.41700006 0.07700000 1.62210000
v 2.40300012 0.13390000 1.63269997
v 2.41709995 0.17280000 1.63100004
v 2.39439988 0.16110000 1.63000000
v 2.37420011 0.15260001 1.61969995
v 2.37319994 0.06820000 1.61150002
v 2.34450006 0.04390000 1.55820000
v 2.38360000 0.04170000 1.59469998
v 2.36019993 0.01590000 1.53900003
v 2.39660001 0.01860000 1.56949997
v 2.43379998 0.03170000 1.57599998
v 2.42510009 0.05260000 1.60399997
v 2.45840001 0.07690000 1.59309995
v 2.46320009 0.05650000 1.56719995
v 2.31809998 0.05330000 1.49969995
v 2.30890012 0.06700000 1.43379998
v 0.71130002 15.26150036 1.14750004
v 0.59210002 15.23639965 1.16429996
v 0.47380000 15.22060013 1.17089999
v 0.45580000 15.33230019 1.15919995
v 0.56559998 15.35190010 1.14940000
v 0.54070002 15.46119976 1.12249994
v 0.43630001 15.44040012 1.13499999
v 0.41630000 15.54559994 1.10350001
v 0.51740003 15.56599998 1.08940005
v 0.64630002 15.48490047 1.10370004
v 0.62040001 15.58720016 1.07089996
v 0.72280002 15.60960007 1.05219996
v 0.82370001 15.62940025 1.02839994
v 0.80190003 15.71980000 0.98909998
v 0.85039997 15.53779984 1.06070006
v 0.75010002 15.51109982 1.08229995
v 0.67600000 15.37720013 1.13080001
v 0.78259999 15.40839958 1.10739994
v 0.88319999 15.44209957 1.08220005
v 0.94639999 15.55939960 1.03199995
v 0.97790003 15.47270012 1.05490005
v 0.92409998 15.34270000 1.09710002
v 1.01750004 15.38379955 1.06610000
v 0.82270002 15.29969978 1.12460005
v 1.06710005 15.29290009 1.06990004
v 1.14979994 15.34049988 1.03590000
v 1.10290003 15.41909981 1.03460002
v 1.22290003 15.38500023 1.00399995
v 1.17770004 15.45219994 1.00370002
v 1.20620000 15.53759956 0.96569997
v 1.14219999 15.51930046 0.99239999
v 1.23940003 15.48490047 0.97299999
v 1.11849999 15.58909988 0.96990001
v 1.19180000 15.59599972 0.94430000
v 1.24940002 15.55020046 0.94569999
v 1.25520003 15.59280014 0.92369998
v 1.28520000 15.52060032 0.94239998
v 1.28489995 15.42969990 0.97049999
v 1.33500004 15.47799969 0.93379998
v 1.31400001 15.57019997 0.90899998
v 1.37510002 15.53460026 0.89359999
v 1.39010000 15.42829990 0.91909999
v 1.43729997 15.49020004 0.87480003
v 1.33640003 15.37180042 0.95910001
v 1.38919997 15.31299973 0.93860000
v 1.44519997 15.37450027 0.89740002
v 1.49740005 15.43949986 0.85079998
v 1.33800006 15.63329983 0.87070000
v 1.41030002 15.60050011 0.85020000
v 1.26429999 15.65499973 0.89109999
v 1.36070001 15.70699978 0.82859999
v 1.44280005 15.67469978 0.80390000
v 1.48070002 15.55850029 0.82740003
v 1.52139997 15.63319969 0.77740002
v 1.20430005 15.26290035 1.02789998
v 1.27440000 15.31789970 0.99419999
v 1.26240003 15.19060040 1.00660002
v 1.32830000 15.25269985 0.97390002
v 1.10399997 15.66399956 0.93940002
v 1.18700004 15.66419983 0.91380000
v 1.09609997 15.74460030 0.90450001
v 1.18770003 15.74120045 0.87800002
v 1.09230006 15.83080006 0.86650002
v 1.19149995 15.82530022 0.83810002
v 1.00090003 15.74120045 0.93229997
v 1.01520002 15.65699959 0.96789998
v 0.90249997 15.73250008 0.96100003
v 0.92159998 15.64529991 0.99890000
v 0.99100000 15.82940006 0.89480001
v 0.88800001 15.82279968 0.92290002
v 1.03610003 15.57639980 0.99970001
v 1.19630003 15.91510010 0.79449999
v 1.09010005 15.92150021 0.82489997
v 1.28840005 15.81169987 0.81019998
v 1.27579999 15.72910023 0.85290003
v 1.38250005 15.78880024 0.78250003
v 1.06500006 15.49759960 1.02310002
v 3.98790002 12.69270039 -1.30470002
v 4.05429983 12.58710003 -1.27590001
v 3.98720002 12.55900002 -1.19760001
v 4.12890005 12.48569965 -1.24699998
v 4.06659985 12.45720005 -1.17120004
v 4.20989990 12.38799953 -1.21809995
v 4.20580006 12.52610016 -1.30470002
v 4.28160000 12.42829990 -1.27349997
v 4.29050016 12.57209969 -1.34500003
v 4.36119986 12.47360039 -1.31260002
v 4.36159992 12.33220005 -1.24020004
v 4.29549980 12.29329967 -1.18820000
v 4.24259996 12.26609993 -1.12030005
v 4.15250015 12.35990047 -1.14579999
v 4.11100006 12.34609985 -1.05980003
v 4.02080011 12.44190025 -1.08120000
v 3.93689990 12.54230022 -1.10420001
v 4.08209991 12.34150028 -0.96480000
v 3.98790002 12.43430042 -0.98250002
v 4.44339991 12.23680019 -1.20379996
v 4.43510008 12.37549973 -1.27760005
v 4.51060009 12.27750015 -1.23870003
v 4.37580013 12.61999989 -1.36919999
v 4.44180012 12.51980019 -1.33620000
v 4.22459984 12.67140007 -1.37469995
v 4.13609982 12.62619972 -1.33430004
v 4.51000023 12.41919994 -1.30040002
v 4.58199978 12.46370029 -1.30530000
v 4.57980013 12.31849957 -1.26030004
v 4.58620024 12.17959976 -1.19439995
v 4.65010023 12.21819973 -1.21410000
v 4.52460003 12.14140034 -1.16320002
v 4.77689981 12.15559959 -1.16670001
v 4.72020006 12.11909962 -1.16149998
v 4.71150017 12.25720024 -1.21889997
v 4.64639997 12.36009979 -1.26510000
v 4.66120005 12.08230019 -1.14429998
v 2.02279997 5.86929989 -1.07120001
v 2.04789996 5.72779989 -1.12390006
v 2.15140009 5.71239996 -1.05649996
v 2.07069993 5.58090019 -1.17729998
v 2.17470002 5.56290007 -1.10880005
v 2.19239998 5.40980005 -1.15509999
v 2.08789992 5.42889977 -1.22399998
v 2.10179996 5.27299976 -1.26170003
v 2.20650005 5.25449991 -1.19350004
v 2.11479998 5.11390018 -1.29130006
v 2.21919990 5.09719992 -1.22490001
v 2.12840009 4.95240021 -1.31789994
v 2.23060012 4.93730021 -1.25020003
v 1.99849999 5.12650013 -1.33609998
v 1.98339999 5.28620005 -1.30569994
v 1.96829998 5.44229984 -1.26849997
v 1.85769999 5.29510021 -1.32819998
v 1.84089994 5.45090008 -1.29040003
v 1.95070004 5.59280014 -1.22070003
v 1.82330000 5.60039997 -1.24129999
v 1.72969997 5.30200005 -1.33270001
v 1.71150005 5.45809984 -1.29369998
v 1.87489998 5.13560009 -1.36090004
v 1.74790001 5.14249992 -1.36720002
v 2.01430011 4.96460009 -1.36459994
v 2.02889991 4.80030012 -1.38829994
v 2.14100003 4.78870010 -1.34070003
v 1.90810001 4.80959988 -1.41460001
v 1.89199996 4.97359991 -1.39040005
v 2.04110003 4.63450003 -1.40699995
v 1.92219996 4.64419985 -1.43350005
v 2.15089989 4.62330008 -1.35860002
v 1.76569998 4.98050022 -1.39730000
v 1.78260005 4.81689978 -1.42139995
v 2.24060011 4.77489996 -1.27149999
v 2.31809998 4.92040014 -1.16359997
v 2.32540011 4.76009989 -1.18350005
v 2.24799991 4.61100006 -1.28820002
v 2.33010006 4.59840012 -1.19879997
v 2.39380002 4.74580002 -1.08050001
v 2.39759994 4.58629990 -1.09599996
v 2.38540006 4.90409994 -1.05890000
v 2.30719995 5.07830000 -1.13769996
v 1.92949998 5.73729992 -1.16670001
v 1.90730000 5.87659979 -1.11520004
v 1.80470002 5.74350023 -1.18610001
v 1.78540003 5.88129997 -1.13540006
v 1.66229999 5.88600016 -1.13279998
v 1.64330006 6.01749992 -1.08720005
v 1.76530004 6.01499987 -1.09140003
v 1.52489996 6.02019978 -1.05999994
v 1.50440001 6.14160013 -1.01580000
v 1.62170005 6.14370012 -1.04659998
v 1.74370003 6.14410019 -1.05309999
v 1.72039998 6.26669979 -1.02010000
v 1.69500005 6.38170004 -0.99269998
v 1.82000005 6.38339996 -0.97719997
v 1.59739995 6.26259995 -1.01100004
v 1.57060003 6.37279987 -0.98130000
v 1.48029995 6.25460005 -0.97719997
v 1.39610004 6.13730001 -0.96380001
v 1.37339997 6.24310017 -0.92159998
v 1.34720004 6.33739996 -0.88660002
v 1.27989995 6.22749996 -0.84740001
v 1.25610006 6.31260014 -0.81029999
v 1.20299995 6.20639992 -0.75760001
v 1.18260002 6.28329992 -0.72009999
v 1.21860003 6.11619997 -0.80589998
v 1.29970002 6.12979984 -0.89319998
v 1.22420001 6.38609982 -0.78119999
v 1.31299996 6.41849995 -0.85799998
v 1.45309997 6.35760021 -0.94480002
v 1.41690004 6.44719982 -0.91740000
v 1.41390002 6.02159977 -1.01189995
v 1.54159999 5.89160013 -1.10889995
v 1.42639995 5.89550018 -1.06480002
v 1.43780005 5.75969982 -1.12000000
v 1.55519998 5.75589991 -1.16299999
v 1.67890000 5.74949980 -1.18449998
v 1.31330001 6.01889992 -0.94489998
v 1.32249999 5.89449978 -0.99989998
v 1.69459999 5.60720015 -1.24059999
v 1.56920004 5.61310005 -1.21889997
v 1.45179999 5.61609983 -1.17519999
v 1.36160004 5.46630001 -1.16610003
v 1.34689999 5.61569977 -1.11160004
v 1.46730006 5.46649981 -1.23020005
v 1.33299994 5.75920010 -1.05620003
v 1.25650001 5.61240005 -1.03230000
v 1.24430001 5.75489998 -0.97579998
v 1.26919997 5.46379995 -1.08679998
v 1.48459995 5.31110001 -1.27839994
v 1.58500004 5.46369982 -1.27419996
v 1.60380006 5.30760002 -1.31739998
v 1.37639999 5.31220007 -1.21689999
v 1.69790006 0.00490000 1.53380001
v 1.74829996 0.04840000 1.53429997
v 1.75969994 0.01150000 1.63619995
v 1.70599997 -0.02730000 1.64260006
v 1.76520002 0.01030000 1.72780001
v 1.71229994 -0.01940000 1.74829996
v 1.72150004 0.01240000 1.82749999
v 1.66410005 0.00090000 1.84189999
v 1.65129995 -0.02950000 1.75979996
v 1.60800004 0.04100000 1.89450002
v 1.60630000 -0.00090000 1.84609997
v 1.66779995 0.04650000 1.89209998
v 1.56079996 0.00440000 1.84189999
v 1.60189998 0.09120000 1.91429996
v 1.66299999 0.09690000 1.91279995
v 1.72350001 0.06060000 1.87259996
v 1.71850002 0.10940000 1.89230001
v 1.59909999 0.14080000 1.91520000
v 1.54439998 0.18680000 1.88170004
v 1.60280001 0.18619999 1.90300000
v 1.65699995 0.14510000 1.91700006
v 1.65300000 0.18820000 1.90550005
v 1.63689995 -0.03860000 1.65180004
v 1.77240002 0.03970000 1.79209995
v 1.78929996 0.04590000 1.70580006
v 1.79960001 0.07560000 1.73109996
v 1.80260003 0.11590000 1.75769997
v 1.77339995 0.08460000 1.83280003
v 1.80069995 0.11180000 1.64160001
v 1.80480003 0.15420000 1.65439999
v 1.79390001 0.15310000 1.54449999
v 1.80260003 0.20010000 1.55630004
v 1.78849995 0.06310000 1.63530004
v 1.77639997 0.10130000 1.53830004
v 1.76390004 0.19260000 1.46599996
v 1.78129995 0.23880000 1.47189999
v 1.80229998 0.19300000 1.66810000
v 1.79250002 0.15459999 1.77059996
v 1.80659997 0.24800000 1.56900001
v 1.78380001 0.22130001 1.67980003
v 1.79789996 0.29510000 1.58570004
v 1.77330005 0.18810000 1.77610004
v 1.75189996 0.17190000 1.85290003
v 1.76660001 0.13000000 1.84940004
v 1.73549998 0.21320000 1.85210001
v 1.75339997 0.22600000 1.77960002
v -0.00000000 16.36590004 -1.59870005
v -0.00000000 16.23030090 -1.62380004
v 0.05670000 16.23100090 -1.63189995
v 0.05310000 16.09029961 -1.64970005
v -0.00000000 16.09040070 -1.64160001
v -0.00000000 15.94699955 -1.65230000
v 0.04990000 15.94629955 -1.66059995
v 0.11140000 16.08979988 -1.67229998
v 0.10510000 15.94410038 -1.68350005
v 0.11870000 16.23250008 -1.65450001
v 0.17010000 15.94029999 -1.71570003
v 0.10050000 15.79629993 -1.68840003
v 0.16310000 15.79080009 -1.72109997
v 0.16220000 15.64029980 -1.71829998
v 0.09970000 15.64690018 -1.68659997
v 0.10410000 15.49759960 -1.67639995
v 0.16720000 15.49069977 -1.70570004
v 0.23770000 15.63220024 -1.75129998
v 0.24180000 15.48260021 -1.73720002
v 0.04770000 15.79969978 -1.66489995
v 0.04700000 15.65139961 -1.66320002
v -0.00000000 15.80099964 -1.65639997
v 0.00000000 15.65320015 -1.65419996
v 0.00000000 15.50399971 -1.64769995
v 0.04970000 15.50230026 -1.65540004
v 0.00000000 15.35659981 -1.63139999
v 0.05380000 15.35509968 -1.63810003
v 0.00000000 15.21240044 -1.60520005
v 0.05810000 15.21080017 -1.61129999
v 0.11150000 15.35050011 -1.65670002
v 0.11960000 15.20639992 -1.62849998
v 0.64359999 18.04549980 -0.73369998
v 0.60250002 18.15379906 -0.70469999
v 0.57110000 18.26770020 -0.68000001
v 0.61470002 18.27709961 -0.59359998
v 0.55119997 18.38590050 -0.66240001
v 0.59710002 18.39649963 -0.57819998
v 0.59660000 18.51709938 -0.57539999
v 0.61210001 18.63330078 -0.58810002
v 0.54740000 18.50569916 -0.65770000
v -0.00000000 19.06539917 -1.12380004
v -0.00000000 19.20129967 -1.16750002
v 0.11410000 19.20140076 -1.16250002
v 0.10920000 19.06570053 -1.11940002
v 0.11840000 19.34269905 -1.19009995
v 0.23570000 19.34259987 -1.17330003
v 0.22759999 19.20159912 -1.14769995
v 0.21810000 19.06649971 -1.10590005
v 0.35100001 19.34160042 -1.14540005
v 0.12160000 19.48730087 -1.20210004
v 0.24180000 19.48690033 -1.18309999
v 0.35990000 19.48489952 -1.15269995
v 0.46149999 19.33909988 -1.10200000
v 0.47330001 19.47979927 -1.10810006
v 0.57609999 19.47030067 -1.04260004
v 0.36629999 19.62840080 -1.14649999
v 0.24620000 19.63240051 -1.17960000
v 0.25009999 19.77829933 -1.16820002
v 0.37210000 19.77149963 -1.13250005
v 0.12549999 19.78129959 -1.18990004
v 0.12370000 19.63360023 -1.20000005
v 0.00000000 19.34269905 -1.19579995
v -0.00000000 19.48719978 -1.20860004
v 0.00000000 19.63380051 -1.20700002
v -0.00000000 19.78210068 -1.19739997
v -0.00000000 19.93140030 -1.17460001
v 0.12690000 19.92950058 -1.16659999
v 0.00000000 20.07729912 -1.12689996
v 0.12729999 20.07439995 -1.11960006
v 0.00010000 10.91209984 -1.37890005
v 0.00010000 10.78839970 -1.37249994
v 0.00020000 10.66670036 -1.35060000
v 0.06240000 10.54570007 -1.31869996
v 0.07120000 10.66269970 -1.35790002
v 0.13030000 10.53299999 -1.33500004
v 0.14740001 10.65050030 -1.37800002
v 0.20739999 10.51249981 -1.35689998
v 0.23370001 10.63010025 -1.40480006
v 0.29350001 10.48480034 -1.37950003
v 0.33140001 10.60169983 -1.43099999
v 0.43599999 10.56560040 -1.45200002
v 0.54159999 10.52099991 -1.46480000
v 0.61449999 10.64570045 -1.51160002
v 0.11680000 10.42450047 -1.27859998
v 0.05610000 10.43690014 -1.26479995
v 0.10650000 10.32610035 -1.21060002
v 0.09860000 10.23750019 -1.13119996
v 0.69309998 10.77760029 -1.53559995
v 0.72909999 10.58829975 -1.50779998
v 0.81879997 10.71920013 -1.52779996
v 0.83350003 10.52180004 -1.48950005
v 0.93169999 10.64850044 -1.50059998
v 0.64340001 10.46809959 -1.46609998
v 0.73769999 10.40779972 -1.45580006
v 0.92619997 10.44810009 -1.46070004
v 1.02989995 10.56799984 -1.46029997
v 0.65120000 10.30910015 -1.41170001
v 0.09280000 10.15750027 -1.03910005
v 1.02499998 12.01630020 -1.14709997
v 1.12479997 11.97990036 -1.10860002
v 1.28880000 10.50090027 -1.32079995
v 1.35590005 10.40330029 -1.27010000
v -0.00000000 14.26290035 -1.27880001
v -0.00000000 14.39400005 -1.33120000
v -0.00000000 14.52630043 -1.38329995
v 0.00000000 14.65979958 -1.43449998
v 0.00000000 14.79479980 -1.48380005
v 0.07100000 14.79319954 -1.48950005
v 0.07460000 14.65820026 -1.43990004
v 0.07780000 14.52470016 -1.38839996
v 0.15109999 14.65369987 -1.45529997
v 0.15730000 14.52019978 -1.40300000
v 0.14410000 14.78880024 -1.50520003
v 0.00000000 14.93169975 -1.52960002
v 0.06700000 14.93000031 -1.53550005
v 0.00000000 15.07059956 -1.57079995
v 0.06250000 15.06910038 -1.57650006
v 0.13630000 14.92570019 -1.55139995
v 0.12790000 15.06480026 -1.59280002
v -0.00000000 20.65449905 -0.44080001
v -0.00000000 20.60440063 -0.57920003
v 0.00000000 20.68330002 -0.30070001
v -0.00000000 20.68409920 -0.12470000
v 0.11720000 20.68009949 -0.12040000
v 0.00000000 20.67420006 0.04020000
v 0.11850000 20.66799927 0.03990000
v 0.11680000 20.67530060 -0.28500000
v -0.00000000 20.21400070 -1.05309999
v -0.00000000 20.34049988 -0.96079999
v 0.00000000 20.45009995 -0.84799999
v 0.12510000 20.33559990 -0.95480001
v 0.12300000 20.44529915 -0.84359998
v 0.12660000 20.21080017 -1.04740000
v 0.25220001 20.19939995 -1.02750003
v 0.25360000 20.06550026 -1.09710002
v 0.37450001 20.17799950 -0.99000001
v 0.37660000 20.04910088 -1.05729997
v 0.37560001 19.91250038 -1.10389996
v 0.25279999 19.92359924 -1.14310002
v 0.48379999 20.25720024 -0.85369998
v 0.37009999 20.29590034 -0.90390003
v 0.36370000 20.40049934 -0.80110002
v 0.47490001 20.35650063 -0.75760001
v 0.57620001 20.30060005 -0.69959998
v 0.58749998 20.20739937 -0.78850001
v 0.46280000 20.43709946 -0.64639997
v 0.56250000 20.38050079 -0.60000002
v 0.35499999 20.48439980 -0.68120003
v 0.24900000 20.32110023 -0.93650001
v 0.24490000 20.42930031 -0.82889998
v 0.12070000 20.53389931 -0.71530002
v -0.00000000 20.53919983 -0.71890002
v 0.11830000 20.59830093 -0.57560003
v 0.11710000 20.64710045 -0.43340001
v 0.23459999 20.57990074 -0.56569999
v 0.23100001 20.62500000 -0.42179999
v 0.34090000 20.59350014 -0.40959999
v 0.34639999 20.54719925 -0.54920000
v 0.33989999 20.62170029 -0.26320001
v 0.44229999 20.58180046 -0.25479999
v 0.44479999 20.55380058 -0.39469999
v 0.53490001 20.53129959 -0.24550000
v 0.53960001 20.50320053 -0.37419999
v 0.44679999 20.58600044 -0.11190000
v 0.54149997 20.53269958 -0.11390000
v 0.34290001 20.62890053 -0.11330000
v 0.23040000 20.65270042 -0.27190000
v 0.23240000 20.66180038 -0.11600000
v 0.45199999 20.50289917 -0.52530003
v 0.55010003 20.44960022 -0.49219999
v 0.23999999 20.51700020 -0.70389998
v 0.00000000 12.14719963 1.06939995
v 0.78410000 15.81210041 0.94919997
v 0.78450000 15.69979954 -1.85150003
v 0.92540002 15.79909992 -1.84599996
v 0.79960001 15.84010029 -1.85309994
v 0.82200003 15.98250008 -1.84159994
v 0.94840002 15.93210030 -1.83790004
v 0.66299999 15.72539997 -1.84440005
v 0.54449999 15.74569988 -1.83029997
v 0.53710002 15.59809971 -1.82270002
v 0.42710000 15.61139965 -1.80410004
v 0.53570002 15.45349979 -1.80869997
v 0.42739999 15.46409988 -1.78989995
v 0.32879999 15.47369957 -1.76600003
v 0.32650000 15.62259960 -1.78050005
v 0.33750001 15.32789993 -1.74249995
v 0.26359999 15.19250011 -1.68280005
v 0.25150001 15.33600044 -1.71350002
v 0.34959999 15.18490028 -1.71200001
v 0.17649999 15.34389973 -1.68350005
v 0.18730000 15.19989967 -1.65359998
v 0.36379999 15.04409981 -1.67600000
v 0.27700001 15.05140018 -1.64600003
v 0.37909999 14.90559959 -1.63429999
v 0.29080001 14.91250038 -1.60389996
v 0.47589999 14.89990044 -1.66320002
v 0.65200001 15.44159985 -1.82130003
v 0.65460002 15.58209991 -1.83560002
v 0.49239999 14.76319981 -1.61769998
v 0.50819999 14.62769985 -1.56719995
v 0.40889999 14.63319969 -1.53760004
v 0.39430001 14.76869965 -1.58819997
v 0.52249998 14.49320030 -1.51240003
v 0.62949997 14.48950005 -1.53750002
v 0.61479998 14.62430000 -1.59259999
v 0.31680000 14.64009953 -1.50689995
v 0.30410001 14.77540016 -1.55739999
v 0.23130000 14.64729977 -1.47850001
v 0.22130001 14.78250027 -1.52869999
v 0.21030000 14.91950035 -1.57519996
v 0.19870000 15.05860043 -1.61710000
v 1.24979997 13.96980000 -1.24880004
v 1.36689997 13.98690033 -1.20319998
v 1.46819997 13.86880016 -1.07930005
v 1.47809994 14.01039982 -1.14300001
v 1.58029997 14.03969955 -1.06860006
v 1.56680000 13.89929962 -1.00399995
v 1.55289996 13.76200008 -0.93820000
v 1.53859997 13.63129997 -0.87199998
v 1.44589996 13.59910011 -0.95609999
v 1.45739996 13.73060036 -1.01699996
v 1.43410003 13.47579956 -0.89679998
v 1.52419996 13.50920010 -0.80589998
v 1.60160005 13.55130005 -0.70590001
v 1.58570004 13.43809986 -0.63470000
v 1.67130005 14.07339954 -0.98269999
v 1.59329998 14.17819977 -1.13349998
v 1.68780005 14.20960045 -1.04770005
v 1.74759996 14.11019993 -0.88690001
v 1.76680005 14.24409962 -0.95240003
v 1.83099997 14.28069973 -0.85210001
v 2.35500002 16.64119911 -1.52250004
v 2.40709996 16.72820091 -1.44029999
v 2.52169991 16.65640068 -1.43760002
v 2.46499991 16.80229950 -1.33930004
v 2.57960010 16.72340012 -1.33609998
v 2.52200007 16.85610008 -1.21700001
v 2.63260007 16.76770020 -1.21210003
v 2.68610001 16.63159943 -1.33239996
v 2.73280001 16.66729927 -1.20760000
v 2.82389998 16.55909920 -1.20290005
v 2.78390002 16.52899933 -1.32780004
v 2.85299993 16.57290077 -1.06180000
v 2.92960000 16.45980072 -1.06029999
v 2.76869988 16.68370056 -1.06519997
v 2.70749998 16.79439926 -0.91490000
v 2.67540002 16.78949928 -1.06959999
v 2.57089996 16.88610077 -1.07550001
v 2.60809994 16.89599991 -0.92129999
v 2.99819994 16.34490013 -1.06050003
v 3.05920005 16.22750092 -1.05990005
v 3.06579995 16.23430061 -0.91460001
v 3.00990009 16.34889984 -0.91159999
v 2.62989998 16.57220078 -1.43359995
v 2.45440006 16.96850014 -1.08260000
v 2.49640012 16.98609924 -0.93040001
v 2.52130008 16.98450089 -0.77160001
v 2.62859988 16.88759995 -0.75980002
v 2.72399998 16.78219986 -0.75199997
v 2.52629995 16.96610069 -0.61229998
v 3.09520006 15.63179970 -1.37390006
v 3.16479993 15.63650036 -1.26610005
v 3.25510001 15.55399990 -1.15409994
v 3.22510004 15.63920021 -1.14489996
v 3.27270007 15.64519978 -1.01559997
v 3.30649996 15.55560017 -1.01880002
v 3.30089998 15.65550041 -0.88249999
v 3.34249997 15.55889988 -0.88010001
v 3.25690007 15.76369953 -0.89069998
v 3.25580001 15.77000046 -0.75800002
v 3.30259991 15.66129971 -0.74830002
v 3.23959994 15.74730015 -1.01999998
v 3.20009995 15.73400021 -1.14479995
v 3.17440009 15.84130001 -1.15419996
v 3.20230007 15.86219978 -1.03180003
v 3.14289999 15.72659969 -1.26020002
v 3.12310004 15.82639980 -1.26610005
v 3.14229989 15.96109962 -1.16980004
v 3.16050005 15.98429966 -1.04620004
v 3.21169996 15.88049984 -0.90249997
v 3.16450000 15.99979973 -0.91200000
v 3.11269999 16.10680008 -1.05589998
v 3.11599994 16.11779976 -0.91560000
v 3.16380000 16.00020027 -0.76969999
v 3.21029997 15.88469982 -0.76670003
v 3.09859991 16.08609962 -1.18379998
v 3.23769999 15.75850010 -0.62290001
v 3.28169990 15.65359974 -0.61559999
v 3.20269990 15.73309994 -0.48559999
v 3.24600005 15.63710022 -0.48350000
v 3.19619989 15.86769962 -0.62610000
v 3.15529990 15.97900009 -0.62250000
v 3.33130002 15.55510044 -0.60869998
v 3.29670000 15.54510021 -0.47870001
v 3.35540009 15.45170021 -0.47160000
v 3.38680005 15.45969963 -0.60369998
v 3.24699998 15.53120041 -0.34349999
v 3.30909991 15.43929958 -0.33489999
v 3.19180012 15.61730003 -0.34810001
v 3.35100007 15.56060028 -0.74190003
v 3.38579988 15.47179985 -0.88260001
v 3.40140009 15.46700001 -0.73940003
v 3.34640002 15.47369957 -1.02690005
v 3.39499998 15.39260006 -1.03789997
v 3.45070004 15.30760002 -1.05030000
v 3.46219993 15.21269989 -1.22019994
v 3.51029992 15.21679974 -1.06200004
v 3.57130003 15.12069988 -1.07089996
v 3.54649997 15.20759964 -0.90520000
v 3.60220003 15.10999966 -0.91339999
v 3.56539989 15.18620014 -0.75139999
v 3.61540008 15.08539963 -0.75880003
v 3.48979998 15.30049992 -0.89609998
v 3.51090002 15.28349972 -0.74409997
v 3.52729988 15.11540031 -1.23090005
v 3.63210011 15.02070045 -1.07640004
v 3.59330010 15.01399994 -1.23619998
v 3.65680003 15.00979996 -0.91949999
v 3.43510008 15.38790035 -0.88819999
v 3.45469999 15.37619972 -0.74010003
v 3.44479990 15.36289978 -0.60159999
v 3.50250006 15.26280022 -0.60229999
v 2.43490005 15.11390018 -1.42639995
v 2.37140012 15.07089996 -1.32229996
v 2.33520007 15.03470039 -1.20729995
v 2.28640008 15.07870007 -1.08510005
v 2.32439995 15.00329971 -1.08899999
v 2.32480001 14.97539997 -0.97259998
v 2.36989999 14.91860008 -1.09189999
v 2.37430000 14.89140034 -0.97380000
v 2.37910008 14.94760036 -1.21440005
v 2.41880012 14.97949982 -1.33340001
v 2.47530007 14.87489986 -1.34080005
v 2.43499994 14.84669971 -1.21809995
v 2.53990006 14.75990009 -1.34399998
v 2.50070000 14.73369980 -1.21809995
v 2.42449999 14.82180023 -1.09329998
v 2.43219995 14.79710007 -0.97390002
v 2.49040008 14.71290016 -1.09189999
v 2.50040007 14.69229984 -0.97340000
v 2.61400008 14.64179993 -1.34370005
v 2.57509995 14.61639977 -1.21389997
v 2.69569993 14.52569962 -1.34080005
v 2.66050005 14.50129986 -1.20799994
v 2.67720008 14.67619991 -1.46669996
v 2.75449991 14.56040001 -1.46689999
v 2.60710001 14.79409981 -1.46159995
v 2.54279995 14.90950012 -1.45389998
v 2.48550010 15.01729965 -1.44200003
v 2.69230008 14.83539963 -1.56449997
v 2.33430004 14.94979954 -0.85530001
v 2.28999996 15.02569962 -0.85270000
v 2.28399992 15.05010033 -0.96969998
v 2.30189991 15.00580025 -0.73519999
v 2.31999993 14.99160004 -0.61720002
v 2.34910011 14.92770004 -0.73769999
v 2.36960006 14.91030025 -0.61930001
v 2.38619995 14.86559963 -0.85769999
v 2.40339994 14.84150028 -0.74110001
v 2.42569995 14.82110023 -0.62290001
v 2.39800000 14.89990044 -0.50010002
v 2.45530009 14.80700016 -0.50279999
v 2.48699999 14.72360039 -0.62930000
v 2.51670003 14.70569992 -0.50830001
v 2.46479988 14.74660015 -0.74629998
v 2.34640002 14.98490047 -0.49919999
v 2.30150008 15.06270027 -0.49939999
v 2.38389993 14.98760033 -0.38260001
v 2.43700004 14.89859962 -0.38159999
v 2.76009989 14.71899986 -1.57309997
v 2.85560012 14.76790047 -1.65579998
v 2.83340001 14.60480022 -1.57560003
v 2.92580009 14.65509987 -1.65989995
v 2.95760012 14.82030010 -1.71089995
v 3.02600002 14.70839977 -1.71619999
v 3.06130004 14.87430000 -1.73570001
v 3.12960005 14.76270008 -1.74179995
v 3.09759998 14.59889984 -1.71249998
v 3.19989991 14.65270042 -1.73800004
v 3.30220008 14.70569992 -1.73080003
v 3.27230000 14.54389954 -1.72389996
v 3.37369990 14.59549999 -1.71529996
v 3.39879990 14.75739956 -1.68990004
v 3.47029996 14.64599991 -1.67330003
v 3.48440003 14.80620003 -1.61600006
v 3.55599999 14.69449997 -1.59930003
v 3.55609989 14.84990025 -1.51199996
v 3.62700009 14.73929977 -1.49679995
v 3.48440003 14.95890045 -1.51699996
v 3.62599993 14.58290005 -1.57299995
v 3.54099989 14.53540039 -1.64639997
v 3.44569993 14.48659992 -1.68949997
v 3.34610009 14.43710041 -1.70029998
v 3.51690006 14.37979984 -1.65789998
v 3.42009997 14.33230019 -1.67139995
v 3.60999990 14.42650032 -1.61399996
v 3.58629990 14.27460003 -1.62909997
v 3.49259996 14.22859955 -1.64479995
v 3.67630005 14.31929970 -1.58500004
v 3.24860001 14.38669968 -1.67869997
v 3.17199993 14.49149990 -1.69980001
v 3.15849996 14.33600044 -1.62670004
v 3.07820010 14.43910027 -1.64470005
v 3.00009990 14.54539967 -1.65620005
v 2.91190004 14.49440002 -1.57159996
v 2.92650008 14.34449959 -1.45389998
v 2.83829999 14.44960022 -1.46210003
v 2.99469995 14.38879967 -1.56140006
v 3.08030009 14.28740025 -1.54649997
v 3.01659989 14.24429989 -1.44449997
v 2.96900010 14.20979977 -1.32959998
v 2.87619996 14.30970001 -1.33109999
v 3.05970001 14.11279964 -1.33319998
v 3.10579991 14.14690018 -1.43690002
v 2.78410006 14.41469955 -1.33580005
v 2.75219989 14.39089966 -1.20360005
v 2.84540009 14.28569984 -1.20439994
v 3.54410005 14.99230003 -1.38650000
v 3.61380005 14.88570023 -1.38279998
v 3.68280005 14.77719975 -1.37100005
v 3.69619989 14.62810040 -1.47360003
v 3.75049996 14.66779995 -1.35329998
v 3.81629992 14.55809975 -1.33539999
v 3.76270008 14.51720047 -1.44799995
v 3.82590008 14.40610027 -1.42770004
v 3.87980008 14.44699955 -1.32179999
v 3.91799998 14.48180008 -1.20150006
v 3.85400009 14.59090042 -1.20869994
v 3.94099998 14.33349991 -1.31389999
v 3.88599992 14.29380035 -1.41530001
v 3.94390011 14.17889977 -1.40910006
v 3.87709999 14.14159966 -1.49249995
v 3.81839991 14.25339985 -1.50090003
v 4.00010014 14.21679974 -1.31149995
v 4.05859995 14.09729958 -1.31099999
v 4.00299978 14.06120014 -1.40540004
v 4.04220009 14.25279999 -1.20039999
v 4.10190010 14.13420010 -1.20439994
v 3.98049998 14.36900043 -1.19869995
v 3.93829989 14.02680016 -1.48819995
v 3.80089998 14.10309982 -1.55929995
v 3.73970008 14.21230030 -1.56719995
v 3.86450005 13.99020004 -1.55649996
v 3.75740004 14.36310005 -1.51670003
v 3.69330001 14.47259998 -1.54250002
v 3.93989992 14.50419998 -1.07159996
v 4.00339985 14.39319992 -1.07430005
v 3.94860005 14.50949955 -0.93809998
v 4.01329994 14.39960003 -0.94679999
v 3.95020008 14.49440002 -0.80159998
v 4.01580000 14.38300037 -0.81720001
v 4.07480001 14.28330040 -0.95469999
v 4.06619978 14.27849960 -1.07959998
v 4.07340002 14.26490021 -0.83010000
v 3.87619996 14.61030006 -1.07239997
v 3.88429999 14.61219978 -0.93129998
v 3.82340002 14.71100044 -0.92739999
v 3.81369996 14.71329975 -1.07509995
v 3.78950000 14.69779968 -1.21850002
v 3.72469997 14.80410004 -1.22829998
v 3.65919995 14.90989971 -1.23500001
v 3.69250011 14.91860008 -1.07840002
v 3.75279999 14.81579971 -1.07770002
v 3.76600003 14.80949974 -0.92530000
v 3.71259999 14.88430023 -0.76810002
v 3.76399994 14.78680038 -0.77209997
v 3.71090007 14.90909958 -0.92320001
v 3.66380000 14.98419952 -0.76419997
v 3.75250006 14.75310040 -0.62110001
v 3.81089997 14.65450001 -0.63029999
v 3.82010007 14.69120026 -0.77840000
v 3.70000005 14.85229969 -0.61619997
v 5.74450016 9.58170033 -0.79030001
v 5.72480011 9.50679970 -0.78890002
v 5.70849991 9.50879955 -0.81129998
v 5.72450018 9.45189953 -0.79380000
v 5.73409986 9.50430012 -0.76230001
v 5.73199987 9.44859982 -0.76859999
v 5.75519991 9.57820034 -0.75860000
v 5.75649977 9.57559967 -0.72579998
v 5.73789978 9.50119972 -0.73430002
v 5.73449993 9.44470024 -0.74280000
v 5.73519993 9.40310001 -0.77600002
v 5.73839998 9.39820004 -0.75070000
v 5.73360014 9.36299992 -0.78189999
v 5.73890018 9.36089993 -0.75459999
v 5.72559977 9.40919971 -0.79949999
v 5.70919991 9.41279984 -0.81840003
v 5.70879984 9.45349979 -0.81569999
v 5.72100019 9.37430000 -0.80470002
v 5.70760012 9.38619995 -0.81639999
v 5.71899986 9.33650017 -0.74860001
v 5.70830011 9.34599972 -0.77350003
v 5.73839998 9.36369991 -0.73360002
v 5.73220015 9.34609985 -0.71950001
v 5.69339991 9.34280014 -0.73850000
v 5.68499994 9.34570026 -0.76209998
v 5.70510006 9.34480000 -0.71060002
v 5.73670006 9.39290047 -0.72630000
v 5.73220015 9.38449955 -0.70270002
v 5.73350000 9.44019985 -0.71700001
v 5.72879982 9.43500042 -0.69160002
v 5.73610020 9.49759960 -0.70630002
v 5.72860003 9.49409962 -0.67979997
v 5.75209999 9.57339954 -0.69419998
v 5.74440002 9.57120037 -0.66339999
v 5.72620010 9.56989956 -0.63779998
v 5.71449995 9.49059963 -0.65670002
v 5.75540018 9.67469978 -0.65340000
v 5.73549986 9.67459965 -0.62769997
v 5.76840019 9.67520046 -0.68320000
v 5.71439981 9.42930031 -0.67040002
v 5.71740007 9.37539959 -0.68150002
v 5.69129992 9.37409973 -0.67339998
v 5.69180012 9.42490005 -0.65780002
v 5.69290018 9.48830032 -0.64020002
v 5.68590021 9.50940037 -0.82880002
v 5.68400002 9.45180035 -0.82669997
v 5.65689993 9.50920010 -0.83499998
v 5.65780020 9.44859982 -0.83550000
v 5.63100004 9.44499969 -0.82720000
v 5.66050005 9.40260029 -0.82889998
v 5.63670015 9.40009975 -0.81739998
v 5.66739988 9.36880016 -0.80980003
v 5.64569998 9.36750031 -0.79799998
v 5.62419987 9.37730026 -0.78289998
v 5.61759996 9.40270042 -0.80030000
v 5.63170004 9.36200047 -0.76130003
v 5.60760021 9.38840008 -0.74779999
v 5.60459995 9.39739990 -0.76999998
v 5.58449984 9.43010044 -0.73589998
v 5.58489990 9.43509960 -0.76279998
v 5.59180021 9.42609978 -0.70990002
v 5.61460018 9.38189983 -0.72530001
v 5.63920021 9.35470009 -0.73949999
v 5.65460014 9.35169983 -0.77469999
v 5.66270018 9.34469986 -0.75169998
v 5.67649984 9.35229969 -0.78570002
v 5.60449982 9.40869999 -0.78670001
v 5.60949993 9.44239998 -0.80949998
v 5.59320021 9.43959999 -0.78820002
v 5.62799978 9.50749969 -0.82590002
v 5.60279989 9.50510025 -0.80870003
v 5.68520021 9.40950012 -0.82520002
v 5.68970013 9.37790012 -0.81400001
v 5.69880009 9.35739994 -0.79610002
v 5.75549984 9.78899956 -0.65380001
v 5.73649979 9.78849983 -0.62949997
v 5.71309996 9.78779984 -0.60890001
v 5.70739985 9.67520046 -0.61260003
v 5.67609978 9.67619991 -0.60850000
v 5.66919994 9.57149982 -0.62159997
v 5.69920015 9.57030010 -0.62300003
v 5.66599989 9.48670006 -0.63300002
v 5.63730001 9.48600006 -0.63550001
v 5.66669989 9.42020035 -0.64579999
v 5.63990021 9.41950035 -0.64850003
v 5.66389990 9.37699986 -0.66460001
v 5.65500021 9.35770035 -0.69110000
v 5.68109989 9.34739971 -0.70169997
v 5.67119980 9.34290028 -0.72850001
v 5.64690018 9.35289955 -0.71740001
v 5.64480019 9.38759995 -0.66490000
v 5.63409996 9.38199997 -0.68169999
v 5.62309980 9.38020039 -0.70370001
v 5.61990023 9.42140007 -0.66600001
v 5.60419989 9.42360020 -0.68720001
v 5.61170006 9.48649979 -0.64960003
v 5.59189987 9.48830032 -0.67119998
v 5.57539988 9.49040031 -0.69610000
v 5.56699991 9.49390030 -0.72579998
v 5.56939983 9.49829960 -0.75700003
v 5.55950022 9.57970047 -0.71569997
v 5.56489992 9.58290005 -0.74860001
v 5.56759977 9.57660007 -0.68339998
v 5.72069979 9.89229965 -0.59729999
v 5.63110018 9.58829975 -0.81400001
v 5.60470009 9.58730030 -0.79780000
v 5.58309984 9.68900013 -0.76950002
v 5.58120012 9.58559990 -0.77679998
v 5.58190012 9.50189972 -0.78590000
v 5.45669985 11.40400028 -0.61189997
v 5.40080023 11.55309963 -0.54949999
v 5.39820004 11.54860020 -0.62019998
v 5.32670021 11.69019985 -0.57040000
v 5.32439995 11.67930031 -0.64370000
v 5.26940012 11.82610035 -0.60100001
v 5.26669979 11.81050014 -0.67949998
v 5.31869984 11.66639996 -0.70810002
v 5.26679993 11.79529953 -0.74870002
v 5.21589994 11.95479965 -0.63290000
v 5.20909977 11.93420029 -0.71660000
v 5.15579987 12.07289982 -0.66270000
v 5.14659977 12.04950047 -0.75139999
v 5.08739996 12.16219997 -0.78469998
v 5.09740019 12.18760014 -0.69199997
v 5.09460020 12.20549965 -0.59289998
v 5.04479980 12.30340004 -0.72270000
v 5.04040003 12.32199955 -0.62089998
v 5.03459978 12.27630043 -0.81849998
v 5.12979984 12.02120018 -0.82569999
v 5.06680012 12.13059998 -0.86320001
v 5.20020008 11.91160011 -0.78820002
v 5.26200008 11.77789974 -0.80930001
v 5.18760014 11.88790035 -0.84859997
v 5.30469990 11.65100002 -0.76050001
v 5.37099981 11.52890015 -0.74080002
v 5.38929987 11.54069996 -0.68519998
v 5.16219997 11.85830021 -0.89510000
v 5.08260012 11.95810032 -0.93400002
v 5.10820007 11.99059963 -0.88559997
v 5.12839985 11.82569981 -0.92760003
v 5.05399990 11.92440033 -0.97259998
v 5.62120008 10.02379990 -0.49450001
v 5.58650017 10.01169968 -0.47999999
v 5.64289999 9.94849968 -0.48130000
v 5.61399984 9.94029999 -0.46070001
v 5.69500017 9.85869980 -0.48269999
v 5.65850019 9.85200024 -0.47470000
v 5.70709991 9.74650002 -0.47040001
v 5.66970015 9.74090004 -0.46840000
v 5.74300003 9.75150013 -0.46419999
v 5.73250008 9.86509991 -0.47799999
v 5.77600002 9.75549984 -0.45019999
v 5.78420019 9.63899994 -0.43770000
v 5.75290012 9.63609982 -0.45100001
v 5.71910000 9.63249969 -0.45500001
v 5.68550014 9.62889957 -0.44929999
v 5.72980022 9.52480030 -0.44020000
v 5.70170021 9.52229977 -0.43160000
v 5.76000023 9.52729988 -0.43869999
v 5.76809978 9.43169975 -0.45080000
v 5.73479986 9.42980003 -0.45480001
v 5.79050016 9.52919960 -0.43090001
v 5.79899979 9.43379974 -0.43630001
v 5.70109987 9.42650032 -0.44830000
v 5.67880011 9.52029991 -0.41389999
v 5.65590000 9.62619972 -0.43189999
v 5.67309999 9.42370033 -0.42800000
v 5.63439989 9.73680019 -0.45269999
v 5.62690020 9.84650040 -0.45559999
v 5.60890007 9.73519993 -0.42260000
v 5.60360003 9.84319973 -0.42609999
v 5.63189983 9.62430000 -0.40630001
v 5.59289980 9.93490028 -0.43079999
v 5.50430012 9.70170021 -1.08589995
v 5.47030020 9.66619968 -1.08840001
v 5.49270010 9.66730022 -1.10000002
v 5.48460007 9.69999981 -1.05980003
v 5.45669985 9.70079994 -1.03950000
v 5.44490004 9.66919994 -1.07120001
v 5.42269993 9.67940044 -1.06070006
v 5.42880011 9.66259956 -1.10430002
v 5.41709995 9.67010021 -1.13199997
v 5.41090012 9.68220043 -1.15919995
v 5.40959978 9.70359993 -1.18820000
v 1.75489998 1.23020005 0.03530000
v 1.74399996 1.27600002 -0.04850000
v 1.68789995 1.26530004 -0.05410000
v 1.78410006 1.33700001 -0.12270000
v 1.73109996 1.33749998 -0.11920000
v 1.79949999 1.27960002 -0.05050000
v 1.83790004 1.33270001 -0.13259999
v 1.85479999 1.27409995 -0.06070000
v 1.82149994 1.40569997 -0.19140001
v 1.80939996 1.49520004 -0.23119999
v 1.80260003 1.59679997 -0.25479999
v 1.76030004 1.50109994 -0.21930000
v 1.76999998 1.41129994 -0.18050000
v 1.71959996 1.41480005 -0.17520000
v 1.71190000 1.50380003 -0.21580000
v 1.66869998 1.41059995 -0.18220000
v 1.79900002 1.70519996 -0.27129999
v 1.79709995 1.81879997 -0.28250000
v 1.84259999 1.81599998 -0.30610001
v 1.84700000 1.69970000 -0.29560000
v 1.79690003 1.93659997 -0.28880000
v 1.75469995 1.93739998 -0.27630001
v 1.84019995 1.93579996 -0.31209999
v 1.67670000 1.33580005 -0.12090000
v 1.84829998 0.96460003 0.40270001
v 1.72770000 0.16450000 -0.13650000
v 1.83399999 0.12520000 -0.26030001
v 1.84089994 0.12150000 -0.13959999
v 1.95089996 0.09000000 -0.15030000
v 1.94000006 0.08800000 -0.27770001
v 1.96190000 0.09740000 -0.02010000
v 2.05270004 0.06450000 -0.17100000
v 2.03719997 0.05550000 -0.30129999
v 1.92190003 0.06450000 -0.40000001
v 2.01950002 0.03570000 -0.42930001
v 1.90279996 0.04100000 -0.52050000
v 2.00049996 0.01040000 -0.55629998
v 2.12709999 0.04410000 -0.33080000
v 2.10899997 0.02590000 -0.45989999
v 2.14470005 0.05250000 -0.19990000
v 2.22390008 0.06030000 -0.23019999
v 2.20630002 0.05520000 -0.36140001
v 2.16030002 0.05460000 -0.06440000
v 2.06680012 0.07450000 -0.03780000
v 2.24289989 0.04630000 -0.09390000
v 2.18650007 0.04070000 -0.48930001
v 1.97669995 -0.01900000 -0.68030000
v 1.94430006 -0.03450000 -0.80030000
v 1.84630001 -0.01050000 -0.74750000
v 1.87800002 0.01070000 -0.63590002
v 1.89849997 -0.04690000 -0.90820003
v 1.98660004 -0.04920000 -0.96020001
v 1.80350006 -0.02830000 -0.85110003
v 1.79999995 0.08630000 -0.48830000
v 1.77620006 0.05860000 -0.59590000
v 1.81949997 0.11030000 -0.37650001
v 2.07529998 0.07600000 0.09780000
v 2.17449999 0.05460000 0.07270000
v 2.26209998 0.03790000 0.04480000
v 2.27780008 0.03640000 0.18140000
v 2.35809994 0.03200000 0.15889999
v 2.33829999 0.03740000 0.01910000
v 2.39870000 0.06370000 -0.00060000
v 2.36360002 0.09500000 -0.14000000
v 2.31259990 0.05860000 -0.12070000
v 1.40509999 2.05360007 -0.75629997
v 1.42030001 2.06040001 -0.69120002
v 1.44439995 2.21199989 -0.61290002
v 1.41659999 2.20670009 -0.68610001
v 1.39530003 2.34980011 -0.74529999
v 1.40139997 2.20099998 -0.75260001
v 1.41079998 2.35409999 -0.67570001
v 1.40040004 2.19499993 -0.81269997
v 1.40620005 2.04730010 -0.81510001
v 1.40320003 2.33789992 -0.87029999
v 1.39250004 2.34439993 -0.80890000
v 1.39189994 2.48839998 -0.87190002
v 1.38250005 2.49440002 -0.80460000
v 1.42700005 2.33089995 -0.93349999
v 1.46319997 2.32340002 -0.99910003
v 1.51199996 2.31690001 -1.06299996
v 1.53069997 2.16790009 -1.05449998
v 1.44710004 2.47410011 -1.00890005
v 1.49510002 2.46810007 -1.07420003
v 1.41320002 2.48149991 -0.94010001
v 1.39999998 2.63269997 -0.94669998
v 1.38010001 2.63890004 -0.87379998
v 1.37070000 2.64400005 -0.80040002
v 1.38590002 2.49909997 -0.73519999
v 1.40199995 2.50239992 -0.66119999
v 1.43809998 2.35770011 -0.60000002
v 1.43009996 2.50460005 -0.58300000
v 1.47650003 2.36069989 -0.52420002
v 1.47000003 2.50710011 -0.50650001
v 1.48199999 2.21620011 -0.53850001
v 1.37349999 2.64790010 -0.72500002
v 1.39040005 2.65059996 -0.64639997
v 1.42120004 2.65249991 -0.56639999
v 1.74479997 0.02890000 -0.69889998
v 1.70439994 -0.04540000 -1.04910004
v 1.75349998 -0.04030000 -0.95039999
v 1.84340000 -0.05000000 -1.00580001
v 1.78869998 -0.04750000 -1.09650004
v 1.81640005 -0.04080000 -1.21700001
v 1.86839998 -0.04890000 -1.14260006
v 1.74220002 -0.03890000 -1.18239999
v 1.70840001 -0.02450000 -1.26619995
v 1.78320003 -0.02500000 -1.28779995
v 1.84039998 -0.02320000 -1.29929996
v 1.88269997 -0.03260000 -1.25600004
v 1.93289995 0.00020000 -1.30449998
v 1.85829997 0.00260000 -1.34759998
v 1.94169998 -0.03830000 -1.18990004
v 2.00230002 -0.00220000 -1.23640001
v 2.00449991 -0.03840000 -1.10640001
v 1.92840004 -0.05080000 -1.05840003
v 1.77610004 0.00610000 -1.35979998
v 1.78729999 0.07160000 -1.41540003
v 1.88180006 0.06610000 -1.39460003
v 1.69270003 0.07770000 -1.41180003
v 1.69239998 0.00800000 -1.34800005
v 1.71329999 0.80519998 -1.31429994
v 1.70169997 0.68049997 -1.35930002
v 1.77709997 0.66799998 -1.38759995
v 1.84969997 0.65820003 -1.39499998
v 1.84599996 0.52480000 -1.42130005
v 1.92270005 0.51580000 -1.40429997
v 1.91929996 0.38740000 -1.41310000
v 1.83459997 0.39829999 -1.43480003
v 1.91030002 0.26870000 -1.41460001
v 1.99559999 0.38000000 -1.37010002
v 1.99109995 0.50950003 -1.36609995
v 1.91709995 0.65160000 -1.38240004
v 1.84379995 0.79400003 -1.36039996
v 1.90400004 0.78969997 -1.35270000
v 1.83109999 0.92900002 -1.32969999
v 1.88740003 0.92659998 -1.32599998
v 1.92050004 1.05809999 -1.28740001
v 1.87179995 1.06060004 -1.30869997
v 1.85899997 1.19190001 -1.29480004
v 1.81710005 1.06159997 -1.30739999
v 1.80530000 1.19140005 -1.28750002
v 1.90849996 1.19050002 -1.27939999
v 1.77960002 0.79949999 -1.34790003
v 1.77170002 0.93129998 -1.31270003
v 1.81970000 0.27930000 -1.44029999
v 1.89970005 0.15880001 -1.41530001
v 1.80400002 0.16689999 -1.44210005
v 1.70490003 0.17749999 -1.44589996
v 1.60150003 0.08400000 -1.39119995
v 1.76040006 1.06130004 -1.28499997
v 1.75100005 1.18920004 -1.26059997
v 1.74300003 1.31830001 -1.23950005
v 1.79480004 1.32130003 -1.26880002
v 1.84669995 1.32280004 -1.28129995
v 1.89660001 1.32260001 -1.27289999
v 1.92850006 1.45539999 -1.24629998
v 1.94070005 1.32060003 -1.24319994
v 1.88290000 1.45589995 -1.26909995
v 1.96790004 1.45369995 -1.20459998
v 1.97749996 1.31659997 -1.19500005
v 1.95620000 1.59200001 -1.21749997
v 1.91470003 1.59239995 -1.25240004
v 1.99339998 1.59179997 -1.16729999
v 2.00209999 1.45109999 -1.14760005
v 1.94420004 1.73310006 -1.22909999
v 1.90209997 1.73259997 -1.25839996
v 1.86909997 1.59200001 -1.26950002
v 1.85739994 1.73179996 -1.27090001
v 1.98399997 1.73389995 -1.18560004
v 1.97379994 1.87810004 -1.19649994
v 1.93330002 1.87679994 -1.23529994
v 1.89189994 1.87590003 -1.26119995
v 2.01220012 1.31009996 -1.13489997
v 2.03559995 1.44860005 -1.08200002
v 2.05220008 1.30229998 -1.07270002
v 2.07249999 1.44819999 -1.01520002
v 2.09920001 1.29659998 -1.01460004
v 2.06010008 1.59630001 -1.03450000
v 2.02729988 1.59280002 -1.10459995
v 1.83399999 1.45519996 -1.27139997
v 1.82169998 1.59089994 -1.26709998
v 1.81130004 1.73060000 -1.26520002
v 1.77450001 1.58940005 -1.24660003
v 1.76549995 1.72940004 -1.24290001
v 1.78460002 1.45340002 -1.25440001
v 1.73520005 1.45089996 -1.22319996
v 1.72700000 1.58770001 -1.21399999
v 1.71899998 1.72839999 -1.20940006
v 1.67079997 1.72790003 -1.16740000
v 1.75800002 1.87259996 -1.24109995
v 1.71169996 1.87170005 -1.20690000
v 1.66419995 1.87160003 -1.16289997
v 1.80340004 1.87360001 -1.26359999
v 1.84840000 1.87479997 -1.27100003
v 1.84329998 2.01950002 -1.27059996
v 1.79830003 2.01850009 -1.26269996
v 1.84259999 2.16490006 -1.27209997
v 1.79569995 2.16420007 -1.26349998
v 1.75259995 2.01769996 -1.23920000
v 1.74740005 2.16389990 -1.23989999
v 1.88639998 2.02069998 -1.26220000
v 1.62189996 1.72889996 -1.11520004
v 1.61469996 1.87290001 -1.11029994
v 1.65590000 2.01659989 -1.15890002
v 1.60249996 2.01749992 -1.10850000
v 1.58669996 2.16440010 -1.11160004
v 1.56949997 2.31369996 -1.11989999
v 1.62909997 2.31290007 -1.16939998
v 1.64370000 2.16359997 -1.16050005
v 1.68630004 2.31270003 -1.21300006
v 1.69739997 2.16380000 -1.20389998
v 1.70580006 2.01699996 -1.20299995
v 1.74100006 2.31229997 -1.24790001
v 1.67449999 2.46429992 -1.22800004
v 1.73420000 2.46379995 -1.26189995
v 1.79390001 2.31200004 -1.26999998
v 1.79240000 2.46309996 -1.28219998
v 1.61399996 2.46460009 -1.18359995
v 1.59930003 2.61899996 -1.19869995
v 1.55299997 2.46530008 -1.13230002
v 1.53760004 2.61929989 -1.14510000
v 1.48010004 2.62129998 -1.08510005
v 1.58420002 2.77570009 -1.21130002
v 1.52139997 2.77550006 -1.15590000
v 1.50310004 2.93390012 -1.16299999
v 1.56750000 2.93449998 -1.21930003
v 1.44470000 2.93359995 -1.10080004
v 1.42330003 3.09400010 -1.10220003
v 1.48249996 3.09439993 -1.16569996
v 1.46399999 2.77640009 -1.09449995
v 1.54859996 3.09439993 -1.22290003
v 1.65069997 2.77640009 -1.25730002
v 1.66279995 2.61899996 -1.24399996
v 1.63720000 2.93560004 -1.26580000
v 1.43280005 2.62619996 -1.01830006
v 1.41639996 2.77940011 -1.02660000
v 4.73500013 11.98540020 -1.09109998
v 4.78989983 12.02079964 -1.10590005
v 4.85970020 11.92230034 -1.05239999
v 4.90920019 11.95489979 -1.05879998
v 4.95209980 11.98900032 -1.04910004
v 4.84240007 12.05510044 -1.11170006
v 4.88819981 12.09060001 -1.10119998
v 4.82690001 12.19340038 -1.15450001
v 4.86770010 12.23279953 -1.12310004
v 4.92500019 12.12759972 -1.07200003
v 4.90110016 12.27330017 -1.07459998
v 4.95489979 12.16539955 -1.02690005
v 4.98600006 12.02449989 -1.02090001
v 5.01389980 12.06000042 -0.97880000
v 4.98350000 12.20400047 -0.96990001
v 5.04059982 12.09560013 -0.92650002
v 5.01210022 12.24209976 -0.90140003
v 4.96190023 12.35550022 -0.93930000
v 4.98530006 12.39190006 -0.85240000
v 4.93190002 12.31459999 -1.01289999
v 4.84919977 12.38269997 -1.11950004
v 4.88229990 12.42660046 -1.05369997
v 4.81199980 12.33959961 -1.17100000
v 4.76639986 12.29759979 -1.20480001
v 4.70629978 12.40320015 -1.24979997
v 4.75670004 12.44769955 -1.21420002
v 4.64699984 12.50949955 -1.28960001
v 4.70190001 12.55650043 -1.25300002
v 4.79790020 12.49310017 -1.16040003
v 4.74679995 12.60420036 -1.19749999
v 4.60440016 12.04609966 -1.11769998
v 4.89830017 12.15100002 -0.24480000
v 4.83279991 12.25829983 -0.25380000
v 4.88420010 12.28629971 -0.29580000
v 4.77169991 12.36540031 -0.25720000
v 4.82399988 12.39340019 -0.30520001
v 4.72200012 12.33689976 -0.22490001
v 4.78550005 12.23050022 -0.22290000
v 4.66020012 12.44519997 -0.22200000
v 4.60550022 12.41199970 -0.21460000
v 4.67290020 12.30659962 -0.21359999
v 4.73979998 12.20189953 -0.20829999
v 4.69479990 12.17000008 -0.21380000
v 4.53730011 12.51809978 -0.21370000
v 4.59880018 12.55519962 -0.21840000
v 4.60879993 12.70100021 -0.24550000
v 4.66039991 12.58640003 -0.24910000
v 4.67589998 12.72859955 -0.30180001
v 4.72039986 12.61369991 -0.30540001
v 4.56059980 12.81859970 -0.24519999
v 4.63539982 12.84720039 -0.29990000
v 4.82490015 12.52770042 -0.37830001
v 4.77810001 12.63840008 -0.38209999
v 4.76959991 12.50220013 -0.30759999
v 4.87629986 12.54759979 -0.46560001
v 4.82999992 12.65830040 -0.47589999
v 4.73729992 12.75209999 -0.38209999
v 4.78929996 12.77070045 -0.48140001
v 4.87809992 12.41919994 -0.36849999
v 4.71470022 12.47459984 -0.25420001
v 4.93680000 12.31089973 -0.35319999
v 4.98390007 12.32639980 -0.42940000
v 4.92799997 12.43760014 -0.44949999
v 5.01959991 12.32999992 -0.52079999
v 4.96649981 12.44429970 -0.54530001
v 5.07600021 12.21370029 -0.49630001
v 4.98960018 12.43840027 -0.64910001
v 4.99539995 12.42029953 -0.75379997
v 4.94719982 12.53699970 -0.78359997
v 4.94080019 12.55389977 -0.67530000
v 4.89389992 12.66839981 -0.69730002
v 4.89960003 12.65279961 -0.81029999
v 4.93669987 12.50800037 -0.88520002
v 4.88850021 12.62360001 -0.91589999
v 4.81599998 12.69789982 -1.04120004
v 4.84030008 12.73789978 -0.94309998
v 4.86439991 12.58399963 -1.00999999
v 4.91300011 12.46969986 -0.97579998
v 4.85260010 12.76669979 -0.83300000
v 4.84889984 12.78139973 -0.71450001
v 4.82760000 12.78170013 -0.59460002
v 4.87010002 12.66950035 -0.58329999
v 4.80620003 12.89309978 -0.72770000
v 4.78859997 12.89449978 -0.60280001
v 4.80660009 12.87860012 -0.85110003
v 4.91650009 12.55720043 -0.56690001
v 2.14730000 1.45669997 -0.89389998
v 2.11199999 1.45120001 -0.95279998
v 2.12500000 1.61129999 -0.90020001
v 2.09319997 1.60280001 -0.96460003
v 2.14969993 1.62030005 -0.83920002
v 2.17090011 1.46319997 -0.83440000
v 2.17829990 1.46930003 -0.77200001
v 2.16179991 1.62829995 -0.77710003
v 2.15799999 1.63450003 -0.71280003
v 2.16849995 1.47529995 -0.70789999
v 2.14190006 1.78690004 -0.72200000
v 2.12249994 1.79130006 -0.65490001
v 2.10859990 1.93659997 -0.66189998
v 2.07319999 1.93729997 -0.59200001
v 2.12570000 1.93239999 -0.73150003
v 2.11330009 2.07290006 -0.73820001
v 2.09489989 2.07540011 -0.66549999
v 2.12770009 1.92519999 -0.80010003
v 2.11669993 2.06730008 -0.81070000
v 2.14450002 1.77989995 -0.78789997
v 2.05870008 2.07450008 -0.59380001
v 2.08649993 2.21169996 -0.66640002
v 2.05119991 2.20930004 -0.59289998
v 2.10590005 2.21129990 -0.74190003
v 2.13369989 1.77069998 -0.85270000
v 2.11199999 1.76030004 -0.91810000
v 2.11989999 1.91610003 -0.86900002
v 2.11150002 2.05940008 -0.88340002
v 2.10899997 2.20180011 -0.89310002
v 2.11179996 2.20779991 -0.81770003
v 2.09780002 2.04999995 -0.95620000
v 2.09739995 2.19400001 -0.96710002
v 2.11330009 2.34349990 -0.89780003
v 2.11420012 2.34759998 -0.81999999
v 2.10319996 2.33750010 -0.97329998
v 2.10299993 1.90569997 -0.93910003
v 2.07879996 1.89520001 -1.01129997
v 2.07529998 2.04040003 -1.02810001
v 2.08450007 1.75010002 -0.98790002
v 2.05439997 1.74170005 -1.06099999
v 2.04889989 1.88650000 -1.08249998
v 2.02099991 1.73629999 -1.12909997
v 2.01320004 1.88090003 -1.14540005
v 2.04469991 2.03230000 -1.09549999
v 2.00760007 2.02699995 -1.15380001
v 5.60349989 9.74110031 -0.30960000
v 5.59240007 9.73709965 -0.34650001
v 5.61829996 9.62790012 -0.30270001
v 5.60879993 9.62460041 -0.33829999
v 5.62449980 9.74619961 -0.27810001
v 5.60410023 9.85079956 -0.27720001
v 5.65229988 9.75199986 -0.25299999
v 5.63310003 9.85869980 -0.24879999
v 5.67100000 9.86680031 -0.23320000
v 5.68540001 9.75780010 -0.23500000
v 5.72300005 9.76290035 -0.22620000
v 5.76179981 9.76669979 -0.23350000
v 5.76620007 9.64589977 -0.23450001
v 5.73129988 9.64360046 -0.22620000
v 5.73579979 9.52869987 -0.23170000
v 5.76809978 9.52989960 -0.23700000
v 5.76650000 9.43190002 -0.23410000
v 5.73540020 9.43099976 -0.22990000
v 5.70349979 9.52649975 -0.23520000
v 5.70429993 9.42819977 -0.23440000
v 5.69619989 9.64029980 -0.23289999
v 5.79969978 9.53090000 -0.24959999
v 5.81139994 9.43449974 -0.27849999
v 5.79460001 9.43319988 -0.25000000
v 5.66489983 9.63619995 -0.24990000
v 5.67759991 9.52420044 -0.25360000
v 5.63859987 9.63189983 -0.27320001
v 5.65980005 9.52169991 -0.27840000
v 5.64879990 9.51990032 -0.30570000
v 5.64580011 9.51889992 -0.33450001
v 5.63439989 9.42029953 -0.33539999
v 5.63910007 9.42109966 -0.30219999
v 5.65040016 9.34070015 -0.33669999
v 5.65430021 9.34150028 -0.30599999
v 5.67479992 9.28040028 -0.31020001
v 5.68620014 9.28190041 -0.28610000
v 5.66790009 9.34350014 -0.27890000
v 5.71899986 9.23970032 -0.27849999
v 5.70240021 9.28409958 -0.26499999
v 5.70410013 9.23950005 -0.29730001
v 5.69250011 9.24170017 -0.31799999
v 5.68550014 9.24870014 -0.33530000
v 5.67080021 9.27999973 -0.33649999
v 5.73640013 9.20890045 -0.29409999
v 5.72160006 9.20989990 -0.31270000
v 5.75070000 9.21440029 -0.27669999
v 5.73629999 9.24240017 -0.26159999
v 5.72279978 9.28699970 -0.24760000
v 5.75519991 9.19309998 -0.31040001
v 5.74139977 9.19509983 -0.33050001
v 5.70779991 9.21809959 -0.33350000
v 5.72510004 9.20520020 -0.35280001
v 5.68720007 9.34619999 -0.25659999
v 5.71180010 9.34969997 -0.24120000
v 5.67609978 9.42560005 -0.24879999
v 5.65430021 9.42290020 -0.27289999
v 5.73990011 9.35369968 -0.23549999
v 5.74910021 9.29189968 -0.24120000
v 5.63920021 9.42059994 -0.36880001
v 5.65520000 9.34130001 -0.36780000
v 5.65080023 9.51869965 -0.36269999
v 5.61429977 9.62339973 -0.37470001
v 5.59429979 9.73530006 -0.38589999
v 5.66200018 9.51920033 -0.38980001
v 5.65229988 9.42179966 -0.40040001
v 5.66820002 9.34280014 -0.39690000
v 5.67469978 9.27880001 -0.36379999
v 5.68510008 9.27820015 -0.39019999
v 5.70429993 9.23289967 -0.37500000
v 5.69250011 9.23910046 -0.35240000
v 5.70289993 9.27910042 -0.41400000
v 5.72069979 9.23139954 -0.39640000
v 5.68760014 9.34469986 -0.42230001
v 5.71290016 9.34720039 -0.44220001
v 5.75360012 9.28629971 -0.44299999
v 5.72590017 9.28199959 -0.43239999
v 5.74329996 9.35079956 -0.45190001
v 5.76350021 9.23760033 -0.42760000
v 5.73969984 9.23320007 -0.41450000
v 5.78170013 9.29409981 -0.43509999
v 5.77449989 9.35560036 -0.44580001
v 5.79869986 9.36019993 -0.42640001
v 5.80910015 9.30070019 -0.42160001
v 5.81589985 9.36359978 -0.40120000
v 5.82289982 9.30589962 -0.39460000
v 5.81640005 9.24860001 -0.41409999
v 5.78959990 9.24650002 -0.42530000
v 5.79220009 9.21860027 -0.41090000
v 5.77589989 9.20810032 -0.40470001
v 5.75680017 9.20269966 -0.38920000
v 5.79279995 9.19579983 -0.38060001
v 5.77500010 9.19089985 -0.36399999
v 5.81029987 9.21039963 -0.39780000
v 5.74079990 9.20209980 -0.37160000
v 5.82969999 9.25319958 -0.38699999
v 5.83519983 9.20590019 -0.37930000
v 5.84110022 9.21660042 -0.34920001
v 5.83319998 9.25739956 -0.35830000
v 5.82740021 9.30840015 -0.36489999
v 5.82200003 9.36530018 -0.37059999
v 5.82590008 9.43560028 -0.34250000
v 5.82180023 9.36590004 -0.33919999
v 5.82399988 9.43579960 -0.37549999
v 5.82189989 9.43509960 -0.30939999
v 5.81739998 9.36559963 -0.30910000
v 5.80830002 9.36439991 -0.28119999
v 5.82810020 9.30920029 -0.33539999
v 5.83389997 9.25860023 -0.33199999
v 5.82520008 9.30869961 -0.30750000
v 5.83069992 9.25710011 -0.30720001
v 5.81899977 9.43509960 -0.40880001
v 5.83820009 9.53059959 -0.38310000
v 5.81909990 9.53050041 -0.41299999
v 2.03290009 10.01140022 0.22510000
v 2.04159999 10.02019978 0.08200000
v 2.03620005 10.02169991 -0.06770000
v 2.06750011 9.89799976 0.09570000
v 2.06410003 9.89939976 -0.05410000
v 2.08870006 9.78069973 -0.04520000
v 2.08960009 9.77880001 0.10490000
v 2.04640007 9.88959980 -0.20940000
v 2.07270002 9.77250004 -0.20070000
v 2.09649992 9.65999985 -0.19640000
v 2.06419992 9.64319992 -0.35249999
v 2.11139989 9.66650009 -0.04110000
v 2.10980010 9.66380024 0.10960000
v 2.13190007 9.55650043 -0.04070000
v 2.12849998 9.55280018 0.11020000
v 2.09380007 9.65480042 0.25470001
v 2.11059999 9.54300022 0.25650001
v 2.07610011 9.77050018 0.24879999
v 2.11809993 9.55179977 -0.19499999
v 2.08550000 9.53779984 -0.34810001
v 2.01749992 9.61870003 -0.50319999
v 2.03780007 9.51650047 -0.49520001
v 1.97370005 9.48880005 -0.63050002
v 2.13709998 9.44690037 -0.19499999
v 2.10540009 9.43560028 -0.34529999
v 2.15140009 9.45020008 -0.04240000
v 2.15510011 9.34500027 -0.19589999
v 2.12369990 9.33570004 -0.34320000
v 2.16939998 9.34689999 -0.04530000
v 2.05579996 9.88980007 0.23870000
v 2.03150010 9.87839985 0.37490001
v 2.04929996 9.75889969 0.38519999
v 1.99539995 9.86509991 0.50349998
v 2.01079988 9.74520016 0.51400000
v 1.94410002 9.84889984 0.62300003
v 1.95609999 9.72879982 0.63279998
v 1.87500000 9.82859993 0.73019999
v 1.88409996 9.70890045 0.73940003
v 1.86399996 9.94839954 0.71920002
v 1.78129995 9.92290020 0.81449997
v 1.78919995 9.80379963 0.82410002
v 1.77100003 10.04109955 0.80400002
v 1.85169995 10.06760025 0.70700002
v 1.79530001 9.68480015 0.83230001
v 1.79980004 9.56779957 0.83890003
v 1.69210005 9.65690041 0.91030002
v 1.69420004 9.54090023 0.91579998
v 1.68879998 9.77480030 0.90340000
v 1.89139998 9.59140015 0.74650002
v 2.02469993 9.62829971 0.52170002
v 1.96650004 9.61149979 0.64010000
v 2.06550002 9.64260006 0.39230001
v 1.97560000 9.49740028 0.64520001
v 1.89750004 9.47710037 0.75169998
v 2.03679991 9.51480007 0.52630001
v 1.75800002 10.15799999 0.79360002
v 1.66369998 10.12600040 0.87739998
v 1.67530000 10.00990009 0.88660002
v 1.55809999 10.09060001 0.94590002
v 1.68350005 9.89270020 0.89539999
v 1.54540002 10.20499992 0.93660003
v 1.43439996 10.16720009 0.98979998
v 1.42110002 10.28009987 0.97729999
v 1.29579997 10.35219955 0.99830002
v 1.40349996 10.39159966 0.96130002
v 1.38090003 10.50100040 0.94279999
v 1.27709997 10.45979977 0.97860003
v 1.17509997 10.42280006 1.00639999
v 1.18789995 10.31719971 1.02520001
v 1.07679999 10.39550018 1.02649999
v 0.99070001 10.47529984 1.02149999
v 1.35259998 10.60770035 0.92449999
v 1.45449996 10.65100002 0.88029999
v 1.55330002 10.69040012 0.82230002
v 1.41890001 10.75710011 0.86669999
v 1.57749999 9.62619972 0.97280002
v 1.57700002 9.51159954 0.97670001
v 1.69420004 9.42770004 0.92000002
v 1.57369995 9.39990044 0.97960001
v 1.69210005 9.31760025 0.92280000
v 1.56850004 9.29090023 0.98110002
v 1.68859994 9.21030045 0.92350000
v 1.56270003 9.18470001 0.98089999
v 1.80439997 9.23480034 0.84829998
v 1.80480003 9.34280014 0.84719998
v 1.68490005 9.10560036 0.92180002
v 1.80299997 9.12950039 0.84700000
v 1.90779996 9.15219975 0.75440001
v 1.90610003 9.25769997 0.75599998
v 1.90970004 9.04909992 0.75190002
v 2.00079989 9.07050037 0.64219999
v 1.99629998 9.17329979 0.64579999
v 2.08109999 8.99069977 0.51160002
v 2.07399988 9.09070015 0.51730001
v 2.00559998 8.96990013 0.63779998
v 2.08809996 8.89239979 0.50550002
v 2.01060009 8.87110043 0.63249999
v 1.91219997 8.94810009 0.74830002
v 1.91569996 8.84899998 0.74360001
v 2.12930012 9.10910034 0.38180000
v 2.11829996 9.21049976 0.38769999
v 2.06660008 9.19279957 0.52280003
v 2.13980007 9.00969982 0.37570000
v 1.80250001 9.02659988 0.84480000
v 1.80330002 8.92570019 0.84149998
v 1.80579996 8.82660007 0.83690000
v 1.68210006 8.90289974 0.91560000
v 1.68369997 8.80410004 0.91070002
v 1.68260002 9.00329971 0.91920000
v 1.55710006 9.08110046 0.97799999
v 1.55299997 8.97949982 0.97420001
v 1.99119997 9.27849960 0.64819998
v 1.90289998 9.36590004 0.75510001
v 1.98389995 9.38640022 0.64789999
v 1.80330002 9.45380020 0.84380001
v 1.43760002 9.26420021 1.02219999
v 1.42970002 9.15909958 1.02030003
v 1.44490004 9.37160015 1.02269995
v 1.45070004 9.48169994 1.02190006
v 1.31860006 9.45330048 1.05239999
v 1.31149995 9.34500027 1.05050004
v 1.45369995 9.59440041 1.02010000
v 1.30270004 9.23890018 1.04729998
v 1.29349995 9.13469982 1.04260004
v 1.42240000 9.05630016 1.01569998
v 1.28489995 9.03240013 1.03600001
v 1.16009998 9.11320019 1.05040002
v 1.15050006 9.01089954 1.04110003
v 1.16970003 9.21679974 1.05830002
v 2.08010006 9.52989960 0.39600000
v 2.12619996 9.43459988 0.25479999
v 2.09410000 9.42059994 0.39600000
v 2.10669994 9.31420040 0.39289999
v 2.04769993 9.40450001 0.52810001
v 2.05800009 9.29720020 0.52710003
v 2.15639997 9.22620010 0.24609999
v 2.14129996 9.32900047 0.25099999
v 2.18079996 9.23890018 0.09990000
v 2.16429996 9.34080029 0.10470000
v 2.14650011 9.44519997 0.10830000
v 2.18589997 9.24580002 -0.04900000
v 2.19610000 9.13889980 0.09450000
v 2.20110011 9.14640045 -0.05290000
v 2.20910001 9.04039955 0.08900000
v 2.17050004 9.12559986 0.24040000
v 2.18300009 9.02670002 0.23420000
v 2.22560000 8.95090008 -0.05930000
v 2.21359992 9.04810047 -0.05640000
v 2.21880007 8.94239998 0.08400000
v 2.19400001 8.92910004 0.22800000
v 2.17179990 9.24530029 -0.19710000
v 2.14039993 9.23750019 -0.34119999
v 2.18689990 9.14680004 -0.19830000
v 2.15540004 9.14019966 -0.33890000
v 1.12689996 9.97700024 -1.28779995
v 1.00259995 9.91539955 -1.26909995
v 1.04279995 9.84490013 -1.24360001
v 0.91600001 9.79699993 -1.20630002
v 1.07869995 9.77320004 -1.22010005
v 1.16919994 9.90229988 -1.25829995
v 1.20659995 9.82689953 -1.23039997
v 1.33050001 9.88780022 -1.21619999
v 1.89680004 9.45720005 -0.75199997
v 1.80859995 9.42249966 -0.85810000
v 1.91499996 9.36310005 -0.74019998
v 1.82679999 9.33110046 -0.84480000
v 1.99199998 9.39200020 -0.62070000
v 2.00990009 9.29679966 -0.61199999
v 1.93309999 9.27019978 -0.72909999
v 2.05690002 9.41689968 -0.48870000
v 2.07470012 9.31919956 -0.48300001
v 2.09150004 9.22270012 -0.47770000
v 2.02769995 9.20250034 -0.60409999
v 1.95140004 9.17800045 -0.71899998
v 1.96980000 9.08640003 -0.70980000
v 2.04520011 9.10900021 -0.59670001
v 1.86420000 9.15040016 -0.82130003
v 1.84529996 9.24050045 -0.83249998
v 1.76660001 9.12049961 -0.90920001
v 1.74749994 9.20870018 -0.92129999
v 1.65859997 9.08909988 -0.98009998
v 1.63929999 9.17560005 -0.99260002
v 1.72850001 9.29710007 -0.93400002
v 1.62049997 9.26169968 -1.00619996
v 1.78579998 9.03209972 -0.89780003
v 1.88339996 9.06050014 -0.81110001
v 2.06290007 9.01620007 -0.59020001
v 1.98850000 8.99499989 -0.70179999
v 2.00720000 8.90349960 -0.69440001
v 2.08060002 8.92339993 -0.58429998
v 1.90269995 8.97049999 -0.80180001
v 1.92159998 8.88000011 -0.79290003
v 2.02550006 8.81159973 -0.68739998
v 2.09789991 8.83059978 -0.57870001
v 2.14030004 8.93889999 -0.46390000
v 2.15639997 8.84500027 -0.46010000
v 2.12389994 9.03289986 -0.46790001
v 2.10750008 9.12730026 -0.47240001
v 2.17050004 9.04440022 -0.33690000
v 4.53830004 13.36460018 -0.43799999
v 4.59490013 13.37119961 -0.53869998
v 4.64370012 13.24740028 -0.51550001
v 4.58780003 13.23970032 -0.41249999
v 4.68419981 13.12409973 -0.49930000
v 4.62989998 13.11410046 -0.39469999
v 4.71929979 13.00329971 -0.48969999
v 4.66650009 12.99009991 -0.38490000
v 4.70100021 12.86919975 -0.38170001
v 4.75320005 12.88549995 -0.48490000
v 4.75220013 13.00870037 -0.61040002
v 4.71570015 13.12530041 -0.62029999
v 4.76560020 13.00479984 -0.73850000
v 4.72580004 13.11750031 -0.74940002
v 4.67530012 13.24429989 -0.63499999
v 4.68400002 13.23180008 -0.76300001
v 4.76189995 12.98919964 -0.86559999
v 4.71799994 13.09920025 -0.87809998
v 4.62709999 13.36460018 -0.65579998
v 4.56909990 13.48369980 -0.68290001
v 4.63590002 13.34710026 -0.78160000
v 4.57900000 13.46140003 -0.80629998
v 4.62379980 13.31980038 -0.90859997
v 4.56780005 13.42860031 -0.93140000
v 4.50579977 13.53530025 -0.96060002
v 4.47739983 13.48980045 -1.07889998
v 4.44059992 13.63969994 -0.99500000
v 4.41340017 13.59130001 -1.11179996
v 4.34819984 13.69309998 -1.14569998
v 4.28359985 13.79759979 -1.17490005
v 4.22020006 13.90540028 -1.19439995
v 4.17829990 13.86110020 -1.29840004
v 4.24149990 13.74940014 -1.27950001
v 4.30609989 13.64260006 -1.25160003
v 4.37160015 13.54030037 -1.21920002
v 4.32429981 13.49040031 -1.31719995
v 4.43639994 13.44019985 -1.18770003
v 4.44600010 13.67990017 -0.87330002
v 4.51459980 13.57289982 -0.83740002
v 4.67320013 13.20960045 -0.89150000
v 4.69680023 13.06949997 -0.99930000
v 4.74469995 12.96070004 -0.98430002
v 4.71759987 12.92109966 -1.09050000
v 4.79239988 12.85019970 -0.96600002
v 4.76719999 12.81050014 -1.06819999
v 3.84520006 12.51609993 -0.64120001
v 3.84850001 12.51210022 -0.77219999
v 3.75640011 12.60639954 -0.78860003
v 3.86929989 12.52079964 -0.89249998
v 3.78230000 12.61900043 -0.91180003
v 3.89930010 12.53149986 -1.00199997
v 3.28509998 13.36979961 -0.83240002
v 3.93910003 14.22259998 -0.49210000
v 3.88960004 14.32540035 -0.44540000
v 3.85330009 14.26449966 -0.36190000
v 3.79489994 14.37740040 -0.30750000
v 3.83360004 14.43610001 -0.40090001
v 3.80570006 14.20660019 -0.30010000
v 3.74200010 14.32129955 -0.23940000
v 3.67960000 14.26609993 -0.19499999
v 3.72919989 14.49890041 -0.26429999
v 3.67100000 14.44390011 -0.18860000
v 3.77139997 14.55239964 -0.36669999
v 3.85980010 14.49720001 -0.51429999
v 3.79789996 14.60569954 -0.49010000
v 3.65949988 14.62220001 -0.23450001
v 3.70740008 14.66969967 -0.34480000
v 3.59610009 14.56840038 -0.14970000
v 3.59319997 14.74199963 -0.21410000
v 3.52379990 14.68959999 -0.12030000
v 3.64770007 14.78470039 -0.33180001
v 3.60249996 14.38700008 -0.13789999
v 3.52119994 14.50829983 -0.09100000
v 3.73709989 14.71350002 -0.47639999
v 3.68160009 14.82030010 -0.46939999
v 3.87500000 14.55500031 -0.64550000
v 3.91969991 14.38939953 -0.54659998
v 3.94199991 14.45149994 -0.66649997
v 3.97449994 14.28320026 -0.58050001
v 4.00360012 14.34070015 -0.69069999
v 4.12510014 14.15250015 -0.83740002
v 4.13180017 14.16880035 -0.95999998
v 4.18459988 14.05150032 -1.08599997
v 4.12650013 14.16259956 -1.08500004
v 4.15999985 14.01739979 -1.20340002
v 4.11749983 13.97760010 -1.30820000
v 4.06440020 13.94110012 -1.40199995
v 4.00309992 13.90760040 -1.48599994
v 3.60700011 14.20890045 -0.16970000
v 3.52390003 14.32639980 -0.10930000
v 3.43549991 14.44379997 -0.05870000
v 3.33909988 14.37749958 -0.05350000
v 3.43210006 14.26280022 -0.10450000
v 3.24690008 14.49289989 -0.01080000
v 3.13660002 14.42819977 -0.03500000
v 3.15980005 14.60960007 0.02550000
v 3.04489994 14.54469967 0.00120000
v 3.07920003 14.72760010 0.05510000
v 2.95749998 14.66289997 0.03060000
v 3.00399995 14.84609985 0.07640000
v 2.87579989 14.78170013 0.04990000
v 2.84150004 14.61299992 -0.04060000
v 2.76629996 14.73840046 -0.03600000
v 2.92969990 14.49129963 -0.06120000
v 3.02449989 14.37539959 -0.09640000
v 2.67820001 14.71059990 -0.14380001
v 2.74880004 14.58640003 -0.14690000
v 2.80760002 14.90289974 0.04300000
v 2.70359993 14.85739994 -0.04580000
v 2.93379998 14.96220016 0.08870000
v 2.86809993 15.07339954 0.08070000
v 2.74990010 15.01389980 0.02130000
v 3.05990005 15.02989960 0.07070000
v 2.99589992 15.13840008 0.07280000
v 3.12560010 14.91489983 0.06190000
v 2.64599991 14.96609974 -0.05980000
v 2.69199991 15.11540031 0.00220000
v 2.58940005 15.06579971 -0.07250000
v 2.55909991 14.93080044 -0.15730000
v 2.61759996 14.82569981 -0.14980000
v 2.50340009 15.02750015 -0.16509999
v 3.19390011 14.79660034 0.04430000
v 3.26749992 14.67790031 0.01770000
v 3.34850001 14.56050014 -0.01670000
v 3.44169998 14.62790012 -0.05320000
v 3.36829996 14.74600029 -0.02310000
v 3.45830011 14.80780029 -0.09690000
v 3.30130005 14.86439991 -0.00140000
v 3.23830009 14.98159981 0.01130000
v 3.39800000 14.92500019 -0.08060000
v 3.33929992 15.04090023 -0.07220000
v 0.85799998 19.97579956 -0.12819999
v 0.72810000 20.24959946 -0.46799999
v 0.65109998 20.31609917 -0.54000002
v 0.63700002 20.38769913 -0.44569999
v 0.71100003 20.32349968 -0.38310000
v 0.62180001 20.44400024 -0.34459999
v 0.68849999 20.38479996 -0.29780000
v 0.73809999 20.33370018 -0.22650000
v 0.66710001 20.42289925 -0.23190001
v 0.69129997 20.40139961 -0.16159999
v 0.62449998 20.46990013 -0.12549999
v 0.64429998 20.44009972 -0.01550000
v 0.55489999 20.50959969 0.01340000
v 0.56699997 20.46640015 0.13380000
v 0.46329999 20.52700043 0.15940000
v 0.45539999 20.56760025 0.02740000
v 0.61449999 20.47290039 -0.23690000
v 1.84290004 15.68649960 0.48100001
v 1.87070000 15.60260010 0.42530000
v 1.80639994 15.60729980 0.54659998
v 1.83519995 15.52840042 0.49219999
v 1.76289999 15.53149986 0.61009997
v 1.79390001 15.45759964 0.55839998
v 1.71169996 15.45960045 0.67079997
v 1.74399996 15.39039993 0.62190002
v 1.68630004 15.32639980 0.68210000
v 1.65369999 15.39109993 0.72820002
v 1.62590003 15.26469994 0.73790002
v 1.59560001 15.32499981 0.78240001
v 1.53869998 15.26060009 0.83109999
v 1.56830001 15.20400047 0.78799999
v 1.55159998 15.38409996 0.82020003
v 1.49619997 15.31820011 0.86809999
v 1.60599995 15.45279980 0.76779997
v 1.54719996 15.50889969 0.80049998
v 1.65910006 15.52480030 0.71219999
v 1.59459996 15.58300018 0.74739999
v 1.70899999 15.60089970 0.65469998
v 1.43929994 15.25450039 0.90930003
v 1.48269999 15.19789982 0.87199998
v 1.51400006 15.14519978 0.82999998
v 1.58169997 15.15159988 0.74159998
v 1.52919996 15.09840012 0.78780001
v 1.57969999 15.10459995 0.69410002
v 1.62320006 15.10949993 0.58969998
v 1.63600004 15.15590000 0.63880002
v 1.56789994 15.05939960 0.64660001
v 1.63909996 15.20709991 0.68900001
v 1.49570000 15.04570007 0.83870000
v 1.46430004 15.01519966 0.86540002
v 1.69840002 15.26389980 0.63090003
v 1.80219996 15.38659954 0.50360000
v 1.75380003 15.32380009 0.56879997
v 1.84309995 15.45339966 0.43650001
v 1.87969995 15.52280045 0.36919999
v 1.79579997 15.32339954 0.45039999
v 1.83829999 15.38570023 0.38299999
v 1.82790005 15.32530022 0.33350000
v 1.78410006 15.26679993 0.40099999
v 1.87639999 15.45040035 0.31529999
v 1.86689997 15.38630009 0.26550001
v 1.77289999 15.21459961 0.35620001
v 1.81710005 15.27089977 0.28880000
v 1.73490000 15.21170044 0.46680000
v 1.72340000 15.16149998 0.42199999
v 1.74730003 15.26469994 0.51609999
v 1.69299996 15.20919991 0.57900000
v 1.91180003 15.51550007 0.24879999
v 1.90250003 15.44740009 0.19790000
v 2.63159990 15.44639969 0.00200000
v 2.68880010 15.36089993 0.01480000
v 2.80550003 15.42749977 0.02600000
v 2.57949996 15.29930019 -0.02690000
v 2.63490009 15.21010017 -0.01370000
v 2.74780011 15.27019978 0.03170000
v 2.80809999 15.17459965 0.05310000
v 2.86780000 15.33570004 0.04640000
v 2.92330003 15.49720001 0.00490000
v 3.02920008 15.55179977 -0.08940000
v 2.98670006 15.40170002 0.01370000
v 3.09060001 15.46000004 -0.08190000
v 3.04959989 15.30270004 0.01610000
v 3.15400004 15.36240005 -0.07580000
v 3.11279988 15.20160007 0.01720000
v 2.93280005 15.24009991 0.07190000
v 3.21740007 15.26039982 -0.07180000
v 3.17600012 15.09490013 0.01660000
v 3.27950001 15.15330029 -0.07010000
v 3.17820001 15.50500011 -0.20630001
v 3.11870003 15.59130001 -0.21340001
v 3.24189997 15.41059971 -0.19740000
v 3.30609989 15.30910015 -0.18960001
v 3.37380004 15.33969975 -0.32620001
v 2.53489995 15.15839958 -0.08380000
v 2.48300004 15.24510002 -0.09380000
v 2.43530011 15.00139999 -0.27000001
v 2.48990011 14.90849972 -0.26609999
v 2.54839993 14.80739975 -0.26320001
v 2.60910010 14.69690037 -0.26210001
v 2.67639995 14.57719994 -0.26679999
v 2.62260008 14.58170033 -0.39250001
v 2.55649996 14.69600010 -0.38499999
v 2.58279991 14.59599972 -0.51830000
v 2.55369997 14.61769962 -0.63999999
v 2.53299999 14.64340019 -0.75480002
v 2.60770011 14.53460026 -0.76740003
v 2.62490010 14.50629997 -0.65539998
v 2.68400002 14.42520046 -0.78350002
v 2.69639993 14.39500046 -0.67379999
v 2.67650008 14.45310020 -0.87819999
v 2.59439993 14.56130028 -0.86930001
v 2.51620007 14.66919994 -0.86360002
v 2.65280008 14.48169994 -0.53320003
v 2.49519992 14.80169964 -0.38209999
v 5.63950014 9.88099957 0.11160000
v 5.62500000 9.76379967 0.13120000
v 5.64480019 9.64379978 0.12819999
v 5.62060022 9.65100002 0.15899999
v 5.61240005 9.55010033 0.18240000
v 5.63019991 9.54249954 0.14749999
v 5.58869982 9.47280025 0.17710000
v 5.60680008 9.46770000 0.15210000
v 5.58139992 9.55739975 0.20700000
v 5.56580019 9.47620010 0.19700000
v 5.54330015 9.56089973 0.21160001
v 5.53970003 9.47760010 0.21310000
v 5.57130003 9.41409969 0.20730001
v 5.59119987 9.41209984 0.18680000
v 5.57859993 9.36299992 0.21560000
v 5.59639978 9.36079979 0.19560000
v 5.57800007 9.32310009 0.21840000
v 5.59730005 9.31690025 0.20180000
v 5.61079979 9.31229973 0.18250000
v 5.60960007 9.35680008 0.17320000
v 5.60559988 9.40799999 0.16260000
v 5.56459999 9.29829979 0.20580000
v 5.58659983 9.28610039 0.19740000
v 5.54309988 9.31980038 0.21590000
v 5.55900002 9.33160019 0.22440000
v 5.55410004 9.36209965 0.22560000
v 5.54440022 9.41289997 0.21820000
v 5.52640009 9.35620022 0.22340000
v 5.51389980 9.40929985 0.22100000
v 5.50759983 9.47609997 0.20940000
v 5.55109978 9.65950012 0.18430001
v 5.51560020 9.65839958 0.17410000
v 5.50759983 9.56000042 0.19850001
v 5.55660009 9.77190018 0.16370000
v 5.51620007 9.77299976 0.16490000
v 5.48470020 9.65530014 0.15490000
v 5.47499990 9.55669975 0.17960000
v 5.44670010 9.55060005 0.15369999
v 5.58949995 9.65760040 0.18230000
v 5.59280014 9.76840019 0.15080000
v 5.60580015 9.88589954 0.13519999
v 5.61639977 9.40250015 0.13680001
v 5.61880016 9.46170044 0.12310000
v 5.62230015 9.39630032 0.10900000
v 5.62340021 9.45530033 0.09120000
v 5.64050007 9.53579998 0.11060000
v 5.66319990 9.63630009 0.09230000
v 5.62440014 9.33590031 0.09930000
v 5.62430000 9.34399986 0.12570000
v 5.62540007 9.29650021 0.13890000
v 5.62270021 9.28960037 0.11250000
v 5.59340000 9.27410030 0.12150000
v 5.59940004 9.27219963 0.14710000
v 5.62020016 9.30580044 0.16180000
v 5.60340023 9.27499962 0.17070000
v 5.61920023 9.35140038 0.15000001
v 5.61110020 9.29259968 0.09250000
v 5.61359978 9.32619953 0.07460000
v 5.55229998 9.36550045 0.02510000
v 5.51789999 9.36610031 0.03330000
v 5.50810003 9.43420029 0.01090000
v 5.49669981 9.32859993 0.07740000
v 5.48750019 9.37150002 0.05150000
v 5.52610016 9.31649971 0.06300000
v 5.50239992 9.30729961 0.11110000
v 5.53070021 9.29039955 0.10090000
v 5.53590012 9.28409958 0.13470000
v 5.50689983 9.30169964 0.14430000
v 5.54190016 9.28369999 0.16200000
v 5.51389980 9.30389977 0.17280000
v 5.55140018 9.28820038 0.18529999
v 5.52600002 9.30930042 0.19720000
v 5.48769999 9.34210014 0.18000001
v 5.50390005 9.34899998 0.20460001
v 5.46630001 9.39540005 0.17820001
v 5.48740005 9.40289974 0.20290001
v 5.47779989 9.33609962 0.15070000
v 5.47489977 9.33660030 0.11680000
v 5.45370007 9.38790035 0.14669999
v 5.45330000 9.38210011 0.11140000
v 5.47809982 9.47179985 0.19210000
v 5.45270014 9.46510029 0.16750000
v 5.57620001 9.27950001 0.17530000
v 5.56960011 9.27600002 0.15300000
v 5.56379986 9.27550030 0.12720001
v 5.60349989 9.28569984 0.18660000
v 5.55889988 9.28250027 0.09290000
v 5.55760002 9.31330013 0.05490000
v 5.58869982 9.31719971 0.05940000
v 5.58799982 9.28330040 0.09380000
v 5.47770023 9.34340000 0.09080000
v 5.46470022 9.37740040 0.07830000
v 5.44950008 9.44120026 0.05950000
v 5.47450018 9.43669987 0.02920000
v 5.44280005 9.52670002 0.04000000
v 5.46740007 9.52060032 0.00780000
v 5.50299978 9.51720047 -0.01150000
v 5.43090010 9.53429985 0.07830000
v 5.43699980 9.45680046 0.13429999
v 5.43030024 9.54259968 0.11810000
v 5.43620014 9.44839954 0.09620000
v 4.87839985 10.18430042 0.44440001
v 4.90220022 10.20149994 0.47369999
v 4.93389988 10.21630001 0.49640000
v 4.93400002 10.32619953 0.45179999
v 4.94420004 10.11450005 0.51609999
v 4.98390007 10.04930019 0.54430002
v 4.95170021 10.03960037 0.53810000
v 4.91279984 10.10109997 0.50070000
v 4.92329979 10.02509975 0.52609998
v 4.88369989 10.08460045 0.48030001
v 4.90150023 10.00549984 0.50790000
v 4.86569977 10.06389999 0.44900000
v 4.89139986 9.98289967 0.48379999
v 4.86549997 10.04269981 0.41200000
v 4.88119984 9.95919991 0.45780000
v 4.88780022 9.93579960 0.42770001
v 4.91289997 9.91819954 0.40079999
v 4.90530014 9.90069962 0.50440001
v 4.90850019 9.87370014 0.48320001
v 4.92950010 9.85459995 0.45879999
v 4.90180016 9.92500019 0.52480000
v 4.90869999 9.94939995 0.54339999
v 4.93179989 9.87129974 0.54189998
v 4.91620016 9.89249992 0.55890000
v 4.91879988 9.91779995 0.56470001
v 4.93109989 9.96730042 0.55650002
v 4.95749998 9.98159981 0.56540000
v 4.96199989 9.93060017 0.58990002
v 4.93739986 9.92119980 0.57950002
v 4.93690014 9.88269997 0.58880001
v 4.96479988 9.88549995 0.60729998
v 4.98659992 9.99100018 0.57059997
v 4.98820019 9.93900013 0.59469998
v 5.01490021 9.94519997 0.59539998
v 5.01700020 9.99650002 0.57200003
v 5.01779985 10.05469990 0.54650003
v 4.94969988 9.90880013 0.38389999
v 4.96269989 9.85050011 0.43570000
v 5.01700020 9.84549999 0.44000000
v 4.98979998 9.82909966 0.47549999
v 4.99069977 9.85750008 0.42129999
v 5.01739979 9.82950020 0.50319999
v 4.99179983 9.83489990 0.53049999
v 4.96280003 9.83430004 0.50379997
v 4.94320011 9.85019970 0.52469999
v 4.97340012 9.84910011 0.55059999
v 4.95790005 9.86330032 0.56989998
v 4.99650002 9.85219955 0.57110000
v 4.97830009 9.85830021 0.59460002
v 4.99030018 9.89360046 0.61479998
v 4.99830008 9.85949993 0.61559999
v 5.01940012 9.87240028 0.62459999
v 5.01410007 9.90190029 0.61619997
v 5.03660011 9.90610027 0.61460000
v 5.04090023 9.94670010 0.59359998
v 5.05800009 9.90009975 0.61409998
v 5.06599998 9.94200039 0.59119999
v 5.03509998 9.88210011 0.62349999
v 5.05009985 9.86960030 0.62059999
v 5.01560020 9.85599995 0.58920002
v 5.03299999 9.85879993 0.60710001
v 5.04939985 9.85939980 0.58289999
v 5.03429985 9.84780025 0.56730002
v 5.01520014 9.83950043 0.55019999
v 5.07719994 9.85729980 0.55900002
v 5.06120014 9.84440041 0.54060000
v 5.04110003 9.83539963 0.52230000
v 5.06479979 9.86779976 0.59950000
v 5.04720020 9.84370041 0.45969999
v 5.07410002 9.85009956 0.47790000
v 5.09689999 9.86130047 0.49869999
v 5.11390018 9.87740040 0.52260000
v 5.13910007 9.93309975 0.47530001
v 5.12309980 9.91749954 0.44459999
v 5.09700012 9.90690041 0.41870001
v 5.06510019 9.90050030 0.39860001
v 5.02869987 9.89869976 0.38380000
v 4.98929977 9.90279961 0.37810001
v 5.04699993 9.99790001 0.56980002
v 5.07649994 9.99409962 0.56480002
v 5.10589981 9.98589993 0.55510002
v 5.12610006 9.97039986 0.53299999
v 5.14020014 9.95199966 0.50680000
v 5.11630011 9.89820004 0.54720002
v 5.08400011 9.87230015 0.57789999
v 5.08050013 9.89229965 0.60900003
v 5.09439993 9.88879967 0.59090000
v 5.11030006 9.91860008 0.56930000
v 5.09229994 9.93350029 0.58630002
v 1.68030000 15.15999985 0.52980000
v 1.66890001 15.11130047 0.48490000
v 1.66419995 15.05990028 0.44499999
v 1.71730006 15.11110020 0.38150001
v 1.71759999 15.05850029 0.34410000
v 1.72379994 15.00269985 0.30759999
v 1.66700006 15.00510025 0.40910000
v 1.67569995 14.94579983 0.37439999
v 1.62530005 14.88710022 0.43910000
v 1.63960004 14.81750011 0.40419999
v 1.68830001 14.88099957 0.33750001
v 1.65579998 14.74040031 0.36430001
v 1.70340002 14.81019974 0.29650000
v 1.72019994 14.73410034 0.25049999
v 1.76359999 14.80669975 0.18130000
v 1.74800003 14.87689972 0.22770000
v 1.60189998 14.66899967 0.43000001
v 1.54059994 14.60130024 0.49840000
v 1.58539999 14.75189972 0.46770000
v 1.73440003 14.94219971 0.26940000
v 1.78999996 14.94279957 0.16040000
v 1.77760005 15.00370026 0.20209999
v 1.57079995 14.82639980 0.50029999
v 0.98310000 15.92129993 0.85479999
v 1.71210003 17.15349960 -0.16869999
v 2.27010012 17.11610031 -0.51560003
v 2.46760011 0.04040000 1.52859998
v 0.85949999 10.51700020 1.00950003
v 0.92229998 10.48849964 1.02010000
v 0.99760002 10.54069996 1.00989997
v 1.66460001 0.26460001 1.77999997
v 1.71319997 0.25260001 1.77830005
v 1.70190001 0.24060000 1.84340000
v 1.69060004 0.22870000 1.88569999
v 1.69719994 0.19520000 1.88979995
v 1.65579998 0.23190001 1.89660001
v 1.60759997 0.23360001 1.89789999
v 1.55120003 0.23980001 1.88110006
v 1.57760000 0.25810000 1.84669995
v 1.61749995 0.25920001 1.84969997
v 1.66069996 0.25340000 1.84599996
v 1.70920002 0.15510000 1.89730000
v 2.05310011 0.30599999 1.57110000
v 2.05119991 0.24190000 1.65149999
v 2.07010007 0.21980000 1.64390004
v 2.07110000 0.18380000 1.73280001
v 2.08529997 0.15719999 1.72430003
v 2.09349990 0.12880000 1.71220005
v 2.09400010 0.09910000 1.70029998
v 2.06089997 0.21370000 1.74150002
v 2.03590012 0.23620000 1.74479997
v 1.99640000 0.23420000 1.81200004
v 2.00169992 0.24710000 1.74090004
v 1.96739995 0.23610000 1.78989995
v 1.93680000 0.22250000 1.80460000
v 1.96669996 0.19640000 1.84130001
v 0.29350001 8.99849987 -0.13550000
v 0.31040001 8.91119957 -0.14460000
v 0.33100000 9.00349998 -0.29130000
v 0.34860000 8.91839981 -0.29879999
v 0.40220001 8.92630005 -0.44610000
v 0.36629999 8.83440018 -0.30720001
v 0.42060000 8.84379959 -0.45280001
v 0.32749999 8.82549953 -0.15490000
v 0.38389999 8.75189972 -0.31700000
v 0.34439999 8.74160004 -0.16689999
v 0.40130001 8.67080021 -0.32830000
v 0.36109999 8.65939999 -0.18070000
v 0.41859999 8.59099960 -0.34110001
v 0.37770000 8.57870007 -0.19620000
v 0.39399999 8.49940014 -0.21320000
v 0.43550000 8.51220036 -0.35550001
v 0.36739999 8.48579979 -0.06800000
v 0.35170001 8.56569958 -0.04820000
v 0.41020000 8.42109966 -0.23109999
v 0.38290000 8.40730000 -0.08850000
v 0.45230001 8.43420029 -0.37090001
v 0.35490000 8.47109985 0.07660000
v 0.34040001 8.55140018 0.09930000
v 0.33600000 8.64719963 -0.02970000
v 0.32589999 8.63370037 0.12080000
v 0.47450000 8.60309982 -0.48019999
v 0.49210000 8.52470016 -0.49210000
v 0.45680001 8.68229961 -0.46970001
v 0.43880001 8.76249981 -0.46059999
v 0.52730000 8.69429970 -0.60229999
v 0.54549998 8.61540031 -0.61070001
v 0.50880003 8.77390003 -0.59530002
v 0.56349999 8.53709984 -0.62029999
v 0.58130002 8.45909977 -0.63090003
v 0.50950003 8.44670010 -0.50500000
v 0.64929998 8.54990005 -0.73720002
v 0.66759998 8.47159958 -0.74559999
v 0.63090003 8.62839985 -0.72979999
v 0.32010001 8.73069954 -0.01310000
v 0.30399999 8.81620026 0.00140000
v 0.29600000 8.80510044 0.15820000
v 0.30340001 8.79059982 0.31029999
v 0.33790001 8.68509960 0.42530000
v 0.31740001 8.70289993 0.28880000
v 0.31110001 8.71809959 0.14060000
v 0.49010000 8.85439968 -0.58939999
v 0.47119999 8.93579960 -0.58440000
v 0.55500001 8.94740009 -0.71100003
v 0.57429999 8.86670017 -0.71429998
v 0.59350002 8.78670025 -0.71840000
v 0.67240000 8.88140011 -0.82440001
v 0.69190001 8.80150032 -0.82669997
v 0.65280002 8.96160030 -0.82279998
v 0.57340002 8.94149971 0.89609998
v 0.67820001 8.95090008 0.94980001
v 0.78880000 8.96300030 0.98869997
v 0.77590001 8.85970020 0.96749997
v 0.89069998 8.87390041 0.99860001
v 0.90319997 8.97679996 1.01569998
v 0.87760001 8.77429962 0.98220003
v 0.76139998 8.76029968 0.94730002
v 0.74959999 8.66569996 0.92839998
v 0.65560001 8.74960041 0.90050000
v 0.64520001 8.65579987 0.87870002
v 0.66790003 8.84809971 0.92430001
v 0.56900001 8.83990002 0.86769998
v 0.56160003 8.74260044 0.84119999
v 0.48069999 8.74040031 0.76770002
v 0.55470002 8.64999962 0.81680000
v 0.47870001 8.64920044 0.74150002
v 0.47790000 8.56229973 0.71719998
v 0.55059999 8.56200027 0.79470003
v 0.41690001 8.65419960 0.65230000
v 0.42140001 8.56910038 0.62580001
v 0.86070001 8.58850002 0.95150000
v 0.86680001 8.67920017 0.96630001
v 0.74229997 8.57559967 0.91159999
v 1.00269997 8.79139996 1.00600004
v 1.01230001 8.89070034 1.01989996
v 1.14180005 8.91020012 1.03030002
v 1.02310002 8.99250031 1.03340006
v 1.27779996 8.93200016 1.02769995
v 1.27279997 8.83310032 1.01859999
v 1.13510001 8.81120014 1.01870000
v 0.99510002 8.69600010 0.99229997
v 0.99049997 8.60410023 0.97960001
v 0.99000001 8.51539993 0.96810001
v 0.85949999 8.50119972 0.93800002
v 0.74080002 8.48960018 0.89609998
v 1.13069999 8.71510029 1.00720000
v 1.12860000 8.62199974 0.99620003
v 1.27079999 8.73610020 1.00929999
v 1.27160001 8.64159966 0.99980003
v 0.63880002 8.56669998 0.85930002
v 0.63739997 8.48169994 0.84160000
v 0.64179999 8.40060043 0.82389998
v 0.74559999 8.40750027 0.88010001
v 0.75349998 8.32750034 0.86479998
v 0.64929998 8.32199955 0.80699998
v 0.76459998 8.24899960 0.85009998
v 0.66009998 8.24520016 0.79049999
v 0.56309998 8.32059956 0.73540002
v 0.57489997 8.24520016 0.71640003
v 0.55559999 8.39809990 0.75440001
v 0.86420000 8.41730022 0.92420000
v 0.87230003 8.33559990 0.91049999
v 0.55049998 8.47799969 0.77440000
v 0.48019999 8.47929955 0.69450003
v 0.48780000 8.40079975 0.67129999
v 0.37099999 8.66720009 0.54689997
v 0.38010001 8.58329964 0.51929998
v 0.42820001 8.48789978 0.59990001
v 0.38920000 8.50189972 0.49259999
v 0.43770000 8.40979958 0.57459998
v 0.39919999 8.42280006 0.46680000
v 0.44800001 8.33349991 0.55070001
v 0.40990001 8.34570026 0.44190001
v 0.49770001 8.32470036 0.64910001
v 0.50940001 8.24979973 0.62809998
v 0.45930001 8.25829983 0.52840000
v 0.47150001 8.18389988 0.50760001
v 0.42150000 8.27000046 0.41830000
v 0.43390000 8.19509983 0.39629999
v 0.39579999 8.28409958 0.29789999
v 0.40889999 8.20860004 0.27520001
v 0.38350001 8.29959965 0.16779999
v 0.39770001 8.22350025 0.14510000
v 0.41249999 8.14789963 0.12410000
v 0.42260000 8.13370037 0.25420001
v 0.39960000 8.23840046 0.00940000
v 0.41510001 8.16219997 -0.01100000
v 0.38450000 8.31499958 0.03100000
v 0.38339999 8.36050034 0.32229999
v 0.36970001 8.37660027 0.19190000
v 0.37160000 8.43850040 0.34760001
v 0.35640001 8.45510006 0.21670000
v 0.48460001 8.10960007 0.48830000
v 0.44700000 8.12069988 0.37599999
v 0.49820000 8.03520012 0.47040001
v 0.46070001 8.04609966 0.35730001
v 0.43680000 8.05879974 0.23490000
v 0.53560001 8.10109997 0.59050000
v 0.52209997 8.17539978 0.60860002
v 0.36030000 8.51840019 0.37349999
v 0.34940001 8.60050011 0.39940000
v 0.33050001 8.61800003 0.26589999
v 0.34340000 8.53549957 0.24160001
v 2.13070011 0.04650000 1.66949999
v 2.14359999 0.03520000 1.70640004
v 2.14459991 0.05430000 1.72870004
v 2.16269994 0.01440000 1.71000004
v 2.17470002 0.03240000 1.74570000
v 2.19160008 0.06030000 1.76170003
v 2.15720010 0.08370000 1.74890006
v 4.78410006 12.65200043 -1.12619996
v 4.83309984 12.53919983 -1.09159994
v 3.15779996 13.85610008 -1.18040001
v 3.12719989 13.82890034 -1.08910000
v 3.08290005 13.96269989 -1.15910006
v 3.05909991 13.93850040 -1.07050002
v 2.98869991 14.04609966 -1.04419994
v 3.00449991 14.06599998 -1.13139999
v 3.02670002 14.08640003 -1.22889996
v 2.93770003 14.18500042 -1.21280003
v 2.92129993 14.16759968 -1.10549998
v 2.83330011 14.27060032 -1.08589995
v 2.91380000 14.15170002 -1.01549995
v 2.83389997 14.25769997 -0.99059999
v 2.75110006 14.36509991 -0.97589999
v 2.74230003 14.37639999 -1.07650006
v 2.66440010 14.47319984 -0.97149998
v 2.65079999 14.48600006 -1.07930005
v 2.56570005 14.59889984 -1.08679998
v 2.57890010 14.58250046 -0.97219998
v 2.75710011 14.34539986 -0.89160001
v 2.75810003 14.31630039 -0.80199999
v 2.83360004 14.23740005 -0.91020000
v 2.83139992 14.20820045 -0.82160002
v 2.90709996 14.12950039 -0.93300003
v 2.90319991 14.10210037 -0.84130001
v 2.97560000 14.02229977 -0.95719999
v 2.96939993 13.99720001 -0.86150002
v 2.84039998 14.17940044 -0.71499997
v 3.78279996 13.94900036 -1.60420001
v 3.71679997 14.06140041 -1.60469997
v 3.65280008 14.16950035 -1.61090004
v 1.08039999 9.28769970 -1.10549998
v 1.09930003 9.20909977 -1.09590006
v 0.96890002 9.18159962 -1.05869997
v 1.11880004 9.12950039 -1.08700001
v 0.98860002 9.10260010 -1.05219996
v 0.86240000 9.07890034 -0.99570000
v 0.84270000 9.15799999 -0.99970001
v 0.76279998 8.97889996 -0.91740000
v 0.88230002 8.99919987 -0.99250001
v 0.78259999 8.89879990 -0.91700000
v 0.90240002 8.91909981 -0.99010003
v 0.80239999 8.81869984 -0.91740000
v 0.71109998 8.72189999 -0.82990003
v 0.82209998 8.73859978 -0.91860002
v 0.73009998 8.64260006 -0.83420002
v 0.84160000 8.65859985 -0.92060000
v 0.74900001 8.56350040 -0.83939999
v 0.86100000 8.57849979 -0.92339998
v 0.96259999 8.67660046 -0.98720002
v 0.98240000 8.59529972 -0.98750001
v 0.94260001 8.75769997 -0.98750001
v 0.61229998 8.70730019 -0.72350001
v 0.92250001 8.83860016 -0.98839998
v 1.04929996 8.86100006 -1.03840005
v 1.06970000 8.77919960 -1.03540003
v 1.02890003 8.94209957 -1.04219997
v 1.00860000 9.02270031 -1.04680002
v 1.13880002 9.04909992 -1.07920003
v 1.15910006 8.96790028 -1.07239997
v 1.26970005 9.07810020 -1.08949995
v 1.28989995 8.99600029 -1.08060002
v 1.24989998 9.15950012 -1.09949994
v 1.23070002 9.23999977 -1.11039996
v 1.37890005 9.19190025 -1.08959997
v 1.36010003 9.27390003 -1.10249996
v 1.39839995 9.10929966 -1.07790005
v 1.41840005 9.02600002 -1.06729996
v 1.31050003 8.91310024 -1.07280004
v 1.43879998 8.94190025 -1.05770004
v 1.45930004 8.85700035 -1.04929996
v 1.56200004 8.97189999 -1.02269995
v 1.58220005 8.88580036 -1.01279998
v 1.54200006 9.05739975 -1.03340006
v 1.33109999 8.82929993 -1.06589997
v 1.17970002 8.88589954 -1.06659997
v 1.52230000 9.14200020 -1.04509997
v 1.50320005 9.22630024 -1.05820000
v 1.21210003 9.31970024 -1.12230003
v 2.42989993 4.89099979 -0.94260001
v 2.43750000 4.73470020 -0.96359998
v 2.46580005 4.57000017 -0.85949999
v 2.44070005 4.57749987 -0.97890002
v 2.46440005 4.41410017 -0.87000000
v 2.43889999 4.42019987 -0.98799998
v 2.42989993 4.26399994 -0.99000001
v 2.45510006 4.25829983 -0.87480003
v 2.38680005 4.26999998 -1.10339999
v 2.39510012 4.42729998 -1.10370004
v 2.33109999 4.43660021 -1.20809996
v 2.25160003 4.44670010 -1.29869998
v 2.15730000 4.45730019 -1.37039995
v 2.05530000 4.30179977 -1.42499995
v 2.05010009 4.46789980 -1.41970003
v 2.15949988 4.29199982 -1.37479997
v 1.93350005 4.47809982 -1.44649994
v 1.94149995 4.31250000 -1.45210004
v 2.05660009 4.13789988 -1.42110002
v 2.15660000 4.12960005 -1.36849999
v 2.25090003 4.28340006 -1.30190003
v 2.24289989 4.12410021 -1.29279995
v 2.32680011 4.27640009 -1.20940006
v 2.31469989 4.11990023 -1.19959998
v 2.37220001 4.11499977 -1.09549999
v 2.41459990 4.10879993 -0.98610002
v 2.22849989 3.97009993 -1.27330005
v 2.29670000 3.96700001 -1.18260002
v 2.35209990 3.96210003 -1.08270001
v 2.43969989 4.10279989 -0.87519997
v 2.39369988 3.95479989 -0.97839999
v 2.41829991 3.94759989 -0.87239999
v 2.39039993 3.79369998 -0.86839998
v 2.36680007 3.80189991 -0.96929997
v 2.29789996 3.66079998 -1.05480003
v 2.32660007 3.81080008 -1.06789994
v 2.33640003 3.65030003 -0.96139997
v 2.26679993 3.51160002 -1.04579997
v 2.30270004 3.50020003 -0.95679998
v 2.21989989 3.52069998 -1.13080001
v 2.24749994 3.66860008 -1.14419997
v 2.27340007 3.81699991 -1.16250002
v 2.23519993 3.36279988 -1.04229999
v 2.26749992 3.35179996 -0.95660001
v 2.32249999 3.49090004 -0.86479998
v 2.28439999 3.34349990 -0.86739999
v 2.35850000 3.64109993 -0.86540002
v 2.39409995 3.78979993 -0.76620001
v 2.36100006 3.63750005 -0.76709998
v 2.42289996 3.94379997 -0.76580000
v 2.44479990 4.09889984 -0.76429999
v 2.46050000 4.25419998 -0.76020002
v 2.44600010 4.25180006 -0.64719999
v 2.43030000 4.09800005 -0.65460002
v 2.40059996 4.09880018 -0.54680002
v 2.41560006 4.25029993 -0.53670001
v 2.40820003 3.94409990 -0.65969998
v 2.37930012 3.94670010 -0.55470002
v 2.36050010 4.09910011 -0.44190001
v 2.37400007 4.24809980 -0.42969999
v 2.42409992 4.40089989 -0.52399999
v 2.38109994 4.39580011 -0.41530001
v 2.45519996 4.40500021 -0.63679999
v 2.46980000 4.40910006 -0.75250000
v 2.47090006 4.56349993 -0.74030000
v 2.45619988 4.55719995 -0.62290001
v 2.39400005 4.98829985 -0.44549999
v 2.41020012 4.84439993 -0.46950001
v 2.42039990 4.69829988 -0.49050000
v 2.37649989 4.68690014 -0.37990001
v 2.38159990 4.54220009 -0.39870000
v 2.42510009 4.55030012 -0.50870001
v 2.32870007 4.38929987 -0.31220001
v 2.32830000 4.53249979 -0.29449999
v 2.32279992 4.67390013 -0.27500001
v 2.36610007 4.82950020 -0.35879999
v 2.31250000 4.81309986 -0.25369999
v 2.25970006 4.65969992 -0.17810000
v 2.25029993 4.79570007 -0.15590000
v 2.18519998 4.64480019 -0.09210000
v 2.17389989 4.77780008 -0.07090000
v 2.15790009 4.90840006 -0.04920000
v 2.09770012 4.62970018 -0.02230000
v 2.08620000 4.75969982 -0.00090000
v 2.07080007 4.88780022 0.02060000
v 2.26559997 4.52150011 -0.19830000
v 2.19160008 4.50990009 -0.11300000
v 2.26670003 4.38159990 -0.21720000
v 2.32349992 4.24450016 -0.32800001
v 2.25359988 4.09609985 -0.25070000
v 2.31209993 4.09810019 -0.34209999
v 2.26309991 4.23979998 -0.23450001
v 2.23880005 3.95040011 -0.26550001
v 2.29520011 3.95000005 -0.35440001
v 2.17100000 3.95070004 -0.18910000
v 2.18319988 4.09380007 -0.17160000
v 2.21889997 3.80299997 -0.27930000
v 2.27300000 3.80080009 -0.36559999
v 2.15429997 3.80539989 -0.20550001
v 2.19039989 4.23460007 -0.15330000
v 2.10330009 4.09070015 -0.10710000
v 2.09520006 3.95020008 -0.12610000
v 2.10750008 4.22849989 -0.08700000
v 2.34120011 3.94899988 -0.45210001
v 2.31640005 3.79839993 -0.46100000
v 2.35179996 3.79489994 -0.56129998
v 2.28670001 3.64800000 -0.46980000
v 2.31979990 3.64400005 -0.56790000
v 2.24539995 3.65120006 -0.37700000
v 2.19320011 4.37319994 -0.13360000
v 2.10809994 4.36409998 -0.06570000
v 2.01920009 4.35449982 -0.01150000
v 2.02110004 4.22160006 -0.03450000
v 2.10500002 4.49779987 -0.04390000
v 2.01430011 4.48549986 0.01160000
v 2.13779998 5.03630018 -0.02600000
v 2.05170012 5.01340008 0.04330000
v 1.98039997 4.86840010 0.07860000
v 1.96340001 4.99200010 0.10190000
v 1.88750005 4.85200024 0.12160000
v 1.87269998 4.97419977 0.14630000
v 1.99479997 4.74259996 0.05640000
v 2.00620008 4.61490011 0.03430000
v 1.92100000 4.47459984 0.05110000
v 1.91190004 4.60200024 0.07500000
v 1.90069997 4.72790003 0.09830000
v 1.81420004 4.59259987 0.09640000
v 1.80289996 4.71740007 0.12100000
v 1.70050001 4.71199989 0.12400000
v 1.71200001 4.58739996 0.09770000
v 1.59379995 4.71150017 0.11190000
v 1.60529995 4.58589983 0.08350000
v 1.68900001 4.83549976 0.15009999
v 1.58309996 4.83629990 0.14020000
v 1.79059994 4.84070015 0.14560001
v 1.82439995 4.46659994 0.07100000
v 1.72370005 4.46190023 0.07060000
v 1.77760005 4.96229982 0.17140000
v 1.94439995 5.11310005 0.12809999
v 1.85640001 5.09399986 0.17389999
v 1.92340004 5.23190022 0.15860000
v 1.83860004 5.21099997 0.20670000
v 1.90170002 5.34800005 0.19550000
v 1.88069999 5.46269989 0.23840000
v 1.82079995 5.32539988 0.24670000
v 1.80219996 5.43930006 0.29229999
v 1.71140003 5.42799997 0.31770000
v 1.73039997 5.31290007 0.27320001
v 1.77869999 5.55719995 0.33450001
v 1.69000006 5.54559994 0.36579999
v 1.85839999 5.57840014 0.28140000
v 1.75370002 5.67780018 0.37099999
v 1.66760004 5.66860008 0.40730000
v 1.83749998 5.69379997 0.32370001
v 1.61500001 5.43520021 0.31380001
v 1.63310003 5.31500006 0.27230000
v 1.59350002 5.54949999 0.37360001
v 1.53330004 5.32770014 0.25950000
v 1.51890004 5.45359993 0.29449999
v 1.49450004 5.56909990 0.35830000
v 1.64870000 5.19579983 0.23790000
v 1.74710000 5.19820023 0.23360001
v 1.93050003 5.60559988 0.21290000
v 2.02990007 5.13649988 0.06840000
v 1.76289999 5.08169985 0.20000000
v 1.67700005 4.95749998 0.17720000
v 1.66330004 5.07740021 0.20660000
v 1.57169998 4.95940018 0.16949999
v 1.55879998 5.08090019 0.20010000
v 1.54569995 5.20319986 0.23019999
v 1.45120001 5.09569979 0.18550000
v 1.43970001 5.22009993 0.21840000
v 1.34459996 5.12010002 0.16130000
v 1.33449996 5.24730015 0.19540000
v 1.43099999 5.34670019 0.24650000
v 1.32869995 5.37440014 0.22490001
v 1.46329999 4.97020006 0.15279999
v 1.36570001 4.86070013 0.09540000
v 1.47409999 4.84299994 0.12190000
v 1.35599995 4.99149990 0.12740000
v 1.26359999 4.88710022 0.05610000
v 1.25489998 5.02089977 0.08810000
v 1.24489999 5.15210009 0.12130000
v 1.48370004 4.71560001 0.09140000
v 1.37380004 4.72840023 0.06400000
v 2.15420008 6.25509977 0.07430000
v 2.11529994 6.23750019 0.14880000
v 2.06640005 6.22160006 0.22840001
v 2.00850010 6.20550013 0.31330001
v 1.94369996 6.18739986 0.40369999
v 1.96210003 6.07140017 0.35650000
v 1.90170002 6.04290009 0.44839999
v 1.87699997 6.16629982 0.49599999
v 1.93180001 6.30270004 0.44839999
v 1.86109996 6.28970003 0.54020000
v 1.99839997 6.31650019 0.35640001
v 1.99100006 6.42810011 0.39680001
v 1.92180002 6.41930008 0.48530000
v 1.98230004 6.54080009 0.43320000
v 1.90769994 6.53579998 0.51239997
v 2.03970003 6.65990019 0.38890001
v 1.97080004 6.65310001 0.46520001
v 2.04699993 6.54920006 0.35159999
v 2.05259991 6.43919992 0.31200001
v 1.89219999 6.64919996 0.53600001
v 1.84469998 6.41349983 0.56559998
v 1.82470000 6.53289986 0.58149999
v 2.05839992 6.33010006 0.27100000
v 2.10960007 6.34359980 0.19170000
v 2.10540009 6.45130014 0.23240000
v 1.80700004 6.14690018 0.57330000
v 1.83879995 6.01119995 0.53210002
v 1.78340006 6.28100014 0.60909998
v 1.72379994 6.13990021 0.61820000
v 1.69570005 6.27850008 0.64510000
v 1.63049996 6.14580011 0.63050002
v 1.59969997 6.28270006 0.65130001
v 1.75209999 5.99830008 0.58090001
v 1.65390003 6.00579977 0.59759998
v 1.49730003 6.29470015 0.63180000
v 1.52849996 6.16520023 0.61150002
v 1.56710005 6.41130018 0.66229999
v 1.46350002 6.41839981 0.64600003
v 1.66630006 6.40869999 0.65590000
v 1.75929999 6.40980005 0.62400001
v 1.73450005 6.53100014 0.63309997
v 1.63820004 6.53060007 0.66299999
v 1.84319997 5.89729977 0.46250001
v 1.75090003 5.78079987 0.43640000
v 1.83589995 5.79720020 0.38730001
v 1.75699997 5.88089991 0.51239997
v 1.66020000 5.88579988 0.53700000
v 1.65849996 5.78020000 0.46579999
v 1.56009996 5.79619980 0.47360000
v 1.55719995 5.91620016 0.52829999
v 1.54890001 6.03179979 0.58520001
v 2.15089989 6.35750008 0.11750000
v 2.14879990 6.46339989 0.15710001
v 2.18390012 6.58109999 0.11910000
v 2.14720011 6.57180023 0.19440000
v 2.18300009 6.47450018 0.08540000
v 2.21280003 6.58739996 0.04550000
v 2.20889997 6.48400021 0.01680000
v 2.21630001 6.69399977 0.07050000
v 2.18400002 6.68949986 0.14970000
v 2.14450002 6.68090010 0.22950000
v 2.18319988 6.79729986 0.17610000
v 2.14129996 6.78929996 0.26040000
v 2.09200001 6.77909994 0.34330001
v 2.13940001 6.89550018 0.28580001
v 2.08750010 6.88619995 0.37050000
v 2.18319988 6.90269995 0.19660001
v 2.09699988 6.67000008 0.30950001
v 2.21880007 6.80089998 0.09110000
v 2.24210000 6.69449997 -0.00850000
v 2.24830008 6.80030012 0.00590000
v 2.10159993 6.56050014 0.27180001
v 2.20519996 6.38740015 -0.01630000
v 2.18249989 6.37209988 0.04790000
v 1.62210000 5.14790010 -1.35399997
v 1.51830006 4.99100018 -1.35070002
v 1.50199997 5.15199995 -1.31789994
v 1.63970006 4.98610020 -1.38499999
v 1.39160001 5.15460014 -1.25880003
v 1.40600002 4.99510002 -1.29359996
v 1.30550003 4.99770021 -1.21710002
v 1.29369998 5.15530014 -1.18069994
v 1.21860003 4.99840021 -1.12570000
v 1.20930004 5.15399981 -1.08879995
v 1.28100002 5.31099987 -1.13789999
v 1.19949996 5.30779982 -1.04610002
v 1.19120002 5.45909977 -0.99550003
v 1.18210006 5.60629988 -0.94059998
v 1.12489998 5.59600019 -0.83899999
v 1.12020004 5.73379993 -0.77980000
v 1.17320001 5.74690008 -0.88239998
v 1.08340001 5.57989979 -0.73180002
v 1.08169997 5.71470022 -0.67330003
v 1.05229998 5.55709982 -0.62300003
v 1.05209994 5.68909979 -0.56610000
v 1.08389997 5.83790016 -0.61159998
v 1.11829996 5.86089993 -0.71810001
v 1.05700004 5.80880022 -0.50550002
v 1.13010001 5.45100021 -0.89410001
v 1.08589995 5.43769979 -0.78560001
v 1.16700006 5.87769985 -0.82200003
v 1.23510003 5.88859987 -0.91769999
v 1.16320002 5.99490023 -0.76209998
v 1.22809994 6.01030016 -0.86030000
v 1.11880004 5.97279978 -0.65679997
v 1.13440001 5.30179977 -0.94379997
v 1.14059997 5.15010023 -0.98610002
v 1.14769995 4.99669981 -1.02260005
v 1.23000002 4.84100008 -1.15590000
v 1.15719998 4.84149981 -1.05340004
v 1.31850004 4.83850002 -1.24629998
v 1.08969998 5.14209986 -0.87489998
v 1.08749998 5.29120016 -0.83370000
v 1.05499995 5.27449989 -0.71950001
v 1.05449998 5.41790009 -0.67430001
v 1.05490005 5.12839985 -0.75849998
v 1.09469998 4.99130011 -0.91020000
v 1.06289995 4.83129978 -0.82200003
v 1.05760002 4.98040009 -0.79210001
v 1.10189998 4.83890009 -0.94110000
v 1.42079997 4.83440018 -1.32130003
v 1.33319998 4.67840004 -1.27020001
v 1.43630004 4.67320013 -1.34329998
v 1.45260000 4.51170015 -1.36080003
v 1.34969997 4.51789999 -1.28950000
v 1.36810005 4.35720015 -1.30359995
v 1.46959996 4.34980011 -1.37279999
v 1.55069995 4.66690016 -1.39670002
v 1.56649995 4.50439978 -1.41199994
v 1.58179998 4.34159994 -1.42149997
v 1.48670006 4.18769979 -1.37720001
v 1.59609997 4.17889977 -1.42270005
v 1.38779998 4.19680023 -1.31040001
v 1.68760002 4.49639988 -1.44210005
v 1.70070004 4.33269978 -1.44930005
v 1.67279994 4.65990019 -1.42840004
v 1.81140006 4.48759985 -1.45319998
v 1.82200003 4.32299995 -1.45920002
v 1.79809999 4.65250015 -1.44009995
v 1.26020002 4.52299976 -1.20169997
v 1.24370003 4.68219995 -1.18110001
v 1.16960001 4.68480015 -1.07949996
v 1.18529999 4.52750015 -1.10099995
v 1.12580001 4.53070021 -0.99059999
v 1.11220002 4.68520021 -0.96780002
v 1.20510006 4.37039995 -1.11740005
v 1.27970004 4.36390018 -1.21710002
v 1.14380002 4.37580013 -1.00890005
v 1.08130002 4.52979994 -0.87339997
v 1.07089996 4.68109989 -0.84890002
v 1.53460002 4.82910013 -1.37660003
v 1.65670002 4.82320023 -1.40950000
v 2.01430011 6.47849989 -0.85949999
v 1.98220003 6.58099985 -0.85820001
v 1.86950004 6.58990002 -0.91369998
v 1.83399999 6.68139982 -0.91119999
v 1.94920003 6.67530012 -0.86199999
v 2.05100012 6.66179991 -0.79299998
v 2.02349997 6.75269985 -0.80589998
v 1.91779995 6.76329994 -0.86870003
v 1.88929999 6.84779978 -0.87720001
v 1.99759996 6.84070015 -0.82020003
v 1.86350000 6.93090010 -0.88690001
v 1.77250004 6.84829998 -0.91589999
v 1.74539995 6.93030024 -0.92159998
v 1.64979994 6.84210014 -0.93550003
v 1.62240005 6.92430019 -0.93760002
v 1.52509999 6.82940006 -0.93460000
v 1.49800003 6.91309977 -0.93400002
v 1.72039998 7.01310015 -0.92809999
v 1.59720004 7.00740004 -0.94069999
v 1.57379997 7.09189987 -0.94480002
v 1.69739997 7.09749985 -0.93500000
v 1.47300005 6.99790001 -0.93489999
v 1.44970000 7.08370018 -0.93709999
v 1.83980000 7.01490021 -0.89749998
v 1.40269995 6.81129980 -0.91299999
v 1.37580001 6.89760017 -0.91090000
v 1.43219995 6.72660017 -0.91729999
v 1.31630003 6.70139980 -0.87639999
v 1.28649998 6.78950024 -0.87129998
v 1.55470002 6.74690008 -0.93720001
v 1.25929999 6.87930012 -0.86870003
v 1.67949998 6.76049995 -0.93529999
v 1.71150005 6.67789984 -0.93839997
v 1.58669996 6.66470003 -0.94300002
v 1.80180001 6.76630020 -0.91219997
v 1.97389996 6.92710018 -0.83469999
v 2.07410002 6.91930008 -0.76520002
v 2.09349990 6.82889986 -0.74559999
v 2.11360002 6.73769999 -0.72630000
v 2.13420010 6.64389992 -0.70819998
v 2.15949988 6.90990019 -0.67930001
v 1.95239997 7.01370001 -0.84930003
v 2.05599999 7.01020002 -0.78399998
v 2.14709997 7.00540018 -0.70130002
v 2.13450003 7.10139990 -0.72140002
v 2.03940010 7.10179996 -0.80129999
v 1.93280005 7.10160017 -0.86320001
v 1.90540004 6.48950005 -0.92089999
v 1.78439999 6.49240017 -0.95859998
v 1.74670005 6.58979988 -0.94599998
v 1.65799999 6.48610020 -0.97030002
v 1.62070000 6.57929993 -0.95370001
v 1.49749994 6.55929995 -0.93730003
v 1.46399999 6.64319992 -0.92479998
v 1.38220000 6.53189993 -0.89780003
v 1.34850001 6.61569977 -0.88470000
v 1.24399996 6.58479977 -0.82480001
v 1.21050000 6.67390013 -0.81629997
v 1.11780000 6.64650011 -0.74030000
v 1.08570004 6.74300003 -0.73640001
v 1.17980003 6.76599979 -0.81140000
v 1.15279996 6.55319977 -0.74809998
v 1.27859998 6.49970007 -0.83800000
v 1.53340006 6.47049999 -0.95599997
v 2.22560000 6.90189981 -0.58160001
v 2.27040005 6.89639997 -0.47760001
v 2.29500008 6.89410019 -0.37290001
v 2.28670001 6.79090023 -0.35749999
v 2.29209995 6.79040003 -0.26150000
v 2.29649997 6.89799976 -0.17250000
v 2.28640008 6.79300022 -0.16930000
v 2.30259991 6.89510012 -0.27079999
v 2.27119994 6.79699993 -0.08040000
v 2.26139998 6.69220018 -0.08810000
v 2.27959991 6.90180016 -0.07750000
v 2.25379992 6.90500021 0.01500000
v 2.28679991 7.00540018 -0.07910000
v 2.30480003 7.00260019 -0.17930000
v 2.31049991 7.10640001 -0.19000000
v 2.29320002 7.10750008 -0.08560000
v 2.31040001 7.00010014 -0.28299999
v 2.31469989 7.10489988 -0.29750001
v 2.25939989 7.00759983 0.01830000
v 2.22119999 6.90570021 0.10600000
v 2.22519994 7.00790024 0.11450000
v 2.26589990 7.10809994 0.01640000
v 2.23160005 7.10760021 0.11710000
v 2.18589997 7.00530005 0.21060000
v 2.19199991 7.10529995 0.21770000
v 2.30040002 6.99879980 -0.38999999
v 2.30209994 7.10340023 -0.40790001
v 2.30010009 7.20629978 -0.42580000
v 2.26869988 7.10200024 -0.51870000
v 2.26360011 7.20349979 -0.53799999
v 2.27110004 6.99919987 -0.49840000
v 2.22000003 7.00150013 -0.60420001
v 2.21250010 7.10129976 -0.62529999
v 2.20359993 7.20030022 -0.64480001
v 2.12170005 7.19710016 -0.73960000
v 2.31419992 7.30970001 -0.32960001
v 2.31559992 7.20819998 -0.31330001
v 2.29570007 7.30740023 -0.44319999
v 2.31550002 7.31010008 -0.21730000
v 2.31389999 7.20879984 -0.20299999
v 2.31550002 7.41050005 -0.23150000
v 2.31119990 7.41020012 -0.34529999
v 2.28979993 7.40770006 -0.45989999
v 2.29870009 7.20860004 -0.09530000
v 2.30320001 7.30900002 -0.10680000
v 2.25629997 7.30350018 -0.55589998
v 2.24740005 7.40310001 -0.57279998
v 2.23679996 7.50220013 -0.58789998
v 2.28220010 7.50740004 -0.47540000
v 2.18169999 7.39680004 -0.67890000
v 2.16869998 7.49469995 -0.69250000
v 2.19350004 7.29839993 -0.66270000
v 1.35099995 6.98509979 -0.91049999
v 1.32799995 7.07320023 -0.91180003
v 1.23450005 6.97009993 -0.86820000
v 1.21179998 7.06110001 -0.86930001
v 1.12679994 6.95429993 -0.80919999
v 1.10399997 7.04839993 -0.81080002
v 1.15199995 6.85990000 -0.80930001
v 1.05680001 6.84100008 -0.73519999
v 1.03069997 6.93909979 -0.73610002
v 0.97509998 6.82410002 -0.64999998
v 0.94790000 6.92530012 -0.65179998
v 0.90750003 6.81010008 -0.55739999
v 0.87900001 6.91370010 -0.55980003
v 0.85339999 7.01499987 -0.56290001
v 0.92339998 7.02489996 -0.65469998
v 1.00720000 7.03609991 -0.73830003
v 0.90120000 7.12200022 -0.65840000
v 0.98580003 7.13129997 -0.74169999
v 1.08290005 7.14120007 -0.81370002
v 0.96569997 7.22419977 -0.74610001
v 1.06309998 7.23229980 -0.81770003
v 0.88040000 7.21640015 -0.66289997
v 0.83010000 7.11359978 -0.56650001
v 0.79670000 7.00629997 -0.46579999
v 0.77240002 7.10559988 -0.46849999
v 0.75260001 6.99819994 -0.36500001
v 0.72719997 7.09759998 -0.36610001
v 0.82349998 6.90390015 -0.46309999
v 0.78030002 6.89550018 -0.36359999
v 0.80830002 7.20900011 -0.57050002
v 0.74959999 7.20160007 -0.47119999
v 0.88650000 6.69180012 -0.45860001
v 0.85329998 6.79879999 -0.46059999
v 0.93930000 6.70510006 -0.55610001
v 0.92390001 6.58400011 -0.45800000
v 0.97509998 6.59999990 -0.55699998
v 1.01499999 6.49749994 -0.56169999
v 0.96579999 6.47770023 -0.46120000
v 1.01059997 6.37680006 -0.47110000
v 1.05680001 6.40199995 -0.57300001
v 1.07659996 6.52320004 -0.65869999
v 1.11539996 6.43209982 -0.67100000
v 1.03939998 6.62120008 -0.65249997
v 0.88389999 6.57270002 -0.35910001
v 0.84539998 6.68209982 -0.36030000
v 0.92690003 6.46360016 -0.36080000
v 1.00549996 6.72219992 -0.64999998
v 0.81099999 6.78999996 -0.36199999
v 0.77939999 6.78270006 -0.26260000
v 0.74830002 6.88780022 -0.26230001
v 0.81400001 6.67479992 -0.26240000
v 0.75779998 6.77589989 -0.16260000
v 0.72710001 6.88000011 -0.15979999
v 0.79180002 6.66870022 -0.16480000
v 1.19079995 7.15140009 -0.87180001
v 1.30669999 7.16130018 -0.91439998
v 1.40779996 7.25689983 -0.94470000
v 1.42809999 7.17019987 -0.94040000
v 1.28670001 7.24900007 -0.91820002
v 1.53170002 7.26410007 -0.95480001
v 1.55200005 7.17770004 -0.94950002
v 1.67600000 7.18349981 -0.94169998
v 1.79750001 7.18779993 -0.91729999
v 1.81799996 7.10059977 -0.90780002
v 1.77820003 7.27629995 -0.92589998
v 1.65590000 7.27050018 -0.94849998
v 1.63699996 7.35830021 -0.95510000
v 1.51250005 7.35090017 -0.96060002
v 1.38859999 7.34340000 -0.94989997
v 1.75979996 7.36569977 -0.93370003
v 1.87880003 7.37319994 -0.89620000
v 1.89629996 7.28170013 -0.88709998
v 1.91429996 7.19110012 -0.87599999
v 1.17089999 7.24069977 -0.87559998
v 1.15190005 7.32849979 -0.88059998
v 1.26760006 7.33589983 -0.92309999
v 1.13310003 7.41510010 -0.88679999
v 1.24899995 7.42220020 -0.92930001
v 1.23070002 7.50780010 -0.93660003
v 1.35230005 7.51590014 -0.96310002
v 1.37020004 7.42980003 -0.95609999
v 1.47679996 7.52500010 -0.97369999
v 1.49430001 7.43790007 -0.96689999
v 1.61909997 7.44659996 -0.96170002
v 1.74230003 7.45569992 -0.94059998
v 1.60189998 7.53499985 -0.96820003
v 1.72539997 7.54570007 -0.94700003
v 1.45969999 7.61189985 -0.98100001
v 1.33469999 7.60179996 -0.97100002
v 1.21249998 7.59310007 -0.94470000
v 1.11440003 7.50059986 -0.89420003
v 1.09549999 7.58549976 -0.90240002
v 1.31710005 7.68750000 -0.97939998
v 1.44289994 7.69840002 -0.98890001
v 1.29939997 7.77309990 -0.98799998
v 1.42600000 7.78480005 -0.99680001
v 1.56889999 7.71080017 -0.98180002
v 1.58529997 7.62309980 -0.97490001
v 1.55250001 7.79799986 -0.98879999
v 1.19410002 7.67810011 -0.95340002
v 1.07609999 7.67000008 -0.91100001
v 1.17540002 7.76300001 -0.96230000
v 1.05639994 7.75449991 -0.91939998
v 1.04400003 7.32130003 -0.82290000
v 1.02499998 7.40850019 -0.82929999
v 0.94610000 7.31449986 -0.75150001
v 0.92670000 7.40250015 -0.75779998
v 1.00569999 7.49420023 -0.83660001
v 0.90679997 7.48850012 -0.76470000
v 0.84009999 7.39669991 -0.67379999
v 0.81950003 7.48320007 -0.67989999
v 0.86019999 7.30789995 -0.66810000
v -0.00000000 20.49939919 0.46810001
v -0.00000000 20.57600021 0.33539999
v 0.12140000 20.49580002 0.46550000
v 0.12070000 20.57049942 0.33270001
v 0.24070001 20.55360031 0.32460001
v 0.24240001 20.48220062 0.45620000
v 0.23830000 20.61090088 0.18580000
v 0.11980000 20.63080025 0.19149999
v 0.23520000 20.64739990 0.03810000
v 0.34779999 20.61269951 0.03430000
v 0.35339999 20.57609940 0.17560001
v -0.00000000 20.63820076 0.19350000
v 0.12170000 20.40909958 0.59039998
v 0.00000000 20.41189957 0.59299999
v 0.00000000 20.30920029 0.70389998
v 0.12170000 20.30620003 0.70150000
v 2.44689989 14.77169991 -0.86019999
v 2.76740003 14.28559971 -0.69389999
v 1.94679999 14.97270012 -0.17290001
v 1.92820001 15.03009987 -0.11390000
v 1.89569998 14.95740032 -0.06110000
v 1.91330004 14.89509964 -0.11980000
v 1.85969996 14.88339996 -0.00210000
v 1.87660003 14.81659985 -0.06050000
v 1.80480003 14.87759972 0.11390000
v 1.84350002 14.94779968 0.04980000
v 1.87909997 15.01749992 -0.00960000
v 1.86459994 15.07450008 0.03530000
v 1.82910001 15.00879955 0.09580000
v 1.46449995 2.65529990 -0.49039999
v 1.51730001 2.50819993 -0.44010001
v 1.51489997 2.65770006 -0.42469999
v 1.56270003 2.50570011 -0.38299999
v 1.56330001 2.65599990 -0.36939999
v 1.61370003 2.65089989 -0.32769999
v 1.60819995 2.50000000 -0.33730000
v 1.65460002 2.49289989 -0.30410001
v 1.66270006 2.64389992 -0.29460001
v 1.69760001 2.48460007 -0.27610001
v 1.70729995 2.63560009 -0.26510000
v 1.68719995 2.33820009 -0.28420001
v 1.72940004 2.33039999 -0.26800001
v 1.74039996 2.47630000 -0.25729999
v 1.75080001 2.62739992 -0.24360000
v 1.71449995 2.78839993 -0.24779999
v 1.66719997 2.79670000 -0.27910000
v 1.76020002 2.77999997 -0.22550000
v 1.76909995 2.93219995 -0.20400000
v 1.71990001 2.94109988 -0.22669999
v 1.80610001 2.77279997 -0.21799999
v 1.81799996 2.92459989 -0.19670001
v 1.79489994 2.62019992 -0.23590000
v 1.66840005 2.94959998 -0.25920001
v 1.61530006 2.80329990 -0.31420001
v 1.61280000 2.95589995 -0.29650000
v 1.66729999 3.10139990 -0.23780000
v 1.60660005 3.10710001 -0.27669999
v 1.72360003 3.09290004 -0.20450000
v 1.56159997 2.80730009 -0.35640001
v 1.78340006 2.46910000 -0.25189999
v 1.83879995 2.61560011 -0.24560000
v 1.82589996 2.46479988 -0.26130000
v 1.81260002 2.32060003 -0.27640000
v 1.85309994 2.32069993 -0.29940000
v 1.86740005 2.46370006 -0.28479999
v 1.84290004 2.18659997 -0.31090000
v 1.88290000 2.18889999 -0.34599999
v 1.89390004 2.32310009 -0.33530000
v 1.80320001 2.18610001 -0.28670001
v 1.90910006 2.46469998 -0.32170001
v 1.77160001 2.32380009 -0.26539999
v 1.76269996 2.18779993 -0.27309999
v 1.72060001 2.19210005 -0.27260000
v 1.88139999 2.61339998 -0.27110001
v 1.89549994 2.76500010 -0.25540000
v 1.85160005 2.76789999 -0.22870000
v 1.64510000 2.34570003 -0.31090000
v 1.50890005 2.80739999 -0.41130000
v 1.45539999 2.80360007 -0.47650000
v 1.40939999 2.80049992 -0.55170000
v 1.44140005 2.95180011 -0.46250001
v 1.39470005 2.94810009 -0.53860003
v 1.34179997 3.09240007 -0.61040002
v 1.36119998 2.94580007 -0.62099999
v 1.37530005 3.09489989 -0.52609998
v 1.31480002 3.23850012 -0.60020000
v 1.34940004 3.24020004 -0.51380002
v 1.32560003 3.09170008 -0.69830000
v 1.34490001 2.94390011 -0.70660001
v 1.37639999 2.79850006 -0.63279998
v 1.35969996 2.79609990 -0.71539998
v 1.32179999 3.09179997 -0.78590000
v 1.34270000 2.94210005 -0.79140002
v 1.32410002 3.09120011 -0.87239999
v 1.34790003 2.93950009 -0.87480003
v 1.29079998 3.24280000 -0.77999997
v 1.29209995 3.24519992 -0.86839998
v 1.29690003 3.23979998 -0.69019997
v 1.28180003 3.38540006 -0.59069997
v 1.26069999 3.39019990 -0.68229997
v 1.31959999 3.38450003 -0.50250000
v 1.42289996 3.09910011 -0.44819999
v 1.39989996 3.24440002 -0.43439999
v 1.49710000 2.95700002 -0.39579999
v 1.48080003 3.10540009 -0.37920001
v 1.55470002 2.95880008 -0.34000000
v 1.54320002 3.10859990 -0.32190001
v 1.46140003 3.25110006 -0.36340001
v 1.43850005 3.39289999 -0.34810001
v 1.37300003 3.38700008 -0.42080000
v 1.51139998 3.39879990 -0.28630000
v 1.48979998 3.53730011 -0.26809999
v 1.41260004 3.53130007 -0.33160001
v 1.52909994 3.25620008 -0.30350000
v 1.34350002 3.52710009 -0.40599999
v 1.38409996 2.78410006 -0.95240003
v 1.36300004 2.93630004 -0.95639998
v 1.36619997 2.78909993 -0.87489998
v 1.35790002 2.79299998 -0.79619998
v 1.39559996 2.93420005 -1.03260005
v 1.33829999 3.09109998 -0.95649999
v 1.37269998 3.09270000 -1.03349996
v 1.30840003 3.25009990 -0.95349997
v 1.34730005 3.25570011 -1.03030002
v 1.27419996 3.41450000 -0.94929999
v 1.31750000 3.42269993 -1.02719998
v 1.25349998 3.40470004 -0.86330003
v 1.20990002 3.56820011 -0.85790002
v 1.23679996 3.58089995 -0.94650000
v 1.16279995 3.72099996 -0.75360000
v 1.16729999 3.73469996 -0.84950000
v 1.20840001 3.55719995 -0.76539999
v 1.20039999 3.74600005 -0.94230002
v 1.13269997 3.90170002 -0.83649999
v 1.16890001 3.90860009 -0.93529999
v 1.10249996 4.06409979 -0.82020003
v 1.12249994 3.88700008 -0.73619998
v 1.09050000 4.04920006 -0.71280003
v 1.13989997 4.06780005 -0.92580003
v 1.25189996 3.75139999 -1.03079998
v 1.28509998 3.58920002 -1.02800000
v 1.30900002 3.74749994 -1.11909997
v 1.33920002 3.58769989 -1.10880005
v 1.22130001 3.90989995 -1.03170002
v 1.28059995 3.90400004 -1.12740004
v 1.17980003 3.70379996 -0.65799999
v 1.22200000 3.54579997 -0.67259997
v 1.24619997 3.53449988 -0.57959998
v 1.20780003 3.68479991 -0.56320000
v 1.16760004 3.83439994 -0.53880000
v 1.13900006 3.86249995 -0.63650000
v 1.25119996 3.67050004 -0.47150001
v 1.21210003 3.81139994 -0.44540000
v 1.28690004 3.52800012 -0.48949999
v 1.25179994 3.39730000 -0.77340001
v 1.39929998 3.25760007 -1.10070002
v 1.45869994 3.25609994 -1.16729999
v 1.52699995 3.25379992 -1.22609997
v 1.50179994 3.41129994 -1.23490000
v 1.43030000 3.41739988 -1.17340004
v 1.37030005 3.42359996 -1.10140002
v 1.39999998 3.57739997 -1.18659997
v 1.37360001 3.73569989 -1.20290005
v 1.47379994 3.56590009 -1.25329995
v 1.44980001 3.72169995 -1.27550006
v 1.60380006 3.25309992 -1.27289999
v 1.62160003 3.09500003 -1.26970005
v 1.58329999 3.40849996 -1.28180003
v 1.56070006 3.56100011 -1.30120003
v 1.67089999 3.40750003 -1.31389999
v 1.68620002 3.25309992 -1.30569994
v 1.65419996 3.55900002 -1.33190000
v 1.69949996 3.09570003 -1.30229998
v 1.71070004 2.93639994 -1.29830003
v 1.75790000 2.05900002 -0.27489999
v 1.79949999 2.05800009 -0.28819999
v 1.84000003 2.05879998 -0.31369999
v 1.88039994 2.06040001 -0.34959999
v 1.88530004 1.93509996 -0.34570000
v 1.89199996 1.81200004 -0.33989999
v 1.94400001 1.80690002 -0.38760000
v 1.93099999 1.93460000 -0.39280000
v 1.97630000 1.93499994 -0.45460001
v 1.96379995 2.06730008 -0.45640001
v 1.92110002 2.06329989 -0.39660001
v 1.92229998 2.19370008 -0.39390001
v 1.93330002 2.32800007 -0.38499999
v 1.96229994 2.19980001 -0.45429999
v 1.97179997 2.33430004 -0.44650000
v 2.02530003 1.93620002 -0.52289999
v 2.01130009 2.07130003 -0.52399999
v 2.00640011 2.20519996 -0.52209997
v 2.01300001 2.33990002 -0.51480001
v 2.05430007 2.34430003 -0.58719999
v 2.08739996 2.34759998 -0.66299999
v 2.06690001 2.48140001 -0.57650000
v 2.09780002 2.48490000 -0.65490001
v 2.11470008 2.62450004 -0.64380002
v 2.08529997 2.62140012 -0.56279999
v 2.11640000 2.48740005 -0.73629999
v 2.13269997 2.62700009 -0.72829998
v 2.14150000 2.62759995 -0.81349999
v 2.16230011 2.76859999 -0.80680001
v 2.15280008 2.76810002 -0.71880001
v 2.18589997 2.91050005 -0.79879999
v 2.17529988 2.91059995 -0.70870000
v 2.21320009 3.05320001 -0.79030001
v 2.20140004 3.05430007 -0.69849998
v 2.21550012 3.05399990 -0.88000000
v 2.18799996 2.91059995 -0.88720000
v 2.24600005 3.19659996 -0.78200001
v 2.23280001 3.19849992 -0.68879998
v 2.28369999 3.34109998 -0.77490002
v 2.26939988 3.34349990 -0.68000001
v 2.24740005 3.34719992 -0.58440000
v 2.21269989 3.20079994 -0.59500003
v 2.30839992 3.49020004 -0.67299998
v 2.28430009 3.49460006 -0.57529998
v 2.32340002 3.48769999 -0.76980001
v 2.24780011 3.19810009 -0.87290001
v 2.18269992 3.05500007 -0.60680002
v 2.15730000 2.90989995 -0.61909997
v 2.17790008 2.91249990 -0.97219998
v 2.20400000 3.05819988 -0.96640003
v 2.17880011 3.06469989 -1.04820001
v 2.15499997 2.91599989 -1.05239999
v 2.15440011 2.76769996 -0.97619998
v 2.13310003 2.76810002 -1.05420005
v 2.16380000 2.76799989 -0.89319998
v 2.14339995 3.07080007 -1.12460005
v 2.16659999 3.22189999 -1.12269998
v 2.20539999 3.21379995 -1.04390001
v 2.12210011 2.91939998 -1.12629998
v 2.23390007 3.20460010 -0.96039999
v 2.13499999 2.76620007 -0.63150001
v 2.10660005 2.76419997 -0.54809999
v 2.12989998 2.90910006 -0.53310001
v 2.09270000 2.90930009 -0.45410001
v 2.06879997 2.76309991 -0.47130001
v 2.02620006 2.76279998 -0.40290001
v 2.00600004 2.61649990 -0.41940001
v 2.04710007 2.61890006 -0.48760000
v 1.98769999 2.47309995 -0.43390000
v 1.96510005 2.61409998 -0.35920000
v 1.94900000 2.46810007 -0.37230000
v 1.98249996 2.76290011 -0.34380001
v 2.02789998 2.47760010 -0.50260001
v 2.04900002 2.91050005 -0.38450000
v 2.00289989 2.91219997 -0.32490000
v 2.07500005 3.05879998 -0.36449999
v 2.02670002 3.06150007 -0.30320001
v 2.11940002 3.05669999 -0.43640000
v 2.15580010 3.05550003 -0.51819998
v 2.18569994 3.20250010 -0.50379997
v 2.14940000 3.20449996 -0.41900000
v 2.14240003 2.62610006 -0.89719999
v 2.12470007 2.48729992 -0.81819999
v 2.12490010 2.48469996 -0.89889997
v 2.11560011 2.48049998 -0.97659999
v 2.13330007 2.62369990 -0.97759998
v 2.11299992 2.62150002 -1.05299997
v 2.09559989 2.47600007 -1.04929996
v 2.08319998 2.61949992 -1.12160003
v 2.10220003 2.76869988 -1.12559998
v 2.06629992 2.47189999 -1.11539996
v 2.10669994 2.34910011 -0.74119997
v 1.96749997 2.02390003 -1.20130002
v 1.92729998 2.02200007 -1.23810005
v 1.88750005 2.16599989 -1.26520002
v 1.92970002 2.16779995 -1.24249995
v 1.89269996 2.31279993 -1.27119994
v 1.93739998 2.31439996 -1.24940002
v 1.90020001 2.46259999 -1.28100002
v 1.94799995 2.46329999 -1.25899994
v 1.97860003 2.31710005 -1.21300006
v 1.99129999 2.46530008 -1.22230005
v 1.95990002 2.61509991 -1.26979995
v 2.00589991 2.61579990 -1.23239994
v 1.91610003 2.77150011 -1.30309999
v 1.97179997 2.76939988 -1.27980006
v 1.90840006 2.61570001 -1.29250002
v 1.92260003 2.92880011 -1.31089997
v 1.98290002 2.92519999 -1.28709996
v 2.02110004 2.76859999 -1.24109995
v 2.03609991 2.92300010 -1.24699998
v 2.08220005 2.92149997 -1.19229996
v 2.06439996 2.76869988 -1.18869996
v 2.05100012 3.07750010 -1.25080001
v 2.10069990 3.07470012 -1.19350004
v 1.99319994 3.08100009 -1.29229999
v 1.92750001 3.08590007 -1.31640005
v 1.85609996 2.93289995 -1.31980002
v 1.85539997 3.09120011 -1.32470000
v 2.00309992 3.23499990 -1.29770005
v 1.93149996 3.24110007 -1.32210004
v 1.85319996 3.24740005 -1.32980001
v 1.85169995 2.61689997 -1.30089998
v 1.85469997 2.77410007 -1.31200004
v 1.84800005 2.46269989 -1.28849995
v 1.78869998 2.77609992 -1.30780005
v 1.78470004 2.93569994 -1.31570005
v 1.79089999 2.61800003 -1.29600000
v 2.03080010 2.46819997 -1.17359996
v 2.04699993 2.61750007 -1.18200004
v 2.01749992 2.32080007 -1.16530001
v 2.00920010 2.17389989 -1.15890002
v 1.97000003 2.17030001 -1.20589995
v 2.04579997 2.17890000 -1.10270000
v 2.05320001 2.32540011 -1.10880005
v 1.84459996 2.31209993 -1.27779996
v 2.07610011 2.18589997 -1.03799999
v 2.08279991 2.33109999 -1.04429996
v 5.81559992 9.30650043 -0.28180000
v 5.80350018 9.25319958 -0.26850000
v 5.82119989 9.25549984 -0.28459999
v 5.79759979 9.30259991 -0.26210001
v 5.79010010 9.36139965 -0.25889999
v 5.76690006 9.35779953 -0.24320000
v 5.77449989 9.29769993 -0.24930000
v 5.78109980 9.25109959 -0.25900000
v 5.77950001 9.21759987 -0.27190000
v 5.80000019 9.21290016 -0.28200001
v 5.76870012 9.19849968 -0.29040000
v 5.78760004 9.19120026 -0.30340001
v 5.82000017 9.20940018 -0.29170001
v 5.80569983 9.19019985 -0.31690001
v 5.83519983 9.21210003 -0.30980000
v 5.82709980 9.19089985 -0.33230001
v 5.79080009 9.18659973 -0.34119999
v 5.81040001 9.19139957 -0.35830000
v 5.83890009 9.22550011 -0.32900000
v 5.77309990 9.18719959 -0.32570001
v 5.76300001 9.22329998 -0.26600000
v 5.75820017 9.24689960 -0.25350001
v 3.53469992 14.85849953 -0.19880000
v 3.48060012 14.97420025 -0.18850000
v 3.59470010 14.89780045 -0.32409999
v 3.54460001 15.01039982 -0.31990001
v 3.42600012 15.08909988 -0.18410000
v 3.49280000 15.12269974 -0.31880000
v 3.43610001 15.23330021 -0.32069999
v 3.36809993 15.20129967 -0.18480000
v 3.58310008 15.03359985 -0.46419999
v 3.53279996 15.14130020 -0.46290001
v 3.63120008 14.92660046 -0.46610001
v 3.65210009 14.95300007 -0.61299998
v 3.60560012 15.05580044 -0.60960001
v 3.55640006 15.15979958 -0.60560000
v 3.47779989 15.24849987 -0.46290001
v 3.41770005 15.35280037 -0.46579999
v 3.88240004 14.59529972 -0.78810000
v 2.03130007 6.76970005 0.42129999
v 1.95969999 6.76319981 0.49329999
v 2.02509999 6.87729979 0.44810000
v 1.95169997 6.87069988 0.51760000
v 2.02259994 6.98220015 0.46900001
v 1.94770002 6.97559977 0.53799999
v 1.86310005 6.97060013 0.59789997
v 1.86889994 6.86649990 0.57889998
v 1.78980005 6.75719976 0.61330003
v 1.87870002 6.75939989 0.55809999
v 1.77760005 6.86369991 0.63059998
v 1.80569994 6.64709997 0.59689999
v 1.71239996 6.64610004 0.64310002
v 1.69379997 6.75600004 0.65560001
v 1.59159994 6.75540018 0.68239999
v 1.67859995 6.86189985 0.67049998
v 1.57319999 6.86089993 0.69650000
v 1.76900005 6.96710014 0.64810002
v 1.66649997 6.96470022 0.68699998
v 1.76269996 7.06780005 0.66509998
v 1.65690005 7.06479979 0.70400000
v 1.86010003 7.07200003 0.61510003
v 1.55750000 6.96320009 0.71259999
v 1.44420004 6.96269989 0.72380000
v 1.46319997 6.86079979 0.70709997
v 1.54470003 7.06279993 0.73000002
v 1.42840004 7.06190014 0.74180001
v 1.35099995 6.86189985 0.70169997
v 1.32910001 6.96360016 0.71960002
v 1.31070006 7.06239986 0.73830003
v 1.48469996 6.75570011 0.69239998
v 1.61329997 6.64569998 0.67129999
v 1.53699994 6.53200006 0.67089999
v 1.50950003 6.64650011 0.68040001
v 1.43190002 6.53639984 0.65810001
v 1.40230000 6.64909983 0.67079997
v 1.29390001 6.65409994 0.64410001
v 1.37530005 6.75729990 0.68529999
v 1.26540005 6.76109982 0.66159999
v 1.32459998 6.54379988 0.62750000
v 1.94770002 7.07760000 0.55489999
v 2.02469993 7.08449984 0.48530000
v 2.08680010 6.99060011 0.39089999
v 2.09089994 7.09240007 0.40570000
v 2.14080000 6.99910021 0.30430001
v 2.14639997 7.09989977 0.31590000
v 2.09980011 7.19180012 0.41600001
v 2.15630007 7.19890022 0.32240000
v 2.16759992 7.29659986 0.32440001
v 2.11139989 7.28950024 0.42250001
v 2.12319994 7.38619995 0.42649999
v 2.17930007 7.39359999 0.32449999
v 2.21219993 7.30170012 0.21879999
v 2.22280002 7.39930010 0.21600001
v 2.20140004 7.20370007 0.21980000
v 2.03069997 7.18419981 0.49779999
v 2.03940010 7.28179979 0.50760001
v 1.95009995 7.17700005 0.56900001
v 1.85909998 7.17100000 0.63020003
v 1.85990000 7.26770020 0.64399999
v 1.95490003 7.27430010 0.58109999
v 1.96159995 7.36990023 0.59240001
v 2.04990005 7.37799978 0.51599997
v 2.06069994 7.47289991 0.52350003
v 1.96930003 7.46390009 0.60299999
v 1.86640000 7.45580006 0.67009997
v 1.86259997 7.36269999 0.65730000
v 1.75580001 7.44890022 0.72520000
v 1.75549996 7.35650015 0.71090001
v 1.87030005 7.54750013 0.68229997
v 1.75670004 7.53970003 0.73909998
v 1.64139998 7.35160017 0.75209999
v 1.63909996 7.44329977 0.76760000
v 1.63720000 7.53350019 0.78259999
v 1.75619996 7.26230001 0.69599998
v 1.97609997 7.55660009 0.61269999
v 1.98140001 7.64830017 0.62169999
v 1.87360001 7.63800001 0.69430000
v 2.06949997 7.56669998 0.52929997
v 2.07529998 7.65980005 0.53410000
v 2.13400006 7.48199987 0.42899999
v 2.14280009 7.57700014 0.43059999
v 2.19869995 7.58629990 0.32240000
v 2.20499992 7.68190002 0.32110000
v 2.14879990 7.67140007 0.43189999
v 2.15199995 7.76539993 0.43320000
v 2.07859993 7.75229979 0.53869998
v 2.20849991 7.77710009 0.32010001
v 2.24110007 7.59390020 0.20909999
v 2.24710011 7.69070005 0.20559999
v 2.18989992 7.49020004 0.32370001
v 2.23270011 7.49669981 0.21269999
v 1.75839996 7.16620016 0.68099999
v 1.64470005 7.25799990 0.73629999
v 1.64970005 7.16249990 0.72039998
v 1.52719998 7.25489998 0.76359999
v 1.53480005 7.15999985 0.74710000
v 1.41589999 7.15880013 0.75980002
v 1.40590000 7.25339985 0.77710003
v 1.29540002 7.15920019 0.75709999
v 1.28289998 7.25369978 0.77520001
v 1.39779997 7.34630013 0.79369998
v 1.27260005 7.34630013 0.79220003
v 1.52149999 7.34810019 0.77999997
v 1.39010000 6.31290007 0.59310001
v 1.35699999 6.43009996 0.61110002
v 1.24969995 6.44490004 0.56239998
v 1.21780002 6.55439997 0.58209997
v 1.18690002 6.66190004 0.60200000
v 1.11510003 6.56729984 0.52460003
v 1.08500004 6.67240000 0.54680002
v 1.15789998 6.76719999 0.62230003
v 1.05620003 6.77610016 0.56900001
v 1.23899996 6.86499977 0.68010002
v 1.13030005 6.87029982 0.64279997
v 1.21490002 6.96610022 0.69940001
v 1.10459995 6.97100019 0.66329998
v 1.00129998 6.97819996 0.61229998
v 1.02810001 6.87820005 0.59090000
v 0.93540001 6.88840008 0.52600002
v 0.90789998 6.98789978 0.54759997
v 0.85509998 6.90089989 0.44970000
v 0.82770002 6.99959993 0.47029999
v 0.88270003 7.08540010 0.56800002
v 0.80190003 7.09639978 0.48989999
v 0.97689998 7.07639980 0.63290000
v 0.96340001 6.78749990 0.50360000
v 1.08169997 7.06960011 0.68349999
v 1.19410002 7.06489992 0.71890002
v 1.06200004 7.16590023 0.70330000
v 0.95520002 7.17229986 0.65280002
v 1.17630005 7.16149998 0.73839998
v 1.02090001 6.58190012 0.45750001
v 0.99180001 6.68520021 0.48060000
v 0.88270003 6.80079985 0.42800000
v 0.91070002 6.69950008 0.40549999
v 0.84450001 6.71479988 0.32290000
v 0.81680000 6.81570005 0.34330001
v 0.79509997 6.73029995 0.23300000
v 0.76730001 6.83109999 0.25000000
v 0.73470002 6.84600019 0.15040000
v 0.76319999 6.74499989 0.13720000
v 0.74779999 6.75780010 0.03800000
v 0.71859998 6.85960007 0.04730000
v 0.71700001 6.87109995 -0.05650000
v 0.69080001 6.95860004 0.05740000
v 0.68860000 6.97079992 -0.04990000
v 0.70719999 6.94479990 0.16390000
v 0.74690002 6.76819992 -0.06230000
v 0.77859998 6.65299988 0.02910000
v 0.79240000 6.64160013 0.12430000
v 0.82319999 6.62799978 0.21600001
v 0.73989999 6.92999983 0.26679999
v 0.78950000 6.91499996 0.36289999
v 0.71329999 7.02720022 0.28290001
v 0.68099999 7.04160023 0.17720000
v 0.76230001 7.01289988 0.38159999
v 0.87239999 6.61289978 0.30230001
v 0.93900001 6.59730005 0.38290000
v 0.96660000 6.49469995 0.36170000
v 1.04970002 6.47819996 0.43550000
v 0.89980000 6.51000023 0.28290001
v 0.99239999 6.39109993 0.34310001
v 1.07659996 6.37410021 0.41580001
v 0.92600000 6.40560007 0.26609999
v 1.14559996 6.46129990 0.50309998
v 1.28100002 6.33379984 0.54250002
v 1.19990003 6.24720001 0.46470001
v 1.30920005 6.22160006 0.52200001
v 1.17470002 6.35470009 0.48280001
v 1.10010004 6.26849985 0.39950001
v 1.11839998 6.15799999 0.38679999
v 1.21780002 6.13630009 0.44949999
v 1.32860005 6.10750008 0.50089997
v 1.22930002 6.01719999 0.43410000
v 1.33930004 5.98969984 0.47549999
v 1.24950004 5.88530016 0.39930001
v 1.35109997 5.85680008 0.43790001
v 1.28160000 5.75369978 0.34430000
v 1.37430000 5.72529984 0.38380000
v 1.20099998 5.77880001 0.28870001
v 1.16159999 5.90689993 0.34169999
v 1.13460004 6.03749990 0.37320000
v 1.45220006 5.95529985 0.50120002
v 1.44140005 6.07170010 0.54449999
v 1.45630002 5.82369995 0.46370000
v 1.42079997 6.19309998 0.57139999
v 1.06009996 6.05159998 0.30109999
v 1.03690004 6.17320013 0.31610000
v 0.97719997 6.18380022 0.24050000
v 1.00820005 6.06449986 0.22330000
v 1.01580000 6.28520012 0.32820001
v 0.95130002 6.29780006 0.25250000
v 1.18910003 6.46560001 -0.76099998
v 1.15199995 6.35200024 -0.69120002
v 1.09630001 6.31809998 -0.59270000
v 1.05390000 6.28719997 -0.49000001
v 1.01960003 6.26149988 -0.38609999
v 0.97310001 6.35760021 -0.36849999
v 0.98909998 6.24240017 -0.28369999
v 0.94180000 6.34460020 -0.26850000
v 0.96120000 6.22900009 -0.18500000
v 0.91560000 6.33589983 -0.17280000
v 0.87129998 6.44729996 -0.16820000
v 0.89579999 6.45400000 -0.26280001
v 0.85299999 6.56489992 -0.26190001
v 0.82980001 6.55880022 -0.16640000
v 0.85390002 6.44169998 -0.07650000
v 0.81510001 6.55289984 -0.07230000
v 0.77929997 6.66190004 -0.06760000
v 0.89539999 6.32919979 -0.08190000
v 0.88419998 6.32250023 0.00540000
v 0.84660000 6.43529987 0.01300000
v 0.81129998 6.54549980 0.02080000
v 0.82230002 6.53590012 0.11200000
v 0.85369998 6.42740011 0.10050000
v 0.88690001 6.31519985 0.09050000
v 0.92400002 6.20979977 -0.00420000
v 0.92330003 6.20060015 0.08000000
v 0.93809998 6.21910000 -0.09210000
v 1.00250006 6.13630009 -0.20980000
v 0.97790003 6.11959982 -0.11330000
v 1.03030002 6.15670013 -0.31070000
v 1.00610006 6.02430010 -0.14710000
v 1.02960002 6.04960012 -0.24439999
v 1.05519998 6.07789993 -0.34570000
v 1.05799997 6.18289995 -0.41400000
v 1.07990003 6.10979986 -0.44900000
v 1.08949995 6.03380013 -0.49460000
v 1.06589997 6.00029993 -0.39080000
v 1.04209995 5.96659994 -0.28929999
v 1.02540004 5.83860016 -0.24280000
v 1.02199996 5.93300009 -0.19110000
v 1.04190004 5.87669992 -0.34240001
v 1.06400001 5.91270018 -0.44520000
v 1.08850002 5.94509983 -0.55030000
v 1.11710000 6.06610012 -0.60000002
v 1.10759997 6.14440012 -0.55309999
v 1.08819997 6.21470022 -0.51789999
v 1.12740004 6.24959993 -0.62089998
v 1.14600003 6.17810011 -0.65730000
v 1.15760005 6.09460020 -0.70560002
v 0.78729999 7.30140018 -0.57480001
v 0.72780001 7.29440022 -0.47389999
v 0.70359999 7.19369984 -0.36690000
v 0.68099999 7.28669977 -0.36719999
v 0.66960001 7.18489981 -0.25870001
v 0.64649999 7.27769995 -0.25630000
v 0.69389999 7.08900023 -0.26050001
v 0.64730000 7.17469978 -0.14780000
v 0.62379998 7.26739979 -0.14229999
v 0.61309999 7.25559998 -0.02630000
v 0.63679999 7.16309977 -0.03490000
v 0.62400001 7.36789989 -0.25319999
v 0.60110003 7.35750008 -0.13600001
v 0.65890002 7.37680006 -0.36719999
v 0.57929999 7.44519997 -0.12880000
v 0.60229999 7.45539999 -0.24910000
v 0.55849999 7.53070021 -0.12070000
v 0.58109999 7.54090023 -0.24400000
v 0.63730001 7.46420002 -0.36620000
v 0.61600000 7.54960012 -0.36420000
v 0.59050000 7.34569979 -0.01710000
v 0.56889999 7.43359995 -0.00700000
v 0.66189998 7.06809998 -0.04270000
v 0.66439998 7.05550003 0.06780000
v 0.63929999 7.15019989 0.07860000
v 0.65590000 7.13649988 0.19059999
v 0.69859999 6.98110008 -0.15640000
v 0.67210001 7.07929993 -0.15250000
v 0.66430002 7.21570015 0.31420001
v 0.63220000 7.22919989 0.20430000
v 0.68800002 7.12239981 0.29870000
v 0.73650002 7.10890007 0.39950001
v 0.71259999 7.20279980 0.41679999
v 0.60990000 7.31969976 0.21830000
v 0.59310001 7.33290005 0.10180000
v 0.61549997 7.24270010 0.08990000
v 0.64209998 7.30670023 0.32990000
v 0.72000003 6.98999977 -0.26170000
v 0.70609999 7.38430023 -0.47650000
v 0.68470001 7.47160006 -0.47850001
v 0.66350001 7.55690002 -0.47940001
v 0.72390002 7.56300020 -0.58759999
v 0.74529999 7.47779989 -0.58380002
v 0.64219999 7.64069986 -0.47889999
v 0.70279998 7.64690018 -0.58969998
v 0.62089998 7.72340012 -0.47659999
v 0.68140000 7.72989988 -0.59009999
v 0.75540000 7.73559999 -0.69389999
v 0.77700001 7.65220022 -0.69069999
v 0.84380001 7.74119997 -0.78450000
v 0.86530000 7.65740013 -0.77880001
v 0.79839998 7.56820011 -0.68570000
v 0.88630003 7.57340002 -0.77190000
v 0.73409998 7.81839991 -0.69480002
v 0.82230002 7.82460022 -0.78850001
v 0.94499999 7.74730015 -0.86000001
v 0.96569997 7.66319990 -0.85259998
v 0.92409998 7.83129978 -0.86610001
v 0.66009998 7.81209993 -0.58829999
v 0.71350002 7.90080023 -0.69309998
v 0.63950002 7.89359999 -0.58399999
v 0.59979999 7.80499983 -0.47229999
v 0.57940000 7.88570023 -0.46550000
v 0.59480000 7.63339996 -0.36080000
v 0.57380003 7.71570015 -0.35580000
v 0.53979999 7.70660019 -0.22990000
v 0.51990002 7.78730011 -0.22059999
v 0.55309999 7.79680014 -0.34889999
v 0.50080001 7.86660004 -0.20960000
v 0.53329998 7.87680006 -0.33989999
v 0.51859999 7.69610023 -0.10130000
v 0.49980000 7.77640009 -0.08980000
v 0.56029999 7.62449980 -0.23770000
v 0.53829998 7.61429977 -0.11150000
v 0.76639998 7.39080000 -0.57940000
v 2.02340007 7.19409990 -0.81690001
v 2.00760007 7.28719997 -0.83109999
v 2.10859990 7.29309988 -0.75620002
v 2.09450006 7.38920021 -0.77029997
v 1.99160004 7.38110018 -0.84230000
v 2.07940006 7.48519993 -0.78119999
v 1.97529995 7.47520018 -0.85110003
v 2.06310010 7.58099985 -0.78890002
v 2.15440011 7.59219980 -0.70310003
v 2.21120000 7.69850016 -0.61049998
v 2.22469997 7.60099983 -0.60039997
v 2.13809991 7.68839979 -0.71039999
v 2.04600000 7.67560005 -0.79409999
v 2.02859998 7.76830006 -0.79809999
v 2.12089992 7.78219986 -0.71550000
v 2.01149988 7.85930014 -0.80190003
v 1.92480004 7.75349998 -0.86629999
v 1.90810001 7.84359980 -0.87050003
v 1.94159997 7.66200018 -0.86220002
v 1.82850003 7.64849997 -0.91520000
v 1.81200004 7.73859978 -0.92000002
v 1.70889997 7.63539982 -0.95289999
v 1.84510005 7.55719995 -0.91009998
v 1.95850003 7.56909990 -0.85740000
v 1.69270003 7.72429991 -0.95859998
v 1.79579997 7.82779980 -0.92490000
v 1.89170003 7.93289995 -0.87519997
v 1.77960002 7.91620016 -0.93040001
v 1.67649996 7.81250000 -0.96460003
v 1.66040003 7.90010023 -0.97100002
v 1.99489999 7.94939995 -0.80629998
v 2.08719993 7.96490002 -0.72450000
v 2.10380006 7.87410021 -0.71990001
v 2.07119989 8.05550003 -0.72970003
v 1.97860003 8.03909969 -0.81140000
v 1.87549996 8.02180004 -0.88080001
v 2.19659996 7.79360008 -0.61839998
v 2.18160009 7.88670015 -0.62500000
v 2.26220012 7.70480013 -0.50040001
v 2.27300000 7.60669994 -0.48910001
v 2.29410005 7.70790005 -0.38560000
v 2.30119991 7.60949993 -0.37390000
v 2.30460000 7.80620003 -0.27770001
v 2.30909991 7.70860004 -0.26830000
v 2.28600001 7.80480003 -0.39559999
v 2.25049996 7.80079985 -0.50980002
v 2.23860002 7.89519978 -0.51800001
v 2.27749991 7.90030003 -0.40419999
v 2.29920006 7.90240002 -0.28600001
v 2.30900002 7.70709991 -0.14970000
v 2.30929995 7.60850000 -0.14040001
v 2.31229997 7.60990000 -0.25740001
v 2.30760002 7.80450010 -0.15790001
v 2.30690002 7.51000023 -0.36019999
v 2.31439996 7.51049995 -0.24500000
v 1.86179996 7.46519995 -0.90380001
v 2.06419992 -0.03640000 -1.00479996
v 2.24020004 7.20639992 0.11530000
v 2.24950004 7.30490017 0.11090000
v 2.25839996 7.40339994 0.10520000
v 2.28040004 7.30719995 0.00240000
v 2.28679991 7.40679979 -0.00650000
v 2.27320004 7.20779991 0.01040000
v 2.30649996 7.40929985 -0.11870000
v 2.29169989 7.50619984 -0.01530000
v 2.30839992 7.50920010 -0.13010000
v 2.26609993 7.50190020 0.09920000
v 2.27259994 7.59999990 0.09310000
v 2.29530001 7.60500002 -0.02350000
v 2.29789996 7.70319986 -0.03110000
v 2.27729988 7.69780016 0.08760000
v 2.28020000 7.79489994 0.08260000
v 2.29909992 7.80060005 -0.03790000
v 2.28119993 7.89139986 0.07820000
v 2.29889989 7.89750004 -0.04400000
v 2.30530000 7.90110016 -0.16550000
v 2.25060010 7.78709984 0.20250000
v 2.25149989 7.88299990 0.19990000
v 2.20910001 7.87190008 0.31950000
v 2.15260005 7.85879993 0.43509999
v 2.20729995 7.96610022 0.31970000
v 2.15050006 7.95179987 0.43790001
v 2.25020003 7.97809982 0.19800000
v 1.67820001 9.00230026 -0.96880001
v 1.69809997 8.91489983 -0.95850003
v 1.80530000 8.94340038 -0.88760000
v 1.71780002 8.82680035 -0.94889998
v 1.82459998 8.85410023 -0.87809998
v 1.84370005 8.76430035 -0.86919999
v 1.94009995 8.78909969 -0.78450000
v 1.86210001 8.67389965 -0.86059999
v 1.95809996 8.69769955 -0.77660000
v 1.73730004 8.73810005 -0.94000000
v 1.60239995 8.79889965 -1.00399995
v 1.62230003 8.71129990 -0.99559999
v 1.49989998 8.68480015 -1.03400004
v 1.47969997 8.77130032 -1.04139996
v 1.37199998 8.65939999 -1.05340004
v 1.35169995 8.74460030 -1.05949998
v 1.39189994 8.57380009 -1.04740000
v 1.51950002 8.59790039 -1.02670002
v 1.64170003 8.62320042 -0.98760003
v 1.75629997 8.64879990 -0.93159997
v 1.97549999 8.60579967 -0.76910001
v 2.04320002 8.71930027 -0.68080002
v 2.06010008 8.62660027 -0.67420000
v 2.11490011 8.73740005 -0.57340002
v 2.13150001 8.64420033 -0.56830001
v 2.17199993 8.75100040 -0.45629999
v 2.18689990 8.65690041 -0.45240000
v 2.14790010 8.55070019 -0.56349999
v 2.20140004 8.56260014 -0.44830000
v 2.22720003 8.66469955 -0.32890001
v 2.23950005 8.56960011 -0.32580000
v 2.21409988 8.75949955 -0.33140001
v 2.20020008 8.85429955 -0.33340001
v 2.21440005 8.95339966 -0.19970000
v 2.22770000 8.85770035 -0.20010000
v 2.18560004 8.94919968 -0.33520001
v 2.23990011 8.76220036 -0.20000000
v 1.99240005 8.51369953 -0.76190001
v 2.07660007 8.53369999 -0.66799998
v 2.09260011 8.44050026 -0.66189998
v 2.16350007 8.45680046 -0.55849999
v 2.17799997 8.36279964 -0.55299997
v 2.10789990 8.34729958 -0.65570003
v 2.21519995 8.46809959 -0.44380000
v 2.22810006 8.37329960 -0.43869999
v 2.00869989 8.42150021 -0.75510001
v 1.89750004 8.49190044 -0.84509999
v 1.88010001 8.58300018 -0.85270000
v 1.91439998 8.40069962 -0.83789998
v 1.55110002 8.87969971 0.96950001
v 1.55170000 8.78139973 0.96370000
v 1.68780005 8.70670033 0.90480000
v 1.55499995 8.68449974 0.95709997
v 1.69430006 8.61060047 0.89770001
v 1.56099999 8.58930016 0.94970000
v 1.70280004 8.51630020 0.88950002
v 1.56959999 8.49600029 0.94160002
v 1.81680000 8.63269997 0.82400000
v 1.81029999 8.72900009 0.83109999
v 1.82500005 8.53769970 0.81550002
v 1.83449996 8.44410038 0.80580002
v 1.71290004 8.42360020 0.88020003
v 1.93410003 8.56000042 0.72149998
v 1.92659998 8.65520000 0.73019999
v 2.02209997 8.67770004 0.61870003
v 2.01609993 8.77379990 0.62620002
v 1.92050004 8.75150013 0.73760003
v 2.09470010 8.79529953 0.49900001
v 2.10100007 8.69939995 0.49180001
v 2.02880001 8.58240032 0.61019999
v 2.03620005 8.48799992 0.60070002
v 1.94280005 8.46590042 0.71160001
v 1.58000004 8.40460014 0.93229997
v 1.59080005 8.31499958 0.92110002
v 1.72379994 8.33240032 0.86960000
v 1.43729997 8.38770008 0.96109998
v 1.42780006 8.47719955 0.97100002
v 1.42009997 8.56890011 0.97970003
v 1.44790006 8.29990005 0.94870001
v 1.60070002 8.22690010 0.90700001
v 1.73440003 8.24260044 0.85729998
v 1.45809996 8.21360016 0.93449998
v 1.84480000 8.35200024 0.79509997
v 1.95220006 8.37300014 0.70109999
v 2.04430008 8.39449978 0.59090000
v 1.96150005 8.28120041 0.69029999
v 2.05240011 8.30200005 0.58109999
v 1.85490000 8.26099968 0.78380001
v 1.41480005 8.66269970 0.98790002
v 1.27470005 8.54959965 0.99049997
v 1.28079998 8.45989990 0.98100001
v 1.28980005 8.37230015 0.97009999
v 1.30030000 8.28639984 0.95760000
v 1.31180000 8.20199966 0.94419998
v 1.17990005 8.10970020 0.92519999
v 1.32350004 8.11839962 0.93019998
v 1.16680002 8.19169998 0.93839997
v 1.15429997 8.27439976 0.95120001
v 1.46790004 8.12839985 0.91939998
v 1.14349997 8.35840034 0.96359998
v 1.13479996 8.44400024 0.97520000
v 0.99479997 8.42959976 0.95609999
v 1.00310004 8.34599972 0.94349998
v 1.01429999 8.26389980 0.93080002
v 1.12969995 8.53170013 0.98580003
v 1.41240001 8.75850010 0.99580002
v 1.41320002 8.85620022 1.00320005
v 1.41659999 8.95540047 1.00979996
v 2.20050001 9.04950047 -0.19890000
v 2.14930010 8.91180038 0.36939999
v 2.20289993 8.83240032 0.22210000
v 2.15739989 8.81499958 0.36300001
v 2.20989990 8.73630047 0.21640000
v 2.16400003 8.71910000 0.35630000
v 2.21589994 8.64060020 0.21120000
v 2.16960001 8.62370014 0.34950000
v 2.23639989 8.74960041 0.07570000
v 2.22790003 8.84560013 0.07960000
v 2.24629998 8.75850010 -0.06350000
v 2.23650002 8.85439968 -0.06170000
v 2.25550008 8.66289997 -0.06470000
v 2.24419999 8.65400028 0.07240000
v 2.25029993 8.66650009 -0.19900000
v 2.26379991 8.56739998 -0.06530000
v 2.25999999 8.57089996 -0.19740000
v 2.25110006 8.47430038 -0.32220000
v 2.26909995 8.47560024 -0.19509999
v 2.27139997 8.47189999 -0.06490000
v 2.27839994 8.37660027 -0.06370000
v 2.27780008 8.38020039 -0.19220001
v 2.26139998 8.37899971 -0.31770000
v 2.25119996 8.55860043 0.06980000
v 2.22149992 8.54539967 0.20649999
v 2.17479992 8.52880001 0.34279999
v 2.25749993 8.46339989 0.06810000
v 2.22679996 8.45059967 0.20260000
v 2.10700011 8.60410023 0.48400000
v 2.11299992 8.50940037 0.47569999
v 2.18030000 8.43430042 0.33660001
v 2.11949992 8.41539955 0.46750000
v 2.18619990 8.34029961 0.33120000
v 2.12649989 8.32209969 0.45969999
v 2.19230008 8.24680042 0.32670000
v 2.13369989 8.22929955 0.45269999
v 2.14059997 8.13689995 0.44659999
v 2.19819999 8.15340042 0.32330000
v 2.14630008 8.04440022 0.44170001
v 2.20339990 8.05990028 0.32100001
v 2.06760001 8.11849976 0.56349999
v 2.07349992 8.02719975 0.55599999
v 2.07780004 7.93580008 0.54949999
v 2.24690008 8.07299995 0.19690000
v 2.24250007 8.16740036 0.19679999
v 2.23740005 8.26169968 0.19769999
v 2.06040001 8.21000004 0.57190001
v 1.97029996 8.19009972 0.67960000
v 1.97770000 8.09949970 0.66920000
v 2.23210001 8.35599995 0.19960000
v 2.26329994 8.36830044 0.06740000
v 2.28489995 8.28120041 -0.06140000
v 2.26869988 8.27330017 0.06770000
v 0.76779997 8.48449993 -0.84530002
v 0.68589997 8.39299965 -0.75449997
v 0.78659999 8.40520000 -0.85170001
v 0.80549997 8.32540035 -0.85799998
v 0.89960003 8.41810036 -0.93040001
v 0.91890001 8.33740044 -0.93379998
v 0.88029999 8.49839973 -0.92680001
v 1.00220001 8.51399994 -0.98809999
v 1.02190006 8.43249989 -0.98890001
v 1.13020003 8.53160000 -1.02869999
v 1.15009999 8.44880009 -1.02690005
v 1.26119995 8.55160046 -1.04840004
v 1.28090000 8.46730042 -1.04429996
v 1.16970003 8.36569977 -1.02489996
v 1.30030000 8.38290024 -1.04009998
v 1.41129994 8.48799992 -1.04159999
v 1.43040001 8.40209961 -1.03569996
v 1.31930006 8.29829979 -1.03569996
v 1.44900000 8.31620026 -1.02980006
v 1.33800006 8.21350002 -1.03079998
v 1.46720004 8.23029995 -1.02359998
v 1.57539999 8.33590031 -1.00580001
v 1.59309995 8.24870014 -0.99879998
v 1.55729997 8.42329979 -1.01269996
v 1.53869998 8.51060009 -1.01970005
v 1.18900001 8.28240013 -1.02250004
v 1.06089997 8.26840019 -0.98949999
v 1.04149997 8.35070038 -0.98949999
v 0.93830001 8.25609970 -0.93660003
v 1.08019996 8.18550014 -0.98860002
v 1.20799994 8.19859982 -1.01940000
v 1.09940004 8.10190010 -0.98629999
v 1.22679996 8.11429977 -1.01530004
v 1.35619998 8.12839985 -1.02530003
v 1.24109995 8.63580036 -1.05260003
v 1.11020005 8.61439991 -1.03069997
v 1.09000003 8.69699955 -1.03279996
v 1.22080004 8.71969986 -1.05690002
v 1.20029998 8.80319977 -1.06149995
v 0.70440000 8.31389999 -0.76340002
v 0.61739999 8.30249977 -0.65350002
v 0.59930003 8.38099957 -0.64209998
v 0.72299999 8.23419952 -0.77179998
v 0.63569999 8.22350025 -0.66430002
v 0.65439999 8.14389992 -0.67420000
v 0.74190003 8.15369987 -0.77910000
v 0.56250000 8.21259975 -0.54560000
v 0.54449999 8.29090023 -0.53230000
v 0.50389999 8.20110035 -0.41819999
v 0.48629999 8.27880001 -0.40279999
v 0.58090001 8.13379955 -0.55779999
v 0.67360002 8.06350040 -0.68250000
v 0.59990001 8.05440044 -0.56849998
v 0.76120001 8.07240009 -0.78490001
v 0.52190000 8.12310028 -0.43259999
v 0.49550000 8.03400040 -0.31590000
v 0.47749999 8.11170006 -0.30109999
v 0.54049999 8.04469967 -0.44549999
v 0.46000001 8.18900013 -0.28490001
v 0.46919999 8.35639954 -0.38690001
v 0.44310001 8.26620007 -0.26750001
v 0.42649999 8.34340000 -0.24940000
v 0.43070000 8.17599964 -0.14820001
v 0.41440001 8.25269985 -0.12920000
v 0.39850000 8.32960033 -0.10910000
v 0.52689999 8.36890030 -0.51859999
v 0.82450002 8.24489975 -0.86369997
v 0.84369999 8.16359997 -0.86809999
v 0.95760000 8.17399979 -0.93809998
v 0.86320001 8.08139992 -0.87080002
v 0.78100002 7.99039984 -0.78860003
v 0.88309997 7.99860001 -0.87150002
v 0.90340000 7.91510010 -0.86989999
v 0.80140001 7.90780020 -0.78979999
v 0.99669999 8.00749969 -0.93629998
v 1.01650000 7.92339993 -0.93250000
v 0.97710001 8.09109974 -0.93820000
v 0.88360000 8.25539970 0.89700001
v 0.77749997 8.17140007 0.83600003
v 0.89670002 8.17599964 0.88380003
v 0.67259997 8.16909981 0.77490002
v 0.68650001 8.09319973 0.75970000
v 0.79149997 8.09410000 0.82200003
v 0.70220000 8.01729965 0.74409997
v 0.80610001 8.01669979 0.80830002
v 0.61669999 8.02050018 0.66530001
v 0.60210001 8.09560013 0.68150002
v 0.54949999 8.02659988 0.57349998
v 0.51200002 7.96019983 0.45359999
v 0.56349999 7.95130014 0.55750000
v 0.63110000 7.94469976 0.65009999
v 0.57730001 7.87519979 0.54220003
v 0.64520001 7.86810017 0.63540000
v 0.52590001 7.88439989 0.43779999
v 0.54009998 7.80730009 0.42250001
v 0.59130001 7.79790020 0.52730000
v 0.60549998 7.71910000 0.51239997
v 0.55460000 7.72889996 0.40730000
v 0.65920001 7.79020023 0.62089998
v 0.67339998 7.71080017 0.60619998
v 0.48920000 7.89529991 0.32339999
v 0.50400001 7.81839991 0.30770001
v 0.47479999 7.97109985 0.33989999
v 0.71700001 7.94059992 0.72970003
v 0.73119998 7.86310005 0.71579999
v 0.82069999 7.93889999 0.79500002
v 0.83480000 7.86040020 0.78170002
v 0.58819997 8.17039967 0.69840002
v 0.91079998 8.09729958 0.87059999
v 1.02730000 8.18290043 0.91810000
v 1.04120004 8.10260010 0.90520000
v 1.05509996 8.02250004 0.89200002
v 1.19280005 8.02810001 0.91159999
v 1.06869996 7.94210005 0.87879997
v 1.20519996 7.94649982 0.89780003
v 1.33480000 8.03530025 0.91570002
v 1.34529996 7.95240021 0.90100002
v 1.08179998 7.86129999 0.86559999
v 1.21669996 7.86439991 0.88400000
v 0.95340002 7.85990000 0.83139998
v 0.93949997 7.93949986 0.84439999
v 0.92519999 8.01860046 0.85740000
v 1.66050005 8.53460026 -0.97990000
v 1.77479994 8.55900002 -0.92360002
v 1.67869997 8.44579983 -0.97229999
v 1.79270005 8.46899986 -0.91589999
v 1.69640005 8.35700035 -0.96480000
v 1.80990005 8.37899971 -0.90840000
v 1.82669997 8.28919983 -0.90100002
v 1.71360004 8.26850033 -0.95740002
v 1.73039997 8.18029976 -0.95020002
v 1.84309995 8.19970036 -0.89380002
v 1.94679999 8.21910000 -0.82389998
v 1.96270001 8.12889957 -0.81730002
v 1.85930002 8.11060047 -0.88700002
v 2.04020000 8.23760033 -0.74180001
v 2.05559993 8.14630032 -0.73549998
v 1.93079996 8.30970001 -0.83069998
v 2.02460003 8.32929993 -0.74839997
v 2.12249994 8.25440025 -0.64940000
v 2.13709998 8.16209984 -0.64310002
v 1.74699998 8.09230042 -0.94319999
v 1.76329994 8.00440025 -0.93650001
v 1.61039996 8.16160011 -0.99169999
v 1.62740004 8.07460022 -0.98470002
v 1.51940000 7.97149992 -1.00329995
v 1.50240004 8.05799961 -1.01040006
v 1.64400005 7.98740005 -0.97770000
v 1.48500001 8.14420033 -1.01719999
v 1.86420000 8.17099953 0.77160001
v 1.74940002 8.06659985 0.82720000
v 1.87140000 8.08170033 0.75889999
v 1.74290001 8.15410042 0.84280002
v 1.60909998 8.14009953 0.89120001
v 1.61640000 8.05410004 0.87489998
v 1.47720003 8.04389954 0.90380001
v 1.48549998 7.95959997 0.88810003
v 1.62259996 7.96850014 0.85850000
v 1.49269998 7.87519979 0.87250000
v 1.62759995 7.88290024 0.84249997
v 1.63129997 7.79680014 0.82700002
v 1.75790000 7.80539989 0.78100002
v 1.75660002 7.89260006 0.79589999
v 1.87730002 7.90479994 0.73180002
v 1.87750006 7.81629992 0.71890002
v 1.87609994 7.72749996 0.70639998
v 1.75810003 7.71770000 0.76660001
v 1.75759995 7.62919998 0.75279999
v 1.98510003 7.73920012 0.63069999
v 1.98699999 7.82950020 0.63999999
v 1.63549995 7.62220001 0.79729998
v 1.63370001 7.71000004 0.81199998
v 1.49890006 7.79020023 0.85729998
v 1.50409997 7.70429993 0.84230000
v 1.98650002 7.91949987 0.64950001
v 1.98319995 8.00940037 0.65910000
v 1.87539995 7.99310017 0.74519998
v 2.07949996 7.84420013 0.54380000
v 1.75380003 7.97959995 0.81129998
v 1.35479999 7.86910009 0.88630003
v 1.36350000 7.78520012 0.87169999
v 1.23759997 7.69780016 0.85570002
v 1.37140000 7.70030022 0.85699999
v 1.22759998 7.78170013 0.87000000
v 1.09420002 7.77960014 0.85210001
v 1.10570002 7.69680023 0.83800000
v 1.11670005 7.61259985 0.82309997
v 1.24679995 7.61259985 0.84069997
v 0.99169999 7.61420012 0.78909999
v 0.97939998 7.69750023 0.80400002
v 1.12699997 7.52659988 0.80750000
v 1.25510001 7.52570009 0.82499999
v 1.00360000 7.52899981 0.77370000
v 1.37829995 7.61409998 0.84200001
v 0.96649998 7.77930021 0.81800002
v 0.36960000 8.39249992 0.05360000
v 0.42750001 8.07240009 0.10470000
v 0.43090001 8.08619976 -0.02980000
v 0.44299999 7.99669981 0.08690000
v 0.44729999 8.00990009 -0.04710000
v 0.46419999 7.93300009 -0.06280000
v 0.45899999 7.92030001 0.07050000
v 0.46660000 7.90749979 0.20039999
v 0.45150000 7.98350000 0.21699999
v 0.48220000 7.83059978 0.18470000
v 0.51920003 7.74020004 0.29240000
v 0.49829999 7.75229979 0.16960000
v 0.49259999 7.76459980 0.04110000
v 0.51020002 7.68459988 0.02790000
v 0.51510000 7.67240000 0.15510000
v 0.53490001 7.66020012 0.27730000
v 0.56950003 7.64870024 0.39219999
v 0.58530003 7.56640005 0.37689999
v 0.63540000 7.55579996 0.48199999
v 0.62010002 7.63840008 0.49739999
v 0.55150002 7.57830000 0.26240000
v 0.53270000 7.59070015 0.14110000
v 0.56950003 7.49429989 0.24740000
v 0.55170000 7.50689983 0.12740000
v 0.52880001 7.60290003 0.01550000
v 0.54820001 7.51929998 0.00390000
v 0.47549999 7.84299994 0.05530000
v 0.48170000 7.85529995 -0.07700000
v 0.48240000 7.94490004 -0.19670001
v 0.46460000 8.02239990 -0.18220000
v 0.44740000 8.09939957 -0.16599999
v 0.51400000 7.95580006 -0.32879999
v 0.55960000 7.96560001 -0.45649999
v 0.61940002 7.97429991 -0.57730001
v 0.69319999 7.98250008 -0.68889999
v 2.23990011 8.27849960 -0.43300000
v 2.27099991 8.28369999 -0.31270000
v 2.25029993 8.18379974 -0.42670000
v 2.27950001 8.18850040 -0.30710000
v 2.25979996 8.08930016 -0.41970000
v 2.28690004 8.09319973 -0.30070001
v 2.26869988 7.99499989 -0.41220000
v 2.29329991 7.99790001 -0.29359999
v 2.22679996 7.98869991 -0.52560002
v 2.21519995 8.08170033 -0.53299999
v 2.16669989 7.97860003 -0.63110000
v 2.15170002 8.07019997 -0.63700002
v 2.20350003 8.17490005 -0.54009998
v 2.19129992 8.26869965 -0.54689997
v 2.30229998 7.99709988 -0.17240000
v 2.29819989 8.09319973 -0.17860000
v 2.29270005 8.18910027 -0.18400000
v 2.29049993 8.18570042 -0.05830000
v 2.29480004 8.08990002 -0.05430000
v 2.28579998 8.28470039 -0.18850000
v 2.27360010 8.17829990 0.06910000
v 2.27760005 8.08300018 0.07140000
v 2.29760003 7.99389982 -0.04950000
v 2.28020000 7.98740005 0.07450000
v 0.84859997 7.78090000 0.76789999
v 0.74510002 7.78450012 0.70190001
v 0.75910002 7.70450020 0.68750000
v 0.86229998 7.70009995 0.75370002
v 0.77319998 7.62279987 0.67250001
v 0.87570000 7.61759996 0.73890001
v 0.78750002 7.53910017 0.65689999
v 0.88889998 7.53319979 0.72359997
v 0.90259999 7.44649982 0.70730001
v 1.01559997 7.44159985 0.75779998
v 0.91810000 7.35739994 0.69000000
v 1.02909994 7.35190010 0.74080002
v 1.13730001 7.43839979 0.79130000
v 1.26339996 7.43699980 0.80870003
v 1.39100003 7.43720007 0.81019998
v 1.38469994 7.52640009 0.82639998
v 1.51699996 7.43940020 0.79619998
v 1.51279998 7.52899981 0.81199998
v 1.14859998 7.34810019 0.77490002
v 1.16149998 7.25579977 0.75720000
v 1.04449999 7.26000023 0.72250003
v 0.93559998 7.26609993 0.67189997
v 0.85970002 7.18079996 0.58730000
v 0.83850002 7.27390003 0.60589999
v 0.81940001 7.36469984 0.62379998
v 0.75610000 7.28340006 0.52620000
v 0.73589998 7.37349987 0.54350001
v 0.80260003 7.45300007 0.64069998
v 0.71840000 7.46120024 0.56000000
v 0.77800000 7.19110012 0.50849998
v 0.69050002 7.29440022 0.43349999
v 0.70260000 7.54659986 0.57580000
v 0.68779999 7.62970018 0.59119999
v 0.65189999 7.47090006 0.46630001
v 0.67030001 7.38380003 0.44999999
v 0.62150002 7.39540005 0.34549999
v 0.60240000 7.48199987 0.36129999
v 1.24530005 8.02939987 -1.00999999
v 1.37419999 8.04279995 -1.01909995
v 1.26349998 7.94409990 -1.00360000
v 1.39170003 7.95699978 -1.01220000
v 1.11849999 8.01770020 -0.98250002
v 1.13750005 7.93289995 -0.97710001
v 1.15649998 7.84800005 -0.97020000
v 1.28160000 7.85860014 -0.99620003
v 1.03639996 7.83900023 -0.92680001
v 1.40900004 7.87099981 -1.00460005
v 1.53610003 7.88490009 -0.99599999
v 0.98600000 7.57900000 -0.84460002
v 0.58899999 7.40799999 0.23270001
v 0.57179999 7.42100000 0.11430000
v 1.50860000 7.61730003 0.82730001
v 0.85149997 6.52390003 0.19970000
v 0.87959999 6.41760015 0.18510000
v 0.90840000 6.30730009 0.17320000
v 0.93989998 6.19220018 0.16150001
v 0.97670001 6.07609987 0.14330000
v 1.01540005 5.95830011 0.11100000
v 1.04610002 5.94000006 0.19040000
v 0.99760002 5.97830009 0.03040000
v 1.02429998 5.87169981 -0.01220000
v 1.04789996 5.84649992 0.06790000
v 1.03890002 5.76599979 -0.06000000
v 1.06850004 5.73670006 0.02180000
v 1.10450006 5.59480000 0.06630000
v 1.10889995 5.71070004 0.09990000
v 1.06280005 5.62389994 -0.01890000
v 1.04999995 5.50689983 -0.05500000
v 1.09469998 5.47580004 0.03690000
v 1.04639995 5.38530016 -0.08830000
v 1.09140003 5.35249996 0.00770000
v 1.01929998 5.41800022 -0.19270000
v 1.02170002 5.54069996 -0.15300000
v 1.03330004 5.65660000 -0.10800000
v 1.16369998 5.68489981 0.17309999
v 1.16289997 5.56519985 0.14300001
v 1.15569997 5.44329977 0.11780000
v 1.02289999 5.80060005 -0.14790000
v 1.01800001 5.69469976 -0.20150000
v 1.01470006 5.90070009 -0.09810000
v 1.08490002 5.82390022 0.14460000
v 1.09449995 5.92350006 0.26870000
v 1.13750005 5.80240011 0.21840000
v 0.99400002 6.00050020 -0.05510000
v 0.96319997 6.10430002 -0.02310000
v 0.96249998 6.08949995 0.06170000
v 1.03509998 5.77390003 -0.40120000
v 1.02020001 5.73500013 -0.29960001
v 1.02999997 5.65660000 -0.46010000
v 1.01619995 5.61880016 -0.35609999
v 1.03009999 5.52750015 -0.51440001
v 1.01880002 5.49170017 -0.40700001
v 1.01300001 5.45410013 -0.30000001
v 1.01139998 5.57919979 -0.25389999
v 1.01849997 5.32320023 -0.33890000
v 1.02320004 5.29010010 -0.22679999
v 1.04820001 5.25839996 -0.11920000
v 1.09309995 5.22450018 -0.02160000
v 1.15939999 5.18820000 0.05990000
v 1.15509999 5.31759977 0.08970000
v 1.09720004 5.09210014 -0.05110000
v 1.16670001 5.05569983 0.02880000
v 1.05100000 5.12659979 -0.14870000
v 1.02730000 5.15799999 -0.25799999
v 1.02180004 5.18909979 -0.37270001
v 1.02859998 5.02150011 -0.28659999
v 1.05289996 4.98999977 -0.17690000
v 1.02190006 5.05140018 -0.40290001
v 1.02260005 5.35820007 -0.45080000
v 1.03170002 5.39139986 -0.56269997
v 1.02049994 5.22160006 -0.48870000
v 1.02890003 5.25169992 -0.60479999
v 1.02769995 5.10860014 -0.64080000
v 1.01859999 5.08160019 -0.52160001
v 1.57309997 5.67280006 0.42300001
v 1.47280002 5.69460011 0.41200000
v 1.40139997 5.59940004 0.32560000
v 1.42209995 5.47550011 0.27469999
v 1.32650006 5.50299978 0.24779999
v 1.23520005 5.53319979 0.20829999
v 1.23459995 5.40840006 0.18189999
v 1.23710001 5.28140020 0.15340000
v 1.23090005 5.65719986 0.23819999
v 1.31379998 5.62989998 0.28529999
v 1.02989995 4.96339989 -0.67199999
v 1.01719999 4.93889999 -0.55040002
v 1.01970005 4.90969992 -0.42989999
v 1.01810002 4.79449987 -0.57660002
v 1.02010000 4.76469994 -0.45490000
v 1.02530003 4.64930010 -0.60170001
v 1.02690005 4.61770010 -0.48040000
v 1.03629994 4.50330019 -0.62819999
v 1.03919995 4.46999979 -0.50819999
v 1.04990005 4.35529995 -0.65660000
v 1.05630004 4.32189989 -0.53969997
v 1.06729996 4.20480013 -0.68540001
v 1.07790005 4.17210007 -0.57389998
v 1.10459995 4.01900005 -0.60750002
v 1.09679997 4.13140011 -0.46790001
v 1.12950003 3.98289990 -0.50599998
v 1.13380003 4.09490013 -0.36989999
v 1.17159998 3.95190001 -0.41069999
v 1.06980002 4.28090000 -0.42940000
v 1.10200000 4.24270010 -0.32830000
v 1.13329995 4.36460018 -0.20150000
v 1.07860005 4.39510012 -0.29080001
v 1.15910006 4.21470022 -0.24100000
v 1.19379997 4.07119989 -0.28400001
v 1.04929996 4.43179989 -0.39460000
v 1.03579998 4.58330011 -0.36489999
v 1.07900000 4.22049999 -0.80000001
v 1.11489999 4.22380018 -0.91250002
v 1.09539998 4.37750006 -0.89490002
v 1.06260002 4.37239981 -0.77689999
v 1.05120003 4.52169991 -0.75190002
v 1.16649997 4.22100019 -1.02180004
v 1.19280005 4.06599998 -1.02909994
v 1.22839999 4.21430016 -1.12750006
v 1.25390005 4.05910015 -1.13059998
v 1.04229999 4.66970015 -0.72630000
v 1.03450000 4.81699991 -0.70010000
v 1.02740002 4.87979984 -0.31290001
v 1.02909994 4.73320007 -0.33860001
v 1.06369996 4.54899979 -0.25889999
v 1.05610001 4.70079994 -0.23080000
v 1.05390000 4.84800005 -0.20400000
v 1.10800004 4.66790009 -0.13720000
v 1.10450006 4.81419992 -0.10870000
v 1.17359996 4.91989994 -0.00190000
v 1.10169995 4.95550013 -0.08030000
v 1.17820001 4.78039980 -0.03190000
v 1.27010000 4.75059986 0.02480000
v 1.18359995 4.63710022 -0.06220000
v 1.11679995 4.51719999 -0.16740000
v 1.19389999 4.49060011 -0.09440000
v 1.21190000 4.34359980 -0.13030000
v 1.30840003 4.33269978 -0.07700000
v 1.28939998 4.47200012 -0.04040000
v 1.27740002 4.61199999 -0.00690000
v 1.61829996 4.46000004 0.05420000
v 1.63329995 4.33379984 0.02380000
v 1.73580003 4.33570004 0.04270000
v 1.64999998 4.20720005 -0.00690000
v 1.74810004 4.20830011 0.01460000
v 1.83369994 4.33930016 0.04480000
v 1.84210002 4.21040010 0.01880000
v 1.93280005 4.21500015 0.00200000
v 1.92789996 4.34569979 0.02650000
v 1.93570006 4.08190012 -0.02140000
v 2.02020001 4.08629990 -0.05630000
v 1.85490000 3.94510007 -0.02910000
v 1.93640006 3.94580007 -0.04270000
v 1.84940004 4.07919979 -0.00610000
v 1.77129996 3.94650006 -0.03740000
v 1.76030004 4.07880020 -0.01240000
v 1.68470001 3.94840002 -0.06380000
v 1.66760004 4.07910013 -0.03660000
v 1.78009999 3.81069994 -0.06020000
v 1.85819995 3.80739999 -0.05030000
v 1.69970000 3.81450009 -0.08810000
v 1.59399998 3.94790006 -0.10130000
v 1.57060003 4.07730007 -0.07170000
v 1.54709995 4.20489979 -0.03870000
v 2.01640010 3.94829988 -0.07640000
v 2.00909996 3.80699992 -0.09580000
v 2.08290005 3.80699992 -0.14440000
v 1.93439996 3.80640006 -0.06240000
v 1.52600002 4.33209991 -0.00460000
v 1.44040000 4.20030022 -0.07490000
v 1.41540003 4.33020020 -0.03720000
v 1.33529997 4.19670010 -0.11690000
v 1.23899996 4.19990015 -0.17070000
v 1.27409995 4.06239986 -0.21320000
v 1.36829996 4.06479979 -0.15719999
v 1.31270003 3.92980003 -0.25290000
v 1.40310001 3.93499994 -0.19350000
v 1.23370004 3.93400002 -0.32539999
v 1.34979999 3.79879999 -0.28580001
v 1.43579996 3.80469990 -0.22340000
v 1.52610004 3.81170011 -0.17140000
v 1.49899995 3.94280005 -0.14440000
v 1.46940005 4.07180023 -0.11180000
v 1.31079996 3.66459990 -0.38670000
v 1.38320005 3.66639996 -0.31150001
v 1.27380002 3.79959989 -0.36019999
v 1.46459997 3.67240000 -0.24760000
v 1.39639997 4.46210003 -0.00130000
v 1.50860000 4.45970011 0.02880000
v 1.49479997 4.58780003 0.06060000
v 1.38310003 4.59530020 0.03220000
v 1.71200001 4.17000008 -1.44739997
v 1.82990003 4.15999985 -1.45560002
v 1.83539999 4.00070000 -1.44040000
v 1.72150004 4.00990009 -1.43420005
v 1.73020005 3.85509992 -1.40880001
v 1.83910000 3.84789991 -1.41120005
v 1.94480002 3.83780003 -1.40219998
v 1.94130003 3.69009995 -1.37090003
v 1.84239995 3.69939995 -1.37890005
v 2.04380012 3.82879996 -1.37320006
v 2.03349996 3.68169999 -1.34379995
v 2.13249993 3.82340002 -1.32099998
v 2.11590004 3.67639995 -1.29460001
v 2.20900011 3.82040000 -1.24890006
v 2.18709993 3.67300010 -1.22619998
v 2.16429996 3.52600002 -1.20889997
v 2.09899998 3.52970004 -1.27429998
v 2.01309991 3.38639998 -1.30639994
v 2.02320004 3.53489995 -1.32120001
v 2.08229995 3.38150001 -1.26139998
v 2.06629992 3.23070002 -1.25450003
v 2.12039995 3.22709990 -1.19449997
v 2.14170003 3.37759995 -1.19869995
v 1.93799996 3.54270005 -1.34679997
v 1.93490005 3.39339995 -1.33130002
v 2.14680004 3.97359991 -1.34819996
v 2.05220008 3.97989988 -1.40199995
v 1.94710004 3.98959994 -1.43190002
v 1.94599998 4.14870024 -1.44830000
v 1.84609997 3.55089998 -1.35389996
v 1.76100004 3.40560007 -1.33200002
v 1.75049996 3.55660009 -1.34819996
v 1.84990001 3.40059996 -1.33840001
v 1.77059996 3.25169992 -1.32400000
v 1.73989999 3.70580006 -1.37469995
v 1.63689995 3.70819998 -1.36150002
v 1.77869999 3.09480000 -1.31990004
v 1.62220001 3.85980010 -1.39289999
v 1.60940003 4.01749992 -1.41340005
v 1.52010000 3.86719990 -1.35560000
v 1.50360000 4.02640009 -1.37170005
v 1.42840004 3.87870002 -1.29560006
v 1.40799999 4.03709984 -1.30789995
v 1.32480001 4.04860020 -1.22570002
v 1.30170000 4.20569992 -1.22549999
v 1.34860003 3.89229989 -1.21759999
v 1.53789997 3.71169996 -1.33099997
v 2.37930012 3.79110003 -0.66360003
v 2.34590006 3.63949990 -0.66759998
v 2.19239998 3.37199998 -1.12390006
v 2.06640005 3.66120005 -0.16270000
v 2.13299990 3.65820003 -0.22180000
v 2.04629993 3.51329994 -0.18260001
v 2.10780001 3.50970006 -0.23970000
v 2.19400001 3.65450001 -0.29330000
v 2.16540003 3.50550008 -0.30840001
v 2.21460009 3.50169992 -0.38900000
v 2.08060002 3.36039996 -0.25920001
v 2.13479996 3.35630012 -0.32510000
v 2.02370000 3.36389995 -0.20490000
v 1.96640003 3.36660004 -0.16190000
v 1.98370004 3.51550007 -0.13710000
v 1.99820006 3.66260004 -0.11550000
v 1.92920005 3.66339993 -0.08290000
v 1.92050004 3.51749992 -0.10590000
v 1.85860002 3.66610003 -0.07060000
v 1.85529995 3.52150011 -0.09420000
v 1.84879994 3.37470007 -0.12170000
v 1.90849996 3.36960006 -0.13259999
v 1.78849995 3.52830005 -0.10460000
v 1.78740001 3.38240004 -0.13090000
v 1.78610003 3.67129993 -0.08190000
v 1.94799995 3.21659994 -0.18719999
v 2.00040007 3.21390009 -0.22840001
v 1.89489996 3.22020006 -0.15970001
v 1.88059998 3.06979990 -0.18430001
v 1.92949998 3.06620002 -0.21170001
v 1.82949996 3.07559991 -0.17360000
v 1.83990002 3.22600007 -0.14920001
v 1.97780001 3.06380010 -0.25220001
v 1.91159999 2.91589999 -0.23520000
v 1.95690000 2.91389990 -0.27500001
v 1.86570001 2.91919994 -0.20790000
v 2.05299997 3.21079993 -0.28070000
v 2.10400009 3.20740008 -0.34410000
v 2.18190002 3.35279989 -0.40290001
v 2.21900010 3.34999990 -0.49059999
v 2.25359988 3.49839997 -0.47940001
v 1.71159995 3.67700005 -0.11030000
v 1.71990001 3.53590012 -0.13249999
v 1.72440004 3.39120007 -0.15650000
v 1.72539997 3.24329996 -0.18120000
v 1.78340006 3.23410010 -0.15730000
v 1.77709997 3.08380008 -0.18130000
v 1.66419995 3.25130010 -0.21550000
v 1.65810001 3.39840007 -0.19210000
v 1.59850001 3.25620008 -0.25610000
v 1.58620000 3.40100002 -0.23520000
v 1.56959999 3.54110003 -0.21490000
v 1.64719999 3.54069996 -0.17020001
v 1.63300002 3.67969990 -0.14890000
v 1.54960001 3.67790008 -0.19419999
v 1.61520004 3.81550002 -0.12660000
v 1.93889999 2.76349998 -0.29440001
v 1.92359996 2.61290002 -0.30930001
v 1.71980000 2.77670002 -1.28999996
v 1.72730005 2.61879992 -1.27709997
v 5.75839996 9.19040012 -0.34760001
f 7 9 6
f 9 7 8
f 7 12 10
f 12 7 11
f 11 14 12
f 14 11 13
f 13 16 15
f 16 13 11
f 6 11 7
f 11 6 16
f 18 9 17
f 9 18 6
f 18 16 6
f 16 18 19
f 19 15 16
f 15 19 20
f 20 22 15
f 22 20 21
f 24 21 23
f 21 24 22
f 26 24 25
f 24 26 27
f 23 25 24
f 25 23 28
f 27 22 24
f 22 27 29
f 29 15 22
f 15 29 13
f 30 9 31
f 9 30 17
f 30 33 32
f 33 30 31
f 35 33 34
f 33 35 36
f 31 34 33
f 34 31 37
f 36 32 33
f 32 36 3
f 37 9 38
f 9 37 31
f 38 40 37
f 40 38 39
f 38 42 39
f 42 38 41
f 9 41 38
f 41 9 8
f 13 43 14
f 43 13 29
f 45 43 44
f 43 45 46
f 14 46 47
f 46 14 43
f 12 47 48
f 47 12 14
f 12 49 10
f 49 12 48
f 48 51 49
f 51 48 50
f 52 51 50
f 51 52 53
f 53 55 54
f 55 53 52
f 56 51 53
f 51 56 57
f 56 54 58
f 54 56 53
f 50 60 52
f 60 50 59
f 62 59 61
f 59 62 60
f 61 47 46
f 47 61 59
f 48 59 50
f 59 48 47
f 49 57 63
f 57 49 51
f 64 66 63
f 66 64 65
f 67 63 57
f 63 67 64
f 10 63 66
f 63 10 49
f 68 46 45
f 46 68 61
f 44 70 45
f 70 44 69
f 69 27 26
f 27 69 44
f 69 72 70
f 72 69 71
f 73 75 71
f 75 73 74
f 76 74 73
f 74 76 77
f 25 73 26
f 73 25 76
f 71 26 73
f 26 71 69
f 78 71 75
f 71 78 72
f 80 75 79
f 75 80 78
f 79 74 81
f 74 79 75
f 45 82 68
f 82 45 70
f 68 84 83
f 84 68 82
f 82 86 84
f 86 82 85
f 85 70 72
f 70 85 82
f 44 29 27
f 29 44 43
f 8 10 66
f 10 8 7
f 88 90 87
f 90 88 89
f 92 88 91
f 88 92 93
f 92 96 94
f 96 92 95
f 98 99 97
f 99 98 95
f 98 102 100
f 102 98 101
f 101 104 102
f 104 101 103
f 103 106 104
f 106 103 105
f 105 108 106
f 108 105 107
f 107 110 108
f 110 107 109
f 112 107 111
f 107 112 109
f 111 114 112
f 114 111 113
f 109 116 115
f 116 109 112
f 112 117 116
f 117 112 114
f 115 110 109
f 110 115 118
f 119 118 115
f 118 119 120
f 118 122 110
f 122 118 121
f 120 121 118
f 121 120 123
f 124 106 108
f 106 124 125
f 125 127 126
f 127 125 124
f 124 128 127
f 128 124 122
f 108 122 124
f 122 108 110
f 104 125 129
f 125 104 106
f 105 111 107
f 111 105 130
f 131 105 103
f 105 131 130
f 131 133 130
f 133 131 132
f 131 135 132
f 135 131 134
f 103 134 131
f 134 103 101
f 130 113 111
f 113 130 133
f 136 100 102
f 100 136 137
f 138 136 129
f 136 138 139
f 137 139 140
f 139 137 136
f 137 96 100
f 96 137 141
f 140 141 137
f 141 140 142
f 141 94 96
f 94 141 143
f 142 143 141
f 143 142 144
f 100 95 98
f 95 100 96
f 140 146 145
f 146 140 139
f 146 149 147
f 149 146 148
f 148 151 149
f 151 148 150
f 150 138 126
f 138 150 148
f 139 148 146
f 148 139 138
f 147 152 5
f 152 147 149
f 147 145 146
f 145 147 153
f 5 153 147
f 153 5 4
f 129 102 104
f 102 129 136
f 101 97 134
f 97 101 98
f 154 97 99
f 97 154 155
f 157 154 156
f 154 157 155
f 159 154 158
f 154 159 156
f 156 161 160
f 161 156 159
f 157 160 162
f 160 157 156
f 163 160 161
f 160 163 164
f 166 161 165
f 161 166 163
f 165 159 167
f 159 165 161
f 158 167 159
f 167 158 87
f 87 91 88
f 91 87 158
f 158 99 91
f 99 158 154
f 155 134 97
f 134 155 135
f 157 135 155
f 135 157 168
f 135 169 132
f 169 135 168
f 132 170 133
f 170 132 169
f 169 172 170
f 172 169 171
f 173 133 170
f 133 173 113
f 170 174 173
f 174 170 172
f 168 171 169
f 171 168 175
f 175 177 171
f 177 175 176
f 176 179 178
f 179 176 175
f 157 175 168
f 175 157 179
f 95 91 99
f 91 95 92
f 94 93 92
f 93 94 180
f 180 143 181
f 143 180 94
f 183 184 182
f 184 183 181
f 181 185 180
f 185 181 183
f 183 42 185
f 42 183 39
f 186 180 185
f 180 186 93
f 89 93 186
f 93 89 88
f 186 188 89
f 188 186 187
f 188 65 64
f 65 188 187
f 188 90 89
f 90 188 189
f 64 189 188
f 189 64 67
f 187 41 65
f 41 187 42
f 185 187 186
f 187 185 42
f 39 182 40
f 182 39 183
f 182 37 40
f 37 182 34
f 35 182 184
f 182 35 34
f 184 190 35
f 190 184 144
f 191 35 190
f 35 191 36
f 193 190 192
f 190 193 191
f 153 192 145
f 192 153 193
f 145 142 140
f 142 145 192
f 144 192 190
f 192 144 142
f 3 191 1
f 191 3 36
f 191 2 1
f 2 191 193
f 144 181 143
f 181 144 184
f 87 194 167
f 194 87 90
f 167 195 165
f 195 167 194
f 196 165 195
f 165 196 166
f 198 195 197
f 195 198 196
f 200 198 199
f 198 200 201
f 203 204 202
f 204 203 201
f 205 202 204
f 202 205 206
f 208 209 207
f 209 208 206
f 211 207 210
f 207 211 208
f 210 213 212
f 213 210 207
f 215 212 214
f 212 215 210
f 216 210 215
f 210 216 211
f 213 219 217
f 219 213 218
f 207 218 213
f 218 207 209
f 217 212 213
f 212 217 220
f 221 206 208
f 206 221 202
f 222 202 221
f 202 222 203
f 203 166 196
f 166 203 222
f 222 163 166
f 163 222 223
f 221 223 222
f 223 221 224
f 224 208 211
f 208 224 221
f 206 225 209
f 225 206 205
f 227 205 226
f 205 227 225
f 209 228 218
f 228 209 225
f 229 218 228
f 218 229 219
f 228 231 229
f 231 228 230
f 225 230 228
f 230 225 227
f 226 233 227
f 233 226 232
f 234 232 226
f 232 234 235
f 232 237 233
f 237 232 236
f 236 235 238
f 235 236 232
f 204 226 205
f 226 204 234
f 201 234 204
f 234 201 200
f 200 235 234
f 235 200 239
f 238 239 240
f 239 238 235
f 242 243 241
f 243 242 240
f 245 241 244
f 241 245 242
f 246 240 242
f 240 246 238
f 247 242 245
f 242 247 246
f 241 249 248
f 249 241 243
f 251 243 250
f 243 251 249
f 250 240 239
f 240 250 243
f 199 239 200
f 239 199 250
f 250 252 251
f 252 250 199
f 253 251 252
f 251 253 254
f 255 252 197
f 252 255 253
f 199 197 252
f 197 199 198
f 196 201 203
f 201 196 198
f 194 197 195
f 197 194 255
f 255 90 256
f 90 255 194
f 256 253 255
f 253 256 257
f 254 257 258
f 257 254 253
f 258 260 254
f 260 258 259
f 262 259 261
f 259 262 260
f 254 249 251
f 249 254 260
f 260 248 249
f 248 260 262
f 264 262 263
f 262 264 248
f 266 263 265
f 263 266 264
f 267 264 266
f 264 267 244
f 269 266 268
f 266 269 267
f 270 244 267
f 244 270 245
f 267 271 270
f 271 267 269
f 244 248 264
f 248 244 241
f 265 268 266
f 268 265 272
f 274 275 273
f 273 272 274
f 265 276 274
f 274 272 265
f 268 273 277
f 273 268 272
f 265 278 276
f 278 265 263
f 276 280 279
f 280 276 278
f 282 280 281
f 280 282 283
f 278 281 280
f 281 278 261
f 283 279 280
f 279 283 284
f 263 261 278
f 261 263 262
f 261 285 281
f 285 261 259
f 286 259 258
f 259 286 285
f 287 285 286
f 285 287 288
f 288 290 289
f 290 288 287
f 290 292 289
f 292 290 291
f 291 58 54
f 58 291 290
f 293 294 292
f 292 291 293
f 55 293 291
f 291 54 55
f 289 282 288
f 282 289 295
f 289 296 295
f 296 289 292
f 287 58 290
f 58 287 297
f 56 297 298
f 297 56 58
f 299 298 297
f 298 299 300
f 286 297 287
f 297 286 299
f 258 299 286
f 299 258 257
f 288 281 285
f 281 288 282
f 257 300 299
f 300 257 256
f 256 189 300
f 189 256 90
f 302 307 305
f 307 302 306
f 306 309 307
f 309 306 308
f 311 305 310
f 305 311 312
f 305 313 310
f 313 305 307
f 312 302 305
f 302 312 301
f 319 317 318
f 317 319 316
f 318 321 319
f 321 318 320
f 321 323 322
f 323 321 320
f 324 323 320
f 323 324 325
f 326 320 318
f 320 326 324
f 327 316 319
f 316 327 328
f 329 328 327
f 328 329 330
f 327 332 329
f 332 327 331
f 319 331 327
f 331 319 321
f 318 303 326
f 303 318 317
f 336 333 335
f 333 336 334
f 338 336 337
f 336 338 339
f 337 335 340
f 335 337 336
f 334 339 341
f 339 334 336
f 335 343 342
f 343 335 333
f 346 348 347
f 348 350 349
f 349 347 348
f 350 348 351
f 351 352 350
f 348 346 353
f 353 351 348
f 346 345 354
f 354 353 346
f 355 356 354
f 354 345 355
f 361 363 362
f 362 359 361
f 364 360 359
f 359 362 364
f 367 368 358
f 358 366 367
f 367 366 360
f 360 364 367
f 369 357 372
f 372 373 369
f 375 376 374
f 374 372 375
f 378 376 375
f 375 377 378
f 380 381 379
f 379 378 380
f 382 383 381
f 381 380 382
f 385 382 380
f 380 384 385
f 378 386 384
f 384 380 378
f 376 378 379
f 379 387 376
f 379 389 388
f 388 387 379
f 381 390 389
f 389 379 381
f 377 368 386
f 386 378 377
f 358 368 377
f 377 357 358
f 372 357 377
f 377 375 372
f 391 373 372
f 372 374 391
f 393 391 374
f 374 392 393
f 392 395 394
f 394 393 392
f 396 397 395
f 395 392 396
f 392 399 398
f 398 396 392
f 399 392 374
f 374 376 399
f 391 393 400
f 400 373 391
f 373 400 401
f 401 369 373
f 404 405 402
f 402 403 404
f 403 407 406
f 406 404 403
f 408 409 407
f 407 403 408
f 410 411 409
f 409 408 410
f 413 411 410
f 410 412 413
f 413 415 414
f 414 411 413
f 415 417 416
f 416 414 415
f 417 419 418
f 418 416 417
f 414 416 420
f 420 421 414
f 422 407 409
f 409 421 422
f 423 406 407
f 407 422 423
f 425 423 422
f 422 424 425
f 421 420 424
f 424 422 421
f 411 414 421
f 421 409 411
f 416 418 426
f 426 420 416
f 418 428 427
f 427 426 418
f 419 429 428
f 428 418 419
f 431 427 428
f 428 430 431
f 430 428 429
f 429 432 430
f 426 427 433
f 433 434 426
f 420 426 434
f 434 424 420
f 435 436 419
f 419 417 435
f 439 435 437
f 437 438 439
f 441 439 438
f 438 440 441
f 440 443 442
f 442 441 440
f 439 441 444
f 444 445 439
f 441 442 446
f 446 444 441
f 438 413 412
f 412 440 438
f 440 412 447
f 447 443 440
f 448 447 412
f 412 410 448
f 437 415 413
f 413 438 437
f 417 415 437
f 437 435 417
f 445 436 435
f 435 439 445
f 419 436 449
f 449 429 419
f 450 449 436
f 436 445 450
f 429 449 451
f 451 432 429
f 449 450 452
f 452 451 449
f 448 410 408
f 408 453 448
f 453 455 454
f 454 448 453
f 456 457 454
f 454 455 456
f 458 459 457
f 457 456 458
f 458 462 460
f 460 461 458
f 462 464 463
f 463 460 462
f 466 464 462
f 462 465 466
f 463 464 467
f 467 468 463
f 466 469 467
f 467 464 466
f 460 471 470
f 470 461 460
f 471 460 463
f 463 472 471
f 462 458 456
f 456 465 462
f 459 458 461
f 461 473 459
f 475 457 459
f 459 474 475
f 474 477 476
f 476 475 474
f 475 478 454
f 454 457 475
f 479 478 475
f 475 476 479
f 459 473 480
f 480 474 459
f 473 482 481
f 481 480 473
f 461 470 482
f 482 473 461
f 483 465 456
f 456 455 483
f 402 483 455
f 455 453 402
f 483 485 484
f 484 465 483
f 484 485 486
f 486 487 484
f 484 489 488
f 488 465 484
f 487 490 489
f 489 484 487
f 487 486 491
f 491 492 487
f 486 494 493
f 493 491 486
f 494 486 485
f 485 495 494
f 495 485 483
f 483 402 495
f 403 402 453
f 453 408 403
f 405 404 496
f 496 497 405
f 405 497 495
f 495 402 405
f 498 494 495
f 495 497 498
f 494 498 499
f 499 493 494
f 500 501 493
f 493 499 500
f 501 500 502
f 502 503 501
f 506 503 504
f 504 505 506
f 370 371 505
f 505 504 370
f 508 370 504
f 504 507 508
f 507 504 503
f 503 502 507
f 500 510 509
f 509 502 500
f 511 507 502
f 502 509 511
f 507 511 512
f 512 508 507
f 511 514 513
f 513 512 511
f 515 506 505
f 505 401 515
f 516 517 506
f 506 515 516
f 492 491 517
f 517 516 492
f 517 501 503
f 503 506 517
f 491 493 501
f 501 517 491
f 518 519 492
f 492 516 518
f 520 521 519
f 519 518 520
f 394 520 518
f 518 522 394
f 522 518 516
f 516 515 522
f 515 401 400
f 400 522 515
f 371 369 401
f 401 505 371
f 499 523 510
f 510 500 499
f 523 525 524
f 524 510 523
f 525 527 526
f 526 524 525
f 530 527 528
f 528 529 530
f 532 533 530
f 530 531 532
f 533 532 534
f 534 535 533
f 537 534 532
f 532 536 537
f 536 532 531
f 531 538 536
f 529 539 531
f 531 530 529
f 539 529 540
f 540 541 539
f 540 529 542
f 542 543 540
f 544 542 529
f 529 528 544
f 533 526 527
f 527 530 533
f 524 526 545
f 545 546 524
f 535 545 526
f 526 533 535
f 527 525 547
f 547 528 527
f 496 549 547
f 547 548 496
f 549 496 404
f 404 406 549
f 497 496 548
f 548 498 497
f 548 547 525
f 525 523 548
f 549 544 528
f 528 547 549
f 498 548 523
f 523 499 498
f 557 558 550
f 550 555 557
f 560 558 557
f 557 559 560
f 562 559 556
f 556 561 562
f 562 561 563
f 563 564 562
f 565 560 559
f 559 562 565
f 562 564 566
f 566 565 562
f 559 557 555
f 555 556 559
f 567 551 550
f 550 558 567
f 568 552 551
f 551 567 568
f 570 568 567
f 567 569 570
f 569 567 558
f 558 560 569
f 576 577 574
f 574 575 576
f 579 576 575
f 575 578 579
f 579 572 580
f 580 576 579
f 580 572 571
f 571 581 580
f 580 581 582
f 582 576 580
f 582 583 577
f 577 576 582
f 584 585 577
f 577 583 584
f 587 585 584
f 584 586 587
f 587 586 588
f 588 589 587
f 591 587 589
f 589 590 591
f 591 594 592
f 592 593 591
f 590 595 594
f 594 591 590
f 587 591 593
f 593 585 587
f 596 597 589
f 589 588 596
f 590 589 597
f 597 598 590
f 586 600 599
f 599 588 586
f 602 599 600
f 600 601 602
f 604 601 603
f 603 352 604
f 605 603 601
f 601 600 605
f 601 604 606
f 606 602 601
f 588 599 607
f 607 596 588
f 599 602 608
f 608 607 599
f 600 586 584
f 584 605 600
f 605 584 583
f 583 609 605
f 609 583 582
f 582 581 609
f 609 610 603
f 603 605 609
f 612 613 611
f 611 610 612
f 581 612 610
f 610 609 581
f 573 614 613
f 613 612 573
f 571 573 612
f 612 581 571
f 352 603 610
f 610 611 352
f 350 352 611
f 611 615 350
f 615 611 613
f 613 616 615
f 577 585 617
f 617 574 577
f 575 574 618
f 618 619 575
f 620 621 619
f 619 618 620
f 620 623 622
f 622 621 620
f 624 623 620
f 620 618 624
f 625 578 575
f 575 619 625
f 626 625 619
f 619 627 626
f 627 619 621
f 621 564 627
f 574 617 624
f 624 618 574
f 624 617 628
f 628 623 624
f 628 617 585
f 585 593 628
f 629 622 623
f 623 628 629
f 628 593 630
f 630 629 628
f 631 634 633
f 633 632 631
f 634 631 635
f 635 636 634
f 640 642 641
f 641 637 640
f 642 644 643
f 643 641 642
f 644 646 645
f 645 643 644
f 647 648 641
f 641 643 647
f 648 647 649
f 649 650 648
f 648 638 637
f 637 641 648
f 638 648 650
f 650 639 638
f 650 649 651
f 651 636 650
f 653 651 649
f 649 652 653
f 649 647 654
f 654 652 649
f 654 647 643
f 643 645 654
f 645 656 655
f 655 654 645
f 657 656 645
f 645 646 657
f 646 644 658
f 658 659 646
f 659 660 657
f 657 646 659
f 661 660 659
f 659 658 661
f 658 644 662
f 662 663 658
f 664 661 658
f 658 663 664
f 665 666 657
f 657 660 665
f 665 668 667
f 667 666 665
f 668 665 669
f 669 670 668
f 669 665 660
f 660 661 669
f 642 671 662
f 662 644 642
f 662 671 672
f 672 673 662
f 674 675 673
f 673 672 674
f 676 677 675
f 675 674 676
f 674 554 553
f 553 676 674
f 672 678 554
f 554 674 672
f 663 662 673
f 673 679 663
f 680 679 673
f 673 675 680
f 678 672 671
f 671 681 678
f 642 640 681
f 681 671 642
f 686 684 683
f 683 685 686
f 685 688 687
f 687 686 685
f 682 689 685
f 685 683 682
f 689 682 690
f 690 691 689
f 688 685 689
f 689 692 688
f 692 689 691
f 691 693 692
f 695 688 692
f 692 694 695
f 694 692 693
f 693 696 694
f 697 698 686
f 686 687 697
f 699 700 698
f 698 697 699
f 697 702 701
f 701 699 697
f 702 697 687
f 687 703 702
f 695 703 687
f 687 688 695
f 698 704 684
f 684 686 698
f 704 698 700
f 700 705 704
f 705 700 706
f 706 707 705
f 708 713 712
f 712 709 708
f 691 690 709
f 709 712 691
f 712 714 693
f 693 691 712
f 696 693 714
f 714 715 696
f 714 712 713
f 713 715 714
f 716 713 708
f 708 710 716
f 717 715 713
f 713 716 717
f 717 545 535
f 535 718 717
f 718 535 534
f 534 719 718
f 718 696 715
f 715 717 718
f 696 718 719
f 719 694 696
f 717 716 720
f 720 545 717
f 514 720 711
f 711 513 514
f 710 711 720
f 720 716 710
f 546 545 720
f 720 514 546
f 723 724 721
f 721 722 723
f 727 724 725
f 725 726 727
f 724 727 728
f 728 721 724
f 722 721 729
f 729 730 722
f 732 722 730
f 730 731 732
f 732 733 723
f 723 722 732
f 733 732 731
f 731 734 733
f 734 731 701
f 701 702 734
f 735 734 702
f 702 703 735
f 734 735 736
f 736 733 734
f 737 723 733
f 733 736 737
f 739 737 736
f 736 738 739
f 735 740 738
f 738 736 735
f 703 741 740
f 740 735 703
f 538 740 741
f 741 536 538
f 741 742 537
f 537 536 741
f 695 742 741
f 741 703 695
f 743 701 731
f 731 730 743
f 730 729 744
f 744 743 730
f 729 746 745
f 745 744 729
f 747 748 743
f 743 744 747
f 749 747 744
f 744 745 749
f 726 746 728
f 728 727 726
f 721 728 746
f 746 729 721
f 750 745 746
f 746 726 750
f 748 699 701
f 701 743 748
f 751 750 726
f 726 725 751
f 751 606 604
f 604 752 751
f 352 351 752
f 752 604 352
f 752 753 750
f 750 751 752
f 745 750 753
f 753 749 745
f 353 354 749
f 749 753 353
f 351 353 753
f 753 752 351
f 725 754 606
f 606 751 725
f 602 606 754
f 754 608 602
f 608 754 723
f 723 737 608
f 754 725 724
f 724 723 754
f 755 756 629
f 629 630 755
f 756 757 622
f 622 629 756
f 566 564 757
f 757 756 566
f 621 622 757
f 757 564 621
f 565 566 756
f 756 755 565
f 560 565 755
f 755 758 560
f 758 759 569
f 569 560 758
f 760 570 569
f 569 759 760
f 761 762 760
f 760 759 761
f 763 764 762
f 762 761 763
f 764 763 765
f 765 766 764
f 764 768 767
f 767 762 764
f 762 767 769
f 769 760 762
f 769 770 680
f 770 769 767
f 769 677 570
f 570 760 769
f 769 680 675
f 675 677 769
f 772 773 771
f 771 770 772
f 774 775 773
f 773 772 774
f 772 768 776
f 776 774 772
f 770 767 768
f 768 772 770
f 778 679 771
f 771 777 778
f 773 779 777
f 777 771 773
f 770 771 679
f 679 680 770
f 768 764 766
f 766 776 768
f 780 781 776
f 776 766 780
f 782 783 781
f 781 780 782
f 782 785 784
f 784 783 782
f 783 787 786
f 786 781 783
f 787 783 784
f 784 788 787
f 785 790 789
f 789 784 785
f 791 792 790
f 790 785 791
f 785 782 793
f 793 791 785
f 793 782 780
f 780 794 793
f 796 793 794
f 794 795 796
f 765 797 795
f 795 794 765
f 766 765 794
f 794 780 766
f 765 763 592
f 592 797 765
f 763 630 593
f 593 592 763
f 761 755 630
f 630 763 761
f 758 755 761
f 761 759 758
f 805 800 802
f 802 804 805
f 800 805 806
f 806 801 800
f 808 798 809
f 809 810 808
f 810 811 807
f 807 808 810
f 813 807 811
f 811 812 813
f 812 811 814
f 814 815 812
f 812 815 816
f 816 817 812
f 817 818 813
f 813 812 817
f 818 817 819
f 819 820 818
f 819 817 816
f 816 821 819
f 823 816 815
f 815 822 823
f 823 822 824
f 824 825 823
f 824 822 826
f 826 827 824
f 815 814 826
f 826 822 815
f 828 814 811
f 811 810 828
f 829 826 814
f 814 828 829
f 828 831 830
f 830 829 828
f 832 830 831
f 831 799 832
f 798 799 831
f 831 809 798
f 809 831 828
f 828 810 809
f 833 827 826
f 826 829 833
f 834 833 829
f 829 830 834
f 833 836 835
f 835 827 833
f 836 833 834
f 834 837 836
f 801 806 832
f 832 799 801
f 842 843 841
f 841 838 842
f 839 844 842
f 842 838 839
f 848 849 847
f 847 846 848
f 850 848 846
f 846 845 850
f 843 850 845
f 845 841 843
f 851 854 853
f 853 852 851
f 859 860 857
f 857 856 859
f 860 859 861
f 861 862 860
f 858 857 860
f 860 863 858
f 866 863 864
f 864 865 866
f 863 860 862
f 862 864 863
f 867 858 863
f 863 866 867
f 869 861 859
f 859 868 869
f 855 868 859
f 859 856 855
f 853 870 869
f 869 868 853
f 852 853 868
f 868 855 852
f 862 861 871
f 871 872 862
f 871 870 873
f 873 874 871
f 869 870 871
f 871 861 869
f 872 871 874
f 874 875 872
f 853 854 873
f 873 870 853
f 876 877 873
f 873 854 876
f 879 880 878
f 878 876 879
f 880 879 881
f 881 882 880
f 884 878 880
f 880 883 884
f 887 883 885
f 885 886 887
f 886 889 888
f 888 887 886
f 890 884 883
f 883 887 890
f 891 890 887
f 887 888 891
f 882 885 883
f 883 880 882
f 892 893 886
f 886 885 892
f 885 882 894
f 894 892 885
f 884 896 895
f 895 878 884
f 896 898 897
f 897 895 896
f 898 896 899
f 899 900 898
f 890 899 896
f 896 884 890
f 877 876 878
f 878 895 877
f 901 877 895
f 895 897 901
f 877 901 874
f 874 873 877
f 902 894 882
f 882 881 902
f 894 902 903
f 903 904 894
f 904 903 905
f 905 906 904
f 908 905 903
f 903 907 908
f 902 909 907
f 907 903 902
f 881 910 909
f 909 902 881
f 910 881 879
f 879 911 910
f 910 913 912
f 912 909 910
f 913 910 911
f 911 914 913
f 876 854 911
f 911 879 876
f 851 914 911
f 911 854 851
f 919 922 920
f 920 921 919
f 918 923 922
f 922 919 918
f 923 918 924
f 924 925 923
f 926 924 917
f 924 926 925
f 930 928 927
f 927 929 930
f 928 930 931
f 931 932 928
f 932 931 934
f 934 933 932
f 936 931 930
f 930 935 936
f 937 934 931
f 931 936 937
f 934 937 938
f 938 939 934
f 940 941 938
f 938 937 940
f 940 937 936
f 936 942 940
f 942 936 935
f 935 943 942
f 943 935 944
f 944 945 943
f 946 947 942
f 942 943 946
f 948 946 943
f 943 945 948
f 935 930 929
f 929 944 935
f 944 929 920
f 920 949 944
f 952 949 950
f 950 951 952
f 949 920 922
f 922 950 949
f 945 944 949
f 949 952 945
f 929 927 921
f 921 920 929
f 953 955 957
f 957 958 953
f 957 955 956
f 956 959 957
f 956 961 960
f 960 959 956
f 959 960 962
f 962 963 959
f 961 820 819
f 819 960 961
f 960 819 821
f 821 962 960
f 963 962 964
f 964 965 963
f 968 965 966
f 966 967 968
f 971 967 969
f 969 970 971
f 967 966 972
f 972 969 967
f 967 971 973
f 973 968 967
f 974 966 965
f 965 964 974
f 964 976 975
f 975 974 964
f 962 821 976
f 976 964 962
f 968 958 963
f 963 965 968
f 968 973 977
f 977 958 968
f 957 959 963
f 963 958 957
f 977 954 953
f 953 958 977
f 978 980 979
f 979 365 978
f 980 982 981
f 981 979 980
f 365 979 363
f 363 361 365
f 979 981 983
f 983 363 979
f 981 985 984
f 984 983 981
f 986 987 983
f 983 984 986
f 987 362 363
f 363 983 987
f 985 989 988
f 988 984 985
f 990 991 989
f 989 985 990
f 985 981 982
f 982 990 985
f 992 993 982
f 982 980 992
f 993 992 994
f 994 995 993
f 990 982 993
f 993 996 990
f 996 997 991
f 991 990 996
f 997 996 998
f 998 999 997
f 996 993 995
f 995 998 996
f 1001 994 992
f 992 1000 1001
f 980 978 1000
f 1000 992 980
f 1002 1003 995
f 995 994 1002
f 973 1003 1002
f 1002 977 973
f 1002 1004 954
f 954 977 1002
f 1004 1002 994
f 994 1001 1004
f 1006 1008 1005
f 1008 1006 1007
f 1005 1010 1009
f 1010 1005 1008
f 1009 1012 1011
f 1012 1009 1010
f 1010 1014 1012
f 1014 1010 1013
f 1008 1013 1010
f 1013 1008 1015
f 1015 1017 1013
f 1017 1015 1016
f 1016 1019 1017
f 1019 1016 1018
f 1018 1021 1019
f 1021 1018 1020
f 1022 1020 1018
f 1020 1022 1023
f 1025 1022 1024
f 1022 1025 1026
f 1007 1026 1025
f 1026 1007 1027
f 1026 1023 1022
f 1023 1026 1028
f 1027 1028 1026
f 1028 1027 1029
f 1016 1025 1024
f 1025 1016 1015
f 1018 1024 1022
f 1024 1018 1016
f 1020 1031 1021
f 1031 1020 1030
f 1030 1033 1031
f 1033 1030 1032
f 1035 1032 1034
f 1032 1035 1033
f 1036 1034 1032
f 1034 1036 1037
f 1032 1038 1036
f 1038 1032 1030
f 1021 1040 1039
f 1040 1021 1031
f 1031 1041 1040
f 1041 1031 1033
f 1023 1030 1020
f 1030 1023 1038
f 1017 1043 1042
f 1043 1017 1019
f 1013 1042 1014
f 1042 1013 1017
f 1014 1045 1044
f 1045 1014 1042
f 1042 1046 1045
f 1046 1042 1043
f 1019 1039 1043
f 1039 1019 1021
f 1007 1015 1008
f 1015 1007 1025
f 1047 1011 1012
f 1011 1047 1048
f 1050 1051 1049
f 1051 1050 1048
f 1052 1048 1050
f 1048 1052 1011
f 1053 1011 1052
f 1011 1053 1009
f 1055 1053 1054
f 1053 1055 1056
f 1058 1056 1055
f 1055 1057 1058
f 1057 1060 1059
f 1059 1058 1057
f 1061 1062 1060
f 1060 1057 1061
f 1063 1061 1057
f 1057 1055 1063
f 1060 1065 1064
f 1064 1059 1060
f 1059 1006 1058
f 1006 1059 1066
f 1066 1064 1067
f 1064 1066 1059
f 1058 1005 1056
f 1005 1058 1006
f 1009 1056 1005
f 1056 1009 1053
f 1068 1063 1055
f 1055 1054 1068
f 1063 1068 1069
f 1069 1070 1063
f 1070 1069 1071
f 1071 1072 1070
f 1074 1071 1069
f 1069 1073 1074
f 1073 1069 1068
f 1068 1075 1073
f 1054 1076 1075
f 1075 1068 1054
f 1077 1075 1076
f 1075 1077 1078
f 1076 1050 1077
f 1050 1076 1052
f 1054 1052 1076
f 1052 1054 1053
f 1049 1077 1050
f 1077 1049 1079
f 1081 1082 1080
f 1080 1079 1081
f 1082 1081 1083
f 1083 1084 1082
f 1082 1074 1073
f 1073 1080 1082
f 1080 1078 1077
f 1077 1079 1080
f 1073 1078 1080
f 1078 1073 1075
f 1074 1082 1084
f 1084 1085 1074
f 1087 1085 1084
f 1084 1086 1087
f 1086 1089 1088
f 1088 1087 1086
f 1090 1091 1089
f 1089 1086 1090
f 1083 1090 1086
f 1086 1084 1083
f 1085 1092 1071
f 1071 1074 1085
f 1087 1093 1092
f 1092 1085 1087
f 1095 1081 1094
f 1081 1095 1083
f 1095 1098 1096
f 1098 1095 1097
f 1100 1097 1099
f 1097 1100 1098
f 1096 1102 1101
f 1102 1096 1098
f 1103 1098 1100
f 1098 1103 1102
f 1105 1106 1104
f 1106 1105 1099
f 1107 1099 1097
f 1099 1107 1106
f 1099 1108 1100
f 1108 1099 1105
f 1097 1094 1107
f 1094 1097 1095
f 1094 1109 1107
f 1109 1094 1049
f 1049 1081 1079
f 1081 1049 1094
f 1096 1083 1095
f 1083 1096 1090
f 1051 1112 1110
f 1112 1051 1111
f 1111 1114 1112
f 1114 1111 1113
f 1113 1116 1114
f 1116 1113 1115
f 1118 1115 1117
f 1115 1118 1116
f 1114 1120 1119
f 1120 1114 1116
f 1121 1119 1120
f 1119 1121 1122
f 1124 1120 1123
f 1120 1124 1121
f 1116 1123 1120
f 1123 1116 1118
f 1112 1119 1125
f 1119 1112 1114
f 1117 1127 1118
f 1127 1117 1126
f 1129 1126 1128
f 1126 1129 1127
f 1130 1128 1126
f 1128 1130 1131
f 1046 1126 1117
f 1126 1046 1130
f 1045 1117 1115
f 1117 1045 1046
f 1115 1044 1045
f 1044 1115 1113
f 1113 1047 1044
f 1047 1113 1111
f 1048 1111 1051
f 1111 1048 1047
f 1044 1012 1014
f 1012 1044 1047
f 1049 1110 1109
f 1110 1049 1051
f 1109 1133 1132
f 1133 1109 1110
f 1132 1122 1134
f 1122 1132 1133
f 1136 1134 1135
f 1134 1136 1104
f 1137 1121 1124
f 1121 1137 1135
f 1138 1135 1137
f 1135 1138 1136
f 1140 1137 1139
f 1137 1140 1138
f 1124 1139 1137
f 1139 1124 1141
f 1135 1122 1121
f 1122 1135 1134
f 1132 1104 1106
f 1104 1132 1134
f 1107 1132 1106
f 1132 1107 1109
f 1133 1119 1122
f 1119 1133 1125
f 1110 1125 1133
f 1125 1110 1112
f 1142 1027 1007
f 1027 1142 1143
f 1143 1145 1144
f 1145 1143 1142
f 1029 1143 1146
f 1143 1029 1027
f 1148 1149 1147
f 1149 1148 1146
f 1147 1151 1150
f 1151 1147 1149
f 1150 1153 1152
f 1153 1150 1151
f 1151 1155 1153
f 1155 1151 1154
f 1154 1149 1144
f 1149 1154 1151
f 1144 1156 1154
f 1156 1144 1145
f 1145 1157 1156
f 1157 1145 1067
f 1157 1160 1158
f 1160 1157 1159
f 1067 1159 1157
f 1159 1067 1064
f 1156 1158 1161
f 1158 1156 1157
f 1142 1067 1145
f 1067 1142 1066
f 1144 1146 1143
f 1146 1144 1149
f 1154 1161 1155
f 1161 1154 1156
f 1155 1163 1162
f 1163 1155 1161
f 1161 1164 1163
f 1164 1161 1158
f 1167 1164 1165
f 1165 1166 1167
f 1164 1158 1160
f 1160 1165 1164
f 1167 1163 1164
f 1163 1167 1168
f 1168 1162 1163
f 1162 1168 1169
f 1169 1171 1162
f 1171 1169 1170
f 1172 1170 1169
f 1170 1172 1173
f 1174 1169 1168
f 1169 1174 1172
f 1162 1153 1155
f 1153 1162 1171
f 1171 1152 1153
f 1152 1171 1175
f 1177 1178 1176
f 1178 1177 1175
f 1180 1176 1179
f 1176 1180 1177
f 1181 1179 1176
f 1179 1181 1182
f 1182 1184 1183
f 1184 1182 1181
f 1186 1181 1185
f 1181 1186 1184
f 1176 1185 1181
f 1185 1176 1178
f 1182 1188 1179
f 1188 1182 1187
f 1189 1179 1188
f 1179 1189 1180
f 1190 1175 1177
f 1175 1190 1152
f 1191 1177 1180
f 1177 1191 1190
f 1192 1190 1191
f 1190 1192 1193
f 1195 1191 1194
f 1191 1195 1192
f 1180 1194 1191
f 1194 1180 1189
f 1152 1193 1150
f 1193 1152 1190
f 1150 1196 1147
f 1196 1150 1193
f 1170 1175 1171
f 1175 1170 1178
f 1146 1197 1029
f 1197 1146 1148
f 1198 1029 1197
f 1029 1198 1028
f 1028 1038 1023
f 1038 1028 1198
f 1036 1198 1199
f 1198 1036 1038
f 1037 1199 1200
f 1199 1037 1036
f 1201 1203 1200
f 1203 1201 1202
f 1204 1202 1201
f 1202 1204 1205
f 1207 1208 1206
f 1208 1207 1205
f 1205 1209 1208
f 1209 1205 1204
f 1210 1205 1207
f 1205 1210 1202
f 1212 1201 1211
f 1201 1212 1204
f 1200 1211 1201
f 1211 1200 1199
f 1148 1211 1197
f 1211 1148 1212
f 1197 1199 1198
f 1199 1197 1211
f 1202 1213 1203
f 1213 1202 1210
f 1203 1215 1214
f 1215 1203 1213
f 1217 1213 1216
f 1213 1217 1215
f 1216 1210 1218
f 1210 1216 1213
f 1214 1200 1203
f 1200 1214 1037
f 1212 1147 1196
f 1147 1212 1148
f 1007 1066 1142
f 1066 1007 1006
f 1221 1222 1219
f 1219 1220 1221
f 1221 1092 1093
f 1093 1222 1221
f 1224 1219 1222
f 1222 1223 1224
f 1219 1224 1225
f 1225 1226 1219
f 1219 1226 1227
f 1227 1220 1219
f 1227 1226 1228
f 1228 1229 1227
f 1232 1229 1230
f 1230 1231 1232
f 1233 1227 1229
f 1229 1232 1233
f 1233 1236 1234
f 1234 1235 1233
f 1236 1238 1237
f 1237 1234 1236
f 1239 1240 1235
f 1235 1234 1239
f 1241 1239 1234
f 1234 1237 1241
f 1243 1244 1242
f 1242 1238 1243
f 1238 1236 1245
f 1245 1243 1238
f 1238 1242 1246
f 1246 1237 1238
f 1236 1233 1232
f 1232 1245 1236
f 1227 1233 1235
f 1235 1220 1227
f 1245 1232 1231
f 1231 1247 1245
f 1248 1249 1231
f 1231 1230 1248
f 1250 1251 1248
f 1248 1230 1250
f 1250 1230 1229
f 1229 1228 1250
f 1252 1253 1251
f 1251 1250 1252
f 1252 1250 1228
f 1228 1254 1252
f 1248 1256 1255
f 1255 1249 1248
f 1256 1248 1251
f 1251 1257 1256
f 1247 1231 1249
f 1249 1258 1247
f 1243 1245 1247
f 1247 1259 1243
f 1258 1260 1259
f 1259 1247 1258
f 1259 1261 1244
f 1244 1243 1259
f 1262 1261 1259
f 1259 1260 1262
f 1226 1225 1254
f 1254 1228 1226
f 1225 1264 1263
f 1263 1254 1225
f 1263 1264 1265
f 1265 1266 1263
f 1265 1268 1267
f 1267 1266 1265
f 1269 1270 1268
f 1268 1265 1269
f 1271 1272 1270
f 1270 1269 1271
f 1274 1271 1269
f 1269 1273 1274
f 1273 1269 1265
f 1265 1264 1273
f 1270 1276 1275
f 1275 1268 1270
f 1277 1267 1268
f 1268 1275 1277
f 1279 1263 1266
f 1266 1278 1279
f 1278 1281 1280
f 1280 1279 1278
f 1278 1266 1267
f 1267 1282 1278
f 1281 1278 1282
f 1282 1283 1281
f 1280 1285 1284
f 1284 1253 1280
f 1285 1280 1281
f 1281 1286 1285
f 1279 1280 1253
f 1253 1252 1279
f 1252 1254 1263
f 1263 1279 1252
f 1224 1273 1264
f 1264 1225 1224
f 1223 1274 1273
f 1273 1224 1223
f 1287 1288 1274
f 1274 1223 1287
f 1088 1289 1288
f 1288 1287 1088
f 1291 1288 1289
f 1289 1290 1291
f 1293 1291 1290
f 1290 1292 1293
f 1292 1290 1294
f 1294 1295 1292
f 1294 1298 1296
f 1296 1297 1294
f 1296 1300 1297
f 1300 1296 1299
f 1301 1294 1297
f 1294 1301 1295
f 1302 1297 1300
f 1297 1302 1301
f 1091 1296 1298
f 1298 1089 1091
f 1089 1298 1289
f 1289 1088 1089
f 1298 1294 1290
f 1290 1289 1298
f 1304 1293 1292
f 1292 1303 1304
f 1303 1306 1305
f 1305 1304 1303
f 1307 1272 1293
f 1293 1304 1307
f 1304 1305 1308
f 1308 1307 1304
f 1306 1303 1309
f 1309 1310 1306
f 1306 1312 1311
f 1311 1305 1306
f 1310 1313 1312
f 1312 1306 1310
f 1303 1292 1295
f 1295 1309 1303
f 1288 1291 1271
f 1271 1274 1288
f 1272 1271 1291
f 1291 1293 1272
f 1087 1088 1287
f 1287 1093 1087
f 1222 1093 1287
f 1287 1223 1222
f 1072 1071 1092
f 1092 1221 1072
f 1314 1072 1221
f 1221 1220 1314
f 1315 1070 1072
f 1072 1314 1315
f 1062 1061 1315
f 1315 1316 1062
f 1314 1240 1316
f 1316 1315 1314
f 1318 1062 1316
f 1316 1317 1318
f 1320 1318 1317
f 1317 1319 1320
f 1318 1320 1321
f 1321 1065 1318
f 1159 1064 1065
f 1065 1321 1159
f 1321 1322 1160
f 1160 1159 1321
f 1165 1160 1322
f 1322 1323 1165
f 1323 1322 1324
f 1324 1325 1323
f 1327 1323 1325
f 1325 1326 1327
f 1328 1329 1326
f 1326 1325 1328
f 1330 1328 1325
f 1325 1324 1330
f 1323 1327 1166
f 1166 1165 1323
f 1320 1324 1322
f 1322 1321 1320
f 1319 1330 1324
f 1324 1320 1319
f 1241 1331 1330
f 1330 1319 1241
f 1328 1330 1331
f 1331 1332 1328
f 1329 1328 1332
f 1332 1333 1329
f 1334 1335 1333
f 1333 1332 1334
f 1333 1337 1336
f 1336 1329 1333
f 1338 1337 1333
f 1333 1335 1338
f 1246 1334 1332
f 1332 1331 1246
f 1237 1246 1331
f 1331 1241 1237
f 1239 1241 1319
f 1319 1317 1239
f 1240 1239 1317
f 1317 1316 1240
f 1062 1318 1065
f 1065 1060 1062
f 1061 1063 1070
f 1070 1315 1061
f 1220 1235 1240
f 1240 1314 1220
f 1340 1342 1339
f 1342 1340 1341
f 1341 1344 1342
f 1344 1341 1343
f 1343 1346 1345
f 1346 1343 1341
f 1345 1348 1347
f 1348 1345 1346
f 1347 1350 1349
f 1350 1347 1348
f 1347 1352 1345
f 1352 1347 1351
f 1351 1354 1352
f 1354 1351 1353
f 1353 1356 1355
f 1356 1353 1349
f 1351 1349 1353
f 1349 1351 1347
f 1349 1313 1356
f 1313 1349 1350
f 1357 1312 1313
f 1313 1350 1357
f 1358 1311 1312
f 1312 1357 1358
f 1359 1358 1357
f 1358 1359 1360
f 1350 1348 1359
f 1359 1357 1350
f 1355 1362 1361
f 1362 1355 1356
f 1363 1353 1355
f 1353 1363 1354
f 1364 1355 1361
f 1355 1364 1363
f 1365 1361 1362
f 1361 1365 1366
f 1309 1362 1310
f 1362 1309 1365
f 1310 1356 1313
f 1356 1310 1362
f 1352 1368 1367
f 1368 1352 1354
f 1367 1370 1369
f 1370 1367 1368
f 1345 1367 1343
f 1367 1345 1352
f 1343 1369 1344
f 1369 1343 1367
f 1371 1344 1369
f 1344 1371 1372
f 1373 1369 1370
f 1369 1373 1371
f 1375 1368 1374
f 1368 1375 1370
f 1377 1375 1376
f 1375 1377 1378
f 1370 1378 1373
f 1378 1370 1375
f 1379 1373 1378
f 1373 1379 1380
f 1378 1381 1379
f 1381 1378 1377
f 1383 1384 1382
f 1384 1383 1376
f 1376 1374 1384
f 1374 1376 1375
f 1376 1385 1377
f 1385 1376 1383
f 1354 1374 1368
f 1374 1354 1363
f 1348 1387 1359
f 1387 1348 1386
f 1386 1389 1387
f 1389 1386 1388
f 1388 1391 1390
f 1391 1388 1386
f 1391 1341 1340
f 1341 1391 1346
f 1346 1386 1348
f 1386 1346 1391
f 1340 1390 1391
f 1390 1340 1392
f 1392 1394 1390
f 1394 1392 1393
f 1393 1396 1394
f 1396 1393 1395
f 1397 1395 1393
f 1395 1397 1398
f 1400 1395 1399
f 1395 1400 1396
f 1399 1398 1401
f 1398 1399 1395
f 1390 1402 1388
f 1402 1390 1394
f 1394 1403 1402
f 1403 1394 1396
f 1393 1404 1397
f 1404 1393 1392
f 1405 1392 1340
f 1392 1405 1404
f 1406 1397 1404
f 1397 1406 1407
f 1404 1408 1406
f 1408 1404 1405
f 1388 1409 1389
f 1409 1388 1402
f 1389 1411 1410
f 1411 1389 1409
f 1410 1413 1412
f 1413 1410 1411
f 1387 1410 1414
f 1410 1387 1389
f 1415 1360 1414
f 1360 1415 1416
f 1414 1412 1415
f 1412 1414 1410
f 1414 1359 1387
f 1359 1414 1360
f 1417 1412 1413
f 1412 1417 1418
f 1420 1421 1419
f 1421 1420 1418
f 1418 1422 1421
f 1422 1418 1417
f 1415 1418 1420
f 1418 1415 1412
f 1413 1424 1417
f 1424 1413 1423
f 1411 1423 1413
f 1423 1411 1425
f 1423 1427 1424
f 1427 1423 1426
f 1425 1426 1423
f 1426 1425 1428
f 1425 1409 1429
f 1409 1425 1411
f 1429 1428 1425
f 1428 1429 1430
f 1432 1433 1431
f 1433 1432 1430
f 1430 1403 1433
f 1403 1430 1429
f 1430 1434 1428
f 1434 1430 1432
f 1429 1402 1403
f 1402 1429 1409
f 1435 1339 1342
f 1339 1435 1436
f 1437 1439 1436
f 1439 1437 1438
f 1440 1442 1438
f 1442 1440 1441
f 1443 1438 1437
f 1438 1443 1440
f 1445 1437 1444
f 1437 1445 1443
f 1446 1440 1443
f 1440 1446 1447
f 1448 1443 1445
f 1443 1448 1446
f 1449 1446 1448
f 1446 1449 1450
f 1451 1453 1450
f 1453 1451 1452
f 1450 1454 1451
f 1454 1450 1449
f 1450 1447 1446
f 1447 1450 1453
f 1448 1456 1449
f 1456 1448 1455
f 1455 1458 1456
f 1458 1455 1457
f 1459 1457 1455
f 1457 1459 1460
f 1455 1445 1459
f 1445 1455 1448
f 1444 1459 1445
f 1459 1444 1461
f 1460 1461 1462
f 1461 1460 1459
f 1462 1463 1460
f 1463 1462 1380
f 1460 1464 1457
f 1464 1460 1463
f 1466 1463 1465
f 1463 1466 1464
f 1465 1380 1379
f 1380 1465 1463
f 1371 1380 1462
f 1380 1371 1373
f 1462 1372 1371
f 1372 1462 1461
f 1461 1435 1372
f 1435 1461 1444
f 1444 1436 1435
f 1436 1444 1437
f 1372 1342 1344
f 1342 1372 1435
f 1447 1441 1440
f 1441 1447 1467
f 1453 1467 1447
f 1467 1453 1468
f 1468 1470 1467
f 1470 1468 1469
f 1471 1469 1468
f 1469 1471 1472
f 1452 1474 1473
f 1473 1471 1452
f 1474 1476 1475
f 1475 1473 1474
f 1477 1478 1476
f 1476 1474 1477
f 1474 1452 1451
f 1451 1477 1474
f 1452 1468 1453
f 1468 1452 1471
f 1471 1473 1479
f 1479 1472 1471
f 1481 1472 1480
f 1472 1481 1469
f 1480 1472 1479
f 1479 1482 1480
f 1469 1483 1470
f 1483 1469 1481
f 1485 1481 1484
f 1481 1485 1483
f 1487 1484 1486
f 1484 1487 1485
f 1488 1486 1484
f 1486 1488 1489
f 1484 1480 1488
f 1480 1484 1481
f 1470 1491 1490
f 1491 1470 1483
f 1490 1467 1470
f 1467 1490 1441
f 1492 1483 1485
f 1483 1492 1491
f 1490 1406 1408
f 1406 1490 1491
f 1407 1491 1492
f 1491 1407 1406
f 1405 1442 1408
f 1442 1405 1493
f 1493 1438 1442
f 1438 1493 1439
f 1439 1339 1436
f 1339 1439 1493
f 1340 1493 1405
f 1493 1340 1339
f 1441 1408 1442
f 1408 1441 1490
f 1495 1497 1494
f 1497 1495 1496
f 1498 1496 1495
f 1496 1498 1499
f 1501 1502 1500
f 1502 1501 1499
f 1504 1501 1503
f 1501 1504 1505
f 1505 1507 1506
f 1507 1505 1504
f 1499 1505 1496
f 1505 1499 1501
f 1497 1505 1506
f 1505 1497 1496
f 1508 1506 1507
f 1506 1508 1509
f 1511 1512 1510
f 1512 1511 1509
f 1497 1509 1511
f 1509 1497 1506
f 1497 1514 1513
f 1514 1497 1511
f 1513 1516 1515
f 1516 1513 1514
f 1515 1518 1517
f 1518 1515 1516
f 1516 1520 1518
f 1520 1516 1519
f 1514 1519 1516
f 1519 1514 1521
f 1497 1522 1494
f 1522 1497 1513
f 1513 1523 1522
f 1523 1513 1515
f 1511 1521 1514
f 1521 1511 1510
f 338 1510 1524
f 1510 338 1521
f 1510 1525 1524
f 1525 1510 1512
f 1509 1526 1512
f 1526 1509 1508
f 1507 1528 1508
f 1528 1507 1527
f 1504 1527 1507
f 1527 1504 1529
f 1529 1531 1527
f 1531 1529 1530
f 1530 1533 1532
f 1533 1530 1529
f 1529 1503 1533
f 1503 1529 1504
f 1534 1508 1528
f 1508 1534 1526
f 1534 1537 1535
f 1537 1534 1536
f 1536 1528 1538
f 1528 1536 1534
f 1526 1535 1539
f 1535 1526 1534
f 1527 1538 1528
f 1538 1527 1531
f 1503 1500 1540
f 1500 1503 1501
f 1540 1542 1541
f 1542 1540 1500
f 1500 1543 1542
f 1543 1500 1502
f 1499 1544 1502
f 1544 1499 1498
f 1498 1546 1544
f 1546 1498 1545
f 1548 1545 1547
f 1545 1548 1549
f 1550 1549 1548
f 1549 1550 1551
f 1548 1553 1550
f 1553 1548 1552
f 1551 1555 1554
f 1555 1551 1550
f 1556 1550 1553
f 1550 1556 1555
f 1549 1546 1545
f 1546 1549 1557
f 1551 1557 1549
f 1557 1551 1558
f 1547 1552 1548
f 1552 1547 1559
f 1559 1560 1552
f 1560 1559 1523
f 1494 1523 1559
f 1523 1494 1522
f 1559 1495 1494
f 1495 1559 1547
f 1495 1545 1498
f 1545 1495 1547
f 1544 1562 1561
f 1562 1544 1546
f 1561 1564 1563
f 1564 1561 1562
f 1566 1567 1565
f 1567 1566 1564
f 1564 1568 1567
f 1568 1564 1562
f 1569 1564 1566
f 1564 1569 1563
f 1561 1502 1544
f 1502 1561 1543
f 1543 1563 1570
f 1563 1543 1561
f 1546 1568 1562
f 1568 1546 1557
f 1541 1572 1571
f 1572 1541 1542
f 1572 1574 1571
f 1574 1572 1573
f 1575 1576 1574
f 1574 1573 1575
f 1573 1578 1577
f 1577 1575 1573
f 1578 1563 1569
f 1563 1578 1570
f 1570 1573 1572
f 1573 1570 1578
f 1579 1577 1578
f 1578 1569 1579
f 1581 1582 1579
f 1579 1580 1581
f 1569 1566 1580
f 1580 1579 1569
f 1577 1579 1582
f 1582 1583 1577
f 1576 1575 1584
f 1584 1585 1576
f 1587 1576 1585
f 1585 1586 1587
f 1588 1574 1576
f 1576 1587 1588
f 1589 1590 1588
f 1588 1587 1589
f 1587 1586 1591
f 1591 1589 1587
f 1586 1585 1592
f 1592 1593 1586
f 1594 1592 1585
f 1585 1584 1594
f 1596 1593 1592
f 1592 1595 1596
f 1592 1594 1597
f 1597 1595 1592
f 1583 1584 1575
f 1575 1577 1583
f 1571 1599 1541
f 1599 1571 1598
f 1588 1571 1574
f 1571 1588 1598
f 1598 1601 1599
f 1601 1598 1600
f 1603 1590 1602
f 1590 1603 1600
f 1603 1606 1604
f 1606 1603 1605
f 1602 1605 1603
f 1605 1602 1607
f 1604 1600 1603
f 1600 1604 1601
f 1588 1600 1598
f 1600 1588 1590
f 1599 1609 1608
f 1609 1599 1601
f 1611 1609 1610
f 1609 1611 1532
f 1610 1601 1604
f 1601 1610 1609
f 1532 1608 1609
f 1608 1532 1533
f 1541 1608 1540
f 1608 1541 1599
f 1533 1540 1608
f 1540 1533 1503
f 1542 1570 1572
f 1570 1542 1543
f 1614 1615 1612
f 1612 1613 1614
f 1616 1617 1615
f 1615 1614 1616
f 1618 1619 1617
f 1617 1616 1618
f 1620 1621 1619
f 1619 1618 1620
f 1622 1623 1621
f 1621 1620 1622
f 1620 1625 1624
f 1624 1622 1620
f 1627 1624 1625
f 1625 1626 1627
f 1626 1629 1628
f 1628 1627 1626
f 1624 1627 1630
f 1630 1631 1624
f 1631 1632 1622
f 1622 1624 1631
f 1633 1634 1632
f 1632 1631 1633
f 1635 1633 1631
f 1631 1630 1635
f 1627 1628 1636
f 1636 1630 1627
f 1637 1638 1636
f 1636 1628 1637
f 1628 1629 1639
f 1639 1637 1628
f 1640 1641 1638
f 1638 1637 1640
f 1642 1640 1637
f 1637 1639 1642
f 1630 1636 1643
f 1643 1635 1630
f 1644 1643 1636
f 1636 1638 1644
f 1626 1646 1645
f 1645 1629 1626
f 1647 1646 1626
f 1626 1625 1647
f 1648 1649 1646
f 1646 1647 1648
f 1650 1651 1649
f 1649 1648 1650
f 1614 1650 1648
f 1648 1616 1614
f 1616 1648 1647
f 1647 1618 1616
f 1618 1647 1625
f 1625 1620 1618
f 1645 1646 1649
f 1649 1652 1645
f 1653 1654 1645
f 1645 1652 1653
f 1656 1653 1652
f 1652 1655 1656
f 1654 1653 1657
f 1657 1658 1654
f 1653 1656 1659
f 1659 1657 1653
f 1654 1639 1629
f 1629 1645 1654
f 1651 1655 1652
f 1652 1649 1651
f 1632 1660 1623
f 1623 1622 1632
f 1662 1623 1660
f 1660 1661 1662
f 1661 1660 1663
f 1663 1664 1661
f 1663 1666 1665
f 1665 1664 1663
f 1668 1664 1667
f 1664 1668 1661
f 1662 1668 1669
f 1668 1662 1661
f 1670 1669 1668
f 1669 1670 1671
f 1670 1667 1672
f 1667 1670 1668
f 1664 1673 1667
f 1673 1664 1665
f 1675 1665 1674
f 1665 1675 1673
f 1674 1665 1666
f 1666 1676 1674
f 1677 1666 1663
f 1663 1634 1677
f 1677 1678 1676
f 1676 1666 1677
f 1678 1680 1679
f 1679 1676 1678
f 1681 1682 1680
f 1680 1678 1681
f 1677 1683 1681
f 1681 1678 1677
f 1634 1633 1683
f 1683 1677 1634
f 1634 1663 1660
f 1660 1632 1634
f 1623 1662 1684
f 1684 1621 1623
f 1669 1684 1662
f 1684 1669 1685
f 1685 1687 1684
f 1687 1685 1686
f 1688 1690 1686
f 1690 1688 1689
f 1686 1691 1688
f 1691 1686 1685
f 1692 1686 1690
f 1686 1692 1687
f 1685 1671 1691
f 1671 1685 1669
f 1684 1619 1621
f 1619 1684 1687
f 1617 1687 1692
f 1687 1617 1619
f 1617 1692 1693
f 1693 1615 1617
f 1694 1650 1614
f 1614 1613 1694
f 1650 1694 1695
f 1695 1651 1650
f 1696 1655 1651
f 1651 1695 1696
f 1698 1696 1695
f 1695 1697 1698
f 1697 1695 1694
f 1694 1699 1697
f 1697 1701 1700
f 1701 1697 1699
f 1702 1700 1701
f 1700 1702 1703
f 1705 1703 1704
f 1703 1705 1700
f 1698 1700 1705
f 1700 1698 1697
f 1707 1705 1706
f 1705 1707 1698
f 1704 1706 1705
f 1706 1704 1708
f 1709 1704 1703
f 1704 1709 1710
f 1710 1712 1711
f 1712 1710 1709
f 1711 1714 1713
f 1714 1711 1712
f 1712 1716 1714
f 1716 1712 1715
f 1709 1715 1712
f 1715 1709 1717
f 1704 1718 1708
f 1718 1704 1710
f 1718 1711 1719
f 1711 1718 1710
f 1703 1717 1709
f 1717 1703 1702
f 1721 1702 1720
f 1702 1721 1717
f 1701 1720 1702
f 1720 1701 1722
f 1722 1699 1723
f 1699 1722 1701
f 1723 1725 1724
f 1724 1722 1723
f 1725 1727 1726
f 1726 1724 1725
f 1729 1730 1728
f 1728 1727 1729
f 1731 1729 1727
f 1727 1725 1731
f 1732 1726 1727
f 1727 1728 1732
f 1724 1726 1733
f 1733 1734 1724
f 1724 1734 1735
f 1735 1722 1724
f 1731 1725 1723
f 1723 1613 1731
f 1613 1723 1699
f 1699 1694 1613
f 1655 1696 1736
f 1736 1656 1655
f 1736 1707 1737
f 1737 1738 1736
f 1738 1659 1656
f 1656 1736 1738
f 1659 1738 1739
f 1739 1740 1659
f 1741 1742 1740
f 1740 1739 1741
f 1741 1745 1743
f 1743 1744 1741
f 1744 1748 1746
f 1748 1744 1747
f 1748 1750 1749
f 1750 1748 1747
f 1747 1752 1750
f 1752 1747 1751
f 1751 1744 1753
f 1744 1751 1747
f 1744 1746 1742
f 1742 1741 1744
f 1754 1742 1746
f 1742 1754 1755
f 1746 1756 1754
f 1756 1746 1748
f 1757 1753 1744
f 1744 1743 1757
f 1759 1760 1758
f 1760 1759 1757
f 1743 1761 1760
f 1760 1757 1743
f 1762 1757 1759
f 1757 1762 1753
f 1743 1745 1763
f 1763 1761 1743
f 1765 1766 1764
f 1766 1765 1763
f 1766 1763 1745
f 1745 1767 1766
f 1763 1765 1768
f 1768 1761 1763
f 1745 1741 1739
f 1739 1767 1745
f 1738 1737 1767
f 1767 1739 1738
f 1657 1659 1740
f 1740 1769 1657
f 1769 1770 1658
f 1658 1657 1769
f 1770 1773 1771
f 1773 1770 1772
f 1772 1775 1773
f 1775 1772 1774
f 1755 1774 1772
f 1774 1755 1754
f 1755 1772 1770
f 1770 1769 1755
f 1770 1771 1642
f 1642 1658 1770
f 1771 1776 1640
f 1640 1642 1771
f 1773 1777 1776
f 1776 1771 1773
f 1742 1755 1769
f 1769 1740 1742
f 1707 1736 1696
f 1696 1698 1707
f 1612 1778 1731
f 1731 1613 1612
f 1778 1779 1729
f 1729 1731 1778
f 1779 1780 1730
f 1730 1729 1779
f 1782 1780 1781
f 1780 1782 1783
f 1783 1786 1784
f 1784 1785 1783
f 1786 1789 1787
f 1789 1786 1788
f 1788 1791 1789
f 1791 1788 1790
f 1790 1793 1791
f 1793 1790 1792
f 1794 1792 1790
f 1792 1794 1795
f 1796 1795 1794
f 1795 1796 1797
f 1781 1794 1782
f 1794 1781 1796
f 1782 1790 1788
f 1790 1782 1794
f 1792 1799 1793
f 1799 1792 1798
f 1801 1798 1800
f 1798 1801 1799
f 1798 1803 1800
f 1803 1798 1802
f 1795 1798 1792
f 1798 1795 1802
f 1793 1805 1791
f 1805 1793 1804
f 1806 1793 1799
f 1793 1806 1804
f 1807 1787 1789
f 1787 1807 1808
f 1808 1811 1809
f 1811 1808 1810
f 1810 1813 1811
f 1813 1810 1812
f 1814 1812 1810
f 1812 1814 1815
f 1810 1807 1814
f 1807 1810 1808
f 1808 1816 1787
f 1816 1808 1809
f 1816 1809 1817
f 1817 1818 1816
f 1809 1811 1819
f 1819 1817 1809
f 1789 1805 1807
f 1805 1789 1791
f 1783 1788 1786
f 1788 1783 1782
f 1816 1784 1786
f 1786 1787 1816
f 1784 1816 1818
f 1818 1820 1784
f 1820 1818 1821
f 1821 1822 1820
f 1821 1825 1823
f 1823 1824 1821
f 1826 1827 1824
f 1824 1823 1826
f 1822 1821 1824
f 1824 1828 1822
f 1828 1824 1827
f 1827 1829 1828
f 1825 1831 1830
f 1830 1823 1825
f 1817 1819 1831
f 1831 1825 1817
f 1818 1817 1825
f 1825 1821 1818
f 1820 1832 1785
f 1785 1784 1820
f 1832 1820 1822
f 1822 1833 1832
f 1728 1832 1833
f 1833 1732 1728
f 1732 1833 1834
f 1834 1835 1732
f 1833 1822 1828
f 1828 1834 1833
f 1730 1785 1832
f 1832 1728 1730
f 1785 1730 1780
f 1780 1783 1785
f 1779 1781 1780
f 1781 1779 1836
f 1837 1836 1779
f 1779 1778 1837
f 1837 1839 1836
f 1839 1837 1838
f 1841 1838 1840
f 1838 1841 1839
f 1797 1839 1841
f 1839 1797 1796
f 1836 1796 1781
f 1796 1836 1839
f 1842 1797 1841
f 1797 1842 1843
f 1844 1843 1842
f 1843 1844 1845
f 1752 1842 1846
f 1842 1752 1844
f 1847 1845 1844
f 1845 1847 1848
f 1751 1844 1752
f 1844 1751 1847
f 1845 1802 1843
f 1802 1845 1803
f 1802 1797 1843
f 1797 1802 1795
f 1841 1846 1842
f 1846 1841 1840
f 1840 1850 1846
f 1850 1840 1849
f 1838 1849 1840
f 1849 1838 1851
f 1837 1851 1838
f 1851 1837 1852
f 1852 1853 1851
f 1853 1852 1693
f 1689 1853 1690
f 1853 1689 1854
f 1849 1855 1850
f 1855 1849 1854
f 1854 1856 1855
f 1856 1854 1689
f 1851 1854 1849
f 1854 1851 1853
f 1693 1690 1853
f 1690 1693 1692
f 1615 1693 1852
f 1852 1612 1615
f 1612 1852 1837
f 1837 1778 1612
f 1859 1860 1857
f 1857 1858 1859
f 1858 1862 1861
f 1861 1859 1858
f 1859 1861 1863
f 1863 1864 1859
f 1866 1863 1861
f 1861 1865 1866
f 1865 1868 1867
f 1867 1866 1865
f 1863 1866 1869
f 1869 1870 1863
f 1864 1863 1870
f 1870 1871 1864
f 1871 1870 1872
f 1872 1873 1871
f 1873 1872 1874
f 1874 1875 1873
f 1876 1877 1875
f 1875 1874 1876
f 1874 1879 1878
f 1878 1876 1874
f 1872 1880 1879
f 1879 1874 1872
f 1877 1883 1881
f 1881 1882 1877
f 1883 1877 1876
f 1876 1884 1883
f 1885 1875 1877
f 1877 1882 1885
f 1886 1873 1875
f 1875 1885 1886
f 1886 1889 1887
f 1887 1888 1886
f 1885 1890 1889
f 1889 1886 1885
f 1888 1871 1873
f 1873 1886 1888
f 1880 1872 1870
f 1870 1869 1880
f 1866 1867 1891
f 1891 1869 1866
f 1867 1893 1892
f 1892 1891 1867
f 1893 1867 1868
f 1868 1894 1893
f 1869 1891 1895
f 1895 1880 1869
f 1880 1895 1896
f 1896 1879 1880
f 1895 1898 1897
f 1897 1896 1895
f 1898 1895 1891
f 1891 1892 1898
f 1871 1888 1899
f 1899 1864 1871
f 1899 1901 1900
f 1900 1860 1899
f 1900 1901 1721
f 1721 1720 1900
f 1900 1735 1902
f 1902 1860 1900
f 1720 1722 1735
f 1735 1900 1720
f 1901 1887 1903
f 1903 1721 1901
f 1887 1889 1904
f 1904 1903 1887
f 1717 1903 1715
f 1903 1717 1721
f 1715 1904 1716
f 1904 1715 1903
f 1901 1899 1888
f 1888 1887 1901
f 1859 1864 1899
f 1899 1860 1859
f 1905 1906 1868
f 1868 1865 1905
f 1862 1905 1865
f 1865 1861 1862
f 1862 1908 1905
f 1908 1862 1907
f 1858 1907 1862
f 1907 1858 1909
f 1911 1912 1909
f 1909 1910 1911
f 1857 1914 1913
f 1913 1910 1857
f 1860 1902 1914
f 1914 1857 1860
f 1858 1857 1910
f 1910 1909 1858
f 1910 1913 1915
f 1915 1916 1910
f 1917 1918 1915
f 1915 1913 1917
f 1913 1914 1919
f 1919 1917 1913
f 1916 1920 1911
f 1911 1910 1916
f 1920 1922 1921
f 1921 1911 1920
f 1922 1920 1923
f 1923 1924 1922
f 1925 1923 1920
f 1920 1916 1925
f 1907 1912 1926
f 1912 1907 1909
f 1908 1926 1927
f 1926 1908 1907
f 1927 1929 1928
f 1929 1927 1926
f 1926 1930 1929
f 1930 1926 1912
f 1911 1921 1930
f 1930 1912 1911
f 1908 1906 1905
f 1906 1908 1931
f 1931 1933 1906
f 1933 1931 1932
f 1932 1935 1933
f 1935 1932 1934
f 1937 1934 1936
f 1934 1937 1935
f 1939 1935 1937
f 1937 1938 1939
f 1941 1939 1938
f 1938 1940 1941
f 1938 1943 1940
f 1943 1938 1942
f 1938 1937 1944
f 1944 1942 1938
f 1894 1933 1935
f 1935 1939 1894
f 1894 1868 1906
f 1906 1933 1894
f 1937 1946 1945
f 1946 1937 1936
f 1948 1945 1946
f 1946 1947 1948
f 1946 1950 1947
f 1950 1946 1949
f 1936 1949 1946
f 1949 1936 1951
f 1934 1951 1936
f 1951 1934 1952
f 1952 1954 1951
f 1954 1952 1953
f 1953 1956 1955
f 1956 1953 1952
f 1956 1934 1932
f 1934 1956 1952
f 1957 1932 1931
f 1932 1957 1956
f 1957 1955 1956
f 1955 1957 1958
f 1958 1960 1955
f 1960 1958 1959
f 1960 1962 1961
f 1962 1960 1959
f 1959 1964 1962
f 1964 1959 1963
f 1963 1958 1928
f 1958 1963 1959
f 1957 1928 1958
f 1928 1957 1927
f 1931 1927 1957
f 1927 1931 1908
f 1967 1968 1965
f 1965 1966 1967
f 1970 1971 1969
f 1969 1966 1970
f 1972 1973 1971
f 1971 1970 1972
f 1972 1976 1974
f 1974 1975 1972
f 1976 1978 1977
f 1977 1974 1976
f 1977 1980 1979
f 1980 1977 1978
f 1979 1982 1981
f 1982 1979 1980
f 1984 1982 1983
f 1982 1984 1981
f 1981 1986 1985
f 1986 1981 1984
f 1984 1988 1986
f 1988 1984 1987
f 1990 1987 1989
f 1987 1990 1988
f 1989 1992 1991
f 1992 1989 1987
f 1983 1987 1984
f 1987 1983 1992
f 1993 1985 1986
f 1985 1993 1994
f 1986 1995 1993
f 1995 1986 1988
f 1996 1981 1985
f 1981 1996 1979
f 1985 1997 1996
f 1997 1985 1994
f 1997 1999 1998
f 1998 1996 1997
f 1997 2001 2000
f 2000 1999 1997
f 1994 2001 1997
f 2001 1994 2002
f 1996 1998 1977
f 1977 1979 1996
f 1974 1977 1998
f 1998 2003 1974
f 2004 1983 1982
f 1983 2004 2005
f 1980 2004 1982
f 2004 1980 2006
f 2008 2006 2007
f 2006 2008 2004
f 2004 2009 2005
f 2009 2004 2008
f 2010 2011 2009
f 2009 2008 2010
f 2012 2010 2008
f 2008 2007 2012
f 2013 2007 2006
f 2007 2013 2014
f 2013 2015 1965
f 1965 2014 2013
f 2016 2012 2007
f 2007 2014 2016
f 1968 2016 2014
f 2014 1965 1968
f 2006 1978 2013
f 1978 2006 1980
f 2015 2013 1978
f 1978 1976 2015
f 1976 1972 1970
f 1970 2015 1976
f 2019 1975 2017
f 2017 2018 2019
f 2019 2021 2020
f 2020 1973 2019
f 1973 2020 2022
f 2022 1971 1973
f 1969 1971 2022
f 2022 2023 1969
f 1966 1969 2024
f 2024 1967 1966
f 1925 1967 2024
f 2024 1923 1925
f 1923 2024 2025
f 2025 1924 1923
f 1924 2025 2026
f 2026 2027 1924
f 2028 2026 2025
f 2025 2023 2028
f 2023 2025 2024
f 2024 1969 2023
f 2029 2028 2023
f 2023 2022 2029
f 2028 2029 2030
f 2030 2031 2028
f 2026 2028 2031
f 2031 2032 2026
f 2034 2032 2031
f 2031 2033 2034
f 2033 2031 2030
f 2030 2035 2033
f 2036 2037 2030
f 2030 2029 2036
f 2038 2039 2037
f 2037 2036 2038
f 2021 2038 2036
f 2036 2020 2021
f 2020 2036 2029
f 2029 2022 2020
f 1973 1972 1975
f 1975 2019 1973
f 2021 2019 2018
f 2018 2040 2021
f 2018 2042 2040
f 2042 2018 2041
f 2044 2041 2043
f 2041 2044 2042
f 2044 2046 2042
f 2046 2044 2045
f 2045 2048 2046
f 2048 2045 2047
f 2047 2050 2048
f 2050 2047 2049
f 2049 2052 2051
f 2052 2049 2047
f 2053 2047 2045
f 2047 2053 2052
f 2040 2046 2054
f 2046 2040 2042
f 2048 2054 2046
f 2054 2048 2055
f 2045 2056 2053
f 2056 2045 2044
f 2053 2058 2057
f 2058 2053 2056
f 2056 1949 2058
f 1949 2056 1950
f 1950 2044 2043
f 2044 1950 2056
f 2059 2043 2041
f 2043 2059 2060
f 2061 2060 2059
f 2060 2061 2062
f 1999 2061 2003
f 2003 1998 1999
f 2061 2059 2017
f 2017 2003 2061
f 2041 2017 2059
f 2017 2041 2018
f 2063 2062 2061
f 2061 1999 2063
f 1948 2063 2064
f 2063 1948 2062
f 2064 2066 2065
f 2066 2064 2063
f 2066 2063 1999
f 1999 2000 2066
f 1947 2043 2060
f 2043 1947 1950
f 2060 1948 1947
f 1948 2060 2062
f 2003 2017 1975
f 1975 1974 2003
f 1966 1965 2015
f 2015 1970 1966
f 1968 1967 2067
f 2067 2068 1968
f 2069 2070 2068
f 2068 2067 2069
f 2071 2072 2070
f 2070 2069 2071
f 2072 2071 2073
f 2073 2074 2072
f 2077 2074 2075
f 2075 2076 2077
f 2079 2077 2076
f 2076 2078 2079
f 2080 2081 2077
f 2077 2079 2080
f 2081 2080 2082
f 2082 2083 2081
f 2083 2082 2084
f 2084 2085 2083
f 2085 2084 2086
f 2086 2087 2085
f 2082 2089 2088
f 2088 2084 2082
f 2090 2086 2084
f 2084 2088 2090
f 2087 2091 2010
f 2010 2012 2087
f 2086 2092 2091
f 2091 2087 2086
f 2087 2012 2016
f 2016 2085 2087
f 2085 2068 2070
f 2070 2083 2085
f 2016 1968 2068
f 2068 2085 2016
f 2072 2081 2083
f 2083 2070 2072
f 2089 2082 2080
f 2080 2093 2089
f 2079 2094 2093
f 2093 2080 2079
f 2097 2094 2095
f 2095 2096 2097
f 2096 2099 2098
f 2098 2097 2096
f 2100 2093 2094
f 2094 2097 2100
f 2101 2100 2097
f 2097 2098 2101
f 2102 2103 2096
f 2096 2095 2102
f 2095 2078 2104
f 2104 2102 2095
f 2094 2079 2078
f 2078 2095 2094
f 2105 2089 2093
f 2093 2100 2105
f 2106 2105 2100
f 2100 2101 2106
f 2107 2108 2105
f 2105 2106 2107
f 2110 2107 2106
f 2106 2109 2110
f 2109 2106 2101
f 2101 2111 2109
f 2108 2088 2089
f 2089 2105 2108
f 2081 2072 2074
f 2074 2077 2081
f 2104 2078 2076
f 2076 2112 2104
f 2114 2115 2112
f 2112 2113 2114
f 2117 2118 2114
f 2114 2116 2117
f 2116 2120 2119
f 2119 2117 2116
f 2117 2119 2121
f 2121 2122 2117
f 2124 2121 2119
f 2119 2123 2124
f 2123 2119 2120
f 2120 2125 2123
f 2122 2126 2118
f 2118 2117 2122
f 2126 2122 2127
f 2127 2128 2126
f 2129 2127 2122
f 2122 2121 2129
f 2130 2131 2120
f 2120 2116 2130
f 2075 2132 2130
f 2130 2113 2075
f 2113 2130 2116
f 2116 2114 2113
f 2113 2112 2076
f 2076 2075 2113
f 2132 2075 2074
f 2074 2073 2132
f 2132 2133 2131
f 2131 2130 2132
f 2073 2134 2133
f 2133 2132 2073
f 2115 2114 2118
f 2118 2135 2115
f 2137 2115 2135
f 2135 2136 2137
f 2139 2137 2136
f 2136 2138 2139
f 2139 2142 2140
f 2140 2141 2139
f 2142 2139 2138
f 2138 2143 2142
f 2141 2144 2137
f 2137 2139 2141
f 2145 2146 2138
f 2138 2136 2145
f 2136 2135 2147
f 2147 2145 2136
f 2115 2137 2144
f 2144 2112 2115
f 2126 2147 2135
f 2135 2118 2126
f 2104 2112 2144
f 2144 2148 2104
f 2102 2104 2148
f 2148 2149 2102
f 2149 2150 2103
f 2103 2102 2149
f 2150 2152 2151
f 2151 2103 2150
f 2155 2152 2153
f 2153 2154 2155
f 2156 2153 2152
f 2152 2150 2156
f 2152 2155 2157
f 2157 2151 2152
f 2150 2149 2158
f 2158 2156 2150
f 2159 2160 2156
f 2156 2158 2159
f 2162 2159 2158
f 2158 2161 2162
f 2161 2158 2149
f 2149 2148 2161
f 2144 2141 2161
f 2161 2148 2144
f 2071 2163 2134
f 2134 2073 2071
f 2165 2134 2163
f 2163 2164 2165
f 2166 1918 2164
f 2164 2163 2166
f 2163 2071 2069
f 2069 2166 2163
f 2167 1915 1918
f 1918 2166 2167
f 2166 2069 2067
f 2067 2167 2166
f 1916 1915 2167
f 2167 1925 1916
f 1925 2167 2067
f 2067 1967 1925
f 2169 2165 2164
f 2164 2168 2169
f 2168 2171 2170
f 2170 2169 2168
f 2168 2164 1918
f 1918 1917 2168
f 2171 2168 1917
f 1917 1919 2171
f 2173 2170 2171
f 2171 2172 2173
f 2172 2171 1919
f 1919 2174 2172
f 1733 2172 2174
f 2174 1734 1733
f 2174 1902 1735
f 1735 1734 2174
f 2174 1919 1914
f 1914 1902 2174
f 1733 1835 2173
f 2173 2172 1733
f 2175 2176 2170
f 2170 2173 2175
f 1835 1834 2175
f 2175 2173 1835
f 2177 2178 2165
f 2165 2169 2177
f 2179 2180 2178
f 2178 2177 2179
f 2180 2179 2181
f 2181 2125 2180
f 2125 2120 2131
f 2131 2180 2125
f 2133 2178 2180
f 2180 2131 2133
f 2134 2165 2178
f 2178 2133 2134
f 2182 2123 2125
f 2125 2181 2182
f 2183 2184 2182
f 2182 2181 2183
f 2123 2182 2185
f 2185 2124 2123
f 2185 2182 2184
f 2184 2186 2185
f 2187 2183 2181
f 2181 2179 2187
f 2187 2179 2177
f 2177 2176 2187
f 1829 1827 2183
f 2183 2187 1829
f 2187 2176 2175
f 2175 1829 2187
f 2176 2177 2169
f 2169 2170 2176
f 2189 2191 2188
f 2191 2189 2190
f 2192 2188 2191
f 2188 2192 2193
f 2194 2193 2192
f 2193 2194 2195
f 2197 2195 2196
f 2195 2197 2193
f 2198 2193 2197
f 2193 2198 2188
f 2200 2197 2199
f 2197 2200 2198
f 2199 2196 2201
f 2196 2199 2197
f 2201 2203 2202
f 2203 2201 2196
f 2205 2201 2204
f 2201 2205 2199
f 2206 2199 2205
f 2199 2206 2200
f 2200 2208 2207
f 2208 2200 2206
f 2207 2198 2200
f 2198 2207 2209
f 2211 2204 2210
f 2204 2211 2205
f 2205 2212 2206
f 2212 2205 2211
f 2204 2202 2213
f 2202 2204 2201
f 2213 2215 2214
f 2215 2213 2202
f 2213 2210 2204
f 2210 2213 2216
f 2214 2216 2213
f 2216 2214 2217
f 2219 2215 2218
f 2215 2219 2214
f 2220 2218 2215
f 2218 2220 2221
f 2215 2203 2220
f 2203 2215 2202
f 2196 2222 2203
f 2222 2196 2195
f 2220 2222 2223
f 2222 2220 2203
f 2224 2226 2223
f 2226 2224 2225
f 2228 2225 2227
f 2225 2228 2226
f 2227 2230 2229
f 2230 2227 2225
f 2225 2231 2230
f 2231 2225 2224
f 2232 2223 2222
f 2223 2232 2224
f 2194 2234 2232
f 2234 2194 2233
f 2195 2232 2222
f 2232 2195 2194
f 2231 2232 2234
f 2232 2231 2224
f 2221 2223 2226
f 2223 2221 2220
f 2209 2188 2198
f 2188 2209 2189
f 2189 2236 2235
f 2236 2189 2209
f 2236 2239 2237
f 2239 2236 2238
f 2238 2242 2240
f 2242 2238 2241
f 2241 2244 2242
f 2244 2241 2243
f 2243 2246 2244
f 2246 2243 2245
f 2207 2245 2243
f 2245 2207 2208
f 2243 2209 2207
f 2209 2243 2241
f 2248 2240 2242
f 2242 2247 2248
f 2247 2242 2244
f 2244 2249 2247
f 2238 2209 2241
f 2209 2238 2236
f 2250 2238 2240
f 2238 2250 2239
f 2251 2237 2239
f 2237 2251 2252
f 2254 2255 2253
f 2255 2254 2252
f 2256 2252 2251
f 2252 2256 2255
f 2257 2252 2254
f 2252 2257 2237
f 2258 2239 2250
f 2239 2258 2251
f 2259 2260 2258
f 2258 2250 2259
f 2240 2248 2259
f 2259 2250 2240
f 2235 2237 2257
f 2237 2235 2236
f 2257 2262 2235
f 2262 2257 2261
f 2261 2264 2262
f 2264 2261 2263
f 2266 2263 2265
f 2263 2266 2267
f 2263 2268 2265
f 2268 2263 2261
f 2269 2263 2267
f 2263 2269 2264
f 2190 2235 2262
f 2235 2190 2189
f 2270 2262 2264
f 2262 2270 2190
f 2261 2254 2268
f 2254 2261 2257
f 2192 2233 2194
f 2233 2192 2271
f 2271 2273 2233
f 2273 2271 2272
f 2275 2272 2274
f 2272 2275 2273
f 2273 2277 2276
f 2277 2273 2275
f 2278 2277 2275
f 2277 2278 2279
f 2280 2279 2278
f 2279 2280 2281
f 2281 2283 2282
f 2283 2281 2280
f 2282 2285 2284
f 2285 2282 2283
f 2287 2284 2286
f 2284 2287 2282
f 2288 2282 2287
f 2282 2288 2281
f 2284 2290 2289
f 2290 2284 2285
f 2285 2292 2290
f 2292 2285 2291
f 2283 2291 2285
f 2291 2283 2293
f 2280 2293 2283
f 2293 2280 2294
f 2295 2297 2294
f 2297 2295 2296
f 2278 2294 2280
f 2294 2278 2295
f 2298 2294 2297
f 2294 2298 2293
f 2300 2279 2299
f 2279 2300 2277
f 2302 2300 2301
f 2300 2302 2303
f 2303 2234 2276
f 2234 2303 2231
f 2230 2303 2302
f 2303 2230 2231
f 2303 2277 2300
f 2277 2303 2276
f 2304 2306 2301
f 2306 2304 2305
f 2301 2299 2304
f 2299 2301 2300
f 2301 2307 2302
f 2307 2301 2306
f 2281 2299 2279
f 2299 2281 2288
f 2275 2295 2278
f 2295 2275 2274
f 2308 2274 2272
f 2274 2308 2309
f 2311 2308 2310
f 2308 2311 2309
f 2296 2274 2309
f 2274 2296 2295
f 2312 2309 2311
f 2309 2312 2296
f 2310 2314 2311
f 2314 2310 2313
f 2313 2316 2315
f 2316 2313 2310
f 2316 2308 2317
f 2308 2316 2310
f 2317 2272 2271
f 2272 2317 2308
f 2233 2276 2234
f 2276 2233 2273
f 2191 2271 2192
f 2271 2191 2317
f 2190 2317 2191
f 2317 2190 2316
f 2315 2190 2270
f 2190 2315 2316
f 2319 2321 2318
f 2321 2319 2320
f 2323 2324 2322
f 2324 2323 2320
f 2320 2325 2324
f 2325 2320 2319
f 2319 2327 2325
f 2327 2319 2326
f 2326 2329 2327
f 2329 2326 2328
f 2328 2331 2329
f 2331 2328 2330
f 2333 2330 2332
f 2330 2333 2331
f 2334 2329 2331
f 2329 2334 2335
f 2337 2338 2336
f 2338 2337 2335
f 2340 2336 2339
f 2336 2340 2337
f 2340 2324 2325
f 2324 2340 2341
f 2339 2341 2340
f 2341 2339 2342
f 2337 2325 2327
f 2325 2337 2340
f 2343 2336 2338
f 2336 2343 2344
f 2339 2344 2345
f 2344 2339 2336
f 2335 2327 2329
f 2327 2335 2337
f 2335 2346 2338
f 2346 2335 2334
f 2334 2348 2346
f 2348 2334 2347
f 2347 2350 2348
f 2350 2347 2349
f 2349 2333 2351
f 2333 2349 2347
f 2331 2347 2334
f 2347 2331 2333
f 2338 2352 2343
f 2352 2338 2346
f 2353 2346 2348
f 2346 2353 2352
f 2351 2332 2354
f 2332 2351 2333
f 2354 2356 2355
f 2356 2354 2332
f 2356 2358 2355
f 2358 2356 2357
f 2357 2360 2358
f 2360 2357 2359
f 2359 2362 2361
f 2362 2359 2357
f 2357 2363 2362
f 2363 2357 2356
f 2364 2365 2354
f 2354 2355 2364
f 2366 2364 2355
f 2355 2358 2366
f 2330 2356 2332
f 2356 2330 2363
f 2365 2367 2351
f 2351 2354 2365
f 2367 2365 2368
f 2368 2369 2367
f 2369 2371 2370
f 2370 2367 2369
f 2371 2369 2372
f 2372 2373 2371
f 2372 2369 2368
f 2368 2374 2372
f 2351 2370 2349
f 2370 2351 2367
f 2330 2375 2363
f 2375 2330 2328
f 2328 2376 2375
f 2376 2328 2326
f 2375 2378 2377
f 2378 2375 2376
f 2378 2380 2377
f 2380 2378 2379
f 2379 2382 2380
f 2382 2379 2381
f 2383 2381 2379
f 2381 2383 2384
f 2385 2379 2378
f 2379 2385 2383
f 2375 2362 2363
f 2362 2375 2377
f 2380 2362 2377
f 2362 2380 2361
f 2376 2385 2378
f 2385 2376 2318
f 2318 2386 2385
f 2386 2318 2321
f 2318 2326 2319
f 2326 2318 2376
f 2341 2322 2324
f 2322 2341 2387
f 2388 2389 1806
f 2389 2388 2387
f 2391 1801 2390
f 1801 2391 2388
f 2387 2391 2322
f 2391 2387 2388
f 2322 2392 2323
f 2392 2322 2391
f 2392 2395 2393
f 2395 2392 2394
f 2397 2394 2396
f 2394 2397 2395
f 2398 2393 2395
f 2393 2398 2399
f 2401 2398 2400
f 2398 2401 2399
f 2399 2402 2393
f 2402 2399 2401
f 2395 2403 2398
f 2403 2395 2397
f 2405 2397 2404
f 2397 2405 2403
f 2396 2404 2397
f 2404 2396 2406
f 2390 2396 2394
f 2396 2390 2407
f 2390 1800 2407
f 1800 2390 1801
f 2406 2407 2408
f 2407 2406 2396
f 1800 2408 2407
f 2408 1800 1803
f 2392 2390 2394
f 2390 2392 2391
f 2393 2323 2392
f 2323 2393 2402
f 2402 2320 2323
f 2320 2402 2321
f 2388 1799 1801
f 1799 2388 1806
f 1806 2409 1804
f 2409 1806 2389
f 2410 1804 2409
f 1804 2410 1805
f 1815 2410 2411
f 2410 1815 1814
f 2413 2411 2412
f 2411 2413 1815
f 2415 2413 2414
f 2413 2415 2416
f 1812 2417 1813
f 2417 1812 2416
f 2419 2420 2417
f 2417 2418 2419
f 2416 2418 2417
f 2418 2416 2415
f 1813 2417 2420
f 2420 2421 1813
f 2416 1815 2413
f 1815 2416 1812
f 2412 2414 2413
f 2414 2412 2422
f 2422 2345 2344
f 2345 2422 2412
f 2412 2423 2345
f 2423 2412 2411
f 2415 2425 2424
f 2425 2415 2414
f 2422 2425 2414
f 2425 2422 2426
f 2427 2424 2425
f 2424 2427 2428
f 2429 2425 2426
f 2425 2429 2427
f 2411 2409 2423
f 2409 2411 2410
f 1805 1814 1807
f 1814 1805 2410
f 2423 2389 2342
f 2389 2423 2409
f 2342 2387 2341
f 2387 2342 2389
f 2321 2431 2386
f 2431 2321 2430
f 2432 2431 2430
f 2431 2432 2433
f 2433 2435 2434
f 2435 2433 2432
f 2437 2435 2436
f 2435 2437 2438
f 2440 2437 2439
f 2437 2440 2438
f 2434 2438 2441
f 2438 2434 2435
f 2443 2434 2441
f 2441 2442 2443
f 2443 2433 2434
f 2433 2443 2444
f 2445 2444 2443
f 2444 2445 2446
f 2446 2448 2444
f 2448 2446 2447
f 2449 2447 2446
f 2447 2449 2450
f 2452 2447 2451
f 2447 2452 2448
f 2451 2450 2453
f 2450 2451 2447
f 2446 2454 2449
f 2454 2446 2445
f 2442 2454 2445
f 2445 2443 2442
f 2431 2444 2448
f 2444 2431 2433
f 2386 2448 2452
f 2448 2386 2431
f 2455 2456 2442
f 2442 2441 2455
f 2455 2458 2456
f 2458 2455 2457
f 2459 2460 2458
f 2458 2457 2459
f 2457 2462 2461
f 2461 2459 2457
f 2440 2457 2455
f 2457 2440 2462
f 2461 2464 2463
f 2464 2461 2462
f 2462 2439 2464
f 2439 2462 2440
f 2466 2460 2459
f 2459 2465 2466
f 2465 2468 2467
f 2467 2466 2465
f 2465 2470 2469
f 2469 2468 2465
f 2470 2465 2459
f 2459 2461 2470
f 2471 2472 2458
f 2458 2460 2471
f 2473 2471 2460
f 2460 2466 2473
f 2474 2454 2442
f 2442 2456 2474
f 2456 2458 2472
f 2472 2474 2456
f 2449 2474 2475
f 2474 2449 2454
f 2450 2475 2476
f 2475 2450 2449
f 2476 2478 2477
f 2478 2476 2475
f 2475 2472 2478
f 2472 2475 2474
f 2455 2438 2440
f 2438 2455 2441
f 2480 2437 2479
f 2437 2480 2439
f 2065 2480 2481
f 2480 2065 2482
f 2482 2463 2464
f 2463 2482 2483
f 2485 2483 2484
f 2483 2485 2463
f 2470 2463 2485
f 2463 2470 2461
f 2485 2469 2470
f 2469 2485 2486
f 2486 2488 2469
f 2488 2486 2487
f 2487 2490 2488
f 2490 2487 2489
f 2491 2489 2487
f 2489 2491 2492
f 2487 2493 2491
f 2493 2487 2486
f 2484 2486 2485
f 2486 2484 2493
f 2493 2484 2000
f 2000 2001 2493
f 2000 2483 2066
f 2483 2000 2484
f 2482 2066 2483
f 2066 2482 2065
f 2439 2482 2464
f 2482 2439 2480
f 2065 2494 2064
f 2494 2065 2481
f 2494 2496 2495
f 2496 2494 2481
f 2481 2479 2496
f 2479 2481 2480
f 2496 2497 1758
f 2497 2496 2479
f 1758 2498 1759
f 2498 1758 2497
f 2404 2497 2405
f 2497 2404 2498
f 2479 2405 2497
f 2405 2479 2437
f 1758 2495 2496
f 2495 1758 1760
f 2495 2499 1944
f 1944 2494 2495
f 2499 2500 1942
f 1942 1944 2499
f 1768 2500 2499
f 2499 1761 1768
f 1761 2499 2495
f 2495 1760 1761
f 1945 1948 2064
f 2064 2494 1945
f 2494 1944 1937
f 1937 1945 2494
f 2437 2403 2405
f 2403 2437 2436
f 2403 2400 2398
f 2400 2403 2436
f 2432 2436 2435
f 2436 2432 2400
f 2430 2400 2432
f 2400 2430 2401
f 2321 2401 2430
f 2401 2321 2402
f 2503 2504 2501
f 2501 2502 2503
f 2505 2506 2504
f 2504 2503 2505
f 2507 2508 2506
f 2506 2505 2507
f 2510 2507 2505
f 2505 2509 2510
f 2512 2510 2509
f 2509 2511 2512
f 2511 2509 2513
f 2513 2514 2511
f 2515 2516 2514
f 2514 2513 2515
f 2502 2515 2513
f 2513 2503 2502
f 2517 2518 2516
f 2516 2515 2517
f 2519 2520 2518
f 2518 2517 2519
f 2521 2522 2520
f 2520 2519 2521
f 2522 2521 2523
f 2523 2524 2522
f 2526 2523 2521
f 2521 2525 2526
f 2525 2521 2519
f 2519 2527 2525
f 2520 2529 2528
f 2528 2518 2520
f 2522 2530 2529
f 2529 2520 2522
f 2517 2531 2527
f 2527 2519 2517
f 2532 2533 2531
f 2531 2502 2532
f 2531 2517 2515
f 2515 2502 2531
f 2531 2533 2534
f 2534 2527 2531
f 2516 2536 2535
f 2535 2514 2516
f 2536 2516 2518
f 2518 2528 2536
f 2536 2538 2537
f 2537 2535 2536
f 2540 2537 2538
f 2538 2539 2540
f 2541 2542 2539
f 2539 2538 2541
f 2528 2541 2538
f 2538 2536 2528
f 2543 2511 2514
f 2514 2535 2543
f 2535 2537 2544
f 2544 2543 2535
f 2503 2513 2509
f 2509 2505 2503
f 2511 2543 2545
f 2545 2512 2511
f 2546 2547 2512
f 2512 2545 2546
f 2548 2549 2547
f 2547 2546 2548
f 2550 2551 2549
f 2549 2548 2550
f 2551 2550 2552
f 2552 2553 2551
f 2555 2549 2551
f 2551 2554 2555
f 2553 2556 2554
f 2554 2551 2553
f 2552 2558 2553
f 2558 2552 2557
f 2559 2557 2552
f 2557 2559 2560
f 2559 2552 2550
f 2550 2561 2559
f 2548 2562 2561
f 2561 2550 2548
f 2564 2561 2562
f 2562 2563 2564
f 2563 2562 2565
f 2565 2566 2563
f 2562 2548 2546
f 2546 2565 2562
f 2510 2512 2547
f 2547 2567 2510
f 2569 2567 2555
f 2555 2568 2569
f 2567 2569 2507
f 2507 2510 2567
f 2569 2570 2508
f 2508 2507 2569
f 2568 2571 2570
f 2570 2569 2568
f 2567 2547 2549
f 2549 2555 2567
f 2545 2572 2565
f 2565 2546 2545
f 2572 2573 2566
f 2566 2565 2572
f 2573 2575 2574
f 2574 2566 2573
f 2577 2574 2575
f 2575 2576 2577
f 2578 2579 2576
f 2576 2575 2578
f 2580 2578 2575
f 2575 2573 2580
f 2544 2580 2573
f 2573 2572 2544
f 2572 2545 2543
f 2543 2544 2572
f 2582 2504 2506
f 2506 2581 2582
f 2582 2585 2583
f 2583 2584 2582
f 2584 2501 2504
f 2504 2582 2584
f 2502 2501 2586
f 2586 2532 2502
f 2532 2586 2587
f 2587 2588 2532
f 2591 2588 2589
f 2589 2590 2591
f 2590 2593 2592
f 2592 2591 2590
f 2594 2595 2593
f 2593 2590 2594
f 2590 2589 2596
f 2596 2594 2590
f 2591 2592 2534
f 2534 2533 2591
f 2597 2598 2534
f 2534 2592 2597
f 2597 2592 2593
f 2593 2599 2597
f 2588 2591 2533
f 2533 2532 2588
f 2588 2587 2600
f 2600 2589 2588
f 2602 2600 2587
f 2587 2601 2602
f 2586 2603 2601
f 2601 2587 2586
f 2605 2602 2601
f 2601 2604 2605
f 2603 2606 2604
f 2604 2601 2603
f 2607 2596 2589
f 2589 2600 2607
f 2608 2607 2600
f 2600 2602 2608
f 2603 2586 2501
f 2501 2584 2603
f 2606 2603 2584
f 2584 2583 2606
f 2610 2606 2583
f 2583 2609 2610
f 2606 2610 2611
f 2611 2604 2606
f 2612 2605 2604
f 2604 2611 2612
f 2613 2614 2612
f 2612 2611 2613
f 2611 2610 2615
f 2615 2613 2611
f 2614 2613 2616
f 2616 2617 2614
f 2618 2616 2613
f 2613 2615 2618
f 2605 2612 2619
f 2619 2620 2605
f 2620 2619 2621
f 2621 2622 2620
f 2621 2619 2623
f 2623 2624 2621
f 2614 2623 2619
f 2619 2612 2614
f 2625 2615 2610
f 2610 2609 2625
f 2626 2627 2625
f 2625 2609 2626
f 2627 2626 2628
f 2628 2629 2627
f 2625 2627 2630
f 2630 2631 2625
f 2629 2632 2630
f 2630 2627 2629
f 2634 2635 2628
f 2628 2633 2634
f 2626 2585 2633
f 2633 2628 2626
f 2629 2628 2635
f 2635 2636 2629
f 2609 2583 2585
f 2585 2626 2609
f 2581 2633 2585
f 2585 2582 2581
f 2637 2634 2633
f 2633 2581 2637
f 2638 2639 2634
f 2634 2637 2638
f 2640 2641 2639
f 2639 2638 2640
f 2642 2643 2641
f 2641 2640 2642
f 2645 2646 2642
f 2642 2644 2645
f 2647 2644 2571
f 2571 2568 2647
f 2644 2642 2640
f 2640 2571 2644
f 2648 2645 2644
f 2644 2647 2648
f 2646 2649 2643
f 2643 2642 2646
f 2649 2646 2650
f 2650 2651 2649
f 2646 2645 2652
f 2652 2650 2646
f 2653 2639 2641
f 2639 2653 2654
f 2635 2634 2639
f 2639 2654 2635
f 2654 2655 2636
f 2636 2635 2654
f 2655 2654 2653
f 2653 2656 2655
f 2653 2641 2643
f 2643 2657 2653
f 2660 2657 2658
f 2658 2659 2660
f 2657 2643 2649
f 2649 2658 2657
f 2656 2653 2657
f 2657 2660 2656
f 2571 2640 2638
f 2638 2570 2571
f 2570 2638 2637
f 2637 2508 2570
f 2508 2637 2581
f 2581 2506 2508
f 2663 2664 2661
f 2661 2662 2663
f 2664 2663 2665
f 2665 2666 2664
f 2666 2665 2667
f 2667 2668 2666
f 2670 2665 2663
f 2663 2669 2670
f 2670 2669 2671
f 2671 2672 2670
f 2675 2672 2673
f 2673 2674 2675
f 2675 2674 2676
f 2676 2677 2675
f 2675 2678 2670
f 2670 2672 2675
f 2678 2667 2665
f 2665 2670 2678
f 2679 2680 2668
f 2668 2667 2679
f 2681 2679 2667
f 2667 2678 2681
f 2679 2683 2680
f 2683 2679 2682
f 2681 2682 2679
f 2682 2681 2684
f 2686 2666 2668
f 2668 2685 2686
f 2680 2687 2685
f 2685 2668 2680
f 2678 2675 2677
f 2677 2681 2678
f 2677 2684 2681
f 2684 2677 2688
f 2690 2688 2689
f 2688 2690 2684
f 2688 2692 2689
f 2692 2688 2691
f 2676 2688 2677
f 2688 2676 2691
f 2674 2694 2676
f 2694 2674 2693
f 2693 2697 2695
f 2695 2696 2693
f 2699 2695 2697
f 2697 2698 2699
f 2701 2699 2698
f 2698 2700 2701
f 2703 2701 2700
f 2700 2702 2703
f 2704 2705 2699
f 2699 2701 2704
f 2706 2704 2701
f 2701 2703 2706
f 2707 2708 2700
f 2700 2698 2707
f 2708 2707 2671
f 2671 2709 2708
f 2672 2671 2707
f 2707 2673 2672
f 2673 2707 2698
f 2698 2697 2673
f 2711 2695 2710
f 2695 2711 2696
f 2713 2714 2712
f 2714 2713 2711
f 2715 2711 2710
f 2711 2715 2714
f 2713 2696 2711
f 2696 2713 2716
f 2695 2699 2705
f 2705 2710 2695
f 2674 2673 2697
f 2697 2693 2674
f 2716 2693 2696
f 2693 2716 2694
f 2694 2718 2717
f 2718 2694 2716
f 2716 2719 2718
f 2719 2716 2713
f 2718 2721 2720
f 2721 2718 2719
f 2723 2719 2722
f 2719 2723 2721
f 2722 2713 2712
f 2713 2722 2719
f 2717 2720 2724
f 2720 2717 2718
f 2725 2724 2720
f 2724 2725 2726
f 2691 2724 2692
f 2724 2691 2717
f 2692 2726 2727
f 2726 2692 2724
f 2717 2676 2694
f 2676 2717 2691
f 2709 2671 2669
f 2669 2728 2709
f 2728 2669 2663
f 2663 2662 2728
f 2728 2730 2729
f 2729 2709 2728
f 2733 2730 2731
f 2731 2732 2733
f 2732 2735 2734
f 2734 2733 2732
f 2737 2734 2735
f 2735 2736 2737
f 2736 2739 2738
f 2738 2737 2736
f 2737 2738 2740
f 2740 2741 2737
f 2734 2737 2741
f 2741 2742 2734
f 2744 2738 2739
f 2739 2743 2744
f 2745 2746 2743
f 2743 2739 2745
f 2747 2745 2739
f 2739 2736 2747
f 2748 2747 2736
f 2736 2735 2748
f 2749 2750 2747
f 2747 2748 2749
f 2748 2752 2751
f 2751 2749 2748
f 2735 2732 2752
f 2752 2748 2735
f 2753 2729 2730
f 2730 2733 2753
f 2754 2755 2729
f 2729 2753 2754
f 2756 2754 2753
f 2753 2742 2756
f 2757 2702 2755
f 2755 2754 2757
f 2754 2756 2758
f 2758 2757 2754
f 2755 2708 2709
f 2709 2729 2755
f 2733 2734 2742
f 2742 2753 2733
f 2732 2760 2759
f 2759 2752 2732
f 2760 2762 2761
f 2761 2759 2760
f 2762 2764 2763
f 2763 2761 2762
f 2759 2761 2765
f 2765 2766 2759
f 2767 2765 2761
f 2761 2763 2767
f 2764 2762 2768
f 2768 2769 2764
f 2771 2763 2764
f 2764 2770 2771
f 2770 2764 2769
f 2769 2772 2770
f 2773 2768 2762
f 2762 2760 2773
f 2731 2773 2760
f 2760 2732 2731
f 2773 2775 2774
f 2774 2768 2773
f 2775 2773 2731
f 2731 2662 2775
f 2731 2730 2728
f 2728 2662 2731
f 2776 2664 2666
f 2666 2686 2776
f 2776 2779 2777
f 2777 2778 2776
f 2778 2777 2780
f 2780 2781 2778
f 2777 2783 2782
f 2782 2780 2777
f 2779 2784 2783
f 2783 2777 2779
f 2785 2786 2784
f 2784 2779 2785
f 2686 2785 2779
f 2779 2776 2686
f 2787 2788 2786
f 2786 2785 2787
f 2789 2790 2788
f 2788 2787 2789
f 2687 2789 2787
f 2787 2685 2687
f 2791 2792 2790
f 2790 2789 2791
f 2687 2791 2789
f 2791 2687 2793
f 2795 2788 2790
f 2790 2794 2795
f 2796 2786 2788
f 2788 2795 2796
f 2685 2787 2785
f 2785 2686 2685
f 2786 2796 2797
f 2797 2784 2786
f 2798 2783 2784
f 2784 2797 2798
f 2799 2782 2783
f 2783 2798 2799
f 2798 2801 2800
f 2800 2799 2798
f 2797 2802 2801
f 2801 2798 2797
f 2796 2803 2802
f 2802 2797 2796
f 2803 2805 2804
f 2804 2802 2803
f 2806 2807 2805
f 2805 2803 2806
f 2803 2796 2795
f 2795 2806 2803
f 2781 2780 2808
f 2808 2809 2781
f 2812 2809 2810
f 2810 2811 2812
f 2811 2813 2774
f 2774 2812 2811
f 2813 2811 2772
f 2772 2769 2813
f 2813 2769 2768
f 2768 2774 2813
f 2811 2810 2814
f 2814 2772 2811
f 2816 2814 2810
f 2810 2815 2816
f 2809 2808 2815
f 2815 2810 2809
f 2817 2781 2809
f 2809 2812 2817
f 2781 2817 2661
f 2661 2778 2781
f 2778 2661 2664
f 2664 2776 2778
f 2662 2661 2817
f 2817 2775 2662
f 2775 2817 2812
f 2812 2774 2775
f 2780 2782 2818
f 2818 2808 2780
f 2808 2818 2819
f 2819 2815 2808
f 2818 2821 2820
f 2820 2819 2818
f 2823 2820 2821
f 2821 2822 2823
f 2822 2825 2824
f 2824 2823 2822
f 2800 2826 2825
f 2825 2822 2800
f 2799 2800 2822
f 2822 2821 2799
f 2820 2823 2827
f 2827 2828 2820
f 2819 2820 2828
f 2828 2829 2819
f 2821 2818 2782
f 2782 2799 2821
f 2815 2819 2829
f 2829 2816 2815
f 2832 2833 2830
f 2830 2831 2832
f 2831 2835 2834
f 2834 2832 2831
f 2836 2837 2835
f 2835 2831 2836
f 2838 2839 2837
f 2837 2836 2838
f 2836 2840 1596
f 1596 2838 2836
f 2840 2836 2831
f 2831 2830 2840
f 2842 2840 2830
f 2830 2841 2842
f 2840 2842 1593
f 1593 1596 2840
f 1586 1593 2842
f 2842 1591 1586
f 2841 2843 1591
f 1591 2842 2841
f 2844 2845 2843
f 2843 2841 2844
f 2844 2841 2830
f 2830 2833 2844
f 2846 2847 2845
f 2845 2844 2846
f 2804 2805 2847
f 2847 2846 2804
f 2848 2849 2804
f 2804 2846 2848
f 2848 2846 2844
f 2844 2833 2848
f 2851 2843 2845
f 2845 2850 2851
f 2850 2845 2847
f 2847 2852 2850
f 2839 2838 2853
f 2853 2854 2839
f 2856 2837 2839
f 2839 2855 2856
f 2837 2856 2857
f 2857 2835 2837
f 2858 2834 2835
f 2835 2857 2858
f 2857 2860 2859
f 2859 2858 2857
f 2860 2857 2856
f 2856 2861 2860
f 2861 2856 2855
f 2855 2862 2861
f 2864 2860 2861
f 2861 2863 2864
f 2862 2865 2863
f 2863 2861 2862
f 2860 2864 2866
f 2866 2859 2860
f 2866 2869 2867
f 2867 2868 2866
f 2869 2866 2864
f 2864 2870 2869
f 2868 2871 2859
f 2859 2866 2868
f 2834 2858 2872
f 2872 2873 2834
f 2873 2872 2874
f 2874 2875 2873
f 2873 2876 2832
f 2832 2834 2873
f 2876 2873 2875
f 2875 2877 2876
f 2871 2872 2858
f 2858 2859 2871
f 2855 2839 2854
f 2854 2878 2855
f 2878 2854 2879
f 2879 2880 2878
f 2854 2853 2881
f 2881 2879 2854
f 2880 2879 2882
f 2882 2883 2880
f 2883 2885 2884
f 2884 2880 2883
f 2886 2887 2883
f 2883 2882 2886
f 2887 2888 2885
f 2885 2883 2887
f 2884 2885 2889
f 2889 2890 2884
f 2891 2878 2880
f 2880 2884 2891
f 2892 2891 2884
f 2884 2890 2892
f 2893 2882 2879
f 2879 2881 2893
f 2896 2893 2894
f 2894 2895 2896
f 2896 2886 2882
f 2882 2893 2896
f 2896 2898 2897
f 2897 2886 2896
f 2898 2896 2895
f 2895 2899 2898
f 2894 2893 2881
f 2881 1597 2894
f 2895 2894 2900
f 2900 2901 2895
f 2894 1597 1594
f 1594 2900 2894
f 2853 1595 1597
f 1597 2881 2853
f 1595 2853 2838
f 2838 1596 1595
f 2862 2855 2878
f 2878 2891 2862
f 2833 2832 2876
f 2876 2902 2833
f 2904 2905 2903
f 2903 2902 2904
f 2906 2907 2905
f 2905 2904 2906
f 2908 2909 2907
f 2907 2906 2908
f 2910 2911 2909
f 2909 2908 2910
f 2912 2913 2911
f 2911 2910 2912
f 2910 2915 2914
f 2914 2912 2910
f 2908 2916 2915
f 2915 2910 2908
f 2916 2918 2917
f 2917 2915 2916
f 2919 2920 2918
f 2918 2916 2919
f 2922 2917 2918
f 2918 2921 2922
f 2920 2923 2921
f 2921 2918 2920
f 2906 2919 2916
f 2916 2908 2906
f 2915 2917 2924
f 2924 2914 2915
f 2924 2927 2925
f 2925 2926 2924
f 2927 2929 2928
f 2928 2925 2927
f 2929 2927 2922
f 2922 2930 2929
f 2917 2922 2927
f 2927 2924 2917
f 2933 2926 2931
f 2931 2932 2933
f 2926 2925 2934
f 2934 2931 2926
f 2933 2914 2924
f 2924 2926 2933
f 2932 2935 2913
f 2913 2912 2932
f 2938 2935 2936
f 2936 2937 2938
f 2941 2937 2939
f 2939 2940 2941
f 2943 2941 2940
f 2940 2942 2943
f 2944 2938 2937
f 2937 2941 2944
f 2941 2943 2945
f 2945 2944 2941
f 2940 2939 2946
f 2946 2947 2940
f 2949 2946 2939
f 2939 2948 2949
f 2948 2939 2937
f 2937 2936 2948
f 2931 2936 2935
f 2935 2932 2931
f 2950 2913 2935
f 2935 2938 2950
f 2951 2950 2938
f 2938 2944 2951
f 2952 2951 2944
f 2944 2945 2952
f 2950 2951 2953
f 2953 2954 2950
f 2955 2953 2951
f 2951 2952 2955
f 2954 2911 2913
f 2913 2950 2954
f 2911 2954 2956
f 2956 2909 2911
f 2912 2914 2933
f 2933 2932 2912
f 2907 2824 2825
f 2825 2905 2907
f 2905 2825 2826
f 2826 2903 2905
f 2902 2903 2848
f 2848 2833 2902
f 2903 2826 2849
f 2849 2848 2903
f 2909 2956 2824
f 2824 2907 2909
f 2904 2877 2919
f 2919 2906 2904
f 2902 2876 2877
f 2877 2904 2902
f 2959 2960 2957
f 2957 2958 2959
f 2959 2963 2961
f 2961 2962 2959
f 2966 2962 2964
f 2964 2965 2966
f 2960 2959 2962
f 2962 2966 2960
f 2966 2965 2967
f 2967 2960 2966
f 2965 2969 2968
f 2968 2967 2965
f 2960 2967 2970
f 2970 2957 2960
f 2970 2973 2971
f 2971 2972 2970
f 2972 2976 2974
f 2974 2975 2972
f 2970 2972 2975
f 2975 2957 2970
f 2975 2978 2977
f 2977 2957 2975
f 2977 2978 2979
f 2979 2980 2977
f 2978 2982 2981
f 2981 2979 2978
f 2982 2978 2975
f 2975 2974 2982
f 2976 2984 2983
f 2983 2974 2976
f 2984 2986 2985
f 2985 2983 2984
f 2987 2988 2986
f 2986 2984 2987
f 2989 2987 2984
f 2984 2976 2989
f 2972 2971 2989
f 2989 2976 2972
f 2973 2991 2990
f 2990 2971 2973
f 2992 2989 2971
f 2971 2990 2992
f 2967 2968 2973
f 2973 2970 2967
f 2968 2993 2991
f 2991 2973 2968
f 2991 2995 2994
f 2995 2991 2993
f 2994 2997 2996
f 2997 2994 2995
f 2995 2999 2997
f 2999 2995 2998
f 2993 2998 2995
f 2998 2993 3000
f 2969 3000 2993
f 2993 2968 2969
f 3001 3002 3000
f 3000 2969 3001
f 3003 3001 2969
f 2969 2965 3003
f 2965 2964 3004
f 3004 3003 2965
f 2961 3004 2964
f 2964 2962 2961
f 3005 3006 3004
f 3004 2961 3005
f 3007 3008 3006
f 3006 3005 3007
f 3009 3010 3008
f 3008 3007 3009
f 3012 3013 3011
f 3011 3009 3012
f 3014 3012 3009
f 3009 3007 3014
f 3010 3009 3011
f 3011 3015 3010
f 3017 3008 3010
f 3010 3016 3017
f 3018 3006 3008
f 3008 3017 3018
f 3019 3014 3007
f 3007 3005 3019
f 3020 3021 3014
f 3014 3019 3020
f 3022 3020 3019
f 3019 2963 3022
f 2963 3019 3005
f 3005 2961 2963
f 3006 3018 3003
f 3003 3004 3006
f 2963 2959 2958
f 2958 3022 2963
f 3023 3024 3022
f 3022 2958 3023
f 3025 3026 3024
f 3024 3023 3025
f 2980 3025 3023
f 3023 2977 2980
f 3027 3028 3026
f 3026 3025 3027
f 3029 3030 3028
f 3028 3027 3029
f 3029 3032 3030
f 3032 3029 3031
f 3033 3035 3031
f 3035 3033 3034
f 3037 3034 3033
f 3033 3036 3037
f 3036 3039 3038
f 3038 3037 3036
f 3040 3041 3037
f 3037 3038 3040
f 3041 3042 3034
f 3034 3037 3041
f 3044 3045 3043
f 3043 3039 3044
f 3046 3044 3039
f 3039 3036 3046
f 3047 3038 3039
f 3039 3043 3047
f 3036 3033 3048
f 3048 3046 3036
f 3031 3048 3033
f 3048 3031 3029
f 3035 3034 3042
f 3042 3049 3035
f 3049 3052 3050
f 3050 3051 3049
f 3049 3051 3053
f 3053 3035 3049
f 3051 3055 3054
f 3054 3053 3051
f 3055 3051 3050
f 3050 3056 3055
f 3049 3042 3057
f 3057 3052 3049
f 3052 3059 3058
f 3058 3050 3052
f 3059 3052 3057
f 3057 3060 3059
f 3053 3031 3035
f 3031 3053 3032
f 3061 3032 3053
f 3053 3054 3061
f 3063 3061 3054
f 3054 3062 3063
f 3063 3066 3064
f 3064 3065 3063
f 3062 3067 3066
f 3066 3063 3062
f 3061 3063 3065
f 3065 3068 3061
f 3032 3061 3068
f 3068 3030 3032
f 3030 3068 3069
f 3069 3028 3030
f 3048 3029 3027
f 3027 3070 3048
f 3070 3027 3025
f 3025 2980 3070
f 3046 3048 3070
f 3070 3071 3046
f 3071 3072 3044
f 3044 3046 3071
f 3072 3071 2979
f 2979 2981 3072
f 3045 3044 3072
f 3072 3073 3045
f 3073 3072 2981
f 2981 3074 3073
f 3076 3045 3073
f 3073 3075 3076
f 3074 3077 3075
f 3075 3073 3074
f 3071 3070 2980
f 2980 2979 3071
f 3079 3024 3026
f 3026 3078 3079
f 3078 3081 3080
f 3080 3079 3078
f 3020 3022 3024
f 3024 3079 3020
f 3021 3020 3079
f 3079 3080 3021
f 3081 3083 3082
f 3082 3080 3081
f 3083 3081 3084
f 3084 3085 3083
f 3085 3087 3086
f 3086 3083 3085
f 3088 3082 3083
f 3083 3086 3088
f 3084 3069 3068
f 3068 3065 3084
f 3069 3084 3081
f 3081 3078 3069
f 3065 3064 3085
f 3085 3084 3065
f 3089 3021 3080
f 3080 3082 3089
f 3089 3090 3013
f 3013 3012 3089
f 3090 3092 3091
f 3091 3013 3090
f 3088 3093 3092
f 3092 3090 3088
f 3082 3088 3090
f 3090 3089 3082
f 3021 3089 3012
f 3012 3014 3021
f 3028 3069 3078
f 3078 3026 3028
f 2958 2957 2977
f 2977 3023 2958
f 3096 3097 3094
f 3094 3095 3096
f 3094 3097 3098
f 3098 3099 3094
f 3095 3094 3100
f 3100 3101 3095
f 3095 3103 3102
f 3102 3096 3095
f 3105 3106 3104
f 3104 3103 3105
f 3103 3095 3101
f 3101 3105 3103
f 3107 3108 3105
f 3105 3101 3107
f 3109 3110 3108
f 3108 3107 3109
f 3110 3109 3111
f 3111 3112 3110
f 3115 3112 3113
f 3113 3114 3115
f 3116 3117 3115
f 3115 3114 3116
f 3116 3114 3118
f 3118 3119 3116
f 3120 3118 3114
f 3114 3113 3120
f 3121 3113 3112
f 3112 3111 3121
f 3111 3123 3122
f 3122 3121 3111
f 3109 3124 3123
f 3123 3111 3109
f 3125 3110 3112
f 3112 3115 3125
f 3126 3108 3110
f 3110 3125 3126
f 3125 3128 3127
f 3127 3126 3125
f 3117 3128 3125
f 3125 3115 3117
f 3124 3109 3107
f 3107 3129 3124
f 3130 3131 3124
f 3124 3129 3130
f 3130 3134 3132
f 3132 3133 3130
f 3134 3130 3129
f 3129 3100 3134
f 3133 3135 3131
f 3131 3130 3133
f 3101 3100 3129
f 3129 3107 3101
f 3106 3105 3108
f 3108 3126 3106
f 3136 3106 3126
f 3126 3127 3136
f 3137 3138 3136
f 3136 3127 3137
f 3137 3141 3139
f 3139 3140 3137
f 452 3139 3141
f 3141 3142 452
f 3140 3139 3143
f 3143 3144 3140
f 3139 452 450
f 450 3143 3139
f 3146 3147 3142
f 3142 3145 3146
f 3145 3142 3141
f 3141 3128 3145
f 451 452 3142
f 3142 3147 451
f 3127 3128 3141
f 3141 3137 3127
f 3138 3137 3140
f 3140 3148 3138
f 3150 3136 3138
f 3138 3149 3150
f 3153 3149 3151
f 3151 3152 3153
f 3149 3138 3148
f 3148 3151 3149
f 3154 3150 3149
f 3149 3153 3154
f 3150 3104 3106
f 3106 3136 3150
f 3104 3150 3154
f 3154 3155 3104
f 3155 3154 3156
f 3156 3157 3155
f 3158 3155 3157
f 3155 3158 3102
f 3160 3157 3159
f 3157 3160 3158
f 3161 3159 3157
f 3157 3156 3161
f 3103 3104 3155
f 3155 3102 3103
f 3100 3094 3099
f 3099 3134 3100
f 3162 3132 3134
f 3134 3099 3162
f 3132 3162 3163
f 3163 3164 3132
f 3165 3166 3164
f 3164 3163 3165
f 3166 3165 3167
f 3167 3168 3166
f 3170 3164 3166
f 3166 3169 3170
f 3172 3170 3169
f 3169 3171 3172
f 3170 3172 3135
f 3135 3133 3170
f 3172 3174 3173
f 3173 3135 3172
f 3173 3174 3175
f 3175 3176 3173
f 3178 3175 3174
f 3174 3177 3178
f 3177 3174 3172
f 3172 3171 3177
f 3171 3169 3179
f 3179 3180 3171
f 3168 3179 3169
f 3169 3166 3168
f 3181 3182 3180
f 3180 3179 3181
f 3183 3181 3179
f 3179 3168 3183
f 3164 3170 3133
f 3133 3132 3164
f 3168 3167 3184
f 3184 3183 3168
f 3186 3184 3167
f 3167 3185 3186
f 3188 3189 3186
f 3186 3187 3188
f 3188 3191 3189
f 3191 3188 3190
f 3190 3193 3192
f 3193 3190 3188
f 3193 3188 3187
f 3187 3194 3193
f 3185 3195 3187
f 3187 3186 3185
f 3165 3196 3185
f 3185 3167 3165
f 3195 3185 3196
f 3196 3197 3195
f 3189 3198 3184
f 3184 3186 3189
f 3183 3184 3198
f 3198 3199 3183
f 3198 3201 3199
f 3201 3198 3200
f 3189 3200 3198
f 3200 3189 3191
f 3196 3165 3163
f 3163 3202 3196
f 3205 3202 3203
f 3203 3204 3205
f 3204 3203 3098
f 3098 3206 3204
f 3097 3207 3206
f 3206 3098 3097
f 3207 3209 3208
f 3208 3206 3207
f 3207 3211 3209
f 3211 3207 3210
f 3210 3207 3097
f 3097 3096 3210
f 3099 3098 3203
f 3203 3162 3099
f 3212 3204 3206
f 3206 3208 3212
f 3204 3212 3213
f 3213 3205 3204
f 3215 3213 3212
f 3212 3214 3215
f 3208 3216 3214
f 3214 3212 3208
f 3202 3163 3162
f 3162 3203 3202
f 3197 3196 3202
f 3202 3205 3197
f 3096 3218 3210
f 3218 3096 3217
f 3102 3217 3096
f 3217 3102 3158
f 3217 3220 3218
f 3220 3217 3219
f 3219 3222 3220
f 3222 3219 3221
f 3222 3221 3223
f 3223 3224 3222
f 3222 3226 3225
f 3225 3220 3222
f 3218 3225 3227
f 3225 3218 3220
f 3210 3227 3211
f 3227 3210 3218
f 3211 3229 3228
f 3229 3211 3227
f 3228 3231 3230
f 3231 3228 3229
f 3230 3233 3232
f 3233 3230 3231
f 3231 3235 3233
f 3235 3231 3234
f 3233 3237 3232
f 3237 3233 3236
f 3233 3238 3236
f 3238 3233 3235
f 3230 3240 3228
f 3240 3230 3239
f 3239 3232 3241
f 3232 3239 3230
f 3234 3229 3242
f 3229 3234 3231
f 3234 3242 3243
f 3243 3244 3234
f 3226 3243 3242
f 3242 3225 3226
f 3242 3227 3225
f 3227 3242 3229
f 3224 3245 3226
f 3226 3222 3224
f 3245 3224 3246
f 3246 3247 3245
f 3249 3245 3247
f 3247 3248 3249
f 3249 3248 3250
f 3250 3251 3249
f 3244 3243 3249
f 3249 3251 3244
f 3253 3244 3251
f 3251 3252 3253
f 3238 3235 3253
f 3253 3254 3238
f 3252 3255 3254
f 3254 3253 3252
f 3256 3238 3254
f 3238 3256 3257
f 3256 3254 3255
f 3255 3258 3256
f 3235 3234 3244
f 3244 3253 3235
f 3259 3252 3251
f 3251 3250 3259
f 3262 3259 3260
f 3260 3261 3262
f 3264 3265 3263
f 3263 3261 3264
f 3261 3260 3266
f 3266 3264 3261
f 3267 3262 3261
f 3261 3263 3267
f 3259 3250 3268
f 3268 3260 3259
f 3248 3269 3268
f 3268 3250 3248
f 3255 3252 3259
f 3259 3262 3255
f 3243 3226 3245
f 3245 3249 3243
f 3269 3248 3247
f 3247 3270 3269
f 3271 3272 3269
f 3269 3270 3271
f 3271 3274 3273
f 3273 3272 3271
f 3274 3276 3275
f 3275 3273 3274
f 3274 3278 3277
f 3277 3276 3274
f 3271 3270 3278
f 3278 3274 3271
f 3269 3272 3279
f 3279 3268 3269
f 3272 3273 3280
f 3280 3279 3272
f 3270 3282 3281
f 3281 3278 3270
f 3282 3246 3224
f 3224 3223 3282
f 3223 3283 3281
f 3281 3282 3223
f 3283 3223 3221
f 3221 3284 3283
f 3282 3270 3247
f 3247 3246 3282
f 3221 3160 3284
f 3160 3221 3219
f 3219 3158 3160
f 3158 3219 3217
f 3287 3288 3285
f 3285 3286 3287
f 3287 3265 3264
f 3264 3288 3287
f 3289 3288 3264
f 3264 3266 3289
f 3289 3266 3279
f 3279 3290 3289
f 3285 3288 3289
f 3289 3290 3285
f 3285 3292 3291
f 3291 3286 3285
f 3292 3285 3290
f 3290 3293 3292
f 3295 3292 3293
f 3293 3294 3295
f 3280 3296 3294
f 3294 3293 3280
f 3296 3298 3297
f 3297 3294 3296
f 3156 3297 3298
f 3298 3161 3156
f 3299 3300 3161
f 3161 3298 3299
f 3298 3296 3275
f 3275 3299 3298
f 3296 3280 3273
f 3273 3275 3296
f 3153 3295 3294
f 3294 3297 3153
f 3295 3153 3152
f 3152 3301 3295
f 3301 3291 3292
f 3292 3295 3301
f 3291 3301 3302
f 3302 3303 3291
f 3301 3305 3302
f 3305 3301 3304
f 3307 3301 3306
f 3301 3307 3304
f 3152 3306 3301
f 3306 3152 3308
f 3280 3293 3290
f 3290 3279 3280
f 3309 3265 3287
f 3287 3286 3309
f 3309 3310 3263
f 3263 3265 3309
f 3313 3310 3311
f 3311 3312 3313
f 3315 3313 3312
f 3312 3314 3315
f 3317 3318 3315
f 3315 3316 3317
f 3316 3320 3319
f 3319 3317 3316
f 3320 3316 3321
f 3321 3322 3320
f 3322 3324 3323
f 3323 3320 3322
f 3320 3323 3325
f 3325 3319 3320
f 3323 3326 479
f 479 3325 3323
f 3324 447 3326
f 3326 3323 3324
f 3317 3319 3327
f 3327 3328 3317
f 3329 3327 3319
f 3319 3325 3329
f 443 447 3324
f 3324 3322 443
f 3321 3330 443
f 443 3322 3321
f 3314 3331 3330
f 3330 3321 3314
f 3312 3311 3331
f 3331 3314 3312
f 3316 3315 3314
f 3314 3321 3316
f 442 443 3330
f 3330 3332 442
f 3332 3330 3331
f 3331 3333 3332
f 3318 3317 3328
f 3328 3334 3318
f 3334 3328 3256
f 3256 3258 3334
f 3336 3318 3334
f 3334 3335 3336
f 3335 3267 3263
f 3263 3310 3335
f 3267 3335 3334
f 3334 3258 3267
f 3310 3313 3336
f 3336 3335 3310
f 3313 3315 3318
f 3318 3336 3313
f 3309 3337 3311
f 3311 3310 3309
f 3337 3333 3331
f 3331 3311 3337
f 3338 3333 3337
f 3333 3338 3339
f 3340 3339 3338
f 3338 3303 3340
f 3339 3340 3341
f 3341 3333 3339
f 3340 3343 3341
f 3343 3340 3342
f 3340 3304 3342
f 3304 3340 3305
f 3345 3343 3342
f 3342 3344 3345
f 3345 3344 3308
f 3308 3346 3345
f 3152 3151 3346
f 3346 3308 3152
f 3348 3345 3346
f 3346 3347 3348
f 3151 3148 3347
f 3347 3346 3151
f 3306 3308 3344
f 3344 3307 3306
f 3342 3307 3344
f 3307 3342 3304
f 3341 3343 3332
f 3332 3333 3341
f 3343 3345 3348
f 3348 3332 3343
f 3303 3302 3305
f 3305 3340 3303
f 3291 3303 3338
f 3338 3286 3291
f 3338 3337 3309
f 3309 3286 3338
f 3351 3352 3349
f 3349 3350 3351
f 3353 3354 3349
f 3349 3352 3353
f 3357 3353 3355
f 3355 3356 3357
f 3359 3360 3358
f 3358 3357 3359
f 3362 3363 3361
f 3361 3359 3362
f 3356 3362 3359
f 3359 3357 3356
f 3364 3365 3362
f 3362 3356 3364
f 3366 3367 3365
f 3365 3364 3366
f 3368 3369 3367
f 3367 3366 3368
f 3370 3371 3369
f 3369 3368 3370
f 3370 3374 3372
f 3372 3373 3370
f 3368 3375 3374
f 3374 3370 3368
f 3371 3370 3373
f 3373 3376 3371
f 3378 3367 3369
f 3369 3377 3378
f 3377 3369 3371
f 3371 3379 3377
f 3366 3380 3375
f 3375 3368 3366
f 3380 3382 3381
f 3381 3375 3380
f 3382 3380 3383
f 3383 3384 3382
f 3364 3383 3380
f 3380 3366 3364
f 3365 3385 3363
f 3363 3362 3365
f 3385 3387 3386
f 3386 3363 3385
f 3389 3390 3388
f 3388 3387 3389
f 3378 3389 3387
f 3387 3385 3378
f 3391 3386 3387
f 3387 3388 3391
f 3392 3361 3363
f 3363 3386 3392
f 3385 3365 3367
f 3367 3378 3385
f 3383 3364 3356
f 3356 3355 3383
f 3355 3393 3384
f 3384 3383 3355
f 3394 3395 3384
f 3384 3393 3394
f 3396 3394 3393
f 3393 3352 3396
f 3394 3398 3397
f 3397 3395 3394
f 3394 3396 3399
f 3399 3398 3394
f 3393 3355 3353
f 3353 3352 3393
f 3360 3359 3361
f 3361 3400 3360
f 3400 3402 3401
f 3401 3360 3400
f 3404 3401 3402
f 3402 3403 3404
f 3403 1255 1256
f 1256 3404 3403
f 3405 3406 3403
f 3403 3402 3405
f 3405 3408 3391
f 3391 3407 3405
f 3406 3405 3407
f 3407 3409 3406
f 3409 3407 3410
f 3410 3411 3409
f 3388 3410 3407
f 3407 3391 3388
f 3408 3405 3402
f 3402 3400 3408
f 3391 3408 3392
f 3392 3386 3391
f 3392 3408 3400
f 3400 3361 3392
f 1255 3403 3406
f 3406 3412 1255
f 3412 3406 3409
f 3409 3413 3412
f 1260 3413 3414
f 3414 1262 1260
f 3413 3409 3411
f 3411 3414 3413
f 1258 3412 3413
f 3413 1260 1258
f 3412 1258 1249
f 1249 1255 3412
f 3415 3416 3401
f 3401 3404 3415
f 3404 1256 1257
f 1257 3415 3404
f 3417 3418 3416
f 3416 3415 3417
f 3417 1284 1285
f 1285 3419 3417
f 3418 3417 3419
f 3419 3350 3418
f 3350 3419 3420
f 3420 3351 3350
f 3419 1285 1286
f 1286 3420 3419
f 3415 1257 1284
f 1284 3417 3415
f 3360 3401 3416
f 3416 3358 3360
f 3418 3354 3358
f 3358 3416 3418
f 3354 3353 3357
f 3357 3358 3354
f 3354 3418 3350
f 3350 3349 3354
f 3421 3396 3352
f 3352 3351 3421
f 3422 3399 3396
f 3396 3421 3422
f 3422 3424 3423
f 3423 3399 3422
f 3424 3426 3425
f 3425 3423 3424
f 3426 3428 3427
f 3427 3425 3426
f 3429 3430 3428
f 3428 3426 3429
f 3430 3429 3431
f 3431 3432 3430
f 3434 3430 3432
f 3432 3433 3434
f 3433 3436 3435
f 3435 3434 3433
f 3435 3436 3437
f 3437 3438 3435
f 3440 3437 3436
f 3436 3439 3440
f 3441 3439 3436
f 3436 3433 3441
f 3442 3428 3430
f 3430 3434 3442
f 3443 3442 3434
f 3434 3435 3443
f 3444 3441 3433
f 3433 3432 3444
f 3441 3444 3445
f 3445 3446 3441
f 3447 3448 3445
f 3445 3444 3447
f 3444 3450 3449
f 3449 3447 3444
f 3432 3431 3450
f 3450 3444 3432
f 3429 3452 3451
f 3451 3431 3429
f 3454 3451 3452
f 3452 3453 3454
f 3453 3456 3455
f 3455 3454 3453
f 3455 3456 3457
f 3457 3458 3455
f 3456 3421 3351
f 3351 3457 3456
f 3422 3421 3456
f 3456 3453 3422
f 3451 3454 3459
f 3459 3460 3451
f 3461 3459 3454
f 3454 3455 3461
f 3424 3422 3453
f 3453 3452 3424
f 3452 3429 3426
f 3426 3424 3452
f 3428 3442 3462
f 3462 3427 3428
f 3463 3464 3425
f 3425 3427 3463
f 3464 3463 3465
f 3465 3466 3464
f 3423 3425 3464
f 3464 3467 3423
f 3467 3398 3399
f 3399 3423 3467
f 3466 3468 3467
f 3467 3464 3466
f 3468 3466 3469
f 3469 3470 3468
f 3471 3469 3466
f 3466 3465 3471
f 3473 3465 3463
f 3463 3472 3473
f 3472 3475 3474
f 3474 3473 3472
f 3462 3476 3475
f 3475 3472 3462
f 3477 3478 3474
f 3474 3475 3477
f 3479 3477 3475
f 3475 3476 3479
f 3465 3473 3480
f 3480 3471 3465
f 3481 3480 3473
f 3473 3474 3481
f 3472 3463 3427
f 3427 3462 3472
f 3420 3482 3457
f 3457 3351 3420
f 3482 3483 3458
f 3458 3457 3482
f 3483 3485 3484
f 3484 3458 3483
f 3485 3487 3486
f 3486 3484 3485
f 3488 3489 3487
f 3487 3485 3488
f 3490 3488 3485
f 3485 3483 3490
f 3491 3492 3488
f 3488 3490 3491
f 3491 3494 3492
f 3494 3491 3493
f 3495 3493 1277
f 3493 3495 3494
f 3495 3498 3496
f 3498 3495 3497
f 3497 1275 1276
f 1276 3499 3497
f 1277 3497 3495
f 3497 1277 1275
f 3500 3497 3499
f 3497 3500 3498
f 3496 3494 3495
f 3494 3496 3501
f 3502 3501 3496
f 3501 3502 3503
f 3498 3502 3496
f 3502 3498 3504
f 1282 1267 1277
f 1277 3493 1282
f 1283 1282 3493
f 3493 3491 1283
f 3488 3505 3489
f 3505 3488 3492
f 3506 3489 3505
f 3489 3506 3507
f 3508 3507 3506
f 3507 3508 3509
f 3507 3487 3489
f 3487 3507 3510
f 3509 3510 3507
f 3510 3509 3511
f 3503 3505 3501
f 3505 3503 3506
f 3501 3492 3494
f 3492 3501 3505
f 3491 3490 3512
f 3512 1283 3491
f 1286 1281 1283
f 1283 3512 1286
f 3512 3482 3420
f 3420 1286 3512
f 3482 3512 3490
f 3490 3483 3482
f 3513 3486 3487
f 3487 3510 3513
f 3511 3513 3510
f 3513 3511 3514
f 3513 3514 3515
f 3515 3516 3513
f 3516 3515 3517
f 3517 3518 3516
f 3520 3517 3515
f 3515 3519 3520
f 3520 3519 3521
f 3521 3522 3520
f 3524 3517 3520
f 3520 3523 3524
f 3522 3525 3523
f 3523 3520 3522
f 3527 3528 3521
f 3521 3526 3527
f 3519 3526 3521
f 3526 3519 3529
f 3528 3530 3522
f 3522 3521 3528
f 3515 3529 3519
f 3529 3515 3514
f 3532 3516 3518
f 3518 3531 3532
f 3516 3532 3486
f 3486 3513 3516
f 3484 3486 3532
f 3532 3461 3484
f 3461 3532 3531
f 3531 3459 3461
f 3460 3459 3531
f 3531 3533 3460
f 3533 3531 3518
f 3518 3534 3533
f 3534 3518 3517
f 3517 3524 3534
f 3514 3535 3529
f 3535 3514 3511
f 3536 3529 3535
f 3529 3536 3526
f 3526 3537 3527
f 3537 3526 3536
f 3539 3537 3538
f 3537 3539 3527
f 3541 3542 3540
f 3542 3541 3538
f 3543 3538 3537
f 3538 3543 3542
f 3544 3538 3541
f 3538 3544 3539
f 3543 3536 3545
f 3536 3543 3537
f 3545 3547 3543
f 3547 3545 3546
f 3546 3549 3548
f 3549 3546 3545
f 3545 3535 3549
f 3535 3545 3536
f 3511 3549 3535
f 3549 3511 3509
f 3552 2467 3550
f 3550 3551 3552
f 3552 2473 2466
f 2466 2467 3552
f 3553 3554 2473
f 2473 3552 3553
f 3556 3553 3555
f 3553 3556 3554
f 2471 2473 3554
f 3554 3557 2471
f 2478 2471 3557
f 2471 2478 2472
f 2477 3557 3558
f 3557 2477 2478
f 3556 3560 3558
f 3560 3556 3559
f 3559 3555 3561
f 3555 3559 3556
f 3563 3559 3562
f 3559 3563 3560
f 3564 3558 3560
f 3558 3564 2477
f 3566 3564 3565
f 3564 3566 3567
f 3568 3567 3566
f 3567 3568 2453
f 3567 2477 3564
f 2477 3567 2476
f 2453 2476 3567
f 2476 2453 2450
f 3565 3560 3563
f 3560 3565 3564
f 3565 3570 3566
f 3570 3565 3569
f 3563 3569 3565
f 3569 3563 3571
f 3562 3561 3572
f 3561 3562 3559
f 3572 3574 3573
f 3574 3572 3561
f 3575 3573 3574
f 3573 3575 3576
f 3574 3578 3575
f 3578 3574 3577
f 3577 3561 3555
f 3561 3577 3574
f 3580 3573 3579
f 3573 3580 3572
f 3572 3581 3562
f 3581 3572 3580
f 3571 3562 3581
f 3562 3571 3563
f 3558 3554 3556
f 3554 3558 3557
f 3582 3555 3553
f 3555 3582 3577
f 3582 3553 3552
f 3552 3551 3582
f 3583 3577 3582
f 3577 3583 3578
f 3578 3585 3584
f 3585 3578 3583
f 3584 3587 3586
f 3587 3584 3585
f 3585 3589 3587
f 3589 3585 3588
f 3583 3588 3585
f 3588 3583 3590
f 3551 3592 3590
f 3592 3551 3591
f 3594 3591 3593
f 3591 3594 3592
f 3595 3592 3594
f 3592 3595 3596
f 3597 3598 3595
f 3595 3594 3597
f 3593 3597 3594
f 3597 3593 3599
f 3593 3591 3600
f 3600 3601 3593
f 3602 3603 3601
f 3601 3600 3602
f 3550 3604 3602
f 3602 3600 3550
f 3550 3600 3591
f 3591 3551 3550
f 3551 3583 3582
f 3583 3551 3590
f 3590 3596 3588
f 3596 3590 3592
f 3588 3605 3589
f 3605 3588 3596
f 3589 3607 3606
f 3607 3589 3605
f 3587 3606 3608
f 3606 3587 3589
f 3609 3608 3606
f 3608 3609 3610
f 3611 3606 3607
f 3606 3611 3609
f 3605 3613 3607
f 3613 3605 3612
f 3613 3612 3614
f 3614 3615 3613
f 3617 3613 3615
f 3615 3616 3617
f 3616 3615 3618
f 3618 3619 3616
f 3620 3618 3615
f 3615 3614 3620
f 3598 3614 3612
f 3612 3595 3598
f 3596 3612 3605
f 3612 3596 3595
f 3586 3608 3621
f 3608 3586 3587
f 3586 3623 3584
f 3623 3586 3622
f 3622 3625 3623
f 3625 3622 3624
f 3627 3624 3626
f 3624 3627 3625
f 3576 3623 3625
f 3623 3576 3575
f 3625 3628 3576
f 3628 3625 3627
f 3630 3631 3629
f 3631 3630 3626
f 3626 3632 3631
f 3632 3626 3624
f 3633 3626 3630
f 3626 3633 3627
f 3624 3634 3632
f 3634 3624 3622
f 3635 3634 3621
f 3634 3635 3636
f 3621 3622 3586
f 3622 3621 3634
f 3632 3636 3637
f 3636 3632 3634
f 3575 3584 3623
f 3584 3575 3578
f 3640 3641 3638
f 3638 3639 3640
f 3639 3643 3642
f 3642 3640 3639
f 3643 3639 3644
f 3644 3438 3643
f 3643 3646 3645
f 3645 3642 3643
f 3640 3642 3647
f 3647 3648 3640
f 3647 3651 3649
f 3649 3650 3647
f 3653 3649 3651
f 3651 3652 3653
f 3645 3654 3652
f 3652 3651 3645
f 3642 3645 3651
f 3651 3647 3642
f 3646 3655 3654
f 3654 3645 3646
f 3437 3440 3655
f 3655 3646 3437
f 3655 3657 3656
f 3656 3654 3655
f 3658 3657 3655
f 3655 3440 3658
f 3646 3643 3438
f 3438 3437 3646
f 3652 3660 3659
f 3659 3653 3652
f 3649 3653 3661
f 3661 3662 3649
f 3662 3663 3650
f 3650 3649 3662
f 3665 3661 3664
f 3661 3665 3662
f 3665 3666 3663
f 3663 3662 3665
f 3668 3650 3663
f 3663 3667 3668
f 3650 3668 3648
f 3648 3647 3650
f 3661 3659 3669
f 3659 3661 3653
f 3671 3659 3670
f 3659 3671 3669
f 3664 3669 3672
f 3669 3664 3661
f 3673 3669 3671
f 3669 3673 3672
f 237 3670 3674
f 3670 237 3671
f 3674 3676 3675
f 3676 3674 3670
f 3670 3660 3676
f 3660 3670 3659
f 3660 3652 3654
f 3654 3656 3660
f 3438 3644 3443
f 3443 3435 3438
f 3644 3479 3476
f 3476 3443 3644
f 3479 3644 3639
f 3639 3638 3479
f 3641 3640 3648
f 3648 3677 3641
f 3668 3678 3677
f 3677 3648 3668
f 3681 3678 3679
f 3679 3680 3681
f 3680 3683 3682
f 3682 3681 3680
f 3684 3685 3683
f 3683 3680 3684
f 3686 3687 3685
f 3685 3684 3686
f 3689 3686 3684
f 3684 3688 3689
f 3691 3692 3689
f 3689 3690 3691
f 3690 3694 3693
f 3693 3691 3690
f 3693 3695 271
f 3695 3693 3694
f 3694 3665 3695
f 3665 3694 3666
f 3696 3666 3694
f 3694 3690 3696
f 3698 3691 3697
f 3691 3698 3692
f 3697 3693 3699
f 3693 3697 3691
f 3690 3689 3688
f 3688 3696 3690
f 3696 3688 3679
f 3679 3667 3696
f 3680 3679 3688
f 3688 3684 3680
f 3692 3700 3686
f 3686 3689 3692
f 3692 3701 3700
f 3701 3692 3698
f 3703 3698 3702
f 3698 3703 3701
f 3700 3705 3704
f 3705 3700 3701
f 3706 3701 3703
f 3701 3706 3705
f 3700 3704 3687
f 3687 3686 3700
f 3708 3685 3687
f 3687 3707 3708
f 3704 3709 3707
f 3707 3687 3704
f 3683 3711 3710
f 3710 3682 3683
f 3711 3683 3685
f 3685 3708 3711
f 3713 3710 3711
f 3711 3712 3713
f 3710 3713 3714
f 3714 3715 3710
f 3715 3714 3716
f 3716 3717 3715
f 3717 3716 3718
f 3718 3719 3717
f 3717 3721 3720
f 3720 3715 3717
f 3721 3717 3719
f 3719 3722 3721
f 3724 3716 3714
f 3714 3723 3724
f 3723 3714 3713
f 3713 3725 3723
f 3682 3710 3715
f 3715 3720 3682
f 3720 3726 3681
f 3681 3682 3720
f 3712 3727 3725
f 3725 3713 3712
f 3728 383 3727
f 3727 3712 3728
f 3712 3711 3708
f 3708 3728 3712
f 383 3728 390
f 390 381 383
f 3728 3708 3707
f 3707 390 3728
f 3727 3730 3729
f 3729 3725 3727
f 3730 3727 383
f 383 382 3730
f 3726 3677 3678
f 3678 3681 3726
f 3678 3668 3667
f 3667 3679 3678
f 3731 3641 3677
f 3677 3726 3731
f 3641 3731 3732
f 3732 3638 3641
f 3734 3638 3732
f 3732 3733 3734
f 3733 3736 3735
f 3735 3734 3733
f 3477 3479 3638
f 3638 3734 3477
f 3734 3735 3478
f 3478 3477 3734
f 3735 3738 3737
f 3737 3478 3735
f 3740 3741 3739
f 3739 3738 3740
f 3742 3743 3741
f 3741 3740 3742
f 3744 3745 3743
f 3743 3742 3744
f 3742 3747 3746
f 3746 3744 3742
f 3740 3736 3747
f 3747 3742 3740
f 3749 3739 3741
f 3741 3748 3749
f 3743 3750 3748
f 3748 3741 3743
f 3736 3740 3738
f 3738 3735 3736
f 3751 3737 3738
f 3738 3739 3751
f 3751 3754 3752
f 3752 3753 3751
f 3754 3756 3755
f 3755 3752 3754
f 3749 3757 3756
f 3756 3754 3749
f 3754 3751 3739
f 3739 3749 3754
f 3751 3753 3481
f 3481 3737 3751
f 3753 3758 3480
f 3480 3481 3753
f 3752 3759 3758
f 3758 3753 3752
f 3760 3747 3736
f 3736 3733 3760
f 3722 3760 3733
f 3733 3732 3722
f 3761 3746 3747
f 3747 3760 3761
f 3761 3760 3722
f 3722 3719 3761
f 3762 3763 3746
f 3746 3761 3762
f 3763 3762 3764
f 3764 3765 3763
f 3768 3765 3766
f 3766 3767 3768
f 3769 3763 3765
f 3765 3768 3769
f 3771 3769 3768
f 3768 3770 3771
f 3770 3768 3767
f 3767 3772 3770
f 3775 3766 3773
f 3773 3774 3775
f 3764 3773 3766
f 3766 3765 3764
f 3767 3766 3775
f 3775 3776 3767
f 3764 3762 3718
f 3718 3777 3764
f 3773 3764 3777
f 3777 3778 3773
f 3780 3781 3779
f 3779 3778 3780
f 3778 3777 3724
f 3724 3780 3778
f 3774 3773 3778
f 3778 3779 3774
f 3716 3724 3777
f 3777 3718 3716
f 3762 3761 3719
f 3719 3718 3762
f 3731 3721 3722
f 3722 3732 3731
f 3721 3731 3726
f 3726 3720 3721
f 3784 3785 3782
f 3782 3783 3784
f 3783 3782 3786
f 3786 3787 3783
f 3787 3789 3788
f 3788 3783 3787
f 3791 3788 3789
f 3789 3790 3791
f 3793 3794 3791
f 3791 3792 3793
f 3794 3793 3795
f 3795 3796 3794
f 3794 3797 3788
f 3788 3791 3794
f 3797 3794 3796
f 3796 3798 3797
f 3798 3796 3799
f 3799 3800 3798
f 3802 3803 3801
f 3801 3800 3802
f 3804 3805 3803
f 3803 3802 3804
f 3807 3804 3802
f 3802 3806 3807
f 3800 3799 3806
f 3806 3802 3800
f 3808 3798 3800
f 3800 3801 3808
f 3801 3810 3809
f 3809 3808 3801
f 3810 3801 3803
f 3803 3811 3810
f 3795 3812 3799
f 3799 3796 3795
f 3812 3795 3813
f 3813 3814 3812
f 3812 3815 3806
f 3806 3799 3812
f 3815 3812 3814
f 3814 3816 3815
f 3814 3813 3817
f 3817 3818 3814
f 3817 3813 3819
f 3819 3820 3817
f 3793 3819 3813
f 3813 3795 3793
f 3797 3784 3783
f 3783 3788 3797
f 3784 3797 3798
f 3798 3808 3784
f 3784 3808 3809
f 3809 3785 3784
f 3792 3821 3819
f 3819 3793 3792
f 3822 3823 3821
f 3821 3792 3822
f 3824 3825 3823
f 3823 3822 3824
f 3827 3828 3824
f 3824 3826 3827
f 3822 3790 3826
f 3826 3824 3822
f 3790 3822 3792
f 3792 3791 3790
f 3790 3789 3829
f 3829 3826 3790
f 3830 3827 3826
f 3826 3829 3830
f 3832 3830 3829
f 3829 3831 3832
f 3833 3834 3827
f 3827 3830 3833
f 3835 3833 3830
f 3830 3832 3835
f 3828 3836 3825
f 3825 3824 3828
f 3836 3838 3837
f 3837 3825 3836
f 3838 3836 3839
f 3839 3840 3838
f 3841 3839 3836
f 3836 3828 3841
f 3834 3841 3828
f 3828 3827 3834
f 3843 3821 3823
f 3823 3842 3843
f 3843 3845 3844
f 3844 3820 3843
f 3845 3843 3842
f 3842 3846 3845
f 3845 3848 3847
f 3847 3844 3845
f 3846 3849 3848
f 3848 3845 3846
f 3820 3819 3821
f 3821 3843 3820
f 3842 3823 3825
f 3825 3837 3842
f 3789 3787 3831
f 3831 3829 3789
f 3850 3831 3787
f 3787 3786 3850
f 3852 3850 3786
f 3786 3851 3852
f 3853 3852 3851
f 3851 2888 3853
f 3855 3856 3854
f 3854 3853 3855
f 2886 2897 3855
f 3855 2887 2886
f 2888 2887 3855
f 3855 3853 2888
f 3856 3855 2897
f 2897 3857 3856
f 3857 3859 3858
f 3858 3856 3857
f 3861 3862 3860
f 3860 3859 3861
f 3859 3857 3863
f 3863 3861 3859
f 3863 2898 2899
f 2899 3864 3863
f 2898 3863 3857
f 3857 2897 2898
f 3864 3865 3861
f 3861 3863 3864
f 3865 3866 3862
f 3862 3861 3865
f 3867 3868 3866
f 3866 3865 3867
f 3870 3862 3866
f 3866 3869 3870
f 3866 3868 3871
f 3871 3869 3866
f 3862 3870 3872
f 3872 3860 3862
f 3873 3874 3860
f 3860 3872 3873
f 3876 3873 3872
f 3872 3875 3876
f 3870 3877 3875
f 3875 3872 3870
f 3874 3858 3859
f 3859 3860 3874
f 3856 3858 3878
f 3878 3854 3856
f 3858 3874 3879
f 3879 3878 3858
f 3852 3853 3854
f 3854 3880 3852
f 3850 3852 3880
f 3880 3881 3850
f 3831 3850 3881
f 3881 3832 3831
f 3832 3881 3882
f 3882 3835 3832
f 3883 3882 3881
f 3881 3880 3883
f 3883 3878 3879
f 3879 3884 3883
f 3880 3854 3878
f 3878 3883 3880
f 3882 3883 3884
f 3884 3885 3882
f 3835 3882 3885
f 3885 3886 3835
f 3889 3886 3887
f 3887 3888 3889
f 3886 3885 3890
f 3890 3887 3886
f 3886 3889 3833
f 3833 3835 3886
f 2888 3851 2889
f 2889 2885 2888
f 2889 3851 3786
f 3786 3782 2889
f 3782 3785 2890
f 2890 2889 3782
f 2890 3785 3891
f 3891 2892 2890
f 3892 2865 2892
f 2892 3891 3892
f 3893 2863 2865
f 2865 3892 3893
f 3893 3895 3894
f 3894 2870 3893
f 3896 3897 3894
f 3894 3895 3896
f 3897 3896 3898
f 3898 3899 3897
f 3900 3901 3894
f 3894 3897 3900
f 3900 3903 3902
f 3902 3901 3900
f 2869 3901 3902
f 3902 2867 2869
f 2867 3902 3904
f 3904 3905 2867
f 3906 3907 3905
f 3905 3904 3906
f 3908 3909 3906
f 3906 3904 3908
f 3903 3908 3904
f 3904 3902 3903
f 2870 3894 3901
f 3901 2869 2870
f 3903 3900 3910
f 3910 3911 3903
f 3912 3913 3910
f 3910 3899 3912
f 3899 3910 3900
f 3900 3897 3899
f 3899 3898 3914
f 3914 3912 3899
f 3898 3916 3915
f 3915 3914 3898
f 3896 3917 3916
f 3916 3898 3896
f 3912 3914 3918
f 3918 3919 3912
f 3913 3912 3919
f 3919 3920 3913
f 3911 3910 3913
f 3913 3921 3911
f 3924 3921 3922
f 3922 3923 3924
f 3925 3911 3921
f 3921 3924 3925
f 3924 3927 3926
f 3926 3925 3924
f 3923 3928 3927
f 3927 3924 3923
f 3922 3920 3929
f 3929 3930 3922
f 3921 3913 3920
f 3920 3922 3921
f 3923 3922 3930
f 3930 3931 3923
f 3895 3932 3917
f 3917 3896 3895
f 3933 3932 3892
f 3892 3891 3933
f 3934 3917 3932
f 3932 3933 3934
f 3917 3934 3935
f 3935 3916 3917
f 3936 3937 3935
f 3935 3811 3936
f 3937 3936 3938
f 3938 3939 3937
f 3936 3805 3940
f 3940 3938 3936
f 3811 3803 3805
f 3805 3936 3811
f 3811 3935 3934
f 3934 3810 3811
f 3937 3915 3916
f 3916 3935 3937
f 3933 3809 3810
f 3810 3934 3933
f 3809 3933 3891
f 3891 3785 3809
f 3932 3895 3893
f 3893 3892 3932
f 2863 3893 2870
f 2870 2864 2863
f 3943 664 3941
f 3941 3942 3943
f 3943 669 661
f 661 664 3943
f 670 669 3943
f 3943 3944 670
f 3945 3944 3943
f 3943 3942 3945
f 3945 3947 3946
f 3946 3944 3945
f 3946 786 787
f 786 3946 3947
f 788 3948 3946
f 3946 787 788
f 670 3948 3949
f 3949 668 670
f 3950 3949 3948
f 3948 788 3950
f 3949 3950 3951
f 3951 3952 3949
f 3950 789 790
f 790 3951 3950
f 3953 3954 3952
f 3952 3951 3953
f 3954 3953 3955
f 3955 3956 3954
f 3957 3955 3953
f 3953 792 3957
f 3951 790 792
f 792 3953 3951
f 3952 667 668
f 668 3949 3952
f 3954 3958 667
f 667 3952 3954
f 789 3950 788
f 788 784 789
f 3944 3946 3948
f 3948 670 3944
f 775 774 786
f 786 3947 775
f 3945 3942 775
f 775 3947 3945
f 3959 778 777
f 777 3941 3959
f 664 663 3959
f 3959 3941 664
f 663 679 778
f 778 3959 663
f 3941 777 779
f 779 3942 3941
f 779 773 775
f 775 3942 779
f 3962 3963 3960
f 3960 3961 3962
f 3963 3965 3964
f 3964 3960 3963
f 3961 3960 3966
f 3966 3967 3961
f 3961 3969 3968
f 3968 3962 3961
f 3971 3968 3969
f 3969 3970 3971
f 3973 3971 3970
f 3970 3972 3973
f 3974 3975 3971
f 3971 3973 3974
f 3976 3977 3975
f 3975 3974 3976
f 3977 3976 3978
f 3978 3979 3977
f 3977 3981 3980
f 3980 3975 3977
f 3975 3980 3968
f 3968 3971 3975
f 3979 3982 3981
f 3981 3977 3979
f 3980 3981 3983
f 3983 3984 3980
f 3981 3982 3985
f 3985 3983 3981
f 3979 3978 3986
f 3986 3987 3979
f 3988 3989 3986
f 3986 3978 3988
f 3989 3990 3987
f 3987 3986 3989
f 3988 3978 3976
f 3976 3991 3988
f 3991 3976 3974
f 3974 3992 3991
f 3994 3988 3991
f 3991 3993 3994
f 3992 3995 3993
f 3993 3991 3992
f 3973 3996 3992
f 3992 3974 3973
f 3996 3999 3997
f 3997 3998 3996
f 3999 3996 3973
f 3973 3972 3999
f 3972 3970 4000
f 4000 4001 3972
f 3972 4001 4002
f 4002 3999 3972
f 4003 3997 3999
f 3999 4002 4003
f 4004 4005 3997
f 3997 4003 4004
f 4003 4002 4006
f 4006 4004 4003
f 4007 4008 3995
f 3995 3998 4007
f 3998 3997 4005
f 4005 4007 3998
f 4009 4008 4007
f 4008 4009 4010
f 4005 4009 4007
f 4009 4005 4011
f 3992 3996 3998
f 3998 3995 3992
f 3970 3969 4012
f 4012 4000 3970
f 4013 4014 4000
f 4000 4012 4013
f 4013 4017 4015
f 4015 4016 4013
f 3967 3966 4018
f 4018 4017 3967
f 4017 4013 4012
f 4012 3967 4017
f 3967 4012 3969
f 3969 3961 3967
f 4019 3966 3960
f 3960 3964 4019
f 3964 4021 4020
f 4020 4019 3964
f 4022 4018 3966
f 3966 4019 4022
f 4019 4020 4023
f 4023 4022 4019
f 3965 4024 4021
f 4021 3964 3965
f 4026 4020 4021
f 4021 4025 4026
f 4025 4021 4024
f 4024 4027 4025
f 4028 4015 4017
f 4017 4018 4028
f 4015 4028 4029
f 4029 4030 4015
f 4030 4029 4031
f 4031 4032 4030
f 4034 4030 4032
f 4032 4033 4034
f 4035 2524 4033
f 4033 4032 4035
f 4032 4031 4036
f 4036 4035 4032
f 4038 4031 4029
f 4029 4037 4038
f 4028 4039 4037
f 4037 4029 4028
f 4030 4034 4016
f 4016 4015 4030
f 4034 4041 4040
f 4040 4016 4034
f 4014 4013 4016
f 4016 4040 4014
f 4039 4028 4018
f 4018 4022 4039
f 4042 4043 3965
f 3965 3963 4042
f 4044 4042 3963
f 3963 3962 4044
f 4042 4044 4045
f 4045 4046 4042
f 4046 4045 4047
f 4047 4048 4046
f 4046 4049 4043
f 4043 4042 4046
f 4049 4051 4050
f 4050 4043 4049
f 4052 4053 4051
f 4051 4049 4052
f 4048 4052 4049
f 4049 4046 4048
f 4052 4048 4054
f 4054 4055 4052
f 4056 4053 4052
f 4052 4055 4056
f 4055 4058 4057
f 4057 4056 4055
f 4055 4054 4059
f 4059 4058 4055
f 4060 4054 4048
f 4048 4047 4060
f 4047 4062 4061
f 4061 4060 4047
f 4047 4045 4063
f 4063 4062 4047
f 4051 4065 4064
f 4064 4050 4051
f 4050 4064 4027
f 4027 4024 4050
f 4065 4067 4066
f 4066 4064 4065
f 4068 4069 4067
f 4067 4065 4068
f 4053 4068 4065
f 4065 4051 4053
f 4064 4066 4070
f 4070 4027 4064
f 4066 4072 4071
f 4071 4070 4066
f 4072 4066 4067
f 4067 4073 4072
f 4043 4050 4024
f 4024 3965 4043
f 4075 4063 4045
f 4045 4074 4075
f 4044 4076 4074
f 4074 4045 4044
f 4074 4078 4077
f 4078 4074 4076
f 4079 4077 4078
f 4077 4079 4080
f 4079 4078 3983
f 3983 3985 4079
f 4082 4080 4079
f 4079 4081 4082
f 3985 4083 4081
f 4081 4079 3985
f 4083 4085 4084
f 4084 4081 4083
f 4086 4087 4085
f 4085 4083 4086
f 4083 3985 3982
f 3982 4086 4083
f 4081 4084 4088
f 4088 4082 4081
f 4082 4089 4080
f 4089 4082 4088
f 4088 4091 4089
f 4091 4088 4090
f 4084 4090 4088
f 4090 4084 4092
f 4075 4077 4093
f 4077 4075 4074
f 4093 4095 4075
f 4095 4093 4094
f 4097 4091 4096
f 4091 4097 4094
f 4089 4094 4093
f 4094 4089 4091
f 4094 4098 4095
f 4098 4094 4097
f 4095 4099 4063
f 4063 4075 4095
f 4080 4093 4077
f 4093 4080 4089
f 3984 3983 4078
f 4078 4076 3984
f 4044 3962 3984
f 3984 4076 4044
f 3962 3968 3980
f 3980 3984 3962
f 4101 4069 4068
f 4068 4100 4101
f 4102 4103 4069
f 4069 4101 4102
f 4105 4106 4102
f 4102 4104 4105
f 4108 4104 4100
f 4100 4107 4108
f 4107 4110 4109
f 4109 4108 4107
f 4105 4108 4111
f 4108 4105 4104
f 4113 4111 4112
f 4111 4113 4105
f 4113 4114 4106
f 4106 4105 4113
f 4113 4116 4115
f 4115 4114 4113
f 4116 4118 4117
f 4117 4115 4116
f 4120 4117 4118
f 4118 4119 4120
f 4122 4118 4121
f 4118 4122 4119
f 4116 4121 4118
f 4121 4116 4123
f 4124 4125 4114
f 4114 4115 4124
f 4115 4117 4126
f 4126 4124 4115
f 4113 4123 4116
f 4123 4113 4112
f 4112 4128 4123
f 4128 4112 4127
f 4112 4129 4127
f 4129 4112 4111
f 4130 4103 4102
f 4102 4106 4130
f 4130 4125 4131
f 4131 4132 4130
f 4103 4130 4132
f 4132 4133 4103
f 4133 4132 4134
f 4134 4135 4133
f 4132 4131 4136
f 4136 4134 4132
f 4106 4114 4125
f 4125 4130 4106
f 4109 4111 4108
f 4111 4109 4129
f 4137 4129 4109
f 4129 4137 4138
f 4137 4140 4138
f 4140 4137 4139
f 4140 4139 4141
f 4141 4142 4140
f 4140 4144 4143
f 4144 4140 4142
f 4143 4138 4140
f 4138 4143 4145
f 4147 4148 4141
f 4141 4146 4147
f 4146 4141 4139
f 4139 4149 4146
f 4150 4142 4141
f 4141 4148 4150
f 4149 4139 4137
f 4137 4151 4149
f 4137 4109 4110
f 4110 4151 4137
f 4153 4149 4151
f 4151 4152 4153
f 4110 4154 4152
f 4152 4151 4110
f 4127 4138 4145
f 4138 4127 4129
f 4107 4155 4154
f 4154 4110 4107
f 4157 4158 4156
f 4156 4155 4157
f 4053 4056 4158
f 4158 4157 4053
f 4159 4156 4158
f 4156 4159 4160
f 4162 4160 4161
f 4160 4162 4163
f 4164 4163 4162
f 4163 4164 4165
f 4165 4167 4166
f 4167 4165 4164
f 4168 4169 4163
f 4163 4165 4168
f 4170 4168 4165
f 4165 4166 4170
f 4172 4162 4171
f 4162 4172 4164
f 4174 4175 4173
f 4175 4174 4171
f 4161 4171 4162
f 4171 4161 4175
f 4176 4171 4174
f 4171 4176 4172
f 4161 4159 4177
f 4159 4161 4160
f 4158 4057 4159
f 4057 4158 4056
f 4057 4177 4159
f 4177 4057 4178
f 4180 4178 4179
f 4178 4180 4177
f 4182 4179 4178
f 4178 4181 4182
f 4181 4178 4057
f 4057 4058 4181
f 4160 4183 4156
f 4184 4152 4154
f 4154 4183 4184
f 4183 4163 4169
f 4169 4184 4183
f 4185 4153 4152
f 4152 4184 4185
f 4186 4185 4184
f 4184 4169 4186
f 4183 4154 4155
f 4155 4156 4183
f 4068 4053 4157
f 4157 4100 4068
f 4100 4157 4155
f 4155 4107 4100
f 4104 4102 4101
f 4101 4100 4104
f 4073 4188 4187
f 4187 4072 4073
f 4189 4071 4072
f 4072 4187 4189
f 4192 4189 4190
f 4190 4191 4192
f 4192 4195 4193
f 4193 4194 4192
f 4195 4197 4196
f 4196 4193 4195
f 4197 4199 4198
f 4198 4196 4197
f 4200 4201 4199
f 4199 4197 4200
f 4202 4203 4201
f 4201 4200 4202
f 4204 4205 4203
f 4203 4202 4204
f 4204 4208 4206
f 4206 4207 4204
f 4202 4209 4208
f 4208 4204 4202
f 4210 4211 4206
f 4206 4208 4210
f 4210 4208 4209
f 4209 4212 4210
f 4214 4207 4213
f 4207 4214 4215
f 4207 4216 4213
f 4216 4207 4206
f 4207 4215 4205
f 4205 4204 4207
f 4218 4201 4203
f 4203 4217 4218
f 4217 4203 4205
f 4205 4219 4217
f 4221 4218 4217
f 4217 4220 4221
f 4219 4222 4220
f 4220 4217 4219
f 4223 4199 4201
f 4201 4218 4223
f 4200 4224 4209
f 4209 4202 4200
f 4212 4209 4224
f 4224 4191 4212
f 4225 4212 4191
f 4191 4190 4225
f 4195 4192 4191
f 4191 4224 4195
f 4197 4195 4224
f 4224 4200 4197
f 4226 4198 4199
f 4199 4223 4226
f 4226 4228 4227
f 4227 4198 4226
f 4230 4227 4228
f 4228 4229 4230
f 4229 4232 4231
f 4231 4230 4229
f 4232 4037 4039
f 4039 4231 4232
f 4037 4232 4233
f 4233 4038 4037
f 4232 4229 4234
f 4234 4233 4232
f 4023 4235 4230
f 4230 4231 4023
f 4227 4230 4235
f 4235 4236 4227
f 4229 4228 4237
f 4237 4234 4229
f 4238 4239 4234
f 4234 4237 4238
f 4241 4238 4237
f 4237 4240 4241
f 4240 4237 4228
f 4228 4226 4240
f 4236 4196 4198
f 4198 4227 4236
f 4196 4236 4242
f 4242 4193 4196
f 4193 4242 4243
f 4243 4194 4193
f 4240 4226 4223
f 4223 4244 4240
f 4221 4246 4245
f 4245 4244 4221
f 4248 4245 4246
f 4246 4247 4248
f 4250 4248 4247
f 4247 4249 4250
f 4249 4247 4251
f 4251 4252 4249
f 4247 4246 4253
f 4253 4251 4247
f 4240 4244 4245
f 4245 4241 4240
f 4241 4245 4248
f 4248 4254 4241
f 4220 4253 4246
f 4246 4221 4220
f 4244 4223 4218
f 4218 4221 4244
f 4071 4189 4192
f 4192 4194 4071
f 4255 4190 4189
f 4189 4187 4255
f 4256 4225 4190
f 4190 4255 4256
f 4258 4259 4257
f 4257 4256 4258
f 4260 4258 4256
f 4256 4255 4260
f 4261 4262 4260
f 4260 4188 4261
f 4263 4264 4262
f 4262 4261 4263
f 4263 4267 4265
f 4265 4266 4263
f 4264 4263 4266
f 4266 4268 4264
f 4262 4264 4269
f 4269 4270 4262
f 4264 4268 4271
f 4271 4269 4264
f 4272 4273 4268
f 4268 4266 4272
f 4274 4275 4273
f 4273 4272 4274
f 4272 4277 4276
f 4276 4274 4272
f 4277 4272 4266
f 4266 4265 4277
f 4267 4263 4261
f 4261 4188 4267
f 4267 4279 4278
f 4278 4265 4267
f 4280 4278 4279
f 4278 4280 4281
f 4103 4280 4279
f 4279 4069 4103
f 4069 4279 4073
f 4073 4067 4069
f 4279 4267 4188
f 4188 4073 4279
f 4255 4187 4188
f 4188 4260 4255
f 4258 4260 4262
f 4262 4282 4258
f 4259 4258 4282
f 4282 4283 4259
f 4285 4259 4283
f 4283 4284 4285
f 4284 4287 4285
f 4287 4284 4286
f 4286 4289 4287
f 4289 4286 4288
f 4288 4291 4290
f 4291 4288 4286
f 4284 4292 4291
f 4291 4286 4284
f 4259 4285 4293
f 4293 4257 4259
f 4293 4287 4294
f 4287 4293 4285
f 4295 4292 4284
f 4284 4283 4295
f 4295 4298 4296
f 4296 4297 4295
f 4298 4295 4283
f 4283 4282 4298
f 4295 4297 4299
f 4299 4292 4295
f 4270 4298 4282
f 4282 4262 4270
f 4256 4257 4300
f 4300 4225 4256
f 4300 4210 4212
f 4212 4225 4300
f 4301 4210 4300
f 4210 4301 4211
f 4294 4301 4293
f 4301 4294 4302
f 4302 4211 4301
f 4211 4302 4303
f 4303 4305 4304
f 4305 4303 4302
f 4305 4308 4306
f 4308 4305 4307
f 4308 4289 4309
f 4289 4308 4307
f 4287 4307 4294
f 4307 4287 4289
f 4307 4302 4294
f 4302 4307 4305
f 4310 4312 4306
f 4312 4310 4311
f 4313 4306 4308
f 4306 4313 4310
f 4306 4304 4305
f 4304 4306 4312
f 4303 4206 4211
f 4206 4303 4216
f 4304 4216 4303
f 4216 4304 4314
f 4213 4314 4315
f 4314 4213 4216
f 4315 4214 4213
f 4214 4315 4316
f 4317 4316 4315
f 4316 4317 4318
f 4315 4319 4317
f 4319 4315 4314
f 4314 4312 4319
f 4312 4314 4304
f 4300 4293 4301
f 4293 4300 4257
f 4322 4323 4320
f 4320 4321 4322
f 4325 4323 4324
f 4323 4325 4326
f 4328 4325 4327
f 4325 4328 4329
f 4167 4328 4166
f 4328 4167 4329
f 4326 4329 4330
f 4329 4326 4325
f 4331 4333 4330
f 4333 4331 4332
f 4333 4332 4334
f 4334 4335 4333
f 4330 4336 4326
f 4336 4330 4333
f 4323 4326 4336
f 4336 4320 4323
f 4321 4320 4337
f 4337 4338 4321
f 4339 4009 4321
f 4321 4338 4339
f 4340 4341 4339
f 4339 4338 4340
f 4338 4337 4342
f 4342 4340 4338
f 4320 4336 4343
f 4343 4337 4320
f 4343 4335 4344
f 4344 4345 4343
f 4336 4333 4335
f 4335 4343 4336
f 4337 4343 4345
f 4345 4342 4337
f 4335 4334 4346
f 4346 4344 4335
f 4344 4346 4347
f 4347 4348 4344
f 4348 4347 4349
f 4349 4350 4348
f 4352 4349 4347
f 4347 4351 4352
f 4346 4353 4351
f 4351 4347 4346
f 4354 4355 4350
f 4350 4349 4354
f 4357 4348 4350
f 4350 4356 4357
f 4358 4356 4350
f 4350 4355 4358
f 4348 4357 4345
f 4345 4344 4348
f 4334 4359 4353
f 4353 4346 4334
f 4359 4361 4360
f 4360 4353 4359
f 4363 4361 4362
f 4361 4363 4360
f 4362 4365 4364
f 4365 4362 4361
f 4366 4365 4361
f 4361 4359 4366
f 4334 4366 4359
f 4366 4334 4332
f 4332 4367 4366
f 4367 4332 4331
f 4367 4167 4368
f 4167 4367 4331
f 4368 4370 4369
f 4369 4367 4368
f 4367 4369 4365
f 4365 4366 4367
f 4369 4364 4365
f 4364 4369 4371
f 4371 4370 4372
f 4370 4371 4369
f 4368 4176 4370
f 4176 4368 4172
f 4167 4172 4368
f 4172 4167 4164
f 4167 4330 4329
f 4330 4167 4331
f 4328 4170 4166
f 4170 4328 4373
f 4374 4375 4170
f 4170 4373 4374
f 4378 4374 4376
f 4376 4377 4378
f 4377 4376 4379
f 4379 4380 4377
f 4379 4382 4380
f 4382 4379 4381
f 4384 4381 4379
f 4379 4383 4384
f 4384 4383 4385
f 4385 4386 4384
f 4384 4388 4387
f 4388 4384 4386
f 4390 4386 4389
f 4386 4390 4388
f 4386 4385 4324
f 4324 4389 4386
f 4385 4383 4391
f 4391 4327 4385
f 4373 4328 4327
f 4327 4391 4373
f 4327 4324 4385
f 4324 4327 4325
f 4383 4379 4376
f 4376 4391 4383
f 4391 4376 4374
f 4374 4373 4391
f 4382 4393 4392
f 4393 4382 4381
f 4382 4395 4394
f 4395 4382 4392
f 4394 4380 4382
f 4380 4394 4396
f 4398 4393 4387
f 4387 4397 4398
f 4393 4381 4384
f 4384 4387 4393
f 4392 4398 4399
f 4398 4392 4393
f 4400 4377 4380
f 4380 4396 4400
f 4378 4400 4401
f 4400 4378 4377
f 4400 4403 4402
f 4402 4401 4400
f 4402 4405 4404
f 4405 4402 4403
f 4403 4407 4405
f 4407 4403 4406
f 4400 4406 4403
f 4406 4400 4396
f 4409 4401 4408
f 4401 4409 4378
f 4409 4411 4410
f 4411 4409 4408
f 4375 4374 4378
f 4378 4409 4375
f 4409 4410 4412
f 4412 4375 4409
f 4402 4408 4401
f 4408 4402 4413
f 4413 4404 4414
f 4404 4413 4402
f 4413 4411 4408
f 4411 4413 4415
f 4415 4414 4416
f 4414 4415 4413
f 4323 4322 4389
f 4389 4324 4323
f 4390 4389 4322
f 4322 4417 4390
f 4322 4418 4417
f 4418 4322 4011
f 4417 4420 4419
f 4420 4417 4418
f 4419 4422 4421
f 4422 4419 4420
f 4417 4419 4423
f 4423 4390 4417
f 4424 4388 4390
f 4390 4423 4424
f 4387 4424 4397
f 4424 4387 4388
f 4397 4426 4425
f 4426 4397 4424
f 4423 4427 4426
f 4426 4424 4423
f 4427 4423 4419
f 4419 4421 4427
f 4421 4429 4428
f 4428 4427 4421
f 4429 4421 4422
f 4422 4430 4429
f 4429 4432 4431
f 4431 4428 4429
f 4432 4429 4430
f 4430 4433 4432
f 4434 4426 4427
f 4427 4428 4434
f 4434 4425 4426
f 4425 4434 4435
f 4436 4435 4434
f 4435 4436 4437
f 4435 4439 4425
f 4439 4435 4438
f 4437 4438 4435
f 4438 4437 4440
f 4431 4434 4428
f 4434 4431 4436
f 4422 4420 4006
f 4006 4441 4422
f 4441 4442 4430
f 4430 4422 4441
f 4433 4430 4442
f 4442 4443 4433
f 4443 4442 4444
f 4444 4445 4443
f 4446 4444 4442
f 4442 4441 4446
f 4446 4002 4001
f 4001 4447 4446
f 4448 4444 4446
f 4446 4447 4448
f 4444 4448 4449
f 4449 4445 4444
f 4041 4449 4448
f 4448 4040 4041
f 4040 4448 4447
f 4447 4014 4040
f 4001 4000 4014
f 4014 4447 4001
f 4441 4006 4002
f 4002 4446 4441
f 4443 4451 4450
f 4450 4433 4443
f 4453 4450 4451
f 4451 4452 4453
f 2599 4453 4452
f 4452 2597 2599
f 2597 4452 4454
f 4454 2598 2597
f 4455 4454 4452
f 4452 4451 4455
f 2525 2598 4454
f 4454 2526 2525
f 4456 2526 4454
f 4454 4455 4456
f 4457 4458 4450
f 4450 4453 4457
f 4460 4461 4457
f 4457 4459 4460
f 2595 4459 2599
f 2599 2593 2595
f 4459 4457 4453
f 4453 2599 4459
f 4459 2595 4462
f 4462 4460 4459
f 4461 4463 4458
f 4458 4457 4461
f 4464 4465 4463
f 4463 4461 4464
f 4464 4460 4466
f 4460 4464 4461
f 4458 4432 4433
f 4433 4450 4458
f 4445 4455 4451
f 4451 4443 4445
f 4004 4006 4420
f 4420 4418 4004
f 4004 4011 4005
f 4011 4004 4418
f 4322 4321 4009
f 4009 4011 4322
f 4469 4470 4467
f 4467 4468 4469
f 4471 4472 4470
f 4470 4469 4471
f 4472 4471 4473
f 4473 4474 4472
f 4476 4472 4474
f 4474 4475 4476
f 4478 4479 4476
f 4476 4477 4478
f 4477 4481 4480
f 4480 4478 4477
f 4482 4483 4481
f 4481 4477 4482
f 2949 4484 4483
f 4483 4482 2949
f 4484 2949 2948
f 2948 2934 4484
f 4484 2928 4485
f 4485 4483 4484
f 4486 4481 4483
f 4483 4485 4486
f 4487 4480 4481
f 4481 4486 4487
f 4489 4487 4486
f 4486 4488 4489
f 4488 4486 4485
f 4485 4490 4488
f 2928 2929 4490
f 4490 4485 2928
f 2928 4484 2934
f 2934 2925 2928
f 4482 4475 2946
f 2946 2949 4482
f 4475 4482 4477
f 4477 4476 4475
f 4475 4474 2947
f 2947 2946 4475
f 4491 4492 4479
f 4479 4478 4491
f 4491 4495 4493
f 4493 4494 4491
f 4495 4497 4496
f 4496 4493 4495
f 4499 4496 4497
f 4497 4498 4499
f 4498 4497 4487
f 4487 4489 4498
f 4501 4499 4498
f 4498 4500 4501
f 4500 4498 4489
f 4489 4502 4500
f 4500 4504 4503
f 4503 4501 4500
f 4504 4500 4502
f 4502 4505 4504
f 4506 4507 4496
f 4496 4499 4506
f 4506 4499 4501
f 4501 4508 4506
f 4497 4495 4480
f 4480 4487 4497
f 4509 4510 4494
f 4494 4493 4509
f 4511 4512 4509
f 4509 4507 4511
f 4511 4514 4513
f 4513 4512 4511
f 4514 4511 4515
f 4515 4516 4514
f 4511 4507 4506
f 4506 4515 4511
f 4493 4496 4507
f 4507 4509 4493
f 4510 4509 4512
f 4512 4517 4510
f 4520 4517 4518
f 4518 4519 4520
f 4517 4512 4513
f 4513 4518 4517
f 4517 4520 4521
f 4521 4510 4517
f 4492 4491 4494
f 4494 4522 4492
f 4492 4467 4470
f 4470 4479 4492
f 4522 4523 4467
f 4467 4492 4522
f 4522 4494 4510
f 4510 4521 4522
f 4495 4491 4478
f 4478 4480 4495
f 4479 4470 4472
f 4472 4476 4479
f 4524 2947 4474
f 4474 4473 4524
f 4526 4524 4473
f 4473 4525 4526
f 4526 4529 4527
f 4527 4528 4526
f 4528 2942 4524
f 4524 4526 4528
f 2942 2940 2947
f 2947 4524 2942
f 4530 2943 2942
f 2942 4528 4530
f 4531 2945 2943
f 2943 4530 4531
f 4530 4533 4532
f 4532 4531 4530
f 4535 4533 4527
f 4527 4534 4535
f 4534 4527 4529
f 4529 4536 4534
f 4538 4535 4534
f 4534 4537 4538
f 4537 4534 4536
f 4536 4539 4537
f 4533 4530 4528
f 4528 4527 4533
f 4540 4532 4533
f 4533 4535 4540
f 4535 4538 4541
f 4541 4540 4535
f 4542 4543 4532
f 4532 4540 4542
f 2771 4542 4540
f 4540 4541 2771
f 4544 2952 2945
f 2945 4531 4544
f 4545 2955 2952
f 2952 4544 4545
f 4546 4545 4544
f 4544 4543 4546
f 2829 2828 2955
f 2955 4545 2829
f 2816 2829 4545
f 4545 4546 2816
f 4543 4544 4531
f 4531 4532 4543
f 4526 4525 4547
f 4547 4529 4526
f 4525 4549 4548
f 4548 4547 4525
f 4525 4473 4471
f 4471 4549 4525
f 4549 4551 4550
f 4550 4548 4549
f 4552 4553 4547
f 4547 4548 4552
f 4556 4552 4554
f 4554 4555 4556
f 4556 4559 4557
f 4557 4558 4556
f 4555 4560 4559
f 4559 4556 4555
f 4552 4556 4558
f 4558 4553 4552
f 4555 4554 4561
f 4561 4562 4555
f 4563 4561 4554
f 4554 4550 4563
f 4548 4550 4554
f 4554 4552 4548
f 4529 4547 4553
f 4553 4536 4529
f 4551 4564 4563
f 4563 4550 4551
f 4564 4551 4469
f 4469 4468 4564
f 4565 4566 4563
f 4563 4564 4565
f 4567 4568 4566
f 4566 4565 4567
f 4565 4570 4569
f 4569 4567 4565
f 4570 4565 4564
f 4564 4468 4570
f 4469 4551 4549
f 4549 4471 4469
f 4571 4572 4570
f 4570 4468 4571
f 4572 4571 4573
f 4573 891 4572
f 4572 4574 4569
f 4569 4570 4572
f 4574 888 889
f 889 4575 4574
f 4578 4575 4576
f 4576 4577 4578
f 4580 4578 4577
f 4577 4579 4580
f 4580 4581 4568
f 4568 4567 4580
f 4581 4583 4582
f 4582 4568 4581
f 4583 4585 4584
f 4584 4582 4583
f 4585 4587 4586
f 4586 4584 4585
f 4588 4589 4582
f 4582 4584 4588
f 4584 4586 4590
f 4590 4588 4584
f 4587 4592 4591
f 4591 4586 4587
f 4592 4587 4593
f 4593 4594 4592
f 4595 4593 4587
f 4587 4585 4595
f 4585 4583 4596
f 4596 4595 4585
f 4597 4598 4595
f 4595 4596 4597
f 4596 4600 4599
f 4599 4597 4596
f 4583 4581 4600
f 4600 4596 4583
f 4579 4600 4581
f 4581 4580 4579
f 4600 4579 4601
f 4601 4599 4600
f 4579 4577 4602
f 4602 4601 4579
f 4577 4576 4603
f 4603 4602 4577
f 4599 4601 4604
f 4604 4605 4599
f 4605 4604 4606
f 4606 4607 4605
f 4609 4606 4604
f 4604 4608 4609
f 4608 4604 4601
f 4601 4602 4608
f 4578 4580 4567
f 4567 4569 4578
f 4569 4574 4575
f 4575 4578 4569
f 4575 889 4610
f 4610 4576 4575
f 4611 4603 4576
f 4576 4610 4611
f 4603 4611 4612
f 4612 4613 4603
f 4612 4616 4614
f 4614 4615 4612
f 4619 4615 4617
f 4617 4618 4619
f 4608 4613 4619
f 4619 4609 4608
f 4613 4612 4615
f 4615 4619 4613
f 4602 4603 4613
f 4613 4608 4602
f 4618 4620 4609
f 4609 4619 4618
f 4621 4622 4620
f 4620 4618 4621
f 4623 4621 4618
f 4618 4617 4623
f 4615 4614 4624
f 4624 4617 4615
f 4616 4626 4625
f 4625 4614 4616
f 4626 4616 4627
f 4627 4628 4626
f 4616 4612 4611
f 4611 4627 4616
f 4629 4625 4626
f 4626 906 4629
f 4614 4625 4630
f 4630 4624 4614
f 4631 4630 4625
f 4625 4629 4631
f 4627 4611 4610
f 4610 893 4627
f 889 886 893
f 893 4610 889
f 4574 4572 891
f 891 888 4574
f 4571 4523 4632
f 4632 4573 4571
f 4573 4632 900
f 900 899 4573
f 4520 900 4632
f 4632 4521 4520
f 4523 4522 4521
f 4521 4632 4523
f 891 4573 899
f 899 890 891
f 4467 4523 4571
f 4571 4468 4467
f 4634 4636 4633
f 4636 4634 4635
f 4635 4638 4637
f 4638 4635 4634
f 4640 4635 4639
f 4635 4640 4636
f 4639 4642 4640
f 4642 4639 4641
f 4641 4644 4643
f 4644 4641 4639
f 4645 4643 4644
f 4643 4645 4646
f 4644 4647 4645
f 4647 4644 4637
f 4637 4648 4647
f 4648 4637 4638
f 4634 4650 4638
f 4650 4634 4649
f 4652 4649 4651
f 4649 4652 4650
f 4651 4654 4652
f 4654 4651 4653
f 4655 4650 4652
f 4650 4655 4656
f 4657 4652 4654
f 4652 4657 4655
f 4658 4651 4649
f 4651 4658 4659
f 4633 4649 4634
f 4649 4633 4658
f 4660 4659 4658
f 4659 4660 4661
f 4662 4658 4633
f 4658 4662 4660
f 4638 4656 4648
f 4656 4638 4650
f 4663 4647 4648
f 4647 4663 4664
f 4664 4666 4665
f 4666 4664 4663
f 4663 4668 4666
f 4668 4663 4667
f 4648 4667 4663
f 4667 4648 4656
f 4645 4664 4669
f 4664 4645 4647
f 4639 4637 4644
f 4637 4639 4635
f 4669 4646 4645
f 4646 4669 4670
f 4670 4672 4646
f 4672 4670 4671
f 4674 4675 4673
f 4675 4674 4671
f 4676 4671 4674
f 4671 4676 4672
f 4646 4677 4643
f 4677 4646 4672
f 4678 4672 4676
f 4672 4678 4677
f 4680 4674 4679
f 4674 4680 4676
f 4682 4679 4681
f 4679 4682 4680
f 4676 4683 4678
f 4683 4676 4680
f 4684 4680 4682
f 4680 4684 4683
f 4679 4673 4685
f 4673 4679 4674
f 4673 4687 4685
f 4687 4673 4686
f 4673 4688 4686
f 4688 4673 4675
f 4671 4689 4675
f 4689 4671 4670
f 4690 4675 4689
f 4675 4690 4688
f 4689 4692 4690
f 4692 4689 4691
f 4693 4688 4690
f 4688 4693 4694
f 4692 4693 4690
f 4693 4692 4695
f 4670 4691 4689
f 4691 4670 4669
f 4697 4641 4696
f 4641 4697 4642
f 4698 4640 4642
f 4640 4698 4699
f 4700 4699 4698
f 4699 4700 4701
f 4701 4703 4699
f 4703 4701 4702
f 4705 4702 4704
f 4702 4705 4703
f 4707 4704 4706
f 4704 4707 4705
f 4633 4703 4705
f 4703 4633 4636
f 4705 4662 4633
f 4662 4705 4707
f 4704 4708 4311
f 4708 4704 4702
f 4311 4319 4312
f 4319 4311 4708
f 4317 4708 4709
f 4708 4317 4319
f 4702 4709 4708
f 4709 4702 4701
f 4699 4636 4640
f 4636 4699 4703
f 4710 4701 4700
f 4701 4710 4709
f 4700 4712 4710
f 4712 4700 4711
f 4711 4698 4713
f 4698 4711 4700
f 4715 4711 4714
f 4711 4715 4712
f 4713 4714 4711
f 4714 4713 4716
f 4318 4709 4710
f 4709 4318 4317
f 4710 4717 4318
f 4717 4710 4712
f 4642 4713 4698
f 4713 4642 4697
f 4719 4696 4718
f 4696 4719 4697
f 4677 4718 4696
f 4718 4677 4678
f 4718 4721 4719
f 4721 4718 4720
f 4720 4678 4683
f 4678 4720 4718
f 4643 4696 4641
f 4696 4643 4677
f 4697 4716 4713
f 4716 4697 4719
f 4723 4725 4722
f 4725 4723 4724
f 4727 4724 4726
f 4724 4727 4725
f 4722 4729 4728
f 4729 4722 4725
f 4725 4730 4729
f 4730 4725 4727
f 4727 4732 4730
f 4732 4727 4731
f 4734 4731 4733
f 4731 4734 4732
f 4732 4736 4735
f 4736 4732 4734
f 4734 4738 4736
f 4738 4734 4737
f 4737 4733 4739
f 4733 4737 4734
f 4740 4739 4733
f 4739 4740 4281
f 4281 4741 4278
f 4741 4281 4740
f 4743 4740 4742
f 4740 4743 4741
f 4742 4733 4731
f 4733 4742 4740
f 4737 4739 4744
f 4744 4745 4737
f 4744 4281 4280
f 4281 4744 4739
f 4738 4737 4745
f 4745 4746 4738
f 4736 4748 4747
f 4748 4736 4738
f 4746 4749 4748
f 4748 4738 4746
f 4747 4751 4750
f 4751 4747 4748
f 4749 4752 4751
f 4751 4748 4749
f 4747 4735 4736
f 4735 4747 4753
f 4755 4756 4754
f 4756 4755 4753
f 4757 4753 4755
f 4753 4757 4735
f 4735 4730 4732
f 4730 4735 4757
f 4759 4755 4758
f 4755 4759 4757
f 4754 4758 4755
f 4758 4754 4760
f 4758 4762 4759
f 4762 4758 4761
f 4761 4760 4763
f 4760 4761 4758
f 4756 4765 4764
f 4765 4756 4750
f 4766 4764 4765
f 4764 4766 4767
f 4766 4765 4768
f 4768 4769 4766
f 4750 4768 4765
f 4768 4750 4751
f 4753 4750 4756
f 4750 4753 4747
f 4767 4756 4764
f 4756 4767 4754
f 4731 4726 4742
f 4726 4731 4727
f 4742 4770 4743
f 4770 4742 4726
f 4276 4743 4770
f 4770 4771 4276
f 4774 4771 4772
f 4772 4773 4774
f 4773 4776 4775
f 4775 4774 4773
f 4771 4774 4274
f 4274 4276 4771
f 4275 4274 4774
f 4774 4775 4275
f 4776 4773 4777
f 4777 4778 4776
f 4780 4775 4776
f 4776 4779 4780
f 4778 4781 4779
f 4779 4776 4778
f 4782 4777 4773
f 4773 4772 4782
f 4784 4782 4772
f 4772 4783 4784
f 4785 4786 4777
f 4777 4782 4785
f 4784 4785 4782
f 4785 4784 4661
f 4783 4772 4771
f 4771 4770 4783
f 4726 4783 4770
f 4783 4726 4724
f 4728 4759 4762
f 4759 4728 4729
f 4787 4722 4728
f 4722 4787 4788
f 4653 4789 4654
f 4789 4653 4788
f 4790 4654 4789
f 4654 4790 4657
f 4792 4790 4791
f 4790 4792 4793
f 4793 4657 4790
f 4657 4793 4794
f 4655 4794 4795
f 4794 4655 4657
f 4798 4795 4796
f 4796 4797 4798
f 4796 4795 4794
f 4794 4799 4796
f 4795 4656 4655
f 4656 4795 4667
f 4795 4668 4667
f 4668 4795 4798
f 4793 4800 4799
f 4799 4794 4793
f 4802 4799 4800
f 4800 4801 4802
f 4803 4804 4801
f 4801 4800 4803
f 4800 4792 4803
f 4792 4800 4793
f 4791 4806 4805
f 4805 4792 4791
f 4809 4806 4807
f 4807 4808 4809
f 4811 4808 4810
f 4808 4811 4809
f 4808 4813 4810
f 4813 4808 4812
f 4814 4812 4808
f 4808 4807 4814
f 4807 4791 4815
f 4791 4807 4806
f 4789 4791 4790
f 4791 4789 4815
f 4815 4814 4807
f 4814 4815 4787
f 4788 4815 4789
f 4815 4788 4787
f 4805 4806 4809
f 4809 4816 4805
f 4817 4792 4805
f 4792 4817 4803
f 4816 4818 4817
f 4817 4805 4816
f 4723 4788 4653
f 4788 4723 4722
f 4787 4762 4814
f 4762 4787 4728
f 4729 4757 4759
f 4757 4729 4730
f 4784 4724 4723
f 4724 4784 4783
f 4723 4661 4784
f 4661 4723 4659
f 4659 4653 4651
f 4653 4659 4723
f 3931 4821 4819
f 4819 4820 3931
f 3931 3930 4822
f 4822 4821 3931
f 3929 4823 4822
f 4822 3930 3929
f 4825 4822 4823
f 4823 4824 4825
f 4825 4824 4826
f 4826 4827 4825
f 4827 4826 4828
f 4828 4829 4827
f 4828 4831 4830
f 4830 4829 4828
f 4831 4828 4832
f 4832 4833 4831
f 4833 4835 4834
f 4834 4831 4833
f 4837 4835 4833
f 4833 4836 4837
f 4838 4836 4833
f 4833 4832 4838
f 4839 4840 4837
f 4837 4836 4839
f 4841 4839 4836
f 4836 4838 4841
f 4843 4834 4835
f 4835 4842 4843
f 4844 4842 4835
f 4835 4837 4844
f 4845 4830 4831
f 4831 4834 4845
f 4845 4848 4846
f 4846 4847 4845
f 4848 4850 4849
f 4849 4846 4848
f 4843 4851 4850
f 4850 4848 4843
f 4848 4845 4834
f 4834 4843 4848
f 4853 4854 4852
f 4852 4847 4853
f 4847 4846 4855
f 4855 4853 4847
f 4830 4845 4847
f 4847 4852 4830
f 4832 4828 4826
f 4826 4856 4832
f 4856 4826 4824
f 4824 4857 4856
f 4858 4857 4824
f 4824 4823 4858
f 4860 4861 4859
f 4859 4858 4860
f 4858 4823 3929
f 3929 4860 4858
f 4862 4857 4858
f 4858 4859 4862
f 4856 4857 4862
f 4862 4863 4856
f 4864 4865 4863
f 4863 4862 4864
f 4863 4838 4832
f 4832 4856 4863
f 4838 4863 4865
f 4865 4841 4838
f 4819 4821 4827
f 4827 4829 4819
f 4819 4852 4854
f 4854 4820 4819
f 4852 4819 4829
f 4829 4830 4852
f 4821 4822 4825
f 4825 4827 4821
f 3928 3923 3931
f 3931 4820 3928
f 4866 4867 3928
f 3928 4820 4866
f 4854 4868 4866
f 4866 4820 4854
f 4866 4868 4869
f 4869 4870 4866
f 4868 4872 4871
f 4871 4869 4868
f 4872 4874 4873
f 4873 4871 4872
f 4875 4876 4869
f 4869 4871 4875
f 4878 4876 4875
f 4875 4877 4878
f 4880 4878 4877
f 4877 4879 4880
f 4882 4880 4879
f 4879 4881 4882
f 4519 4518 4882
f 4882 4883 4519
f 4883 4882 4881
f 4881 4884 4883
f 4883 897 898
f 898 4519 4883
f 4884 901 897
f 897 4883 4884
f 4518 4513 4880
f 4880 4882 4518
f 4879 4877 4885
f 4885 4886 4879
f 4887 4888 4886
f 4886 4885 4887
f 4885 4890 4889
f 4889 4887 4885
f 4890 4885 4877
f 4877 4875 4890
f 4881 4879 4886
f 4886 4891 4881
f 4888 4892 4891
f 4891 4886 4888
f 4891 875 4884
f 4884 4881 4891
f 875 4891 4892
f 4892 872 875
f 4513 4514 4878
f 4878 4880 4513
f 4516 4876 4878
f 4878 4514 4516
f 4870 4869 4876
f 4876 4516 4870
f 4871 4873 4890
f 4890 4875 4871
f 4893 4889 4890
f 4890 4873 4893
f 4896 4893 4894
f 4894 4895 4896
f 844 4896 4895
f 4895 842 844
f 4895 4894 4897
f 4897 4898 4895
f 842 4895 4898
f 4898 843 842
f 4889 4893 4896
f 4896 4899 4889
f 4887 4889 4899
f 4899 4900 4887
f 4901 4902 4900
f 4900 4899 4901
f 844 4901 4899
f 4899 4896 844
f 4874 4894 4893
f 4893 4873 4874
f 4894 4874 4855
f 4855 4897 4894
f 4853 4855 4874
f 4874 4872 4853
f 4872 4868 4854
f 4854 4853 4872
f 4867 4866 4870
f 4870 4903 4867
f 4903 4508 4904
f 4904 4867 4903
f 4867 4904 3927
f 3927 3928 4867
f 4503 3926 3927
f 3927 4904 4503
f 4503 4904 4508
f 4508 4501 4503
f 4508 4903 4515
f 4515 4506 4508
f 4516 4515 4903
f 4903 4870 4516
f 4907 4908 4905
f 4905 4906 4907
f 4909 4910 4908
f 4908 4907 4909
f 4910 4909 4911
f 4911 4912 4910
f 4914 4910 4912
f 4912 4913 4914
f 4913 4912 4622
f 4622 4621 4913
f 4912 4911 4915
f 4915 4622 4912
f 4911 4917 4916
f 4916 4915 4911
f 4917 4919 4918
f 4918 4916 4917
f 4918 4919 4920
f 4920 4921 4918
f 4923 4924 4922
f 4922 4921 4923
f 4925 4923 4921
f 4921 4920 4925
f 4926 4927 4924
f 4924 4923 4926
f 4928 4926 4923
f 4923 4925 4928
f 4931 4922 4929
f 4929 4930 4931
f 4924 4932 4929
f 4929 4922 4924
f 4918 4921 4922
f 4922 4931 4918
f 4934 4920 4919
f 4919 4933 4934
f 4933 4936 4935
f 4935 4934 4933
f 4936 4933 4937
f 4937 4938 4936
f 4940 4935 4936
f 4936 4939 4940
f 4938 4941 4939
f 4939 4936 4938
f 4920 4934 4942
f 4942 4925 4920
f 4943 4942 4934
f 4934 4935 4943
f 4917 4937 4933
f 4933 4919 4917
f 4915 4916 4944
f 4944 4945 4915
f 4945 4620 4622
f 4622 4915 4945
f 4945 4944 4607
f 4607 4606 4945
f 4606 4609 4620
f 4620 4945 4606
f 4931 4944 4916
f 4916 4918 4931
f 4917 4911 4909
f 4909 4937 4917
f 4947 4914 4913
f 4913 4946 4947
f 4914 4947 4948
f 4948 4949 4914
f 4949 4908 4910
f 4910 4914 4949
f 4950 4905 4908
f 4908 4949 4950
f 4949 4948 4951
f 4951 4950 4949
f 4948 4953 4952
f 4952 4951 4948
f 4955 4952 4953
f 4953 4954 4955
f 4956 4957 4954
f 4954 4953 4956
f 4953 4948 4947
f 4947 4956 4953
f 4950 4951 4958
f 4958 4959 4950
f 4951 4952 4960
f 4960 4958 4951
f 4905 4950 4959
f 4959 4961 4905
f 4963 4961 4962
f 4961 4963 4964
f 4965 4964 4963
f 4964 4965 4966
f 4968 4963 4967
f 4963 4968 4965
f 4967 4962 4969
f 4962 4967 4963
f 4962 4959 4970
f 4959 4962 4961
f 4969 4970 4971
f 4970 4969 4962
f 4972 4971 4970
f 4971 4972 4973
f 4970 4958 4972
f 4958 4970 4959
f 4906 4905 4961
f 4961 4964 4906
f 4956 4947 4946
f 4946 4974 4956
f 4623 4975 4974
f 4974 4946 4623
f 4975 4977 4976
f 4976 4974 4975
f 4979 4976 4977
f 4977 4978 4979
f 4978 4981 4980
f 4980 4979 4978
f 4631 4982 4981
f 4981 4978 4631
f 4630 4631 4978
f 4978 4977 4630
f 4984 4980 4981
f 4981 4983 4984
f 4985 4986 4979
f 4979 4980 4985
f 4980 4984 4987
f 4987 4985 4980
f 4986 4957 4976
f 4976 4979 4986
f 4974 4976 4957
f 4957 4956 4974
f 4977 4975 4624
f 4624 4630 4977
f 4975 4623 4617
f 4617 4624 4975
f 4621 4623 4946
f 4946 4913 4621
f 4938 4937 4909
f 4909 4907 4938
f 4941 4938 4907
f 4907 4906 4941
f 4989 4941 4906
f 4906 4988 4989
f 4988 4991 4990
f 4990 4989 4988
f 4941 4989 4992
f 4992 4939 4941
f 4939 4992 4993
f 4993 4940 4939
f 4993 4996 4994
f 4994 4995 4993
f 4940 4993 4995
f 4995 4997 4940
f 4935 4940 4997
f 4997 4943 4935
f 4998 4999 4943
f 4943 4997 4998
f 5000 5001 4999
f 4999 4998 5000
f 5002 5003 5001
f 5001 5000 5002
f 5005 5002 5000
f 5000 5004 5005
f 4998 5006 5004
f 5004 5000 4998
f 5004 5008 5007
f 5007 5005 5004
f 5006 5009 5008
f 5008 5004 5006
f 5010 5011 5003
f 5003 5002 5010
f 5010 5014 5012
f 5012 5013 5010
f 5002 5005 5014
f 5014 5010 5002
f 5013 5015 5011
f 5011 5010 5013
f 5003 5017 5016
f 5016 5001 5003
f 5017 5003 5011
f 5011 5018 5017
f 4999 5019 4942
f 4942 4943 4999
f 5019 4928 4925
f 4925 4942 5019
f 5016 5020 4928
f 4928 5019 5016
f 5020 5021 4926
f 4926 4928 5020
f 5022 5023 5021
f 5021 5020 5022
f 5017 5022 5020
f 5020 5016 5017
f 5001 5016 5019
f 5019 4999 5001
f 4997 4995 5006
f 5006 4998 4997
f 4995 4994 5009
f 5009 5006 4995
f 4996 5025 5024
f 5024 4994 4996
f 5026 5027 5025
f 5025 4996 5026
f 4992 5026 4996
f 4996 4993 4992
f 4990 5028 5027
f 5027 5026 4990
f 5026 4992 4989
f 4989 4990 5026
f 4991 5029 5028
f 5028 4990 4991
f 5030 5031 5029
f 5029 4991 5030
f 4991 4988 4966
f 4966 5030 4991
f 5033 5027 5028
f 5028 5032 5033
f 5029 5034 5032
f 5032 5028 5029
f 5025 5036 5035
f 5035 5024 5025
f 4994 5024 5037
f 5037 5009 4994
f 5037 5040 5038
f 5038 5039 5037
f 5024 5035 5040
f 5040 5037 5024
f 5039 5008 5009
f 5009 5037 5039
f 5042 5035 5036
f 5036 5041 5042
f 5041 5044 5043
f 5043 5042 5041
f 5035 5042 5045
f 5045 5040 5035
f 5042 5043 5046
f 5046 5045 5042
f 5033 5047 5041
f 5041 5036 5033
f 5049 5050 5048
f 5048 5047 5049
f 5032 5049 5047
f 5047 5033 5032
f 5044 5041 5047
f 5047 5048 5044
f 5036 5025 5027
f 5027 5033 5036
f 4964 4966 4988
f 4988 4906 4964
f 5053 5054 5051
f 5051 5052 5053
f 5055 5056 5054
f 5054 5053 5055
f 5055 5058 5057
f 5057 5056 5055
f 5060 5061 5059
f 5059 5058 5060
f 5061 5060 5062
f 5062 5063 5061
f 5059 5061 5064
f 5064 5065 5059
f 5057 5058 5059
f 5059 5066 5057
f 5057 5068 5067
f 5067 5056 5057
f 5056 5067 5069
f 5069 5054 5056
f 5054 5069 5070
f 5070 5051 5054
f 5069 5072 5071
f 5071 5070 5069
f 5067 5073 5072
f 5072 5069 5067
f 5075 5051 5070
f 5070 5074 5075
f 5051 5075 5076
f 5076 5052 5051
f 5068 5077 5073
f 5073 5067 5068
f 5079 5073 5077
f 5077 5078 5079
f 5078 5081 5080
f 5080 5079 5078
f 5082 5083 5081
f 5081 5078 5082
f 5084 5082 5078
f 5078 5077 5084
f 5085 5084 5077
f 5077 5068 5085
f 5085 5066 5086
f 5086 5087 5085
f 5068 5057 5066
f 5066 5085 5068
f 5084 5085 5087
f 5087 5088 5084
f 5065 5086 5066
f 5066 5059 5065
f 5065 5064 5089
f 5089 5090 5065
f 5092 5089 5064
f 5064 5091 5092
f 5091 5064 5061
f 5061 5063 5091
f 3848 5091 5063
f 5063 3847 3848
f 5093 3847 5063
f 5063 5062 5093
f 3849 5092 5091
f 5091 3848 3849
f 5094 5095 5089
f 5089 5092 5094
f 5096 5094 5092
f 5092 3849 5096
f 5099 5090 5097
f 5097 5098 5099
f 5099 5100 5087
f 5087 5086 5099
f 5088 5087 5100
f 5100 5101 5088
f 5101 5100 5102
f 5102 5103 5101
f 5100 5099 5098
f 5098 5102 5100
f 5086 5065 5090
f 5090 5099 5086
f 5090 5089 5095
f 5095 5097 5090
f 5104 5105 5098
f 5098 5097 5104
f 5106 5104 5097
f 5097 5095 5106
f 5107 5108 5105
f 5105 5104 5107
f 5109 5107 5104
f 5104 5106 5109
f 5111 5062 5060
f 5060 5110 5111
f 5058 5055 5110
f 5110 5060 5058
f 5113 5111 5110
f 5110 5112 5113
f 5053 5052 5114
f 5114 5112 5053
f 5115 5113 5112
f 5112 5114 5115
f 5116 5117 5113
f 5113 5115 5116
f 5119 5120 5116
f 5116 5118 5119
f 5122 5119 5118
f 5118 5121 5122
f 5123 5124 5121
f 5121 5118 5123
f 5115 5123 5118
f 5118 5116 5115
f 5120 5125 5117
f 5117 5116 5120
f 5125 5120 5126
f 5126 5127 5125
f 5128 5126 5120
f 5120 5119 5128
f 5117 5129 5111
f 5111 5113 5117
f 5130 5131 5093
f 5093 5129 5130
f 5129 5117 5125
f 5125 5130 5129
f 5129 5093 5062
f 5062 5111 5129
f 5123 5115 5114
f 5114 5132 5123
f 5132 5114 5052
f 5052 5133 5132
f 5076 5134 5133
f 5133 5052 5076
f 5133 836 837
f 837 5132 5133
f 5134 835 836
f 836 5133 5134
f 5124 5123 5132
f 5132 837 5124
f 5112 5110 5055
f 5055 5053 5112
f 5136 5138 5135
f 5138 5136 5137
f 5136 5140 5137
f 5140 5136 5139
f 5136 5142 5139
f 5142 5136 5141
f 5143 5142 5141
f 5142 5143 5144
f 5145 5144 5143
f 5144 5145 5146
f 5148 5149 5147
f 5149 5148 5146
f 5150 5146 5148
f 5146 5150 5144
f 5151 5144 5150
f 5144 5151 5142
f 5152 5142 5151
f 5142 5152 5139
f 5153 5139 5152
f 5139 5153 5140
f 5152 5155 5153
f 5155 5152 5154
f 5156 5140 5153
f 5140 5156 5157
f 5153 5158 5156
f 5158 5153 5155
f 5151 5154 5152
f 5154 5151 5159
f 5161 5159 5160
f 5159 5161 5154
f 5162 5160 5159
f 5160 5162 5163
f 5159 5150 5162
f 5150 5159 5151
f 5162 5148 5164
f 5148 5162 5150
f 5165 5167 5164
f 5167 5165 5166
f 5169 5165 5147
f 5147 5168 5169
f 5149 5170 5168
f 5168 5147 5149
f 5164 5147 5165
f 5147 5164 5148
f 5149 5172 5171
f 5171 5170 5149
f 5146 5172 5149
f 5172 5146 5145
f 5168 5174 5173
f 5173 5169 5168
f 5174 5176 5175
f 5175 5173 5174
f 5176 5174 5177
f 5177 5178 5176
f 5174 5168 5170
f 5170 5177 5174
f 5179 5180 5169
f 5169 5173 5179
f 5165 5169 5180
f 5180 5166 5165
f 5182 5166 5181
f 5166 5182 5167
f 5183 5167 5182
f 5167 5183 5163
f 5185 5182 5184
f 5182 5185 5183
f 5186 5163 5183
f 5163 5186 5160
f 5187 5183 5185
f 5183 5187 5186
f 5184 5181 5188
f 5181 5184 5182
f 5190 5188 5181
f 5181 5189 5190
f 5166 5180 5189
f 5189 5181 5166
f 5163 5164 5167
f 5164 5163 5162
f 5145 5192 5191
f 5192 5145 5143
f 5141 5192 5143
f 5192 5141 5193
f 5194 5192 5193
f 5192 5194 5195
f 5196 5195 5194
f 5195 5196 5197
f 5199 5196 5198
f 5196 5199 5200
f 5200 5197 5196
f 5197 5200 5201
f 5201 5203 5197
f 5203 5201 5202
f 5202 5205 5204
f 5205 5202 5201
f 5201 5206 5205
f 5206 5201 5200
f 5200 5207 5206
f 5207 5200 5199
f 5209 5198 5208
f 5198 5209 5199
f 5199 5210 5207
f 5210 5199 5209
f 5194 5198 5196
f 5198 5194 5211
f 5211 5208 5198
f 5208 5211 5212
f 5212 5214 5208
f 5214 5212 5213
f 5212 5216 5213
f 5216 5212 5215
f 5217 5212 5211
f 5212 5217 5215
f 5193 5211 5194
f 5211 5193 5217
f 5218 5197 5203
f 5197 5218 5195
f 5195 5191 5192
f 5191 5195 5218
f 5191 5172 5145
f 5172 5191 5219
f 5219 5218 5220
f 5218 5219 5191
f 5203 5220 5218
f 5220 5203 5221
f 5222 5223 5220
f 5220 5221 5222
f 5221 5225 5224
f 5224 5222 5221
f 5203 5202 5225
f 5225 5221 5203
f 5136 5193 5141
f 5193 5136 5217
f 5136 5215 5217
f 5215 5136 5135
f 5215 5138 5216
f 5138 5215 5135
f 5138 5140 5157
f 5140 5138 5137
f 5227 5138 5226
f 5138 5227 5216
f 5227 5229 5228
f 5229 5227 5226
f 5216 5230 5213
f 5230 5216 5227
f 5213 5231 5214
f 5231 5213 5230
f 5232 5214 5231
f 5214 5232 5233
f 5208 5233 5209
f 5233 5208 5214
f 5209 5234 5210
f 5234 5209 5233
f 5210 5236 5235
f 5236 5210 5234
f 5236 5239 5237
f 5239 5236 5238
f 5238 5234 5240
f 5234 5238 5236
f 5240 5242 5238
f 5242 5240 5241
f 5242 5244 5243
f 5244 5242 5241
f 5246 5241 5245
f 5241 5246 5244
f 5232 5241 5240
f 5241 5232 5245
f 5233 5240 5234
f 5240 5233 5232
f 5238 5247 5239
f 5247 5238 5242
f 5239 5249 5248
f 5249 5239 5247
f 5248 5251 5250
f 5251 5248 5249
f 5249 5253 5251
f 5253 5249 5252
f 5247 5252 5249
f 5252 5247 5254
f 5237 5248 5255
f 5248 5237 5239
f 5254 5242 5243
f 5242 5254 5247
f 5235 5237 5256
f 5237 5235 5236
f 5256 5255 5257
f 5255 5256 5237
f 5259 5257 5258
f 5257 5259 5256
f 5261 5258 5260
f 5258 5261 5259
f 5256 5262 5235
f 5262 5256 5259
f 5263 5259 5261
f 5259 5263 5262
f 5258 5265 5264
f 5265 5258 5257
f 5266 5264 5265
f 5264 5266 5267
f 5265 5269 5266
f 5269 5265 5268
f 5257 5268 5265
f 5268 5257 5255
f 5245 5231 5270
f 5231 5245 5232
f 5272 5270 5271
f 5270 5272 5273
f 5271 5274 5272
f 5274 5271 5228
f 5228 5275 5274
f 5275 5228 5229
f 5277 5229 5276
f 5229 5277 5275
f 5278 5274 5275
f 5274 5278 5279
f 5280 5279 5278
f 5279 5280 5281
f 5283 5278 5282
f 5278 5283 5280
f 5275 5282 5278
f 5282 5275 5277
f 5272 5279 5284
f 5279 5272 5274
f 5276 5226 5285
f 5226 5276 5229
f 5138 5285 5226
f 5285 5138 5157
f 5285 5287 5276
f 5287 5285 5286
f 5286 5157 5156
f 5157 5286 5285
f 5276 5288 5277
f 5288 5276 5287
f 5277 5289 5282
f 5289 5277 5288
f 5291 5288 5290
f 5288 5291 5289
f 5287 5290 5288
f 5290 5287 5292
f 5230 5228 5271
f 5228 5230 5227
f 5230 5270 5231
f 5270 5230 5271
f 5284 5273 5272
f 5273 5284 5293
f 5246 5293 5294
f 5293 5246 5273
f 5245 5273 5246
f 5273 5245 5270
f 5244 5294 5295
f 5294 5244 5246
f 5243 5295 5296
f 5295 5243 5244
f 5296 5298 5297
f 5298 5296 5295
f 5254 5296 5299
f 5296 5254 5243
f 5299 5297 5300
f 5297 5299 5296
f 5295 5301 5298
f 5301 5295 5294
f 5302 5294 5293
f 5294 5302 5301
f 5303 5298 5301
f 5298 5303 5304
f 5305 5301 5302
f 5301 5305 5303
f 5306 5293 5284
f 5293 5306 5302
f 5281 5284 5279
f 5284 5281 5306
f 5307 5302 5306
f 5302 5307 5305
f 5309 5307 5308
f 5307 5309 5310
f 2996 5311 5310
f 5311 2996 2997
f 5312 5310 5309
f 5310 5312 2996
f 5310 5305 5307
f 5305 5310 5311
f 5308 5314 5309
f 5314 5308 5313
f 5281 5313 5308
f 5313 5281 5280
f 5308 5306 5281
f 5306 5308 5307
f 5316 5318 5315
f 5318 5316 5317
f 5320 5315 5319
f 5315 5320 5316
f 5322 5320 5321
f 5320 5322 5323
f 5323 5316 5320
f 5316 5323 5324
f 5324 5326 5325
f 5326 5324 5323
f 5327 5325 5326
f 5325 5327 5328
f 5327 5331 5329
f 5331 5327 5330
f 5333 5334 5332
f 5334 5333 5330
f 5333 5336 5335
f 5336 5333 5332
f 5338 5332 5337
f 5332 5338 5336
f 5339 5335 5336
f 5335 5339 5340
f 5341 5336 5338
f 5336 5341 5339
f 5337 5343 5338
f 5343 5337 5342
f 5321 5337 5322
f 5337 5321 5342
f 5322 5332 5334
f 5332 5322 5337
f 5344 5330 5333
f 5330 5344 5331
f 5331 5346 5345
f 5346 5331 5344
f 5347 5345 5346
f 5345 5347 5348
f 5349 5347 5346
f 5347 5349 5350
f 5344 5349 5346
f 5349 5344 5351
f 5345 5329 5331
f 5329 5345 5352
f 5335 5344 5333
f 5344 5335 5351
f 5330 5326 5334
f 5326 5330 5327
f 5329 5328 5327
f 5328 5329 5353
f 947 5353 5354
f 5353 947 5328
f 946 5328 947
f 5328 946 5325
f 948 5325 946
f 5325 948 5324
f 5354 5355 941
f 941 940 5354
f 5355 5357 5356
f 5356 941 5355
f 5358 5359 5356
f 5356 5357 5358
f 5360 5358 5357
f 5358 5360 5361
f 5360 5355 5362
f 5355 5360 5357
f 5354 5362 5355
f 5362 5354 5353
f 947 5354 940
f 940 942 947
f 5352 5353 5329
f 5353 5352 5362
f 5323 5334 5326
f 5334 5323 5322
f 5317 5324 948
f 5324 5317 5316
f 5321 5319 5363
f 5319 5321 5320
f 5363 5365 5364
f 5365 5363 5319
f 5342 5363 5366
f 5363 5342 5321
f 5366 5369 5367
f 5369 5366 5368
f 5364 5371 5368
f 5371 5364 5370
f 5363 5368 5366
f 5368 5363 5364
f 5365 5370 5364
f 5370 5365 5372
f 5374 5365 5373
f 5365 5374 5372
f 5374 5376 5372
f 5376 5374 5375
f 5378 5379 5377
f 5379 5378 5375
f 5374 5379 5375
f 5379 5374 5380
f 5381 5375 5378
f 5375 5381 5376
f 5372 5382 5370
f 5382 5372 5376
f 5373 5380 5374
f 5380 5373 5383
f 5315 5383 5373
f 5383 5315 5318
f 5373 5319 5315
f 5319 5373 5365
f 5368 5384 5369
f 5384 5368 5371
f 5369 5386 5385
f 5386 5369 5384
f 5385 5367 5369
f 5367 5385 5387
f 5388 5387 5385
f 5387 5388 5389
f 5343 5387 5390
f 5387 5343 5367
f 5390 5389 5391
f 5389 5390 5387
f 5392 5385 5386
f 5385 5392 5388
f 5392 5395 5393
f 5395 5392 5394
f 5386 5394 5392
f 5394 5386 5396
f 5393 5388 5392
f 5388 5393 5397
f 5396 5384 5398
f 5384 5396 5386
f 5398 5400 5396
f 5400 5398 5399
f 5401 5399 5398
f 5399 5401 5402
f 5371 5398 5384
f 5398 5371 5401
f 5401 5370 5382
f 5370 5401 5371
f 5342 5367 5343
f 5367 5342 5366
f 5404 5317 5403
f 5317 5404 5318
f 5406 5403 5405
f 5403 5406 5404
f 5408 5406 5407
f 5406 5408 5409
f 5410 5409 5408
f 5409 5410 5411
f 5413 5414 5412
f 5414 5413 5411
f 5383 5413 5380
f 5413 5383 5415
f 5415 5411 5413
f 5411 5415 5409
f 5409 5404 5406
f 5404 5409 5415
f 5415 5318 5404
f 5318 5415 5383
f 5380 5412 5379
f 5412 5380 5413
f 5412 5377 5379
f 5377 5412 5416
f 5418 5416 5417
f 5416 5418 5377
f 5417 5420 5418
f 5420 5417 5419
f 5419 5422 5420
f 5422 5419 5421
f 5423 5422 5421
f 5422 5423 5424
f 5426 5421 5425
f 5421 5426 5423
f 5427 5421 5419
f 5421 5427 5425
f 5428 5418 5420
f 5418 5428 5429
f 5430 5420 5422
f 5420 5430 5428
f 5419 5431 5427
f 5431 5419 5417
f 5417 5432 5431
f 5432 5417 5416
f 5433 5427 5431
f 5427 5433 5434
f 5431 5435 5433
f 5435 5431 5432
f 5414 5416 5412
f 5416 5414 5432
f 5432 5436 5435
f 5436 5432 5414
f 5435 5438 5437
f 5438 5435 5436
f 5439 5437 5438
f 5437 5439 5440
f 5442 5438 5441
f 5438 5442 5439
f 5410 5438 5436
f 5438 5410 5441
f 5411 5436 5414
f 5436 5411 5410
f 5408 5441 5410
f 5441 5408 5442
f 5408 5407 5443
f 5443 5442 5408
f 5406 5405 5444
f 5444 5407 5406
f 5405 5446 5445
f 5445 5444 5405
f 5407 5444 5447
f 5447 5443 5407
f 5447 5449 5443
f 5449 5447 5448
f 5450 5448 5447
f 5448 5450 5451
f 5453 5451 5452
f 5451 5453 5448
f 5452 5455 5454
f 5455 5452 5451
f 5456 5451 5450
f 5451 5456 5455
f 5450 5447 5444
f 5444 5445 5450
f 5445 5457 5456
f 5456 5450 5445
f 5446 951 5457
f 5457 5445 5446
f 5440 5449 5458
f 5449 5440 5439
f 5453 5460 5458
f 5460 5453 5459
f 5458 5448 5453
f 5448 5458 5449
f 5461 5458 5460
f 5458 5461 5440
f 5439 5443 5449
f 5443 5439 5442
f 5403 5462 5446
f 5446 5405 5403
f 5317 5463 5462
f 5462 5403 5317
f 5317 945 5463
f 945 5317 948
f 952 5462 5463
f 5463 945 952
f 951 5446 5462
f 5462 952 951
f 5466 5467 5464
f 5464 5465 5466
f 5466 5470 5468
f 5468 5469 5466
f 5470 5472 5471
f 5471 5468 5470
f 5468 5471 5473
f 5473 5474 5468
f 5472 5476 5475
f 5475 5471 5472
f 5477 5478 5476
f 5476 5472 5477
f 5472 5470 5479
f 5479 5477 5472
f 5465 5479 5470
f 5470 5466 5465
f 5480 5481 5479
f 5479 5465 5480
f 5482 5483 5481
f 5481 5480 5482
f 5483 5482 5484
f 5484 5485 5483
f 5484 5482 5486
f 5486 5487 5484
f 5482 5480 5488
f 5488 5486 5482
f 5481 5489 5477
f 5477 5479 5481
f 5483 5490 5489
f 5489 5481 5483
f 5480 5465 5491
f 5491 5488 5480
f 5464 5492 5491
f 5491 5465 5464
f 5493 5494 5488
f 5488 5491 5493
f 5492 5495 5493
f 5493 5491 5492
f 5489 5496 5478
f 5478 5477 5489
f 5498 5478 5496
f 5496 5497 5498
f 5498 5501 5499
f 5499 5500 5498
f 5501 5503 5502
f 5502 5499 5501
f 5500 5499 5504
f 5504 5505 5500
f 5506 5504 5499
f 5499 5502 5506
f 5503 5501 5507
f 5507 5508 5503
f 5503 5510 5509
f 5509 5502 5503
f 5508 5511 5510
f 5510 5503 5508
f 5501 5498 5497
f 5497 5507 5501
f 5512 5513 5507
f 5507 5497 5512
f 5514 5512 5497
f 5497 5496 5514
f 5478 5498 5500
f 5500 5476 5478
f 5476 5500 5505
f 5505 5475 5476
f 5475 5505 5515
f 5515 5516 5475
f 5471 5475 5516
f 5516 5473 5471
f 5496 5489 5490
f 5490 5514 5496
f 5518 5519 5517
f 5517 5474 5518
f 5521 5522 5518
f 5518 5520 5521
f 5520 5524 5523
f 5523 5521 5520
f 5526 5523 5524
f 5524 5525 5526
f 5528 5526 5525
f 5525 5527 5528
f 5530 5528 5527
f 5527 5529 5530
f 5529 5532 5531
f 5531 5530 5529
f 5533 5534 5532
f 5532 5529 5533
f 5529 5527 5535
f 5535 5533 5529
f 5526 5528 5536
f 5536 5537 5526
f 5528 5530 5538
f 5538 5536 5528
f 5515 5535 5527
f 5527 5525 5515
f 5516 5515 5525
f 5525 5524 5516
f 5537 5539 5523
f 5523 5526 5537
f 5539 5537 5540
f 5540 5541 5539
f 5541 5540 5542
f 5542 5543 5541
f 5540 5545 5544
f 5544 5542 5540
f 5537 5536 5545
f 5545 5540 5537
f 5539 5546 5521
f 5521 5523 5539
f 5546 5539 5541
f 5541 5547 5546
f 5522 5521 5546
f 5546 5548 5522
f 5548 5546 5547
f 5547 5549 5548
f 5473 5516 5524
f 5524 5520 5473
f 5474 5473 5520
f 5520 5518 5474
f 5522 5550 5519
f 5519 5518 5522
f 5553 5550 5551
f 5551 5552 5553
f 5555 5553 5552
f 5552 5554 5555
f 5554 5557 5556
f 5556 5555 5554
f 5558 5559 5557
f 5557 5554 5558
f 5561 5562 5558
f 5558 5560 5561
f 5554 5552 5560
f 5560 5558 5554
f 5559 5558 5562
f 5562 5563 5559
f 5557 5565 5564
f 5564 5556 5557
f 5557 5559 5566
f 5566 5565 5557
f 5553 5555 5567
f 5567 5568 5553
f 5555 5556 5569
f 5569 5567 5555
f 5567 5569 5570
f 5570 5571 5567
f 5569 5573 5572
f 5572 5570 5569
f 5556 5564 5573
f 5573 5569 5556
f 5568 5567 5571
f 5571 5574 5568
f 5575 5469 5517
f 5517 5574 5575
f 5576 5575 5574
f 5574 5571 5576
f 5574 5517 5519
f 5519 5568 5574
f 5568 5519 5550
f 5550 5553 5568
f 5577 5560 5552
f 5552 5551 5577
f 5560 5577 5578
f 5578 5561 5560
f 5561 5578 5579
f 5579 5580 5561
f 5582 5583 5579
f 5579 5581 5582
f 5578 5584 5581
f 5581 5579 5578
f 5580 5579 5583
f 5583 5585 5580
f 5584 5578 5577
f 5577 5549 5584
f 5549 5577 5551
f 5551 5548 5549
f 5550 5522 5548
f 5548 5551 5550
f 5469 5468 5474
f 5474 5517 5469
f 5466 5469 5575
f 5575 5467 5466
f 5586 5492 5464
f 5464 5467 5586
f 5586 5587 5495
f 5495 5492 5586
f 5589 5590 5588
f 5588 5587 5589
f 5592 5593 5589
f 5589 5591 5592
f 5595 5592 5591
f 5591 5594 5595
f 5594 5591 5586
f 5586 5467 5594
f 5576 5596 5595
f 5595 5594 5576
f 5596 5598 5597
f 5597 5595 5596
f 5597 5599 5592
f 5592 5595 5597
f 5600 5601 5599
f 5599 5597 5600
f 5600 5603 5601
f 5603 5600 5602
f 5604 5602 5600
f 5602 5604 5605
f 5607 5602 5606
f 5602 5607 5603
f 5605 5606 5602
f 5606 5605 5608
f 5601 5610 5609
f 5609 5599 5601
f 5611 5601 5603
f 5601 5611 5610
f 5604 5600 5597
f 5597 5598 5604
f 5598 5572 5612
f 5612 5604 5598
f 5570 5572 5598
f 5598 5596 5570
f 5593 5592 5599
f 5599 5609 5593
f 5590 5589 5593
f 5593 5613 5590
f 5613 5615 5614
f 5614 5590 5613
f 5616 5617 5615
f 5615 5613 5616
f 5609 5616 5613
f 5613 5593 5609
f 5571 5570 5596
f 5596 5576 5571
f 5575 5576 5594
f 5594 5467 5575
f 5591 5589 5587
f 5587 5586 5591
f 5590 5614 5618
f 5618 5588 5590
f 5588 5618 5619
f 5619 5620 5588
f 5495 5620 5621
f 5621 5493 5495
f 5623 5624 5621
f 5621 5622 5623
f 5622 5626 5625
f 5625 5623 5622
f 5623 5628 5627
f 5627 5624 5623
f 5624 5494 5493
f 5493 5621 5624
f 5629 5494 5624
f 5624 5627 5629
f 5486 5488 5494
f 5494 5629 5486
f 5487 5486 5629
f 5629 5630 5487
f 5627 5631 5630
f 5630 5629 5627
f 5631 5627 5628
f 5628 5632 5631
f 5634 5631 5632
f 5632 5633 5634
f 5635 5636 5633
f 5633 5632 5635
f 5637 5635 5632
f 5632 5628 5637
f 5625 5637 5628
f 5628 5623 5625
f 5625 5639 5638
f 5638 5637 5625
f 5626 5640 5639
f 5639 5625 5626
f 5619 5641 5626
f 5626 5622 5619
f 5622 5621 5620
f 5620 5619 5622
f 5618 5642 5641
f 5641 5619 5618
f 5642 5644 5643
f 5643 5641 5642
f 5641 5643 5640
f 5640 5626 5641
f 5644 5642 5645
f 5645 5646 5644
f 5644 5648 5647
f 5647 5643 5644
f 5646 5649 5648
f 5648 5644 5646
f 5614 5645 5642
f 5642 5618 5614
f 5587 5588 5620
f 5620 5495 5587
f 28 76 25
f 76 28 5650
f 77 5650 5651
f 5650 77 76
f 5651 5653 77
f 5653 5651 5652
f 5652 5655 5653
f 5655 5652 5654
f 5657 5654 5656
f 5654 5657 5655
f 5653 5658 81
f 5658 5653 5655
f 81 77 5653
f 77 81 74
f 8 65 41
f 65 8 66
f 67 300 189
f 300 67 298
f 298 57 56
f 57 298 67
f 301 5659 304
f 5659 301 312
f 326 304 5659
f 304 326 303
f 5659 324 326
f 324 5659 5660
f 325 5660 5661
f 5660 325 324
f 5661 5664 5662
f 5664 5661 5663
f 5661 311 5663
f 311 5661 5660
f 5663 5666 5664
f 5666 5663 5665
f 311 5665 5663
f 5665 311 5667
f 5667 5669 5665
f 5669 5667 5668
f 5668 5671 5669
f 5671 5668 5670
f 5670 5673 5671
f 5673 5670 5672
f 5672 5675 5673
f 5675 5672 5674
f 5674 5677 5675
f 5677 5674 5676
f 5674 5679 5676
f 5679 5674 5678
f 5674 5680 5678
f 5680 5674 5672
f 5671 5682 5681
f 5682 5671 5673
f 5673 5683 5682
f 5683 5673 5675
f 5672 5684 5680
f 5684 5672 5670
f 5680 5686 5685
f 5686 5680 5684
f 5684 5688 5686
f 5688 5684 5687
f 5687 5670 5668
f 5670 5687 5684
f 5665 5689 5666
f 5689 5665 5669
f 5690 5666 5689
f 5666 5690 5691
f 5692 5691 5690
f 5691 5692 5693
f 5695 5690 5694
f 5690 5695 5692
f 5689 5694 5690
f 5694 5689 5681
f 5691 5664 5666
f 5664 5691 5696
f 5669 5681 5689
f 5681 5669 5671
f 5668 5697 5687
f 5697 5668 5667
f 5697 5688 5687
f 5688 5697 5698
f 5698 5700 5688
f 5700 5698 5699
f 5699 5702 5700
f 5702 5699 5701
f 5701 5704 5703
f 5704 5701 5699
f 313 5699 5698
f 5699 313 5704
f 5698 310 313
f 310 5698 5697
f 311 5697 5667
f 5697 311 310
f 5705 5706 2727
f 5706 5705 5662
f 5705 323 325
f 323 5705 5707
f 5707 2727 2726
f 2727 5707 5705
f 322 5707 5708
f 5707 322 323
f 5710 5708 5709
f 5708 5710 322
f 5709 5712 5710
f 5712 5709 5711
f 5709 2725 5713
f 2725 5709 5708
f 5714 2721 2723
f 2721 5714 5713
f 5713 2720 2721
f 2720 5713 2725
f 5711 5713 5714
f 5713 5711 5709
f 5710 332 331
f 332 5710 5712
f 5716 5712 5715
f 5712 5716 332
f 5717 332 5716
f 332 5717 329
f 5716 5719 5717
f 5719 5716 5718
f 5715 5718 5716
f 5718 5715 5720
f 5715 5711 5721
f 5711 5715 5712
f 5722 5724 5721
f 5724 5722 5723
f 5721 5714 5722
f 5714 5721 5711
f 5721 5720 5715
f 5720 5721 5724
f 331 322 5710
f 322 331 321
f 5708 2726 2725
f 2726 5708 5707
f 325 5662 5705
f 5662 325 5661
f 5662 5696 5706
f 5696 5662 5664
f 2689 2727 5706
f 2727 2689 2692
f 5706 2690 2689
f 2690 5706 5696
f 5659 311 5660
f 311 5659 312
f 5725 308 315
f 308 5725 309
f 309 5703 5704
f 5703 309 5725
f 1537 5725 5726
f 5725 1537 5703
f 5726 1535 1537
f 1535 5726 5727
f 1539 5727 5728
f 5727 1539 1535
f 5730 5728 5729
f 5728 5730 5731
f 5730 5732 5731
f 5732 5730 344
f 5732 341 339
f 341 5732 344
f 1525 5732 1524
f 5732 1525 5731
f 1525 5728 5731
f 5728 1525 1539
f 339 1524 5732
f 1524 339 338
f 5733 5728 5727
f 5728 5733 5729
f 314 5727 5726
f 5727 314 5733
f 315 5726 5725
f 5726 315 314
f 5704 307 309
f 307 5704 313
f 368 367 5734
f 5734 386 368
f 5736 5737 5735
f 5735 5734 5736
f 362 987 5736
f 5736 364 362
f 364 5736 5734
f 5734 367 364
f 987 986 5737
f 5737 5736 987
f 5737 5739 5738
f 5738 5735 5737
f 5740 5741 5738
f 5738 5739 5740
f 5743 5744 5742
f 5742 5740 5743
f 5745 5746 5744
f 5744 5743 5745
f 989 5747 5745
f 5745 988 989
f 5746 5745 5747
f 5747 5748 5746
f 5748 5750 5749
f 5749 5746 5748
f 5750 3779 3781
f 3781 5749 5750
f 3779 5750 5751
f 5751 3774 3779
f 5752 5751 5750
f 5750 5748 5752
f 5753 5744 5746
f 5746 5749 5753
f 5754 5752 5748
f 5748 5747 5754
f 5754 991 997
f 997 5755 5754
f 991 5754 5747
f 5747 989 991
f 5755 5756 5752
f 5752 5754 5755
f 988 5745 5743
f 5743 5757 988
f 5739 5737 986
f 986 5757 5739
f 5757 5743 5740
f 5740 5739 5757
f 984 988 5757
f 5757 986 984
f 5741 5740 5742
f 5742 5758 5741
f 5758 5760 5759
f 5759 5741 5758
f 5753 5761 5760
f 5760 5758 5753
f 5761 5762 3729
f 3729 5760 5761
f 5762 3723 3725
f 3725 3729 5762
f 3780 3724 3723
f 3723 5762 3780
f 5762 5761 3781
f 3781 3780 5762
f 5760 3729 3730
f 3730 5759 5760
f 5749 3781 5761
f 5761 5753 5749
f 5742 5744 5753
f 5753 5758 5742
f 385 5738 5741
f 5741 5759 385
f 384 5735 5738
f 5738 385 384
f 386 5734 5735
f 5735 384 386
f 399 376 387
f 387 398 399
f 5763 5764 397
f 397 396 5763
f 5763 5766 5764
f 5766 5763 5765
f 5767 5766 5765
f 5766 5767 5768
f 5769 5768 5767
f 5768 5769 5770
f 5769 3702 5771
f 3702 5769 3703
f 5773 5774 5772
f 5774 5773 5771
f 5770 5773 5775
f 5775 5776 5770
f 5776 5766 5768
f 5768 5770 5776
f 5770 5771 5773
f 5771 5770 5769
f 5766 5776 5777
f 5777 5764 5766
f 5764 5777 5778
f 5778 397 5764
f 5780 5778 5777
f 5777 5779 5780
f 5779 5777 5776
f 5776 5775 5779
f 5773 5772 5781
f 5781 5775 5773
f 275 5772 5774
f 5774 273 275
f 5774 277 273
f 277 5774 5782
f 3697 3702 3698
f 3702 3697 5782
f 5782 5771 3702
f 5771 5782 5774
f 3699 5782 3697
f 5782 3699 277
f 5772 275 5783
f 5783 5781 5772
f 5781 5783 5784
f 5784 5785 5781
f 5783 274 5786
f 274 5783 275
f 274 279 5786
f 279 274 276
f 5786 5784 5783
f 5784 5786 5787
f 5786 284 5787
f 284 5786 279
f 5788 5780 5779
f 5779 5785 5788
f 5785 5784 5789
f 5789 5788 5785
f 5780 5788 5790
f 5790 5791 5780
f 5792 5790 5788
f 5788 5789 5792
f 5785 5779 5775
f 5775 5781 5785
f 5767 3703 5769
f 3703 5767 3706
f 5765 3706 5767
f 3706 5765 5793
f 5765 5794 5793
f 5794 5765 5763
f 5794 5795 5793
f 5795 5794 388
f 3705 5793 5795
f 5793 3705 3706
f 5795 3704 3705
f 3704 5795 3709
f 5795 388 389
f 389 3709 5795
f 398 387 388
f 388 5794 398
f 396 398 5794
f 5794 5763 396
f 397 5778 5796
f 5796 395 397
f 520 394 395
f 395 5796 520
f 521 520 5796
f 5796 5791 521
f 5791 5796 5778
f 5778 5780 5791
f 393 394 522
f 522 400 393
f 406 423 544
f 544 549 406
f 423 425 542
f 542 544 423
f 543 542 425
f 425 5797 543
f 434 433 5798
f 5798 5797 434
f 5799 543 5797
f 5797 5798 5799
f 5799 5798 5800
f 5800 595 5799
f 5802 5803 5800
f 5800 5801 5802
f 5803 5802 795
f 795 797 5803
f 594 5803 797
f 797 592 594
f 595 5800 5803
f 5803 594 595
f 5804 796 795
f 795 5802 5804
f 5805 5804 431
f 431 430 5805
f 5808 5805 5806
f 5806 5807 5808
f 3147 3146 5807
f 5807 5806 3147
f 432 451 3147
f 3147 5806 432
f 5805 430 432
f 432 5806 5805
f 5807 5809 791
f 791 5808 5807
f 5809 3957 792
f 792 791 5809
f 5810 5811 3957
f 3957 5809 5810
f 5813 5811 5810
f 5810 5812 5813
f 3145 5812 5810
f 5810 3146 3145
f 3146 5810 5809
f 5809 5807 3146
f 5805 5808 796
f 796 5804 5805
f 793 796 5808
f 5808 791 793
f 5801 431 5804
f 5804 5802 5801
f 427 431 5801
f 5801 433 427
f 433 5801 5800
f 5800 5798 433
f 598 540 543
f 543 5799 598
f 595 590 598
f 598 5799 595
f 424 434 5797
f 5797 425 424
f 478 447 448
f 448 454 478
f 478 479 3326
f 3326 447 478
f 488 469 466
f 466 465 488
f 489 5815 5814
f 5814 488 489
f 5815 5792 5816
f 5816 5814 5815
f 5819 5816 5817
f 5817 5818 5819
f 5818 5787 284
f 5787 5818 5817
f 5787 5789 5784
f 5789 5787 5817
f 5816 5792 5789
f 5789 5817 5816
f 5820 5821 5819
f 5819 5818 5820
f 284 5820 5818
f 5820 284 283
f 296 5821 5820
f 5820 295 296
f 5819 5821 5822
f 5822 5823 5819
f 5819 5823 5814
f 5814 5816 5819
f 5814 5823 469
f 469 488 5814
f 467 469 5823
f 5823 5822 467
f 468 467 5822
f 5822 5824 468
f 5825 468 5824
f 5824 294 5825
f 5825 5827 5826
f 5826 472 5825
f 5827 5825 294
f 294 293 5827
f 472 463 468
f 468 5825 472
f 296 292 294
f 294 5824 296
f 5824 5822 5821
f 5821 296 5824
f 295 283 282
f 283 295 5820
f 5790 5792 5815
f 5815 5828 5790
f 5815 489 490
f 490 5828 5815
f 5791 5790 5828
f 5828 521 5791
f 490 519 521
f 521 5828 490
f 492 519 490
f 490 487 492
f 5830 739 738
f 738 5829 5830
f 5829 539 541
f 541 5830 5829
f 596 607 739
f 739 5830 596
f 597 596 5830
f 5830 541 597
f 538 531 539
f 539 5829 538
f 740 538 5829
f 5829 738 740
f 737 739 607
f 607 608 737
f 742 695 694
f 694 719 742
f 719 534 537
f 537 742 719
f 700 699 748
f 748 706 700
f 615 5831 349
f 349 350 615
f 616 5832 5831
f 5831 615 616
f 616 613 614
f 614 5832 616
f 356 747 749
f 749 354 356
f 677 676 568
f 568 570 677
f 676 553 552
f 552 568 676
f 563 626 627
f 627 564 563
f 5836 5837 5835
f 5835 5834 5836
f 5836 5839 5838
f 5838 5837 5836
f 5840 5841 5835
f 5835 5837 5840
f 5842 5840 5837
f 5837 5838 5842
f 5841 5840 5843
f 5843 5844 5841
f 5840 5842 5845
f 5845 5843 5840
f 5839 5836 5846
f 5846 5847 5839
f 5849 5847 5846
f 5846 5848 5849
f 5847 5851 5850
f 5850 5839 5847
f 5852 5851 5847
f 5847 5849 5852
f 5853 5838 5839
f 5839 5850 5853
f 5850 5855 5854
f 5854 5853 5850
f 5838 5853 5856
f 5856 5842 5838
f 5857 5856 5853
f 5853 5854 5857
f 5834 5833 5846
f 5846 5836 5834
f 5848 5846 5833
f 5833 5858 5848
f 5860 5848 5858
f 5858 5859 5860
f 806 5865 5864
f 5864 832 806
f 5124 5864 5865
f 5865 5121 5124
f 5864 5124 837
f 837 834 5864
f 830 832 5864
f 5864 834 830
f 5866 5122 5121
f 5121 5865 5866
f 804 5867 5866
f 5866 805 804
f 5869 5870 5868
f 5868 5867 5869
f 5871 5872 5870
f 5870 5869 5871
f 5845 5873 5872
f 5872 5871 5845
f 5873 5875 5874
f 5874 5872 5873
f 5876 5870 5872
f 5872 5874 5876
f 5878 5876 5874
f 5874 5877 5878
f 5126 5128 5876
f 5876 5878 5126
f 5870 5876 5128
f 5128 5868 5870
f 5127 5126 5878
f 5878 3816 5127
f 5878 5877 5879
f 5879 3816 5878
f 5879 5877 5880
f 5880 5881 5879
f 5875 5880 5877
f 5877 5874 5875
f 5856 5857 5875
f 5875 5873 5856
f 5842 5856 5873
f 5873 5845 5842
f 5871 5882 5843
f 5843 5845 5871
f 5882 5871 5869
f 5869 5883 5882
f 5883 5869 5867
f 5867 804 5883
f 5883 803 5884
f 5884 5882 5883
f 5844 5843 5882
f 5882 5884 5844
f 803 5883 804
f 804 802 803
f 5122 5866 5867
f 5867 5868 5122
f 805 5866 5865
f 5865 806 805
f 909 912 5885
f 5885 907 909
f 5886 908 907
f 907 5885 5886
f 5890 5887 5889
f 5889 4983 5890
f 4982 5890 4983
f 4983 4981 4982
f 5891 5888 5887
f 5887 5890 5891
f 908 5886 5888
f 5888 5891 908
f 5891 5892 905
f 905 908 5891
f 5890 4982 5892
f 5892 5891 5890
f 5893 4984 4983
f 4983 5889 5893
f 5894 4987 4984
f 4984 5893 5894
f 5899 5895 5897
f 5897 5898 5899
f 5901 5899 5898
f 5898 5900 5901
f 939 938 5900
f 5900 5898 939
f 5900 5356 5359
f 5359 5901 5900
f 5902 5903 5899
f 5899 5901 5902
f 5904 5902 5901
f 5901 5359 5904
f 5903 5902 5905
f 5905 5906 5903
f 5907 5905 5902
f 5902 5904 5907
f 5896 5895 5899
f 5899 5903 5896
f 5356 5900 938
f 938 941 5356
f 939 5898 5897
f 5897 5908 939
f 934 939 5908
f 5908 933 934
f 5909 5910 5911
f 5911 5912 5909
f 5909 5912 4987
f 4987 5894 5909
f 5914 5906 5915
f 5915 5913 5914
f 5896 5903 5906
f 5906 5914 5896
f 1003 973 971
f 971 5916 1003
f 1003 5916 998
f 998 995 1003
f 5916 5917 999
f 999 998 5916
f 5917 5919 5918
f 5918 999 5917
f 5919 5921 5920
f 5920 5918 5919
f 999 5918 5755
f 5755 997 999
f 5756 5755 5918
f 5918 5920 5756
f 5923 5756 5920
f 5920 5922 5923
f 5923 3775 3774
f 3774 5751 5923
f 5922 3776 3775
f 3775 5923 5922
f 5924 5922 5920
f 5920 5921 5924
f 5921 5926 5925
f 5925 5924 5921
f 5927 3776 5922
f 5922 5924 5927
f 5927 5929 5928
f 5928 3772 5927
f 5929 5927 5924
f 5924 5925 5929
f 3776 5927 3772
f 3772 3767 3776
f 5926 5931 5930
f 5930 5925 5926
f 5933 5934 5932
f 5932 5931 5933
f 5935 5933 5931
f 5931 5926 5935
f 5931 5932 5936
f 5936 5930 5931
f 5919 5935 5926
f 5926 5921 5919
f 5756 5923 5751
f 5751 5752 5756
f 5917 970 5935
f 5935 5919 5917
f 5916 971 970
f 970 5917 5916
f 1118 5937 1123
f 5937 1118 1127
f 1123 1141 1124
f 1141 1123 5937
f 5937 177 1141
f 177 5937 5938
f 1127 5938 5937
f 5938 1127 1129
f 171 5938 172
f 5938 171 177
f 1129 172 5938
f 172 1129 174
f 1299 1091 1101
f 1091 1299 1296
f 1090 1101 1091
f 1101 1090 1096
f 1242 5939 1334
f 1334 1246 1242
f 1335 1334 5939
f 5939 5940 1335
f 5941 1338 1335
f 1335 5940 5941
f 5940 5943 5942
f 5942 5941 5940
f 5946 5943 5944
f 5944 5945 5946
f 5947 5942 5943
f 5943 5946 5947
f 5948 5949 5942
f 5942 5947 5948
f 3887 3890 5949
f 5949 5948 3887
f 5949 5950 5941
f 5941 5942 5949
f 1338 5941 5950
f 5950 5951 1338
f 3876 5951 5952
f 5952 3873 3876
f 5951 5950 5953
f 5953 5952 5951
f 1337 1338 5951
f 5951 3876 1337
f 3890 5953 5950
f 5950 5949 3890
f 3888 3887 5948
f 5948 5954 3888
f 5956 3888 5954
f 5954 5955 5956
f 5956 5959 5957
f 5957 5958 5956
f 5962 5959 5960
f 5960 5961 5962
f 5955 5960 5959
f 5959 5956 5955
f 5963 5957 5959
f 5959 5962 5963
f 5958 5957 3841
f 3841 3834 5958
f 3888 5956 5958
f 5958 3889 3888
f 3889 5958 3834
f 3834 3833 3889
f 5964 5965 5955
f 5955 5954 5964
f 5946 5966 5964
f 5964 5947 5946
f 5966 5967 5965
f 5965 5964 5966
f 5968 5969 5967
f 5967 5966 5968
f 5966 5946 5945
f 5945 5968 5966
f 5947 5964 5954
f 5954 5948 5947
f 1261 5945 5944
f 5944 1244 1261
f 5939 1242 1244
f 1244 5944 5939
f 5943 5940 5939
f 5939 5944 5943
f 1257 1251 1253
f 1253 1284 1257
f 162 179 157
f 179 162 5970
f 178 5970 5971
f 5970 178 179
f 5973 5974 5972
f 5974 5973 5971
f 5973 1138 1140
f 1138 5973 5975
f 1136 5975 5976
f 5975 1136 1138
f 1104 5976 1105
f 5976 1104 1136
f 5977 1105 5976
f 1105 5977 1108
f 1108 5979 5978
f 5979 1108 5977
f 5981 5979 5980
f 5979 5981 5978
f 5981 5984 5982
f 5984 5981 5983
f 5985 5987 5983
f 5987 5985 5986
f 5988 5986 5985
f 5986 5988 5989
f 5990 5985 5980
f 5985 5990 5988
f 5983 5980 5985
f 5980 5983 5981
f 5983 5991 5984
f 5991 5983 5987
f 5987 1382 5991
f 1382 5987 1383
f 1383 5986 1385
f 5986 1383 5987
f 5993 5984 5992
f 5984 5993 5982
f 1101 5993 1299
f 5993 1101 1102
f 1299 5992 1300
f 5992 1299 5993
f 5982 1102 1103
f 1102 5982 5993
f 1103 5981 5982
f 5981 1103 5978
f 1100 5978 1103
f 5978 1100 1108
f 5994 5980 5979
f 5980 5994 5990
f 5995 5996 5994
f 5996 5995 5972
f 5976 5995 5977
f 5995 5976 5975
f 5977 5994 5979
f 5994 5977 5995
f 5975 5972 5995
f 5972 5975 5973
f 5972 5997 5996
f 5997 5972 5974
f 5996 5990 5994
f 5990 5996 5998
f 5988 5998 5999
f 5998 5988 5990
f 5999 5989 5988
f 5989 5999 6000
f 6001 6000 5999
f 6000 6001 6002
f 6003 5999 5998
f 5999 6003 6001
f 5998 5997 6003
f 5997 5998 5996
f 5971 1140 178
f 1140 5971 5973
f 6004 5971 5970
f 5971 6004 5974
f 5974 6005 5997
f 6005 5974 6004
f 5997 6006 6003
f 6006 5997 6005
f 6001 6006 6007
f 6006 6001 6003
f 6007 6002 6001
f 6002 6007 6008
f 6010 6008 6009
f 6008 6010 6002
f 6012 6009 6011
f 6009 6012 6010
f 6010 6014 6013
f 6014 6010 6012
f 1465 6012 1466
f 6012 1465 6014
f 6011 1466 6012
f 1466 6011 6015
f 6016 6000 6013
f 6000 6016 5989
f 1381 6013 6014
f 6013 1381 6016
f 6002 6013 6000
f 6013 6002 6010
f 6009 6018 6011
f 6018 6009 6017
f 214 6019 215
f 6019 214 6017
f 6020 215 6019
f 215 6020 216
f 6019 6007 6020
f 6007 6019 6008
f 6008 6017 6009
f 6017 6008 6019
f 6021 6017 214
f 6017 6021 6018
f 6018 6023 6022
f 6023 6018 6021
f 6021 6024 6023
f 6024 6021 220
f 220 214 212
f 214 220 6021
f 6006 6020 6007
f 6020 6006 6025
f 216 6025 6026
f 6025 216 6020
f 6026 211 216
f 211 6026 224
f 224 6027 223
f 6027 224 6026
f 6027 6029 164
f 6029 6027 6028
f 6004 6028 6005
f 6028 6004 6029
f 6005 6025 6006
f 6025 6005 6028
f 6026 6028 6027
f 6028 6026 6025
f 223 164 163
f 164 223 6027
f 6029 5970 162
f 5970 6029 6004
f 162 164 6029
f 164 162 160
f 176 1141 177
f 1141 176 1139
f 1139 178 1140
f 178 1139 176
f 6031 1492 6030
f 1492 6031 1407
f 6030 6033 6031
f 6033 6030 6032
f 6032 6035 6033
f 6035 6032 6034
f 6034 6037 6035
f 6037 6034 6036
f 6036 6039 6037
f 6039 6036 6038
f 6041 6042 6040
f 6042 6041 6038
f 6040 6044 6043
f 6044 6040 6042
f 6046 6043 6044
f 6044 6045 6046
f 6043 6046 6047
f 6047 6048 6043
f 6050 6048 6049
f 6048 6050 6051
f 6053 6054 6052
f 6054 6053 6050
f 6050 6055 6054
f 6055 6050 6049
f 6056 6050 6053
f 6050 6056 6051
f 6048 6047 6057
f 6057 6049 6048
f 6046 6059 6058
f 6058 6047 6046
f 6047 6058 6060
f 6060 6057 6047
f 6051 6043 6048
f 6043 6051 6040
f 6056 6040 6051
f 6040 6056 6041
f 6045 6061 6059
f 6059 6046 6045
f 6061 6045 6062
f 6062 6063 6061
f 6065 6059 6061
f 6061 6064 6065
f 6063 6066 6064
f 6064 6061 6063
f 6063 6062 6067
f 6067 6068 6063
f 6070 6067 6062
f 6062 6069 6070
f 6069 6062 6045
f 6045 6044 6069
f 6042 6069 6044
f 6069 6042 6071
f 6071 6038 6036
f 6038 6071 6042
f 6071 6070 6069
f 6070 6071 6072
f 6036 6072 6071
f 6072 6036 6034
f 6072 6074 6070
f 6074 6072 6073
f 6034 6073 6072
f 6073 6034 6032
f 6073 1486 6074
f 1486 6073 1487
f 6032 1487 6073
f 1487 6032 6030
f 6039 6041 6075
f 6041 6039 6038
f 6077 6039 6076
f 6039 6077 6037
f 6037 6078 6035
f 6078 6037 6077
f 6080 6077 6079
f 6077 6080 6078
f 6033 6078 1401
f 6078 6033 6035
f 6031 1401 1398
f 1401 6031 6033
f 1401 6080 1399
f 6080 1401 6078
f 6080 1400 1399
f 1400 6080 6081
f 6081 6079 6082
f 6079 6081 6080
f 6079 6076 6083
f 6076 6079 6077
f 6083 6085 6084
f 6085 6083 6076
f 6084 6087 6086
f 6087 6084 6085
f 6085 6088 6087
f 6088 6085 6075
f 6076 6075 6085
f 6075 6076 6039
f 6082 6083 6089
f 6083 6082 6079
f 6084 6089 6083
f 6089 6084 6090
f 6030 1485 1487
f 1485 6030 1492
f 1407 1398 1397
f 1398 1407 6031
f 1396 1433 1403
f 1433 1396 1400
f 1363 1384 1374
f 1384 1363 1364
f 1358 1416 6091
f 1416 1358 1360
f 6092 6093 6091
f 6093 6092 3500
f 6093 3499 1308
f 3499 6093 3500
f 6093 1358 6091
f 1358 6093 1311
f 1305 1311 6093
f 6093 1308 1305
f 6092 6095 3504
f 6095 6092 6094
f 6094 1419 6095
f 1419 6094 1420
f 6096 3504 6095
f 3504 6096 3502
f 6095 6097 6096
f 6097 6095 1419
f 6099 6097 6098
f 6097 6099 6096
f 6098 3508 6099
f 3508 6098 3548
f 3506 6099 3508
f 6099 3506 3503
f 6096 3503 3502
f 3503 6096 6099
f 6100 3548 6098
f 3548 6100 3546
f 6101 6103 6100
f 6103 6101 6102
f 6102 6105 6103
f 6105 6102 6104
f 6106 6108 6104
f 6108 6106 6107
f 6104 1422 6106
f 1422 6104 6102
f 6104 6109 6105
f 6109 6104 6108
f 6103 6110 3547
f 6110 6103 6105
f 3547 6100 6103
f 6100 3547 3546
f 1421 6102 6101
f 6102 1421 1422
f 1419 6101 6097
f 6101 1419 1421
f 6100 6097 6101
f 6097 6100 6098
f 1420 1416 1415
f 1416 1420 6094
f 6091 6094 6092
f 6094 6091 1416
f 3500 3504 3498
f 3504 3500 6092
f 1361 6111 1364
f 6111 1361 1366
f 6111 1302 6112
f 1302 6111 1366
f 6111 5991 1382
f 5991 6111 6112
f 5984 6112 5992
f 6112 5984 5991
f 6112 1300 5992
f 1300 6112 1302
f 1382 1364 6111
f 1364 1382 1384
f 1512 1539 1525
f 1539 1512 1526
f 1521 337 1519
f 337 1521 338
f 1519 340 1520
f 340 1519 337
f 6113 1532 1611
f 1532 6113 1530
f 6115 6113 6114
f 6113 6115 6116
f 6114 5686 6115
f 5686 6114 5685
f 6114 1611 6117
f 1611 6114 6113
f 6117 5685 6114
f 5685 6117 6118
f 5680 6118 5678
f 6118 5680 5685
f 6119 5678 6118
f 5678 6119 5679
f 6119 1606 6120
f 1606 6119 6121
f 6118 6121 6119
f 6121 6118 6117
f 6121 1604 1606
f 1604 6121 1610
f 6117 1610 6121
f 1610 6117 1611
f 6120 5679 6119
f 5679 6120 6122
f 6122 5676 5679
f 5676 6122 6123
f 6123 5677 5676
f 5677 6123 6124
f 6125 6126 2792
f 6126 6125 6124
f 6124 6127 6126
f 6127 6124 6123
f 6124 6128 5677
f 6128 6124 6125
f 6129 6123 6122
f 6123 6129 6127
f 6127 6131 6130
f 6131 6127 6129
f 6129 6133 6131
f 6133 6129 6132
f 6122 6132 6129
f 6132 6122 6120
f 6120 1605 6132
f 1605 6120 1606
f 6116 5700 5702
f 5700 6116 6115
f 1530 6116 1531
f 6116 1530 6113
f 1531 5702 1538
f 5702 1531 6116
f 6115 5688 5700
f 5688 6115 5686
f 1523 1517 1560
f 1517 1523 1515
f 1552 6134 1553
f 6134 1552 1560
f 6135 1553 6134
f 1553 6135 1556
f 1556 6137 6136
f 6137 1556 6135
f 6136 6139 6138
f 6139 6136 6137
f 1555 6136 6140
f 6136 1555 1556
f 1554 6140 6141
f 6140 1554 1555
f 1183 6142 6141
f 6142 1183 1184
f 6141 6143 1554
f 6143 6141 6142
f 6145 6143 6144
f 6143 6145 1558
f 6144 6147 6145
f 6147 6144 6146
f 6146 6150 6148
f 6150 6146 6149
f 6146 6151 6149
f 6151 6146 6144
f 6148 6147 6146
f 6147 6148 6152
f 1558 1568 1557
f 1568 1558 6145
f 6145 1567 1568
f 1567 6145 6147
f 6144 6142 6151
f 6142 6144 6143
f 1558 1554 6143
f 1554 1558 1551
f 6151 1184 1186
f 1184 6151 6142
f 6153 6141 6140
f 6141 6153 1183
f 1187 1183 6153
f 1183 1187 1182
f 6153 6154 1187
f 6154 6153 6138
f 6138 6155 6154
f 6155 6138 6139
f 6157 6139 6156
f 6139 6157 6155
f 6158 6155 6157
f 6155 6158 6159
f 6157 6161 6158
f 6161 6157 6160
f 6156 6160 6157
f 6160 6156 6162
f 6137 6156 6139
f 6156 6137 6163
f 6135 6163 6137
f 6163 6135 6164
f 6163 6162 6156
f 6162 6163 6165
f 6165 6164 6166
f 6164 6165 6163
f 6167 1187 6154
f 1187 6167 1188
f 6159 6154 6155
f 6154 6159 6167
f 6168 1188 6167
f 1188 6168 1189
f 6167 6169 6168
f 6169 6167 6159
f 6138 6140 6136
f 6140 6138 6153
f 6164 6134 6170
f 6134 6164 6135
f 6170 6166 6164
f 6166 6170 6171
f 1517 6171 6170
f 6171 1517 1518
f 6173 6171 6172
f 6171 6173 6166
f 6175 6173 6174
f 6173 6175 6176
f 6178 6174 6177
f 6174 6178 6175
f 6177 6179 342
f 6179 6177 6174
f 6180 6178 6177
f 6178 6180 6181
f 6180 342 343
f 342 6180 6177
f 6175 6184 6183
f 6184 6175 6178
f 6183 6186 6185
f 6186 6183 6184
f 6187 6184 6182
f 6184 6187 6186
f 6181 6184 6178
f 6184 6181 6182
f 6174 6172 6179
f 6172 6174 6173
f 6172 1518 1520
f 1518 6172 6171
f 6179 1520 340
f 1520 6179 6172
f 342 340 335
f 340 342 6179
f 6176 6183 6188
f 6183 6176 6175
f 6188 6165 6176
f 6165 6188 6162
f 6166 6176 6165
f 6176 6166 6173
f 6162 6189 6160
f 6189 6162 6188
f 6160 6190 6161
f 6190 6160 6189
f 6191 6161 6190
f 6161 6191 6192
f 6194 6195 6193
f 6195 6194 6192
f 6196 6192 6191
f 6192 6196 6195
f 6158 6192 6194
f 6192 6158 6161
f 6190 6198 6191
f 6198 6190 6197
f 6197 6189 6185
f 6189 6197 6190
f 6197 6200 6198
f 6200 6197 6199
f 6185 6199 6197
f 6199 6185 6186
f 6185 6188 6183
f 6188 6185 6189
f 1560 6170 6134
f 6170 1560 1517
f 1889 1890 6201
f 6201 1904 1889
f 6202 6203 6201
f 6201 1890 6202
f 6202 6205 6204
f 6204 6203 6202
f 6206 6207 6201
f 6201 6203 6206
f 6206 6209 6207
f 6209 6206 6208
f 6211 6208 6210
f 6208 6211 6209
f 1714 6207 6209
f 6207 1714 1716
f 1716 6201 6207
f 6201 1716 1904
f 1713 6209 6211
f 6209 1713 1714
f 6213 6211 6212
f 6211 6213 1713
f 1719 6215 6214
f 6215 1719 6213
f 6216 6213 6212
f 6213 6216 6215
f 6218 6212 6217
f 6212 6218 6216
f 6212 6210 6217
f 6210 6212 6211
f 6219 6214 6215
f 6214 6219 6220
f 6222 6223 6221
f 6223 6222 6220
f 6224 6220 6219
f 6220 6224 6223
f 6225 6220 6222
f 6220 6225 6214
f 6226 6215 6216
f 6215 6226 6219
f 6219 6227 6224
f 6227 6219 6226
f 6229 6226 6228
f 6226 6229 6227
f 6228 6216 6218
f 6216 6228 6226
f 1713 1719 1711
f 1719 1713 6213
f 6208 6231 6210
f 6231 6208 6230
f 6230 6233 6231
f 6233 6230 6232
f 6235 6232 6234
f 6232 6235 6233
f 6236 6231 6233
f 6231 6236 6237
f 6237 6239 6238
f 6239 6237 6236
f 6236 6241 6239
f 6241 6236 6240
f 6242 6238 6239
f 6238 6242 6243
f 6244 6239 6241
f 6239 6244 6242
f 6210 6237 6217
f 6237 6210 6231
f 6238 6217 6237
f 6217 6238 6218
f 6233 6240 6236
f 6240 6233 6235
f 6235 6246 6240
f 6246 6235 6245
f 6234 6245 6235
f 6245 6234 6247
f 6248 6234 6232
f 6234 6248 6249
f 6251 6248 6250
f 6250 6204 6251
f 6204 6205 6252
f 6252 6251 6204
f 1881 6253 6252
f 6252 6205 1881
f 1882 1881 6205
f 6205 6202 1882
f 6248 6251 6254
f 6254 6249 6248
f 6251 6252 6255
f 6255 6254 6251
f 6206 6203 6204
f 6204 6250 6206
f 6230 6206 6250
f 6206 6230 6208
f 6232 6250 6248
f 6250 6232 6230
f 1890 1885 1882
f 1882 6202 1890
f 1929 6257 6256
f 6257 1929 1930
f 6259 6260 6258
f 6258 6257 6259
f 6261 6262 6260
f 6260 6259 6261
f 2027 6263 6262
f 6262 6261 2027
f 6263 6265 6264
f 6264 6262 6263
f 2032 2034 6265
f 6265 6263 2032
f 6265 6267 6266
f 6266 6264 6265
f 6262 6264 6268
f 6268 6260 6262
f 6269 6258 6260
f 6260 6268 6269
f 6268 6271 6270
f 6270 6269 6268
f 6273 6269 6272
f 6269 6273 6258
f 1964 6272 6274
f 6272 1964 6273
f 6258 6256 6257
f 6256 6258 6273
f 1963 6273 1964
f 6273 1963 6256
f 6275 6272 6269
f 6269 6270 6275
f 6270 6277 6276
f 6276 6275 6270
f 6277 6270 6271
f 6271 6278 6277
f 6264 6266 6271
f 6271 6268 6264
f 6267 6280 6279
f 6279 6266 6267
f 6280 6267 6281
f 6281 6282 6280
f 2034 6281 6267
f 6267 6265 2034
f 6266 6279 6278
f 6278 6271 6266
f 6279 6284 6283
f 6283 6278 6279
f 6280 6285 6284
f 6284 6279 6280
f 2027 2026 2032
f 2032 6263 2027
f 1924 2027 6261
f 6261 1922 1924
f 6259 1921 1922
f 1922 6261 6259
f 1921 6259 6257
f 6257 1930 1921
f 2040 2054 2038
f 2038 2021 2040
f 1756 1749 6286
f 1749 1756 1748
f 6288 1856 6287
f 1856 6288 6286
f 6288 1756 6286
f 1756 6288 6289
f 1774 6290 1775
f 6290 1774 6289
f 1775 6292 6291
f 6292 1775 6290
f 6291 6294 6293
f 6294 6291 6292
f 1777 6293 6295
f 6293 1777 6291
f 6295 6297 6296
f 6297 6295 6293
f 6296 6299 6295
f 6299 6296 6298
f 6298 6301 6300
f 6301 6298 6296
f 6300 6303 6302
f 6303 6300 6301
f 6301 6305 6303
f 6305 6301 6304
f 6296 6304 6301
f 6304 6296 6297
f 6299 6298 6306
f 6306 1641 6299
f 6307 6306 6298
f 6298 6300 6307
f 1777 6295 6299
f 6299 1776 1777
f 6308 6293 6294
f 6293 6308 6297
f 6310 6311 6309
f 6311 6310 6308
f 6311 6313 6309
f 6313 6311 6312
f 6314 6312 1672
f 6312 6314 6313
f 1672 6315 1670
f 6315 1672 6312
f 6316 6312 6311
f 6312 6316 6315
f 6317 6309 6313
f 6309 6317 6310
f 6294 6311 6308
f 6311 6294 6316
f 6292 6316 6294
f 6316 6292 6318
f 6297 6310 6304
f 6310 6297 6308
f 1773 6291 1777
f 6291 1773 1775
f 6319 6292 6290
f 6292 6319 6318
f 6289 6319 6290
f 6319 6289 6288
f 6318 6321 6320
f 6321 6318 6319
f 1691 6320 6321
f 6320 1691 1671
f 6318 6315 6316
f 6315 6318 6320
f 1670 6320 1671
f 6320 1670 6315
f 1688 6321 6287
f 6321 1688 1691
f 1689 6287 1856
f 6287 1689 1688
f 6287 6319 6288
f 6319 6287 6321
f 1754 6289 1774
f 6289 1754 1756
f 6286 1855 1856
f 1855 6286 1749
f 1749 1850 1855
f 1850 1749 1750
f 1750 1846 1850
f 1846 1750 1752
f 1753 1847 1751
f 1847 1753 1762
f 6322 1759 2498
f 1759 6322 1762
f 1848 1762 6322
f 1762 1848 1847
f 6322 2408 1848
f 2408 6322 2406
f 2498 2406 6322
f 2406 2498 2404
f 1737 6323 1766
f 1766 1767 1737
f 1706 6324 6323
f 6324 1706 1708
f 1764 6323 6324
f 6323 1764 1766
f 6324 6222 1764
f 6222 6324 6225
f 1708 6225 6324
f 6225 1708 1718
f 1707 1706 6323
f 6323 1737 1707
f 1768 6326 2500
f 6326 1768 6325
f 6325 6328 6326
f 6328 6325 6327
f 6223 6329 6327
f 6329 6223 6224
f 6327 6330 6328
f 6330 6327 6329
f 6330 6333 6331
f 6333 6330 6332
f 6335 6332 6334
f 6332 6335 6333
f 6333 6337 6336
f 6337 6333 6335
f 6334 6339 6335
f 6339 6334 6338
f 6338 6341 6340
f 6341 6338 6334
f 6343 6340 6342
f 6340 6343 6338
f 6342 6345 6344
f 6345 6342 6340
f 6229 6340 6341
f 6340 6229 6345
f 6347 6343 6346
f 6343 6347 6348
f 6346 6342 6349
f 6342 6346 6343
f 6339 6343 6348
f 6343 6339 6338
f 6334 6350 6341
f 6350 6334 6332
f 6332 6329 6350
f 6329 6332 6330
f 6227 6341 6350
f 6341 6227 6229
f 6350 6224 6227
f 6224 6350 6329
f 6339 6337 6335
f 6337 6339 6351
f 6351 6354 6352
f 6352 6353 6351
f 6356 6352 6354
f 6354 6355 6356
f 6358 6359 6356
f 6356 6357 6358
f 6357 6356 6355
f 6355 6360 6357
f 6352 6356 6359
f 6359 6361 6352
f 6354 6347 6355
f 6347 6354 6348
f 6351 6348 6354
f 6348 6351 6339
f 6363 6364 6362
f 6362 6353 6363
f 6364 6363 6365
f 6365 6366 6364
f 6363 6361 6367
f 6367 6365 6363
f 6353 6352 6361
f 6361 6363 6353
f 6337 6362 6368
f 6368 6336 6337
f 6362 6364 1897
f 1897 6368 6362
f 6337 6351 6353
f 6353 6362 6337
f 6336 6331 6333
f 6331 6336 6369
f 6336 6368 6370
f 6370 6369 6336
f 1898 6370 6368
f 6368 1897 1898
f 6369 6370 6371
f 6371 6372 6369
f 1940 6372 6371
f 6371 1941 1940
f 1892 6371 6370
f 6370 1898 1892
f 1893 1941 6371
f 6371 1892 1893
f 6372 6331 6369
f 6331 6372 6373
f 6373 1940 1943
f 1940 6373 6372
f 6331 6328 6330
f 6328 6331 6373
f 6328 1943 6326
f 1943 6328 6373
f 6327 6221 6223
f 6221 6327 6325
f 1765 6325 1768
f 6325 1765 6221
f 6221 1764 6222
f 1764 6221 1765
f 2268 2253 6374
f 2253 2268 2254
f 6374 2265 2268
f 2265 6374 6375
f 6376 2265 6375
f 2265 6376 2266
f 6377 2266 6376
f 2266 6377 6378
f 6380 6381 6379
f 6381 6380 6378
f 6382 6379 6381
f 6379 6382 6383
f 6385 6381 6384
f 6381 6385 6382
f 6384 6387 6385
f 6387 6384 6386
f 6386 6389 6387
f 6389 6386 6388
f 6390 6388 6386
f 6388 6390 6391
f 6390 6376 6392
f 6376 6390 6377
f 6377 6386 6384
f 6386 6377 6390
f 6392 6391 6390
f 6391 6392 6393
f 6388 4721 6389
f 4721 6388 6394
f 6394 4719 4721
f 4719 6394 4716
f 4716 6395 4714
f 6395 4716 6394
f 6391 6394 6388
f 6394 6391 6395
f 6387 6397 6396
f 6397 6387 6389
f 4720 6389 4721
f 6389 4720 6397
f 6382 6399 6398
f 6399 6382 6385
f 6399 6401 6398
f 6401 6399 6400
f 6403 6400 6402
f 6400 6403 6401
f 6401 6405 6398
f 6405 6401 6404
f 6404 6403 6406
f 6403 6404 6401
f 6402 6408 6407
f 6408 6402 6400
f 6410 6402 6409
f 6402 6410 6403
f 6409 6407 6411
f 6407 6409 6402
f 6396 6400 6399
f 6400 6396 6408
f 6387 6399 6385
f 6399 6387 6396
f 6383 6398 6405
f 6398 6383 6382
f 6413 6383 6412
f 6383 6413 6379
f 6414 6379 6413
f 6379 6414 6380
f 6416 6414 6415
f 6414 6416 2269
f 6415 6413 6417
f 6413 6415 6414
f 6419 6415 6418
f 6415 6419 6416
f 6418 6417 6420
f 6417 6418 6415
f 2269 6380 6414
f 6380 2269 2267
f 6378 2267 2266
f 2267 6378 6380
f 6405 6412 6383
f 6412 6405 6421
f 6421 6423 6412
f 6423 6421 6422
f 6422 6425 6423
f 6425 6422 6424
f 6427 6424 6422
f 6422 6426 6427
f 6428 6422 6421
f 6422 6428 6426
f 6421 6404 6428
f 6404 6421 6405
f 6417 6412 6423
f 6412 6417 6413
f 6378 6384 6381
f 6384 6378 6377
f 6375 6392 6376
f 6392 6375 6429
f 6429 6393 6392
f 6393 6429 6430
f 6432 6433 6431
f 6433 6432 6430
f 6432 4715 6434
f 4715 6432 6435
f 4715 4717 4712
f 4717 4715 6435
f 6437 6435 6436
f 6435 6437 4717
f 6436 6439 6437
f 6439 6436 6438
f 6431 6438 6436
f 6438 6431 6440
f 6433 6440 6431
f 6440 6433 6441
f 6435 6431 6436
f 6431 6435 6432
f 6438 6443 6439
f 6443 6438 6442
f 6440 6442 6438
f 6442 6440 6444
f 4222 4219 6443
f 6443 6442 4222
f 6445 4222 6442
f 6442 6444 6445
f 6439 4215 4214
f 4215 6439 6443
f 4214 6437 6439
f 6437 4214 4316
f 4714 6434 4715
f 6434 4714 6395
f 6434 6430 6432
f 6430 6434 6393
f 6393 6395 6391
f 6395 6393 6434
f 6446 6430 6429
f 6430 6446 6433
f 6374 6429 6375
f 6429 6374 6446
f 6446 6441 6433
f 6441 6446 6447
f 6449 6447 6448
f 6447 6449 6441
f 6451 6448 6450
f 6448 6451 6449
f 4251 4253 6445
f 6445 6451 4251
f 6451 6450 4252
f 4252 4251 6451
f 6450 2256 6452
f 6452 4252 6450
f 6450 2255 2256
f 2255 6450 6448
f 6449 6445 6444
f 6445 6449 6451
f 6441 6444 6440
f 6444 6441 6449
f 6448 2253 2255
f 2253 6448 6447
f 6374 6447 6446
f 6447 6374 2253
f 2256 2251 2258
f 2258 6452 2256
f 6454 2208 6453
f 2208 6454 2245
f 6456 2212 6455
f 2212 6456 6453
f 6456 6458 6457
f 6458 6456 6455
f 6457 6460 6459
f 6460 6457 6458
f 6459 6462 6461
f 6462 6459 6460
f 6464 6461 6463
f 6461 6464 6459
f 6461 6466 6465
f 6466 6461 6462
f 2217 6462 2216
f 6462 2217 6466
f 6466 6468 6467
f 6468 6466 2217
f 6468 6470 6467
f 6470 6468 6469
f 6471 6473 6469
f 6473 6471 6472
f 2219 6469 6468
f 6469 2219 6471
f 6474 6469 6473
f 6469 6474 6470
f 6476 6470 6475
f 6470 6476 6467
f 6465 6467 6476
f 6467 6465 6466
f 2214 6468 2217
f 6468 2214 2219
f 6460 2216 6462
f 2216 6460 2210
f 6463 6465 6477
f 6465 6463 6461
f 6463 6479 6464
f 6479 6463 6478
f 6480 6479 6478
f 6479 6480 6481
f 6483 6481 6480
f 6480 6482 6483
f 6484 6485 6481
f 6481 6483 6484
f 6487 6484 6483
f 6483 6486 6487
f 6486 6483 6482
f 6482 6488 6486
f 6489 6480 6477
f 6480 6489 6482
f 6477 6478 6463
f 6478 6477 6480
f 6479 6481 6485
f 6485 6490 6479
f 6491 6492 6490
f 6490 6485 6491
f 6490 6464 6479
f 6464 6490 6493
f 6492 6493 6490
f 6493 6492 6494
f 6493 6459 6464
f 6459 6493 6457
f 6457 6494 6456
f 6494 6457 6493
f 6494 6453 6456
f 6453 6494 6454
f 6495 2245 6454
f 2245 6495 2246
f 6497 2246 6495
f 6495 6496 6497
f 6496 6499 6498
f 6498 6497 6496
f 6491 6500 6499
f 6499 6496 6491
f 6492 6491 6496
f 6496 6495 6492
f 6492 6454 6494
f 6454 6492 6495
f 6458 2210 6460
f 2210 6458 2211
f 6455 2211 6458
f 2211 6455 2212
f 6453 2206 2212
f 2206 6453 2208
f 2246 6497 2249
f 2249 2244 2246
f 2315 6501 2313
f 6501 2315 6419
f 6501 6504 6502
f 6504 6501 6503
f 6418 6505 6503
f 6505 6418 6420
f 6503 6506 6504
f 6506 6503 6505
f 6504 6508 6507
f 6508 6504 6506
f 6502 6507 6509
f 6507 6502 6504
f 2314 6509 6510
f 6509 2314 6502
f 6511 6509 6507
f 6509 6511 6512
f 6510 6512 6513
f 6512 6510 6509
f 2312 6513 6514
f 6513 2312 6510
f 6514 6516 6515
f 6516 6514 6513
f 6513 6517 6516
f 6517 6513 6512
f 6510 2311 2314
f 2311 6510 2312
f 6512 6518 6517
f 6518 6512 6511
f 6520 6511 6519
f 6511 6520 6518
f 6521 6517 6518
f 6517 6521 6522
f 6518 6523 6521
f 6523 6518 6520
f 6519 6507 6508
f 6507 6519 6511
f 6519 6525 6520
f 6525 6519 6524
f 6524 6508 6526
f 6508 6524 6519
f 2313 6502 2314
f 6502 2313 6501
f 6506 6526 6508
f 6526 6506 6527
f 6529 6527 6528
f 6527 6529 6526
f 6530 6526 6529
f 6526 6530 6524
f 6524 6531 6525
f 6531 6524 6530
f 6533 6534 6532
f 6534 6533 6531
f 6534 6536 6535
f 6535 6532 6534
f 6536 6538 6537
f 6537 6535 6536
f 6539 6540 6538
f 6538 6536 6539
f 6536 6534 6541
f 6541 6539 6536
f 6532 6535 6542
f 6542 6543 6532
f 6544 6532 6543
f 6532 6544 6533
f 6530 6534 6531
f 6534 6530 6541
f 6525 6533 6545
f 6533 6525 6531
f 6546 6533 6544
f 6533 6546 6545
f 6544 6548 6546
f 6548 6544 6547
f 6523 6546 6549
f 6546 6523 6545
f 6548 6549 6546
f 6549 6548 6550
f 6520 6545 6523
f 6545 6520 6525
f 6529 6541 6530
f 6541 6529 6551
f 6552 6539 6541
f 6541 6551 6552
f 6553 6540 6539
f 6539 6552 6553
f 6554 6555 6553
f 6553 6552 6554
f 6553 6557 6556
f 6556 6540 6553
f 6555 6558 6557
f 6557 6553 6555
f 6554 6552 6551
f 6551 6559 6554
f 6559 6551 6529
f 6529 6528 6559
f 6561 6554 6559
f 6559 6560 6561
f 6560 6559 6528
f 6528 6562 6560
f 6563 6528 6527
f 6528 6563 6562
f 6527 6505 6563
f 6505 6527 6506
f 6425 6562 6563
f 6562 6425 6424
f 6420 6563 6505
f 6563 6420 6425
f 6419 6503 6501
f 6503 6419 6418
f 2270 6419 2315
f 6419 2270 6416
f 2270 2269 6416
f 2269 2270 2264
f 2386 2383 2385
f 2383 2386 6564
f 2452 6564 2386
f 6564 2452 6565
f 6565 6567 6564
f 6567 6565 6566
f 6569 6566 6568
f 6566 6569 6567
f 6571 6569 6570
f 6569 6571 6572
f 6572 6574 6573
f 6574 6572 6571
f 6571 6576 6574
f 6576 6571 6575
f 6570 6575 6571
f 6575 6570 6577
f 6578 6577 6570
f 6577 6578 6579
f 6579 6582 6580
f 6580 6581 6579
f 6584 6580 6582
f 6582 6583 6584
f 6586 6582 6585
f 6582 6586 6583
f 6579 6585 6582
f 6585 6579 6578
f 6577 6579 6581
f 6581 6587 6577
f 6587 6581 6588
f 6588 6589 6587
f 6581 6580 6590
f 6590 6588 6581
f 6568 6570 6569
f 6570 6568 6578
f 6578 6591 6585
f 6591 6578 6568
f 6585 6592 6586
f 6592 6585 6591
f 6591 6594 6592
f 6594 6591 6593
f 6593 6568 6566
f 6568 6593 6591
f 6575 6596 6576
f 6596 6575 6595
f 6589 6597 6595
f 6595 6587 6589
f 6597 6598 6596
f 6596 6595 6597
f 6598 6601 6599
f 6599 6600 6598
f 6597 6602 6601
f 6601 6598 6597
f 6596 6598 6600
f 6600 6603 6596
f 6589 6604 6602
f 6602 6597 6589
f 6606 2146 6605
f 6605 6604 6606
f 6588 6606 6604
f 6604 6589 6588
f 6604 6605 6607
f 6607 6602 6604
f 6577 6595 6575
f 6595 6577 6587
f 6574 6609 6608
f 6609 6574 6576
f 6576 6603 6609
f 6603 6576 6596
f 6610 6608 6609
f 6608 6610 6611
f 6613 6611 6612
f 6611 6613 6608
f 6612 6615 6614
f 6615 6612 6611
f 6616 6611 6610
f 6611 6616 6615
f 6609 6617 6610
f 6617 6609 6603
f 6619 6620 6618
f 6618 6617 6619
f 6619 6617 6603
f 6603 6600 6619
f 6610 6618 6616
f 6618 6610 6617
f 6608 6573 6574
f 6573 6608 6613
f 2381 6613 2382
f 6613 2381 6573
f 6573 2384 6572
f 2384 6573 2381
f 6572 6567 6569
f 6567 6572 2384
f 6564 2384 2383
f 2384 6564 6567
f 6566 6621 6593
f 6621 6566 6565
f 6593 3568 6594
f 3568 6593 6621
f 6621 2453 3568
f 2453 6621 2451
f 2451 6565 2452
f 6565 2451 6621
f 2380 6622 2361
f 6622 2380 2382
f 6623 2361 6622
f 2361 6623 2359
f 6614 6622 6612
f 6622 6614 6623
f 6623 2360 2359
f 2360 6623 6624
f 2360 6624 6625
f 6625 6626 2360
f 6627 6628 2366
f 2366 6626 6627
f 6629 6630 6628
f 6628 6627 6629
f 6632 6633 6631
f 6631 6629 6632
f 6632 6636 6634
f 6634 6635 6632
f 6635 6634 6637
f 6637 6638 6635
f 6639 6637 6634
f 6637 6639 6640
f 6642 6640 6641
f 6640 6642 6637
f 6643 6641 6640
f 6641 6643 6644
f 6645 6640 6639
f 6640 6645 6643
f 6639 6634 6636
f 6636 6625 6639
f 6636 6632 6629
f 6629 6627 6636
f 6626 6625 6636
f 6636 6627 6626
f 6647 6635 6638
f 6638 6646 6647
f 6649 6638 6648
f 6638 6649 6646
f 6646 6651 6650
f 6650 6647 6646
f 6651 6646 6649
f 6649 6652 6651
f 6637 6648 6638
f 6648 6637 6642
f 6635 6647 6633
f 6633 6632 6635
f 6631 6633 6653
f 6653 6654 6631
f 6655 6656 6654
f 6654 6653 6655
f 6658 6631 6654
f 6654 6657 6658
f 6656 6659 6657
f 6657 6654 6656
f 6653 6633 6647
f 6647 6650 6653
f 6630 6629 6631
f 6631 6658 6630
f 6628 6630 6660
f 6660 6661 6628
f 6628 6661 2364
f 2364 2366 6628
f 2364 6661 2368
f 2368 2365 2364
f 2374 2368 6661
f 6661 6660 2374
f 6663 2374 6660
f 6660 6662 6663
f 6630 6658 6662
f 6662 6660 6630
f 2360 6626 2366
f 2366 2358 2360
f 6639 6624 6645
f 6624 6639 6625
f 6623 6645 6624
f 6645 6623 6614
f 2382 6612 6622
f 6612 2382 6613
f 1803 1848 2408
f 1848 1803 1845
f 1942 6326 1943
f 6326 1942 2500
f 2598 2525 2527
f 2527 2534 2598
f 4456 6664 2523
f 2523 2526 4456
f 2524 2523 6664
f 6664 4033 2524
f 4041 4034 4033
f 4033 6664 4041
f 6664 4456 4449
f 4449 4041 6664
f 2602 2605 2620
f 2620 2608 2602
f 2607 2608 6665
f 6665 6666 2607
f 2596 2607 6666
f 6666 6667 2596
f 6667 6666 6668
f 6668 6669 6667
f 6669 6668 6670
f 6670 6671 6669
f 6671 6673 6672
f 6672 6669 6671
f 6674 6675 6673
f 6673 6671 6674
f 6676 6677 6675
f 6675 6674 6676
f 6676 6674 6678
f 6678 6679 6676
f 6680 6676 6679
f 6676 6680 6681
f 6681 6683 6682
f 6683 6681 6680
f 6685 6680 6684
f 6680 6685 6683
f 6684 6679 6686
f 6679 6684 6680
f 6681 6688 6687
f 6688 6681 6682
f 6411 6682 6409
f 6682 6411 6688
f 6409 6683 6410
f 6683 6409 6682
f 6676 6687 6677
f 6687 6676 6681
f 6689 6675 6677
f 6675 6689 6690
f 6691 6677 6687
f 6677 6691 6689
f 6679 6678 6692
f 6692 6686 6679
f 6678 6670 6693
f 6693 6692 6678
f 6678 6674 6671
f 6671 6670 6678
f 6668 6694 6693
f 6693 6670 6668
f 6696 6692 6695
f 6692 6696 6686
f 6692 6693 6697
f 6697 6695 6692
f 6699 6672 6673
f 6673 6698 6699
f 6698 6700 4466
f 4466 6699 6698
f 6698 6673 6675
f 6675 6690 6698
f 6700 6698 6690
f 6690 6701 6700
f 6703 6701 6702
f 6701 6703 6704
f 6704 4694 6705
f 4694 6704 6703
f 6704 6700 6701
f 6700 6704 6706
f 6705 6706 6704
f 6706 6705 6707
f 4686 6702 4687
f 6702 4686 6703
f 4687 6689 6691
f 6689 4687 6702
f 6702 6690 6689
f 6690 6702 6701
f 4462 6708 6672
f 6672 6699 4462
f 6708 6667 6669
f 6669 6672 6708
f 2594 2596 6667
f 6667 6708 2594
f 2595 2594 6708
f 6708 4462 2595
f 6699 4466 4460
f 4460 4462 6699
f 6666 6665 6694
f 6694 6668 6666
f 6665 2622 6709
f 6709 6694 6665
f 6710 6711 6697
f 6697 6709 6710
f 6712 6713 6711
f 6711 6710 6712
f 2624 6712 6710
f 6710 2621 2624
f 6713 6712 6714
f 6714 6715 6713
f 6715 6717 6716
f 6716 6713 6715
f 6718 6719 6717
f 6717 6715 6718
f 6719 6718 6720
f 6720 6721 6719
f 6718 6723 6722
f 6722 6720 6718
f 6723 6718 6715
f 6715 6714 6723
f 6717 6725 6724
f 6724 6716 6717
f 6719 6726 6725
f 6725 6717 6719
f 6713 6716 6727
f 6727 6711 6713
f 6711 6727 6695
f 6695 6697 6711
f 6695 6728 6696
f 6728 6695 6727
f 6716 6724 6728
f 6728 6727 6716
f 6712 2624 6729
f 6729 6714 6712
f 6730 6723 6714
f 6714 6729 6730
f 6730 6733 6731
f 6731 6732 6730
f 6732 6731 6734
f 6734 6735 6732
f 6723 6730 6732
f 6732 6722 6723
f 6722 6732 6735
f 6735 6736 6722
f 6733 6738 6737
f 6737 6731 6733
f 6738 6733 6739
f 6739 2617 6738
f 6733 6730 6729
f 6729 6739 6733
f 6739 6729 2624
f 2624 2623 6739
f 2622 2621 6710
f 6710 6709 2622
f 6694 6709 6697
f 6697 6693 6694
f 2608 2620 2622
f 2622 6665 2608
f 2468 2469 2488
f 2488 3604 2468
f 2001 2491 2493
f 2491 2001 6740
f 2492 6740 6741
f 6740 2492 2491
f 6742 6744 6741
f 6744 6742 6743
f 6743 6747 6745
f 6745 6746 6743
f 6746 6748 6744
f 6744 6743 6746
f 6748 6750 6749
f 6749 6744 6748
f 6752 6749 6750
f 6750 6751 6752
f 2492 6752 2489
f 6752 2492 6749
f 6749 6741 6744
f 6741 6749 2492
f 2490 2489 6752
f 6752 6753 2490
f 6753 6752 6751
f 6751 6754 6753
f 6755 3603 6753
f 6753 6754 6755
f 3603 6755 6756
f 6756 3601 3603
f 6758 6756 6755
f 6755 6757 6758
f 6754 2111 6757
f 6757 6755 6754
f 2111 6754 6751
f 6751 2109 2111
f 2109 6751 6750
f 6750 2110 2109
f 3602 2490 6753
f 6753 3603 3602
f 6759 2110 6750
f 6750 6748 6759
f 6759 6762 6760
f 6760 6761 6759
f 6764 6760 6762
f 6762 6763 6764
f 6745 6766 6765
f 6765 6763 6745
f 6746 6745 6763
f 6763 6762 6746
f 6747 6767 6766
f 6766 6745 6747
f 6763 6765 6768
f 6768 6764 6763
f 6765 6770 6769
f 6769 6768 6765
f 6766 6771 6770
f 6770 6765 6766
f 6761 6760 6772
f 6772 6773 6761
f 6773 6772 6774
f 6774 2090 6773
f 2107 6761 6773
f 6773 2108 2107
f 6773 2090 2088
f 2088 2108 6773
f 6760 6764 6775
f 6775 6772 6760
f 6775 6778 6776
f 6776 6777 6775
f 6764 6768 6778
f 6778 6775 6764
f 6777 6774 6772
f 6772 6775 6777
f 6748 6746 6762
f 6762 6759 6748
f 2110 6759 6761
f 6761 2107 2110
f 6743 6779 6747
f 6779 6743 6742
f 6740 6742 6741
f 6742 6740 6780
f 6780 2001 2002
f 2001 6780 6740
f 6780 6779 6742
f 6779 6780 6781
f 2002 6781 6780
f 6781 2002 6782
f 6784 6782 6783
f 6782 6784 6781
f 1995 6786 6783
f 6786 1995 6785
f 1988 6785 1995
f 6785 1988 1990
f 6785 6788 6786
f 6788 6785 6787
f 6790 6787 6789
f 6787 6790 6788
f 6791 6789 6787
f 6789 6791 6792
f 1990 6787 6785
f 6787 1990 6791
f 6783 6793 6784
f 6793 6783 6786
f 6794 6786 6788
f 6786 6794 6793
f 1993 6783 6782
f 6783 1993 1995
f 6782 1994 1993
f 1994 6782 2002
f 6795 6781 6784
f 6781 6795 6779
f 6779 6767 6747
f 6767 6779 6795
f 6767 6797 6796
f 6797 6767 6795
f 6797 6799 6796
f 6799 6797 6798
f 6793 6798 6797
f 6798 6793 6794
f 6799 6801 6800
f 6801 6799 6798
f 6802 6798 6794
f 6798 6802 6801
f 6771 6766 6767
f 6767 6796 6771
f 6796 6799 6803
f 6803 6771 6796
f 6784 6797 6795
f 6797 6784 6793
f 2490 3602 3604
f 3604 2488 2490
f 6804 6805 2750
f 2750 2749 6804
f 6806 6807 6805
f 6805 6804 6806
f 6809 6806 6804
f 6804 6808 6809
f 2749 2751 6808
f 6808 6804 2749
f 6811 6809 6808
f 6808 6810 6811
f 6812 6813 6809
f 6809 6811 6812
f 6813 6812 6814
f 6814 6815 6813
f 6813 6816 6806
f 6806 6809 6813
f 6807 6806 6816
f 6816 6817 6807
f 6807 6819 6818
f 6818 6805 6807
f 6819 6821 6820
f 6820 6818 6819
f 6821 6823 6822
f 6822 6820 6821
f 6824 6825 6823
f 6823 6821 6824
f 6821 6819 6826
f 6826 6824 6821
f 6818 6820 6827
f 6827 6828 6818
f 6805 6818 6828
f 6828 2750 6805
f 6817 6826 6819
f 6819 6807 6817
f 6829 6830 6826
f 6826 6817 6829
f 6817 6816 6831
f 6831 6829 6817
f 6815 6831 6816
f 6816 6813 6815
f 6832 6833 6831
f 6831 6815 6832
f 6833 6832 6834
f 6834 6835 6833
f 6829 6831 6833
f 6833 6836 6829
f 6836 6833 6835
f 6835 6837 6836
f 6832 6839 6838
f 6838 6834 6832
f 6835 6834 6840
f 6840 6841 6835
f 6842 6840 6834
f 6834 6838 6842
f 6815 6814 6839
f 6839 6832 6815
f 6844 6839 6814
f 6814 6843 6844
f 6812 6845 6843
f 6843 6814 6812
f 6845 6812 6811
f 6811 6846 6845
f 6810 6847 6846
f 6846 6811 6810
f 2766 2765 6847
f 6847 6810 2766
f 6847 6849 6848
f 6848 6846 6847
f 6849 4538 4537
f 4537 6848 6849
f 6846 6848 6850
f 6850 6845 6846
f 6848 4537 4539
f 4539 6850 6848
f 2767 4541 4538
f 4538 6849 2767
f 6849 6847 2765
f 2765 2767 6849
f 2751 2766 6810
f 6810 6808 2751
f 2752 2759 2766
f 2766 2751 2752
f 2750 6828 2745
f 2745 2747 2750
f 2742 2741 6851
f 6851 2756 2742
f 6854 6851 6852
f 6852 6853 6854
f 6853 6856 6855
f 6855 6854 6853
f 6858 6855 6856
f 6856 6857 6858
f 6857 6861 6859
f 6861 6857 6860
f 6863 6864 6860
f 6860 6862 6863
f 6857 6856 6862
f 6862 6860 6857
f 6862 6866 6865
f 6865 6863 6862
f 6866 6862 6856
f 6856 6853 6866
f 6866 6868 6867
f 6867 6865 6866
f 6868 6866 6853
f 6853 6852 6868
f 6852 2740 6869
f 6869 6868 6852
f 6870 6867 6868
f 6868 6869 6870
f 6870 6869 2744
f 2744 6871 6870
f 2738 2744 6869
f 6869 2740 2738
f 2740 6852 6851
f 6851 2741 2740
f 6872 6873 6863
f 6863 6865 6872
f 6874 6872 6865
f 6865 6867 6874
f 6875 6876 6872
f 6872 6874 6875
f 6874 6878 6877
f 6877 6875 6874
f 6878 6874 6867
f 6867 6870 6878
f 6876 6879 6873
f 6873 6872 6876
f 6879 6881 6880
f 6880 6873 6879
f 6882 6883 6881
f 6881 6879 6882
f 6884 6882 6879
f 6879 6876 6884
f 6864 6863 6873
f 6873 6880 6864
f 6860 6885 6861
f 6885 6860 6864
f 6864 6886 6885
f 6886 6864 6880
f 6858 6859 6887
f 6859 6858 6857
f 6855 6858 6888
f 6888 6889 6855
f 6890 6891 6889
f 6889 6888 6890
f 6890 6893 6892
f 6893 6890 6888
f 6895 6893 6894
f 6893 6895 6892
f 5430 6895 6896
f 6895 5430 6897
f 6894 6896 6895
f 6896 6894 6898
f 6892 6897 6899
f 6897 6892 6895
f 6893 6900 6894
f 6900 6893 6887
f 6887 6901 6900
f 6901 6887 6859
f 6888 6887 6893
f 6887 6888 6858
f 6892 2706 6890
f 2706 6892 6899
f 6891 6890 2706
f 2706 2703 6891
f 2758 6889 6891
f 6891 2757 2758
f 6891 2703 2702
f 2702 2757 6891
f 6854 6855 6889
f 6889 2758 6854
f 2758 2756 6851
f 6851 6854 2758
f 6902 6859 6861
f 6859 6902 6901
f 6902 6905 6903
f 6905 6902 6904
f 6904 6907 6905
f 6907 6904 6906
f 6906 6909 6907
f 6909 6906 6908
f 6908 6911 6909
f 6911 6908 6910
f 6910 6913 6912
f 6913 6910 6908
f 6915 6910 6914
f 6910 6915 6911
f 6912 6914 6910
f 6914 6912 6916
f 6907 6918 6917
f 6918 6907 6909
f 6919 6909 6911
f 6909 6919 6918
f 6908 6886 6913
f 6886 6908 6906
f 6906 6885 6886
f 6885 6906 6904
f 6917 6905 6907
f 6905 6917 6920
f 6903 6920 6921
f 6920 6903 6905
f 6922 6921 6920
f 6921 6922 6923
f 6925 6921 6924
f 6921 6925 6903
f 6924 6923 6926
f 6923 6924 6921
f 6927 6920 6917
f 6920 6927 6922
f 6928 6917 6918
f 6917 6928 6927
f 6929 6922 6927
f 6922 6929 6930
f 6931 6927 6928
f 6927 6931 6929
f 6861 6904 6902
f 6904 6861 6885
f 6901 6903 6925
f 6903 6901 6902
f 2772 2814 6932
f 6932 2770 2772
f 6932 4546 4543
f 4543 4542 6932
f 2814 2816 4546
f 4546 6932 2814
f 4542 2771 2770
f 2770 6932 4542
f 2920 2919 2877
f 2877 2875 2920
f 2923 2920 2875
f 2875 2874 2923
f 2872 2871 6933
f 6933 2874 2872
f 6933 6936 6934
f 6934 6935 6933
f 6936 3905 3907
f 3907 6934 6936
f 6937 6938 6935
f 6935 6934 6937
f 6940 6941 6937
f 6937 6939 6940
f 4505 4502 6940
f 6940 6939 4505
f 6939 3907 3906
f 3906 4505 6939
f 6939 6937 6934
f 6934 3907 6939
f 4490 6941 6940
f 6940 4488 4490
f 2930 6941 4490
f 4490 2929 2930
f 6938 6937 6941
f 6941 2930 6938
f 2923 6935 6938
f 6938 2921 2923
f 2874 6933 6935
f 6935 2923 2874
f 2930 2922 2921
f 2921 6938 2930
f 4502 4489 4488
f 4488 6940 4502
f 2868 2867 3905
f 3905 6936 2868
f 2871 2868 6936
f 6936 6933 2871
f 2805 2807 2852
f 2852 2847 2805
f 2849 2801 2802
f 2802 2804 2849
f 2826 2800 2801
f 2801 2849 2826
f 2989 2992 6942
f 6942 2987 2989
f 6942 6943 2988
f 2988 2987 6942
f 6945 2988 6943
f 6943 6944 6945
f 6947 6945 6944
f 6944 6946 6947
f 6945 6947 6948
f 6948 6949 6945
f 6949 6948 6950
f 6950 6951 6949
f 2986 6949 6951
f 6951 2985 2986
f 6952 6953 2985
f 2985 6951 6952
f 6952 6956 6954
f 6954 6955 6952
f 6956 6958 6957
f 6957 6954 6956
f 6959 6960 6955
f 6955 6954 6959
f 6962 6963 6959
f 6959 6961 6962
f 6954 6957 6961
f 6961 6959 6954
f 6960 6959 6963
f 6963 6964 6960
f 6960 3075 3077
f 3077 6955 6960
f 6953 6952 6955
f 6955 3077 6953
f 6966 6957 6958
f 6958 6965 6966
f 6969 6965 6967
f 6967 6968 6969
f 6970 6967 6965
f 6965 6958 6970
f 6965 6969 6971
f 6971 6966 6965
f 6950 6970 6958
f 6958 6956 6950
f 6951 6950 6956
f 6956 6952 6951
f 6948 6972 6970
f 6970 6950 6948
f 6949 2986 2988
f 2988 6945 6949
f 6947 6973 6972
f 6972 6948 6947
f 6975 6972 6973
f 6973 6974 6975
f 6972 6975 6967
f 6967 6970 6972
f 6975 6976 6968
f 6968 6967 6975
f 6978 6968 6976
f 6976 6977 6978
f 6981 6977 6979
f 6979 6980 6981
f 6980 6979 6648
f 6648 6642 6980
f 6977 6976 6982
f 6982 6979 6977
f 6979 6982 6649
f 6649 6648 6979
f 6984 6981 6980
f 6980 6983 6984
f 6985 6983 6641
f 6641 6644 6985
f 6983 6980 6642
f 6642 6641 6983
f 6983 6985 6986
f 6986 6984 6983
f 6987 6978 6977
f 6977 6981 6987
f 6988 6987 6981
f 6981 6984 6988
f 6976 6975 6974
f 6974 6982 6976
f 6652 6649 6982
f 6982 6974 6652
f 6989 6652 6974
f 6974 6973 6989
f 6652 6989 6990
f 6990 6651 6652
f 6651 6990 6991
f 6991 6650 6651
f 6993 6991 6990
f 6990 6992 6993
f 6992 6990 6989
f 6989 6946 6992
f 6946 6989 6973
f 6973 6947 6946
f 6946 6944 6994
f 6994 6992 6946
f 6994 6997 6995
f 6997 6994 6996
f 6996 6999 6997
f 6999 6996 6998
f 7001 6998 7000
f 6998 7001 6999
f 5314 6999 7001
f 6999 5314 7002
f 5313 7002 5314
f 7002 5313 7003
f 7005 7003 7004
f 7003 7005 7002
f 5283 7004 7003
f 7004 5283 7006
f 5280 7003 5313
f 7003 5280 5283
f 6997 7002 7005
f 7002 6997 6999
f 7005 6995 6997
f 6995 7005 7007
f 7001 5309 5314
f 5309 7001 5312
f 7000 5312 7001
f 5312 7000 7008
f 7008 2996 5312
f 2996 7008 2994
f 2990 2994 7008
f 2994 2990 2991
f 2992 7008 7000
f 7008 2992 2990
f 2992 7000 6998
f 6998 6942 2992
f 6996 6943 6942
f 6942 6998 6996
f 6944 6943 6996
f 6996 6994 6944
f 6994 6995 6993
f 6993 6992 6994
f 7009 2982 2974
f 2974 2983 7009
f 2982 7009 3074
f 3074 2981 2982
f 7009 6953 3077
f 3077 3074 7009
f 2983 2985 6953
f 6953 7009 2983
f 3018 7010 3001
f 3001 3003 3018
f 7011 3001 7010
f 3001 7011 3002
f 7011 7014 7012
f 7014 7011 7013
f 7016 7017 7013
f 7013 7015 7016
f 7015 3017 3016
f 3016 7016 7015
f 7010 3018 3017
f 3017 7015 7010
f 7015 7013 7011
f 7011 7010 7015
f 7017 7016 7018
f 7018 7019 7017
f 7017 7021 7020
f 7021 7017 7019
f 7013 7020 7014
f 7020 7013 7017
f 7022 7014 7020
f 7014 7022 7023
f 7024 7023 7022
f 7023 7024 7025
f 7025 7027 7023
f 7027 7025 7026
f 7028 7029 5304
f 7029 7028 7026
f 7026 7030 7029
f 7030 7026 7025
f 7026 7031 7027
f 7031 7026 7028
f 7012 7023 7027
f 7023 7012 7014
f 7025 7032 7030
f 7032 7025 7024
f 7034 7024 7033
f 7024 7034 7032
f 7022 7033 7024
f 7033 7022 7035
f 7035 7020 7021
f 7020 7035 7022
f 7021 7037 7035
f 7037 7021 7036
f 7039 7036 7038
f 7036 7039 7037
f 7038 7041 7040
f 7041 7038 7036
f 7036 7019 7041
f 7019 7036 7021
f 7018 7041 7019
f 7041 7018 7042
f 7043 7040 7041
f 7041 7042 7043
f 7042 7045 7044
f 7044 7043 7042
f 7018 7046 7045
f 7045 7042 7018
f 7046 7018 7016
f 7016 3016 7046
f 7046 3015 7047
f 7047 7045 7046
f 3015 7046 3016
f 3016 3010 3015
f 7048 7044 7045
f 7045 7047 7048
f 7049 7050 7044
f 7044 7048 7049
f 7052 7049 7048
f 7048 7051 7052
f 7050 7049 7053
f 7053 7054 7050
f 7049 7052 7055
f 7055 7053 7049
f 7043 7044 7050
f 7050 7056 7043
f 7051 7048 7047
f 7047 7057 7051
f 7057 7047 3015
f 3015 3011 7057
f 7058 7051 7057
f 7057 3091 7058
f 7057 3011 3013
f 3013 3091 7057
f 7056 7059 7040
f 7040 7043 7056
f 7060 7061 7059
f 7059 7056 7060
f 7062 7063 7061
f 7061 7060 7062
f 7064 7062 7060
f 7060 7054 7064
f 7066 7062 7065
f 7062 7066 7063
f 7067 7065 7062
f 7062 7064 7067
f 7059 7069 7068
f 7069 7059 7061
f 7061 7070 7069
f 7070 7061 7063
f 7056 7050 7054
f 7054 7060 7056
f 7068 7040 7059
f 7040 7068 7038
f 7012 3002 7011
f 3002 7012 7071
f 7031 2998 7071
f 2998 7031 2999
f 7071 7027 7031
f 7027 7071 7012
f 7071 3000 3002
f 3000 7071 2998
f 3209 3228 3240
f 3228 3209 3211
f 3284 3159 7072
f 3159 3284 3160
f 3300 7072 3159
f 3159 3161 3300
f 3284 7072 7073
f 7073 3283 3284
f 3281 3283 7073
f 7073 7074 3281
f 7076 7077 7075
f 7075 7074 7076
f 7073 7078 7076
f 7076 7074 7073
f 3300 7078 7073
f 7073 7072 3300
f 7078 7079 7077
f 7077 7076 7078
f 3277 7077 7079
f 7079 3276 3277
f 3277 3278 7075
f 7075 7077 3277
f 3281 7074 7075
f 7075 3278 3281
f 3276 7079 3299
f 3299 3275 3276
f 7079 7078 3300
f 3300 3299 7079
f 3154 3153 3297
f 3297 3156 3154
f 3216 3208 3209
f 3209 3240 3216
f 3216 7081 7080
f 7080 3214 3216
f 7081 7083 7082
f 7082 7080 7081
f 7081 3241 7083
f 3241 7081 3239
f 7083 7085 7084
f 7084 7082 7083
f 7083 7086 7085
f 7086 7083 3241
f 3237 7088 7086
f 7088 3237 7087
f 7087 3236 7089
f 3236 7087 3237
f 7089 7090 7087
f 7090 7089 3329
f 7090 7091 7088
f 7088 7087 7090
f 7093 7088 7091
f 7091 7092 7093
f 7094 7084 7085
f 7085 7093 7094
f 7094 7097 7095
f 7095 7096 7094
f 7093 7092 7097
f 7097 7094 7093
f 7084 7094 7096
f 7096 7098 7084
f 7088 7093 7085
f 7085 7086 7088
f 7091 476 477
f 477 7092 7091
f 7090 479 476
f 476 7091 7090
f 479 3329 3325
f 3329 479 7090
f 3257 3329 7089
f 3329 3257 3327
f 7089 3238 3257
f 3238 7089 3236
f 3232 7086 3241
f 7086 3232 3237
f 7099 7100 7080
f 7080 7082 7099
f 7101 7102 7099
f 7099 7098 7101
f 7104 7105 7101
f 7101 7103 7104
f 7106 7107 7105
f 7105 7104 7106
f 7108 7110 7106
f 7110 7108 7109
f 7104 7111 7108
f 7108 7106 7104
f 7111 7104 7103
f 7103 7112 7111
f 7112 7114 7113
f 7113 7111 7112
f 7114 7112 7095
f 7095 7115 7114
f 7096 7095 7112
f 7112 7103 7096
f 7111 7113 7116
f 7116 7108 7111
f 7109 7116 7117
f 7116 7109 7108
f 7119 7116 7118
f 7116 7119 7117
f 7116 7113 7120
f 7120 7118 7116
f 7122 7110 7121
f 7110 7122 7123
f 7125 7107 7123
f 7123 7124 7125
f 7124 7127 7126
f 7126 7125 7124
f 7107 7125 7128
f 7128 7105 7107
f 7129 7128 7125
f 7125 7126 7129
f 7123 7130 7124
f 7130 7123 7122
f 7130 7132 7131
f 7132 7130 7122
f 7121 7132 7122
f 7132 7121 7133
f 7123 7106 7110
f 7106 7123 7107
f 7109 7121 7110
f 7121 7109 7134
f 80 7109 7117
f 7109 80 7134
f 7135 7121 7134
f 7121 7135 7133
f 7133 5658 7136
f 5658 7133 7135
f 7135 81 5658
f 81 7135 79
f 79 7134 80
f 7134 79 7135
f 7098 7096 7103
f 7103 7101 7098
f 7102 7101 7105
f 7105 7128 7102
f 7102 7137 7100
f 7100 7099 7102
f 3215 7100 7137
f 7137 7138 3215
f 7100 3215 3214
f 3214 7080 7100
f 3213 3215 7138
f 7138 7139 3213
f 7139 3197 3205
f 3205 3213 7139
f 7140 3195 3197
f 3197 7139 7140
f 3194 3187 3195
f 3195 7140 3194
f 7140 7142 7141
f 7141 3194 7140
f 7142 7140 7139
f 7139 7138 7142
f 7129 7142 7138
f 7138 7137 7129
f 7137 7102 7128
f 7128 7129 7137
f 7098 7099 7082
f 7082 7084 7098
f 3216 3239 7081
f 3239 3216 3240
f 3266 3260 3268
f 3268 3279 3266
f 3148 3140 3144
f 3144 3347 3148
f 3347 3144 446
f 446 3348 3347
f 3332 3348 446
f 446 442 3332
f 3258 3255 3262
f 3262 3267 3258
f 3256 3327 3257
f 3327 3256 3328
f 3117 5812 3145
f 3145 3128 3117
f 5812 3117 3116
f 3116 5813 5812
f 5811 5813 7143
f 7143 7144 5811
f 7143 3119 7145
f 7145 7146 7143
f 7147 7148 7146
f 7146 7145 7147
f 7150 7151 7147
f 7147 7149 7150
f 7145 7152 7149
f 7149 7147 7145
f 7152 7154 7153
f 7153 7149 7152
f 7154 7156 7155
f 7155 7153 7154
f 7149 7153 7157
f 7157 7150 7149
f 7159 7160 7157
f 7157 7158 7159
f 7153 7155 7158
f 7158 7157 7153
f 7155 7162 7161
f 7161 7158 7155
f 7156 7163 7162
f 7162 7155 7156
f 7159 7161 7164
f 7161 7159 7158
f 7164 7167 7165
f 7167 7164 7166
f 7164 7168 7166
f 7168 7164 7161
f 7169 7164 7165
f 7164 7169 7159
f 7172 7160 7170
f 7170 7171 7172
f 7150 7157 7160
f 7160 7172 7150
f 7151 7150 7172
f 7172 7173 7151
f 7174 7173 7172
f 7172 7171 7174
f 7170 7159 7169
f 7159 7170 7160
f 7175 7176 7171
f 7171 7170 7175
f 7175 7169 7177
f 7169 7175 7170
f 3120 7178 7156
f 7156 7154 3120
f 7178 7179 7163
f 7163 7156 7178
f 7179 7181 7180
f 7180 7163 7179
f 7183 7180 7181
f 7181 7182 7183
f 7182 7181 7184
f 7184 3176 7182
f 7186 7183 7182
f 7182 7185 7186
f 3176 3175 7185
f 7185 7182 3176
f 7180 7183 7187
f 7187 7188 7180
f 7163 7180 7188
f 7188 7162 7163
f 3122 7184 7181
f 7181 7179 3122
f 7179 7178 3121
f 3121 3122 7179
f 3113 3121 7178
f 7178 3120 3113
f 7154 7152 3118
f 3118 3120 7154
f 7152 7145 3119
f 3119 3118 7152
f 7151 7189 7148
f 7148 7147 7151
f 7189 7191 7190
f 7190 7148 7189
f 7192 7146 7148
f 7148 7190 7192
f 7192 3956 3955
f 3955 7144 7192
f 3955 3957 5811
f 5811 7144 3955
f 7144 7143 7146
f 7146 7192 7144
f 3956 7192 7190
f 7190 7193 3956
f 7190 7191 7194
f 7194 7193 7190
f 3956 7193 3958
f 3958 3954 3956
f 7193 7194 7195
f 7195 3958 7193
f 7194 655 656
f 656 7195 7194
f 3958 7195 666
f 666 667 3958
f 657 666 7195
f 7195 656 657
f 655 7194 7191
f 7191 7196 655
f 7196 7191 7189
f 7189 7197 7196
f 7173 7197 7189
f 7189 7151 7173
f 5813 3116 3119
f 3119 7143 5813
f 7092 477 7198
f 7198 7097 7092
f 7115 7095 7097
f 7097 7198 7115
f 480 481 7115
f 7115 7198 480
f 7198 477 474
f 474 480 7198
f 3458 3484 3461
f 3461 3455 3458
f 3398 3467 3468
f 3468 3397 3398
f 3446 7199 3439
f 3439 3441 3446
f 7199 3658 3440
f 3440 3439 7199
f 7200 7201 3658
f 3658 7199 7200
f 7199 3446 7202
f 7202 7200 7199
f 7204 7205 7202
f 7202 7203 7204
f 7203 7202 3446
f 3446 3445 7203
f 7203 7207 7206
f 7206 7204 7203
f 7205 7204 7208
f 7208 7209 7205
f 7202 7210 7200
f 7210 7202 7205
f 7200 7211 7201
f 7211 7200 7210
f 7212 7201 7211
f 7201 7212 7213
f 7215 7211 7214
f 7211 7215 7212
f 7216 7214 7211
f 7211 7210 7216
f 7217 7218 7215
f 7215 7214 7217
f 7219 7217 7214
f 7214 7216 7219
f 7220 7213 7212
f 7213 7220 7221
f 7220 7223 3675
f 7223 7220 7222
f 7220 7212 7215
f 7215 7222 7220
f 3675 7221 7220
f 7221 3675 3676
f 3657 3658 7201
f 7201 7213 3657
f 3656 3657 7213
f 7213 7221 3656
f 7210 7205 7209
f 7209 7216 7210
f 7224 7219 7216
f 7216 7209 7224
f 7219 7224 7225
f 7225 7226 7219
f 7224 7228 7227
f 7227 7225 7224
f 7229 7230 7226
f 7226 7225 7229
f 7225 7227 7231
f 7231 7229 7225
f 7209 7208 7228
f 7228 7224 7209
f 7233 7228 7208
f 7208 7232 7233
f 7204 7206 7232
f 7232 7208 7204
f 7234 7235 7207
f 7207 3448 7234
f 7236 7237 7235
f 7235 7234 7236
f 7238 7239 7237
f 7237 7236 7238
f 7239 7238 7240
f 7240 7241 7239
f 7243 7239 7241
f 7241 7242 7243
f 7246 7243 7244
f 7244 7245 7246
f 7243 7242 7247
f 7247 7244 7243
f 7239 7243 7246
f 7246 7237 7239
f 7248 7249 7242
f 7242 7241 7248
f 7250 7248 7241
f 7241 7240 7250
f 7238 7252 7251
f 7251 7240 7238
f 7252 7254 7253
f 7253 7251 7252
f 7254 3523 3525
f 3525 7253 7254
f 7255 3524 3523
f 3523 7254 7255
f 7254 7252 7256
f 7256 7255 7254
f 7257 7250 7240
f 7240 7251 7257
f 7258 7257 7251
f 7251 7253 7258
f 7236 7256 7252
f 7252 7238 7236
f 7234 7259 7256
f 7256 7236 7234
f 7259 7234 3448
f 3448 3447 7259
f 7255 7256 7259
f 7259 7260 7255
f 7260 3534 3524
f 3524 7255 7260
f 3449 3533 3534
f 3534 7260 3449
f 3447 3449 7260
f 7260 7259 3447
f 7237 7246 7261
f 7261 7235 7237
f 7262 7232 7206
f 7206 7261 7262
f 7263 7233 7232
f 7232 7262 7263
f 7233 7263 7264
f 7264 7265 7233
f 7267 7264 7263
f 7263 7266 7267
f 7266 7263 7262
f 7262 7245 7266
f 7261 7246 7245
f 7245 7262 7261
f 7207 7235 7261
f 7261 7206 7207
f 3448 7207 7203
f 7203 3445 3448
f 3476 3462 3442
f 3442 3443 3476
f 3450 3460 3533
f 3533 3449 3450
f 3431 3451 3460
f 3460 3450 3431
f 2098 7268 6758
f 6758 6757 2098
f 7268 7270 7269
f 7269 6758 7268
f 7272 7269 7270
f 7270 7271 7272
f 7271 7274 7273
f 7273 7272 7271
f 7275 7276 7274
f 7274 7271 7275
f 7277 7278 7276
f 7276 7275 7277
f 7278 7277 7279
f 7279 7280 7278
f 7278 7282 7281
f 7281 7276 7278
f 7283 7274 7276
f 7276 7281 7283
f 7281 7285 7284
f 7284 7283 7281
f 7282 7286 7285
f 7285 7281 7282
f 3619 3618 7284
f 7284 7287 3619
f 7287 7284 7285
f 7285 7288 7287
f 3618 3620 7283
f 7283 7284 3618
f 3620 7273 7274
f 7274 7283 3620
f 3598 3597 7272
f 7272 7273 3598
f 3614 3598 7273
f 7273 3620 3614
f 7280 7289 7282
f 7282 7278 7280
f 7290 7291 7289
f 7289 7280 7290
f 7291 7290 7292
f 7292 7293 7291
f 7293 7295 7294
f 7294 7291 7293
f 7296 7297 7295
f 7295 7293 7296
f 7293 7292 7298
f 7298 7296 7293
f 7290 7300 7299
f 7299 7292 7290
f 7302 7300 7279
f 7279 7301 7302
f 7300 7290 7280
f 7280 7279 7300
f 7300 7302 7303
f 7303 7299 7300
f 7289 7304 7286
f 7286 7282 7289
f 7294 7306 7305
f 7305 7304 7294
f 7291 7294 7304
f 7304 7289 7291
f 7304 7305 7307
f 7307 7286 7304
f 7301 7279 7277
f 7277 7308 7301
f 2157 7308 7309
f 7309 7310 2157
f 7270 7268 7310
f 7310 7309 7270
f 7271 7270 7309
f 7309 7275 7271
f 7308 7277 7275
f 7275 7309 7308
f 2151 2157 7310
f 7310 2099 2151
f 2099 7310 7268
f 7268 2098 2099
f 2155 7301 7308
f 7308 2157 2155
f 3597 3599 7269
f 7269 7272 3597
f 6758 7269 3599
f 3599 6756 6758
f 2098 6757 2111
f 2111 2101 2098
f 2090 6774 2092
f 2092 2086 2090
f 6774 6777 7311
f 7311 2092 6774
f 2092 7311 7312
f 7312 2091 2092
f 2011 2010 2091
f 2091 7312 2011
f 7314 2011 7312
f 7312 7313 7314
f 2011 7314 7315
f 7315 2009 2011
f 2005 7315 7316
f 7315 2005 2009
f 2005 1992 1983
f 1992 2005 7316
f 7316 1991 1992
f 1991 7316 7317
f 7318 1991 7317
f 1991 7318 7319
f 7319 7321 7320
f 7321 7319 7318
f 7320 7323 7322
f 7323 7320 7321
f 7323 7325 7322
f 7325 7323 7324
f 7325 7327 7326
f 7327 7325 7324
f 7328 7329 7327
f 7327 7324 7328
f 7323 7330 7328
f 7328 7324 7323
f 7320 7332 7331
f 7332 7320 7322
f 7332 7325 7333
f 7325 7332 7322
f 7330 7321 7334
f 7321 7330 7323
f 7335 7336 7330
f 7330 7334 7335
f 7338 7335 7334
f 7334 7337 7338
f 7334 7318 7337
f 7318 7334 7321
f 1991 7339 1989
f 7339 1991 7319
f 6791 1989 7339
f 1989 6791 1990
f 7331 6791 7339
f 6791 7331 6792
f 7339 7320 7331
f 7320 7339 7319
f 7340 7337 7318
f 7318 7317 7340
f 7341 7338 7337
f 7337 7340 7341
f 7314 7341 7340
f 7340 7315 7314
f 7342 7343 7338
f 7338 7341 7342
f 7343 7342 7344
f 7344 7345 7343
f 7346 7344 7342
f 7342 7313 7346
f 7313 7342 7341
f 7341 7314 7313
f 7316 7340 7317
f 7340 7316 7315
f 7311 7346 7313
f 7313 7312 7311
f 6777 6776 7346
f 7346 7311 6777
f 2099 2096 2103
f 2103 2151 2099
f 2161 2141 2140
f 2140 2162 2161
f 7347 7348 2159
f 2159 2162 7347
f 7349 7350 7348
f 7348 7347 7349
f 7350 7349 7351
f 7351 7352 7350
f 7354 7350 7352
f 7352 7353 7354
f 7353 7356 7355
f 7355 7354 7353
f 7357 7348 7350
f 7350 7354 7357
f 7359 2160 7357
f 7357 7358 7359
f 7354 7355 7358
f 7358 7357 7354
f 7355 7361 7360
f 7360 7358 7355
f 7361 7363 7362
f 7362 7360 7361
f 7364 7365 7363
f 7363 7361 7364
f 7363 7367 7366
f 7366 7362 7363
f 7365 7368 7367
f 7367 7363 7365
f 7358 7360 7369
f 7369 7359 7358
f 7360 7362 7303
f 7303 7369 7360
f 7356 7364 7361
f 7361 7355 7356
f 7370 7371 7364
f 7364 7356 7370
f 7356 7353 7372
f 7372 7370 7356
f 7348 7357 2160
f 2160 2159 7348
f 7373 7372 7353
f 7353 7352 7373
f 7375 7373 7374
f 7373 7375 7372
f 7376 7372 7375
f 7372 7376 7370
f 7375 3580 7376
f 3580 7375 3581
f 7370 7377 7371
f 7377 7370 7376
f 7378 7371 7377
f 7371 7378 7379
f 3628 7377 3579
f 7377 3628 7378
f 7379 3633 7380
f 3633 7379 7378
f 7381 7368 7380
f 7368 7381 7382
f 7380 3630 7381
f 3630 7380 3633
f 7379 7380 7368
f 7368 7365 7379
f 3627 7378 3628
f 7378 3627 3633
f 7376 3579 7377
f 3579 7376 3580
f 7374 3581 7375
f 3581 7374 3571
f 7374 7384 7383
f 7384 7374 7373
f 7385 7384 7351
f 7384 7385 7386
f 7386 6583 6586
f 6583 7386 7385
f 7386 7383 7384
f 7383 7386 7387
f 7387 6586 6592
f 6586 7387 7386
f 7388 6584 6583
f 6583 7385 7388
f 6584 7388 7389
f 7389 7390 6584
f 7388 7349 7347
f 7347 7389 7388
f 7351 7388 7385
f 7388 7351 7349
f 7384 7373 7352
f 7352 7351 7384
f 7383 3571 7374
f 3571 7383 3569
f 2162 2140 7389
f 7389 7347 2162
f 2140 2142 7390
f 7390 7389 2140
f 7391 2129 2121
f 2121 2124 7391
f 2129 7391 7392
f 7392 7393 2129
f 7393 7394 2127
f 2127 2129 7393
f 7394 7395 2128
f 2128 2127 7394
f 7395 7397 7396
f 7396 2128 7395
f 7397 7395 7398
f 7398 7399 7397
f 7399 7398 7400
f 7400 7401 7399
f 7398 7403 7402
f 7402 7400 7398
f 7405 7402 7403
f 7403 7404 7405
f 7406 7404 7393
f 7393 7392 7406
f 7407 7408 7392
f 7392 7391 7407
f 7408 7409 7406
f 7406 7392 7408
f 7404 7403 7394
f 7394 7393 7404
f 7410 7405 7404
f 7404 7406 7410
f 7410 7406 7409
f 7409 7411 7410
f 7405 7410 7412
f 7412 7413 7405
f 7412 7410 7411
f 7411 7414 7412
f 7415 7416 7400
f 7400 7402 7415
f 7413 7415 7402
f 7402 7405 7413
f 7416 7415 7417
f 7417 7418 7416
f 7415 7413 7419
f 7419 7417 7415
f 7401 7400 7416
f 7416 7420 7401
f 7403 7398 7395
f 7395 7394 7403
f 7399 7422 7421
f 7421 7397 7399
f 7425 7422 7423
f 7423 7424 7425
f 6602 6607 7425
f 7425 6601 6602
f 6601 7425 7424
f 7424 6599 6601
f 7426 7427 6599
f 6599 7424 7426
f 7426 7430 7428
f 7428 7429 7426
f 7424 7423 7430
f 7430 7426 7424
f 7426 7429 7431
f 7431 7427 7426
f 6607 7421 7422
f 7422 7425 6607
f 7432 7396 7397
f 7397 7421 7432
f 2145 2147 7396
f 7396 7432 2145
f 7432 6605 2146
f 2146 2145 7432
f 6605 7432 7421
f 7421 6607 6605
f 7422 7399 7401
f 7401 7423 7422
f 2185 7407 7391
f 7391 2124 2185
f 2147 2126 2128
f 2128 7396 2147
f 2143 2138 2146
f 2146 6606 2143
f 3550 2467 2468
f 2468 3604 3550
f 3593 3601 6756
f 6756 3599 3593
f 3617 3607 3613
f 3607 3617 3611
f 3478 3737 3481
f 3481 3474 3478
f 2865 2862 2891
f 2891 2892 2865
f 3815 3816 5879
f 5879 7433 3815
f 3806 3815 7433
f 7433 3807 3806
f 7434 7435 3807
f 3807 7433 7434
f 7434 5881 7436
f 7436 7437 7434
f 7435 7434 7437
f 7437 7438 7435
f 7438 7440 7439
f 7439 7435 7438
f 7441 7442 7440
f 7440 7438 7441
f 7438 7437 7443
f 7443 7441 7438
f 7441 7443 7444
f 7444 7445 7441
f 7443 7447 7446
f 7446 7444 7443
f 7447 7449 7448
f 7448 7446 7447
f 7450 7451 7444
f 7444 7446 7450
f 7452 7450 7446
f 7446 7448 7452
f 7449 5854 5855
f 5855 7448 7449
f 5854 7449 7453
f 7453 5857 5854
f 7449 7447 7436
f 7436 7453 7449
f 7447 7443 7437
f 7437 7436 7447
f 7451 7454 7445
f 7445 7444 7451
f 7455 7456 7454
f 7454 7451 7455
f 7451 7450 7457
f 7457 7455 7451
f 7458 7459 7456
f 7456 7455 7458
f 7455 7457 7460
f 7460 7458 7455
f 7462 7445 7454
f 7454 7461 7462
f 7442 7441 7445
f 7445 7462 7442
f 7463 7442 7462
f 7462 7461 7463
f 7456 7464 7461
f 7461 7454 7456
f 7459 7465 7464
f 7464 7456 7459
f 7464 7466 7463
f 7463 7461 7464
f 7466 7464 7465
f 7465 7467 7466
f 7440 7468 3940
f 3940 7439 7440
f 7439 3940 3805
f 3805 3804 7439
f 7435 7439 3804
f 3804 3807 7435
f 7463 7466 7469
f 7469 7468 7463
f 3939 3938 7469
f 7469 7470 3939
f 7472 3939 7470
f 7470 7471 7472
f 7471 7470 7467
f 7467 7473 7471
f 3918 7472 7471
f 7471 4861 3918
f 4861 7471 7473
f 7473 4859 4861
f 7470 7469 7466
f 7466 7467 7470
f 3938 3940 7468
f 7468 7469 3938
f 7468 7440 7442
f 7442 7463 7468
f 7433 5879 5881
f 5881 7434 7433
f 3816 3814 3818
f 3818 5127 3816
f 5130 5125 5127
f 5127 3818 5130
f 7453 7436 5881
f 5881 5880 7453
f 3818 3817 5131
f 5131 5130 3818
f 3817 3820 3844
f 3844 5131 3817
f 5131 3844 3847
f 3847 5093 5131
f 774 776 781
f 781 786 774
f 639 650 636
f 636 635 639
f 636 651 7474
f 7474 634 636
f 7176 633 634
f 634 7474 7176
f 7474 7174 7171
f 7171 7176 7474
f 7174 7474 651
f 651 653 7174
f 7196 7197 653
f 653 652 7196
f 652 654 655
f 655 7196 652
f 653 7197 7173
f 7173 7174 653
f 4063 4099 7475
f 7475 4062 4063
f 7476 4061 4062
f 4062 7475 7476
f 7477 7478 4061
f 4061 7476 7477
f 7478 7477 7479
f 7479 7480 7478
f 7478 7481 4060
f 4060 4061 7478
f 7481 7478 7480
f 7480 7482 7481
f 7480 7479 7483
f 7483 7484 7480
f 7485 7483 7479
f 7479 4354 7485
f 7486 7487 7483
f 7483 7485 7486
f 7488 7489 7487
f 7487 7486 7488
f 7491 7489 7488
f 7488 7490 7491
f 7492 7493 7490
f 7490 7488 7492
f 7492 7488 7486
f 7486 7494 7492
f 7484 7483 7487
f 7487 7495 7484
f 7495 7487 7489
f 7489 7496 7495
f 7486 7485 4352
f 4352 7494 7486
f 7485 4354 4349
f 4349 4352 7485
f 4354 7479 7477
f 7477 4355 4354
f 7482 7480 7484
f 7484 7497 7482
f 7499 7500 7498
f 7498 7497 7499
f 7500 7499 7501
f 7501 7502 7500
f 7500 7502 7503
f 7503 7504 7500
f 4182 7498 7500
f 7500 7504 4182
f 4179 4182 7504
f 7504 7505 4179
f 7505 7504 7503
f 7503 7506 7505
f 7508 7503 7502
f 7502 7507 7508
f 7501 7509 7507
f 7507 7502 7501
f 7499 7495 7496
f 7496 7501 7499
f 7497 7484 7495
f 7495 7499 7497
f 7510 7482 7497
f 7497 7498 7510
f 7482 7510 4059
f 4059 7481 7482
f 4058 4059 7510
f 7510 4181 4058
f 4181 7510 7498
f 7498 4182 4181
f 4054 4060 7481
f 7481 4059 4054
f 7476 4358 4355
f 4355 7477 7476
f 7475 7511 4358
f 4358 7476 7475
f 7511 7512 4356
f 4356 4358 7511
f 7514 7515 7512
f 7512 7513 7514
f 7513 7517 7516
f 7516 7514 7513
f 7518 4098 7517
f 7517 7513 7518
f 4099 7518 7511
f 7511 7475 4099
f 7518 7513 7512
f 7512 7511 7518
f 4099 4095 4098
f 4098 7518 4099
f 7519 7516 7517
f 7516 7519 7520
f 7521 7520 7519
f 7520 7521 7522
f 4096 7519 4097
f 7519 4096 7521
f 7522 7524 7523
f 7524 7522 7521
f 7525 7521 4096
f 7521 7525 7524
f 7526 7523 7524
f 7523 7526 7527
f 7528 7524 7525
f 7524 7528 7526
f 7522 7530 7520
f 7530 7522 7529
f 7523 7529 7522
f 7529 7523 7531
f 4097 7517 4098
f 7517 4097 7519
f 7520 4341 7516
f 4341 7520 7530
f 4341 4340 7514
f 7514 7516 4341
f 4340 4342 7515
f 7515 7514 4340
f 4356 7512 7515
f 7515 4357 4356
f 4342 4345 4357
f 4357 7515 4342
f 4133 4744 4280
f 4280 4103 4133
f 4744 4133 4135
f 4135 4745 4744
f 4745 4135 7532
f 7532 4746 4745
f 4135 4134 7533
f 7533 7532 4135
f 7535 7536 7533
f 7533 7534 7535
f 7538 7534 4136
f 4136 7537 7538
f 4131 7539 7537
f 7537 4136 4131
f 7540 7539 4124
f 4124 4126 7540
f 7542 7540 4126
f 4126 7541 7542
f 7544 7542 7541
f 7541 7543 7544
f 7547 7543 7545
f 7545 7546 7547
f 7547 7546 7548
f 7548 7549 7547
f 7549 4802 7550
f 7550 7547 7549
f 4796 4799 4802
f 4802 7549 4796
f 4797 4796 7549
f 7549 7548 4797
f 7548 7546 4407
f 4407 4406 7548
f 7546 7545 7551
f 7551 4407 7546
f 7550 7544 7543
f 7543 7547 7550
f 7542 7544 7552
f 7552 7553 7542
f 7554 7552 7544
f 7544 7550 7554
f 4120 7545 7543
f 7543 7541 4120
f 7541 4126 4117
f 4117 4120 7541
f 7555 7537 7539
f 7539 7540 7555
f 7553 7555 7540
f 7540 7542 7553
f 7556 7538 7537
f 7537 7555 7556
f 7556 7559 7557
f 7557 7558 7556
f 7561 7557 7559
f 7559 7560 7561
f 7560 7563 7562
f 7562 7561 7560
f 7552 7554 7563
f 7563 7560 7552
f 7553 7552 7560
f 7560 7559 7553
f 7558 7557 7564
f 7564 7565 7558
f 7566 7564 7557
f 7557 7561 7566
f 7555 7553 7559
f 7559 7556 7555
f 7558 7567 7538
f 7538 7556 7558
f 7535 7567 7568
f 7568 7569 7535
f 7571 7572 7570
f 7570 7569 7571
f 7569 7568 7573
f 7573 7571 7569
f 7536 7535 7569
f 7569 7570 7536
f 7567 7558 7565
f 7565 7568 7567
f 7534 7538 7567
f 7567 7535 7534
f 7539 4131 4125
f 4125 4124 7539
f 4134 4136 7534
f 7534 7533 4134
f 7532 7533 7536
f 7536 7574 7532
f 4749 7574 7575
f 7575 4752 4749
f 7574 7536 7570
f 7570 7575 7574
f 7576 7577 4752
f 4752 7575 7576
f 7578 7579 7577
f 7577 7576 7578
f 7579 7578 7580
f 7580 7581 7579
f 7583 7584 7582
f 7582 7581 7583
f 7585 7586 7584
f 7584 7583 7585
f 7589 7585 7587
f 7587 7588 7589
f 7588 7591 7590
f 7590 7589 7588
f 7592 7586 7585
f 7585 7589 7592
f 7590 7593 7592
f 7592 7589 7590
f 7587 7595 7594
f 7594 7588 7587
f 7583 7595 7587
f 7587 7585 7583
f 7584 7597 7596
f 7596 7582 7584
f 7581 7582 4769
f 4769 7579 7581
f 7582 7596 4766
f 4766 4769 7582
f 7597 7599 7596
f 7599 7597 7598
f 7601 7597 7600
f 7597 7601 7598
f 7597 7584 7586
f 7586 7600 7597
f 7581 7580 7595
f 7595 7583 7581
f 7602 7594 7595
f 7595 7580 7602
f 7605 7602 7603
f 7603 7604 7605
f 7580 7578 7603
f 7603 7602 7580
f 7594 7602 7605
f 7605 7606 7594
f 7603 7578 7576
f 7576 7572 7603
f 7579 4769 4768
f 4768 7577 7579
f 4752 7577 4768
f 4768 4751 4752
f 7572 7576 7575
f 7575 7570 7572
f 4746 7532 7574
f 7574 4749 4746
f 4123 7607 4121
f 7607 4123 4128
f 7608 4121 7607
f 4121 7608 4122
f 7609 4122 7608
f 4122 7609 7610
f 7610 4404 4405
f 4404 7610 7609
f 4119 7610 7551
f 7610 4119 4122
f 4405 7551 7610
f 7551 4405 4407
f 4414 7609 7611
f 7609 4414 4404
f 7613 7614 7612
f 7614 7613 7611
f 7616 7613 7615
f 7613 7616 4416
f 7618 7615 7617
f 7615 7618 7619
f 7617 7621 7618
f 7621 7617 7620
f 7623 7620 7622
f 7620 7623 7621
f 7625 7621 7624
f 7621 7625 7618
f 7627 7624 7626
f 7624 7627 7625
f 7628 7626 7624
f 7626 7628 7629
f 7623 7624 7621
f 7624 7623 7628
f 7622 7630 7623
f 7630 7622 4144
f 7623 7631 7628
f 7631 7623 7630
f 7630 7632 7631
f 7632 7630 4150
f 4144 4150 7630
f 4150 4144 4142
f 4143 7622 7633
f 7622 4143 4144
f 7635 7633 7634
f 7633 7635 7636
f 7634 7622 7620
f 7622 7634 7633
f 4145 7633 7636
f 7633 4145 4143
f 7612 7620 7617
f 7620 7612 7634
f 7615 7612 7617
f 7612 7615 7613
f 7614 7634 7612
f 7634 7614 7635
f 7611 7608 7614
f 7608 7611 7609
f 7607 7614 7608
f 7614 7607 7635
f 7618 7637 7619
f 7637 7618 7625
f 7638 7619 7637
f 7619 7638 7639
f 7640 7639 7638
f 7639 7640 7641
f 7640 7644 7642
f 7644 7640 7643
f 7640 7645 7643
f 7645 7640 7638
f 7642 7641 7640
f 7641 7642 7646
f 7616 7615 7619
f 7619 7639 7616
f 7647 7616 7639
f 7639 7641 7647
f 7647 4416 7616
f 4416 7647 4415
f 7637 7645 7638
f 7645 7637 7648
f 7648 7650 7649
f 7649 7645 7648
f 7651 7652 7649
f 7649 7650 7651
f 7650 7654 7653
f 7653 7651 7650
f 7650 7648 7627
f 7627 7654 7650
f 7625 7648 7637
f 7648 7625 7627
f 4416 7611 7613
f 7611 4416 4414
f 4128 7635 7607
f 7635 4128 7636
f 4127 7636 4128
f 7636 4127 4145
f 7655 3993 3995
f 3995 4008 7655
f 7655 4010 7656
f 4010 7655 4008
f 7656 7658 7655
f 7658 7656 7657
f 7660 7661 7659
f 7661 7660 7657
f 7657 7662 7661
f 7662 7657 7656
f 7530 7662 7663
f 7662 7530 7529
f 4341 7663 4339
f 7663 4341 7530
f 4010 4339 7663
f 4339 4010 4009
f 7663 7656 4010
f 7656 7663 7662
f 7662 7529 7531
f 7531 7661 7662
f 7531 7659 7661
f 7659 7531 7664
f 7666 7664 7665
f 7664 7666 7659
f 7667 7668 7666
f 7666 7665 7667
f 7667 7670 7669
f 7669 7668 7667
f 7670 7672 7671
f 7671 7669 7670
f 3990 7671 7672
f 7672 4087 3990
f 7673 7674 7669
f 7669 7671 7673
f 3989 7673 7671
f 7671 3990 3989
f 7675 4085 4087
f 4087 7672 7675
f 7675 7672 7670
f 7670 7676 7675
f 4084 4085 7675
f 7675 4092 4084
f 4092 7675 7676
f 7676 7528 4092
f 7677 7676 7670
f 7670 7667 7677
f 7528 7676 7677
f 7677 7526 7528
f 7677 7527 7526
f 7527 7677 7678
f 7527 7665 7664
f 7665 7527 7678
f 7678 7677 7667
f 7667 7665 7678
f 7668 7659 7666
f 7659 7668 7660
f 7674 7657 7660
f 7657 7674 7658
f 3994 7658 7674
f 7674 7673 3994
f 7658 3994 3993
f 3993 7655 7658
f 7660 7668 7669
f 7669 7674 7660
f 7664 7523 7527
f 7523 7664 7531
f 4456 4455 4445
f 4445 4449 4456
f 4566 4589 4561
f 4561 4563 4566
f 4568 4582 4589
f 4589 4566 4568
f 4562 4561 4589
f 4589 4588 4562
f 4662 7680 7679
f 7680 4662 4707
f 7680 4706 7681
f 4706 7680 4707
f 7683 4313 7682
f 4313 7683 7681
f 7685 7686 7684
f 7686 7685 7683
f 7688 7684 7687
f 7684 7688 7685
f 7690 7687 7689
f 7687 7690 7688
f 7687 7692 7691
f 7692 7687 7684
f 7693 7684 7686
f 7684 7693 7692
f 7692 7695 7694
f 7694 7691 7692
f 7694 7697 7696
f 7697 7694 7695
f 7696 7699 7698
f 7699 7696 7697
f 7697 7701 7699
f 7701 7697 7700
f 7695 7700 7697
f 7700 7695 7702
f 7691 7694 7703
f 7703 7704 7691
f 7703 7696 7705
f 7696 7703 7694
f 7693 7702 7695
f 7695 7692 7693
f 7706 7707 7702
f 7702 7693 7706
f 7686 7706 7693
f 7706 7686 7708
f 7689 7691 7704
f 7691 7689 7687
f 4786 7689 7709
f 7689 4786 7690
f 7710 7690 4786
f 4786 4785 7710
f 7679 4660 4662
f 4660 7679 7710
f 7710 7688 7690
f 7688 7710 7679
f 7685 7679 7680
f 7679 7685 7688
f 4660 7710 4785
f 4785 4661 4660
f 4781 4778 7709
f 7709 7711 4781
f 4781 7713 7712
f 7713 4781 7711
f 7713 7711 7704
f 7704 7703 7713
f 7713 7715 7712
f 7715 7713 7714
f 7705 7713 7703
f 7713 7705 7714
f 7704 7709 7689
f 7709 7704 7711
f 4786 7709 4778
f 4778 4777 4786
f 7685 7681 7683
f 7681 7685 7680
f 7683 7708 7686
f 7708 7683 7682
f 7716 7682 4309
f 7682 7716 7708
f 7708 7717 7706
f 7717 7708 7716
f 7718 7706 7717
f 7706 7718 7707
f 7718 7721 7719
f 7721 7718 7720
f 7723 7720 7722
f 7720 7723 7721
f 7721 7725 7719
f 7725 7721 7724
f 7726 7727 7725
f 7725 7724 7726
f 7724 7729 7728
f 7728 7726 7724
f 7723 7724 7721
f 7724 7723 7729
f 7707 7719 7730
f 7719 7707 7718
f 7719 7731 7730
f 7731 7719 7725
f 4299 7732 7723
f 7723 7722 4299
f 7734 7735 7732
f 7732 7733 7734
f 4297 7733 7732
f 7732 4299 4297
f 7723 7732 7735
f 7735 7729 7723
f 4292 4299 7722
f 7722 4291 4292
f 7722 4290 4291
f 4290 7722 7720
f 7717 7720 7718
f 7720 7717 4290
f 7716 4290 7717
f 4290 7716 4288
f 4309 4288 7716
f 4288 4309 4289
f 4308 7682 4313
f 7682 4308 4309
f 7681 4310 4313
f 4310 7681 4706
f 4706 4311 4310
f 4311 4706 4704
f 4761 4814 4762
f 4814 4761 4812
f 4668 4394 4395
f 4394 4668 4798
f 4394 4798 4797
f 4797 4396 4394
f 4797 7548 4406
f 4406 4396 4797
f 4395 4399 7736
f 4399 4395 4392
f 7736 7738 7737
f 7738 7736 4399
f 7737 4695 4692
f 4695 7737 7738
f 7737 4666 7736
f 4666 7737 4665
f 4692 4665 7737
f 4665 4692 4691
f 7738 4438 4695
f 4438 7738 4439
f 4439 4399 4398
f 4399 4439 7738
f 4668 7736 4666
f 7736 4668 4395
f 4398 4425 4439
f 4425 4398 4397
f 7550 4802 4801
f 4801 7554 7550
f 4119 7551 7545
f 7545 4120 4119
f 4897 4855 4846
f 4846 4849 4897
f 7740 4849 4850
f 4850 7739 7740
f 849 848 7739
f 7739 7741 849
f 7743 849 7741
f 7741 7742 7743
f 5862 5863 7743
f 7743 7744 5862
f 7746 7747 7745
f 7745 7744 7746
f 7748 7749 7747
f 7747 7746 7748
f 7748 7750 4842
f 4842 4844 7748
f 7746 7742 7750
f 7750 7748 7746
f 7742 7746 7744
f 7744 7743 7742
f 4851 7750 7742
f 7742 7741 4851
f 7750 4851 4843
f 4843 4842 7750
f 4844 7751 7749
f 7749 7748 4844
f 7751 7753 7752
f 7752 7749 7751
f 7754 7753 7751
f 7751 4840 7754
f 7457 7755 7754
f 7754 7460 7457
f 7755 7756 7753
f 7753 7754 7755
f 7756 7755 7452
f 7452 7757 7756
f 7755 7457 7450
f 7450 7452 7755
f 7460 7754 4840
f 4840 4839 7460
f 7756 5852 7752
f 7752 7753 7756
f 7758 7747 7749
f 7749 7752 7758
f 5849 7758 7752
f 7752 5852 5849
f 5860 7745 7747
f 7747 7758 5860
f 5848 5860 7758
f 7758 5849 5848
f 4840 7751 4844
f 4844 4837 4840
f 5861 5862 7744
f 7744 7745 5861
f 849 7743 5863
f 5863 847 849
f 4850 4851 7741
f 7741 7739 4850
f 850 7740 7739
f 7739 848 850
f 4849 7740 4898
f 4898 4897 4849
f 850 843 4898
f 4898 7740 850
f 3908 3903 3911
f 3911 3925 3908
f 3909 3908 3925
f 3925 3926 3909
f 3926 4503 4504
f 4504 3909 3926
f 3920 3919 4860
f 4860 3929 3920
f 4966 7759 5030
f 7759 4966 4965
f 5030 7760 5031
f 7760 5030 7759
f 7761 5031 7760
f 5031 7761 7762
f 7762 7764 7763
f 7764 7762 7761
f 7761 7766 7764
f 7766 7761 7765
f 7768 7765 7767
f 7765 7768 7766
f 7764 7770 7769
f 7770 7764 7766
f 7763 7769 7771
f 7769 7763 7764
f 7771 7773 7772
f 7773 7771 7769
f 7769 7774 7773
f 7774 7769 7770
f 7770 7776 7774
f 7776 7770 7775
f 7775 7766 7768
f 7766 7775 7770
f 7772 7778 7777
f 7778 7772 7773
f 7779 7777 7778
f 7777 7779 7780
f 7778 7782 7779
f 7782 7778 7781
f 7773 7781 7778
f 7781 7773 7774
f 7784 7772 7783
f 7772 7784 7771
f 7783 7777 7785
f 7777 7783 7772
f 5034 7763 7786
f 7763 5034 7762
f 5049 5032 5034
f 5034 7786 5049
f 7786 7784 5050
f 5050 5049 7786
f 7786 7771 7784
f 7771 7786 7763
f 7767 7788 7768
f 7788 7767 7787
f 7787 7790 7788
f 7790 7787 7789
f 7789 7792 7790
f 7792 7789 7791
f 7794 7791 7793
f 7791 7794 7792
f 7790 7796 7795
f 7796 7790 7792
f 7792 7797 7796
f 7797 7792 7794
f 7798 7800 7793
f 7800 7798 7799
f 7801 7793 7791
f 7793 7801 7798
f 7802 7793 7800
f 7793 7802 7794
f 7803 7791 7789
f 7791 7803 7801
f 7801 7805 7804
f 7805 7801 7803
f 7803 7807 7805
f 7807 7803 7806
f 7806 7789 7787
f 7789 7806 7803
f 7768 7808 7775
f 7808 7768 7788
f 7775 7809 7776
f 7809 7775 7808
f 7809 7812 7810
f 7812 7809 7811
f 7808 7811 7809
f 7811 7808 7795
f 7776 7810 7813
f 7810 7776 7809
f 7788 7795 7808
f 7795 7788 7790
f 7814 7787 7767
f 7787 7814 7806
f 7815 7806 7814
f 7806 7815 7807
f 4968 7815 7816
f 7815 4968 7817
f 7817 7807 7815
f 7807 7817 7818
f 7818 7819 5350
f 7819 7818 7817
f 7817 4967 7819
f 4967 7817 4968
f 7759 7820 7760
f 7820 7759 7816
f 7816 7814 7820
f 7814 7816 7815
f 4965 7816 7759
f 7816 4965 4968
f 7820 7767 7765
f 7767 7820 7814
f 7760 7765 7761
f 7765 7760 7820
f 5029 7762 5034
f 7762 5029 5031
f 7805 7818 7821
f 7818 7805 7807
f 7821 5350 5349
f 5350 7821 7818
f 7821 7804 7805
f 7804 7821 7822
f 7823 7822 5340
f 7822 7823 7804
f 7804 7798 7801
f 7798 7804 7823
f 7799 7823 7824
f 7823 7799 7798
f 7824 7826 7799
f 7826 7824 7825
f 7825 7827 7826
f 7827 7825 5391
f 7826 7829 7828
f 7829 7826 7827
f 7828 7831 7830
f 7831 7828 7829
f 7830 7800 7828
f 7800 7830 7802
f 7802 7833 7832
f 7833 7802 7830
f 7833 7836 7834
f 7836 7833 7835
f 7835 7830 7831
f 7830 7835 7833
f 7832 7834 7837
f 7834 7832 7833
f 7799 7828 7800
f 7828 7799 7826
f 7829 7839 7831
f 7839 7829 7838
f 7838 7841 7839
f 7841 7838 7840
f 5397 7842 7840
f 7842 5397 5393
f 5393 7843 7842
f 7843 5393 5395
f 7844 7840 7842
f 7840 7844 7841
f 7845 7842 7843
f 7842 7845 7844
f 7846 7840 7838
f 7840 7846 5397
f 7827 7838 7829
f 7838 7827 7846
f 5397 5389 5388
f 5389 5397 7846
f 7846 5391 5389
f 5391 7846 7827
f 7847 7839 7841
f 7839 7847 7848
f 7835 7849 7836
f 7849 7835 7848
f 7850 7848 7847
f 7848 7850 7849
f 7831 7848 7835
f 7848 7831 7839
f 5391 5341 5390
f 5341 5391 7825
f 5339 7825 7824
f 7825 5339 5341
f 5340 7824 7823
f 7824 5340 5339
f 5340 5351 5335
f 5351 5340 7822
f 7822 5349 5351
f 5349 7822 7821
f 5350 7851 5347
f 7851 5350 7819
f 7819 4969 7851
f 4969 7819 4967
f 5347 7852 5348
f 7852 5347 7851
f 7852 4973 7853
f 4973 7852 4971
f 5348 7853 7854
f 7853 5348 7852
f 5348 5352 5345
f 5352 5348 7854
f 5360 5352 7854
f 5352 5360 5362
f 7854 5361 5360
f 5361 7854 7853
f 7853 7855 5361
f 7855 7853 4973
f 7856 5361 7855
f 5361 7856 5358
f 7856 5904 5359
f 5359 5358 7856
f 7857 5907 5904
f 5904 7856 7857
f 7858 7859 5907
f 5907 7857 7858
f 7857 7860 4960
f 4960 7858 7857
f 7860 7857 7856
f 7856 7855 7860
f 4958 4960 7860
f 7860 4972 4958
f 7860 4973 4972
f 4973 7860 7855
f 7859 7858 4955
f 4955 7861 7859
f 7861 7863 7862
f 7862 7859 7861
f 5905 5907 7859
f 7859 7862 5905
f 7863 5911 5915
f 5915 7862 7863
f 7862 5915 5906
f 5906 5905 7862
f 7864 7865 7863
f 7863 7861 7864
f 4957 4986 7864
f 7864 4954 4957
f 7861 4955 4954
f 4954 7864 7861
f 4986 4985 7865
f 7865 7864 4986
f 5911 7863 7865
f 7865 5912 5911
f 4985 4987 5912
f 5912 7865 4985
f 7858 4960 4952
f 4952 4955 7858
f 4971 7851 4969
f 7851 4971 7852
f 4169 4168 7866
f 7866 4186 4169
f 7867 7868 4186
f 4186 7866 7867
f 7870 7871 7869
f 7869 7867 7870
f 7872 7873 7871
f 7871 7870 7872
f 7872 4412 4410
f 4410 7874 7872
f 7874 7876 7646
f 7646 7875 7874
f 7646 7877 7875
f 7877 7646 7642
f 7875 7877 7878
f 7878 7873 7875
f 7875 7873 7872
f 7872 7874 7875
f 7873 7878 7879
f 7879 7871 7873
f 7871 7879 7880
f 7880 7869 7871
f 7882 7880 7879
f 7879 7881 7882
f 7881 7879 7878
f 7878 7883 7881
f 7868 7867 7869
f 7869 7884 7868
f 7884 7869 7880
f 7880 7885 7884
f 7877 7886 7883
f 7883 7878 7877
f 7887 7883 7886
f 7886 7652 7887
f 7888 7881 7883
f 7883 7887 7888
f 7881 7888 7889
f 7889 7882 7881
f 7891 7889 7888
f 7888 7890 7891
f 7890 7888 7887
f 7887 7892 7890
f 7892 7887 7652
f 7652 7651 7892
f 7644 7649 7652
f 7652 7886 7644
f 7642 7644 7886
f 7886 7877 7642
f 4410 4411 7876
f 7876 7874 4410
f 7876 7647 7641
f 7641 7646 7876
f 7876 4415 7647
f 4415 7876 4411
f 7870 7893 4412
f 4412 7872 7870
f 7893 7870 7867
f 7867 7866 7893
f 4375 4412 7893
f 7893 4170 4375
f 4168 4170 7893
f 7893 7866 4168
f 4185 4186 7868
f 7868 7894 4185
f 7897 7894 7895
f 7895 7896 7897
f 7897 4146 4149
f 4149 4153 7897
f 7896 4147 4146
f 4146 7897 7896
f 7898 7899 4147
f 4147 7896 7898
f 7900 7898 7896
f 7896 7895 7900
f 7885 7900 7895
f 7895 7884 7885
f 7898 7900 7901
f 7901 7902 7898
f 7902 7901 7903
f 7903 7904 7902
f 7903 7906 7905
f 7905 7904 7903
f 7903 7891 7890
f 7890 7906 7903
f 7906 7908 7907
f 7907 7905 7906
f 7906 7890 7892
f 7892 7908 7906
f 7901 7909 7891
f 7891 7903 7901
f 7909 7901 7900
f 7900 7885 7909
f 7889 7891 7909
f 7909 7882 7889
f 7882 7909 7885
f 7885 7880 7882
f 7902 7904 7910
f 7910 7911 7902
f 7899 7911 7912
f 7912 7913 7899
f 4148 7913 7632
f 7632 4150 4148
f 7913 7912 7914
f 7914 7632 7913
f 4147 7899 7913
f 7913 4148 4147
f 7910 7915 7912
f 7912 7911 7910
f 7916 7917 7915
f 7915 7910 7916
f 7904 7905 7916
f 7916 7910 7904
f 7898 7902 7911
f 7911 7899 7898
f 7894 7868 7884
f 7884 7895 7894
f 4153 4185 7894
f 7894 7897 4153
f 4177 4175 4161
f 4175 4177 4180
f 4370 7918 4372
f 7918 4370 4176
f 7920 7921 7919
f 7921 7920 7918
f 7919 7923 7922
f 7923 7919 7921
f 7925 7919 7924
f 7919 7925 7920
f 7918 7926 4372
f 7926 7918 7920
f 4372 7927 4371
f 7927 4372 7926
f 4371 7928 4364
f 7928 4371 7927
f 7929 4364 7928
f 4364 7929 4362
f 7932 7929 7930
f 7930 7931 7932
f 7929 7932 4363
f 4363 4362 7929
f 7934 4363 7932
f 7932 7933 7934
f 7494 7935 7934
f 7934 7492 7494
f 7934 7933 7493
f 7493 7492 7934
f 7935 4360 4363
f 4363 7934 7935
f 7931 7936 7933
f 7933 7932 7931
f 7937 7938 7936
f 7936 7931 7937
f 7939 7937 7931
f 7931 7930 7939
f 7930 7928 7940
f 7928 7930 7929
f 7930 7940 7941
f 7941 7939 7930
f 7941 7926 7942
f 7926 7941 7927
f 7927 7940 7928
f 7940 7927 7941
f 7942 7925 7939
f 7939 7941 7942
f 7926 7925 7942
f 7925 7926 7920
f 7922 7924 7919
f 7924 7922 7943
f 7944 7943 7922
f 7943 7944 7945
f 7947 7945 7944
f 7944 7946 7947
f 7945 7947 7948
f 7948 7949 7945
f 7949 7938 7943
f 7943 7945 7949
f 7950 7936 7938
f 7938 7949 7950
f 7951 7950 7949
f 7949 7948 7951
f 7936 7950 7493
f 7493 7933 7936
f 7490 7493 7950
f 7950 7951 7490
f 7924 7943 7938
f 7938 7937 7924
f 7509 7948 7947
f 7947 7507 7509
f 7507 7947 7946
f 7946 7508 7507
f 7508 7946 7506
f 7506 7503 7508
f 7506 7944 7952
f 7944 7506 7946
f 7952 7922 7923
f 7922 7952 7944
f 7923 7953 7952
f 7953 7923 4173
f 4173 7921 4174
f 7921 4173 7923
f 7505 7952 7953
f 7952 7505 7506
f 7937 7939 7925
f 7925 7924 7937
f 7918 4174 7921
f 4174 7918 4176
f 5134 5076 7954
f 7954 7955 5134
f 7955 7956 835
f 835 5134 7955
f 7957 825 824
f 824 7956 7957
f 7958 7957 7956
f 7956 7955 7958
f 7960 7957 7958
f 7958 7959 7960
f 7957 7960 975
f 975 825 7957
f 7960 7961 974
f 974 975 7960
f 7961 7960 7959
f 7959 7962 7961
f 7962 7959 7963
f 7963 7964 7962
f 972 7961 7962
f 7962 5934 972
f 5934 7962 7964
f 7964 5932 5934
f 5932 7964 7965
f 7965 5936 5932
f 7966 7967 5936
f 5936 7965 7966
f 7965 7969 7968
f 7968 7966 7965
f 7969 7965 7964
f 7964 7963 7969
f 7959 7958 7970
f 7970 7963 7959
f 7963 7970 7971
f 7971 7969 7963
f 7969 7971 7972
f 7972 7968 7969
f 7972 7974 7973
f 7973 7968 7972
f 7976 7974 7972
f 7972 7975 7976
f 7975 7972 7971
f 7971 7977 7975
f 7977 7971 7970
f 7970 7954 7977
f 7970 7958 7955
f 7955 7954 7970
f 5076 5075 7977
f 7977 7954 5076
f 966 974 7961
f 7961 972 966
f 827 835 7956
f 7956 824 827
f 7977 5075 5074
f 5074 7975 7977
f 5868 5128 5119
f 5119 5122 5868
f 5074 5070 5071
f 5071 7978 5074
f 5074 7978 7976
f 7976 7975 5074
f 7980 7976 7978
f 7978 7979 7980
f 7982 7980 7979
f 7979 7981 7982
f 7982 7985 7983
f 7983 7984 7982
f 7983 7987 7986
f 7986 7984 7983
f 7988 7989 7987
f 7987 7983 7988
f 7985 7990 7988
f 7988 7983 7985
f 7990 7985 7991
f 7991 7992 7990
f 7992 7994 7993
f 7993 7990 7992
f 7995 7996 7994
f 7994 7992 7995
f 7998 7999 7995
f 7995 7997 7998
f 7992 7991 7997
f 7997 7995 7992
f 7996 7995 7999
f 7999 8000 7996
f 7994 8002 8001
f 8001 7993 7994
f 7993 7989 7988
f 7988 7990 7993
f 7993 8001 8003
f 8003 7989 7993
f 8002 8005 8004
f 8004 8001 8002
f 8006 8007 8005
f 8005 8002 8006
f 7996 8006 8002
f 8002 7994 7996
f 7985 7982 7981
f 7981 7991 7985
f 7981 7979 8008
f 8008 8009 7981
f 8009 8008 8010
f 8010 8011 8009
f 7991 7981 8009
f 8009 7997 7991
f 7997 8009 8011
f 8011 7998 7997
f 8011 8010 5079
f 5079 5080 8011
f 5073 5079 8010
f 8010 5072 5073
f 8008 5071 5072
f 5072 8010 8008
f 7979 7978 5071
f 5071 8008 7979
f 7987 8013 8012
f 8012 7986 7987
f 8013 8015 8014
f 8014 8012 8013
f 8015 8017 8016
f 8016 8014 8015
f 8018 8019 8012
f 8012 8014 8018
f 8019 8018 8020
f 8020 8021 8019
f 8023 8020 8018
f 8018 8022 8023
f 8014 8016 8022
f 8022 8018 8014
f 7986 8012 8019
f 8019 8024 7986
f 8026 8016 8017
f 8017 8025 8026
f 8025 8017 8027
f 8027 3750 8025
f 3771 8026 8025
f 8025 3745 3771
f 3745 8025 3750
f 3750 3743 3745
f 8028 8027 8017
f 8017 8015 8028
f 8004 8029 8027
f 8027 8028 8004
f 8001 8004 8028
f 8028 8003 8001
f 8003 8028 8015
f 8015 8013 8003
f 8013 7987 7989
f 7989 8003 8013
f 7980 7982 7984
f 7984 8030 7980
f 7976 7980 8030
f 8030 7974 7976
f 7974 8030 8024
f 8024 7973 7974
f 8030 7984 7986
f 7986 8024 8030
f 5286 5292 5287
f 5292 5286 8031
f 8031 8033 5292
f 8033 8031 8032
f 8032 8035 8033
f 8035 8032 8034
f 8034 8038 8036
f 8038 8034 8037
f 8040 8037 8039
f 8037 8040 8038
f 8041 8036 8038
f 8036 8041 8042
f 8042 2373 2372
f 2372 8043 8042
f 8036 8042 8043
f 8043 8044 8036
f 8044 8043 6663
f 6663 8045 8044
f 8035 8044 8045
f 8045 8046 8035
f 8044 8035 8034
f 8034 8036 8044
f 8047 8035 8046
f 8035 8047 8033
f 8048 8049 8046
f 8046 8045 8048
f 6657 6659 8049
f 8049 8048 6657
f 8048 6662 6658
f 6658 6657 8048
f 8045 6663 6662
f 6662 8048 8045
f 8043 2372 2374
f 2374 6663 8043
f 8042 8050 2373
f 8050 8042 8041
f 8041 8052 8050
f 8052 8041 8051
f 8051 8038 8040
f 8038 8051 8041
f 8039 8054 8040
f 8054 8039 8053
f 8053 8055 5161
f 8055 8053 8039
f 8056 8039 8037
f 8039 8056 8055
f 8057 8040 8054
f 8040 8057 8051
f 8054 8058 8057
f 8058 8054 5187
f 5187 8053 5186
f 8053 5187 8054
f 8051 8059 8052
f 8059 8051 8057
f 8052 8061 8060
f 8061 8052 8059
f 8052 8062 8050
f 8062 8052 8060
f 8064 8065 8063
f 8065 8064 8061
f 8059 8065 8061
f 8065 8059 8066
f 8061 8067 8060
f 8067 8061 8064
f 8057 8066 8059
f 8066 8057 8058
f 8032 8037 8034
f 8037 8032 8056
f 8032 5158 8056
f 5158 8032 8031
f 5156 8031 5286
f 8031 5156 5158
f 8047 5292 8033
f 5292 8047 5290
f 5155 8056 5158
f 8056 5155 8055
f 5605 5612 8068
f 5612 5605 5604
f 8068 8070 8069
f 8070 8068 5612
f 5572 5573 8070
f 8070 5612 5572
f 8069 8072 8071
f 8072 8069 8070
f 8072 8070 5573
f 5573 5564 8072
f 8073 8071 8072
f 8071 8073 8074
f 5564 5565 8073
f 8073 8072 5564
f 8074 8076 8075
f 8076 8074 8073
f 8075 8078 8077
f 8078 8075 8076
f 8077 8080 8079
f 8080 8077 8078
f 8082 8077 8081
f 8077 8082 8075
f 8075 8083 8074
f 8083 8075 8082
f 8085 8082 8084
f 8082 8085 8083
f 8086 8074 8083
f 8074 8086 8071
f 8083 8087 8086
f 8087 8083 8085
f 8084 8089 8085
f 8089 8084 8088
f 8090 8088 8084
f 8088 8090 8091
f 8084 8081 8090
f 8081 8084 8082
f 8081 8079 8092
f 8079 8081 8077
f 8092 8094 8093
f 8094 8092 8079
f 8093 8096 8092
f 8096 8093 8095
f 8097 8095 8093
f 8095 8097 8098
f 8093 8099 8097
f 8099 8093 8094
f 8091 8096 8100
f 8096 8091 8090
f 8100 8095 8101
f 8095 8100 8096
f 8090 8092 8096
f 8092 8090 8081
f 8079 8102 8094
f 8102 8079 8080
f 8102 8080 8103
f 8103 8104 8102
f 8104 8106 8105
f 8105 8102 8104
f 8107 8108 8106
f 8106 8104 8107
f 8109 8107 8104
f 8104 8103 8109
f 8110 8103 8080
f 8080 8078 8110
f 5563 8109 8103
f 8103 8110 5563
f 5559 5563 8110
f 8110 5566 5559
f 8078 8076 5566
f 5566 8110 8078
f 5565 5566 8076
f 8076 8073 5565
f 8112 8069 8111
f 8069 8112 8068
f 8114 8111 8113
f 8111 8114 8112
f 8116 8114 8115
f 8114 8116 8117
f 8119 8116 8118
f 8116 8119 8120
f 8117 8120 8121
f 8120 8117 8116
f 8117 8112 8114
f 8112 8117 5608
f 8068 5608 5605
f 5608 8068 8112
f 5608 8121 5606
f 8121 5608 8117
f 5606 8122 5607
f 8122 5606 8121
f 8123 5607 8122
f 5607 8123 8124
f 8126 8122 8125
f 8122 8126 8123
f 8121 8125 8122
f 8125 8121 8120
f 8127 8120 8119
f 8120 8127 8125
f 8129 8119 8128
f 8119 8129 8127
f 8129 8132 8130
f 8132 8129 8131
f 8131 8134 8132
f 8134 8131 8133
f 8133 8136 8135
f 8136 8133 8131
f 8128 8131 8129
f 8131 8128 8136
f 8137 8130 8132
f 8130 8137 8138
f 8130 8127 8129
f 8127 8130 8139
f 8138 8139 8130
f 8139 8138 8140
f 8118 8128 8119
f 8128 8118 8141
f 8142 8141 8118
f 8141 8142 8143
f 8143 8145 8144
f 8145 8143 8142
f 8142 8146 8145
f 8146 8142 8115
f 8118 8115 8142
f 8115 8118 8116
f 8141 8136 8128
f 8136 8141 8147
f 8143 8147 8141
f 8147 8143 8148
f 8115 8113 8146
f 8113 8115 8114
f 8086 8113 8111
f 8113 8086 8087
f 8146 8087 8149
f 8087 8146 8113
f 8145 8149 8150
f 8149 8145 8146
f 8150 8144 8145
f 8144 8150 8151
f 8153 8154 8152
f 8154 8153 8151
f 8155 8151 8153
f 8151 8155 8144
f 8157 8153 8156
f 8153 8157 8155
f 8156 8152 8158
f 8152 8156 8153
f 8154 8161 8159
f 8161 8154 8160
f 8151 8160 8154
f 8160 8151 8150
f 8152 8159 8162
f 8159 8152 8154
f 8150 8089 8160
f 8089 8150 8149
f 8085 8149 8087
f 8149 8085 8089
f 8111 8071 8086
f 8071 8111 8069
f 8163 4296 4298
f 4298 4270 8163
f 8164 8163 4270
f 4270 4269 8164
f 8163 8164 8165
f 8165 8166 8163
f 8166 8165 8167
f 8167 8168 8166
f 8171 8168 8169
f 8169 8170 8171
f 8170 8174 8172
f 8172 8173 8170
f 7734 8173 8175
f 8175 7735 7734
f 7729 7735 8175
f 8175 7728 7729
f 8173 8172 7728
f 7728 8175 8173
f 8172 8176 7726
f 7726 7728 8172
f 8177 8176 8172
f 8172 8174 8177
f 8178 8179 8177
f 8177 8174 8178
f 8178 8174 8170
f 8170 8169 8178
f 7727 7726 8176
f 8176 8180 7727
f 8180 8182 8181
f 8181 7727 8180
f 8182 8180 8183
f 8183 8184 8182
f 8176 8177 8183
f 8183 8180 8176
f 8171 8170 8173
f 8173 7734 8171
f 8168 8171 8185
f 8185 8166 8168
f 8166 8185 4296
f 4296 8163 8166
f 8185 7733 4297
f 4297 4296 8185
f 7733 8185 8171
f 8171 7734 7733
f 8186 8169 8168
f 8168 8167 8186
f 8188 8186 8167
f 8167 8187 8188
f 8189 8190 8186
f 8186 8188 8189
f 8192 8189 8188
f 8188 8191 8192
f 8192 8191 8193
f 8193 8194 8192
f 8196 8193 8191
f 8191 8195 8196
f 8187 8167 8165
f 8165 8195 8187
f 8191 8188 8187
f 8187 8195 8191
f 8164 8196 8195
f 8195 8165 8164
f 8197 8198 8194
f 8194 8193 8197
f 4271 8197 8193
f 8193 8196 4271
f 8200 8189 8192
f 8192 8199 8200
f 8194 8201 8199
f 8199 8192 8194
f 8201 8203 8202
f 8202 8199 8201
f 4780 4779 8203
f 8203 8201 4780
f 8201 8194 8198
f 8198 4780 8201
f 8204 8200 8199
f 8199 8202 8204
f 8205 8206 8200
f 8200 8204 8205
f 8204 8208 8207
f 8207 8205 8204
f 8202 7715 8208
f 8208 8204 8202
f 8200 8206 8190
f 8190 8189 8200
f 8190 8178 8169
f 8169 8186 8190
f 8206 8179 8178
f 8178 8190 8206
f 4269 4271 8196
f 8196 8164 4269
f 4265 4278 4741
f 4741 4277 4265
f 4277 4741 4743
f 4743 4276 4277
f 4268 4273 8197
f 8197 4271 4268
f 8198 8197 4273
f 4273 4275 8198
f 4 193 153
f 193 4 2
f 8211 8209 151
f 8209 8211 8210
f 8213 8211 8212
f 8211 8213 8210
f 8213 8215 8214
f 8215 8213 8212
f 8212 8217 8215
f 8217 8212 8216
f 8216 127 128
f 127 8216 8218
f 8211 8216 8212
f 8216 8211 8218
f 126 8218 150
f 8218 126 127
f 150 8211 151
f 8211 150 8218
f 8219 8216 128
f 8216 8219 8217
f 8217 8221 8220
f 8221 8217 8219
f 8219 123 8221
f 123 8219 121
f 8222 8220 8221
f 8220 8222 8223
f 8223 8225 8224
f 8225 8223 8222
f 8227 8222 8226
f 8222 8227 8225
f 8226 8221 123
f 8221 8226 8222
f 8220 8215 8217
f 8215 8220 8228
f 8223 8228 8220
f 8228 8223 8229
f 128 121 8219
f 121 128 122
f 8231 8233 8232
f 8233 8231 8229
f 8232 8235 8234
f 8235 8232 8233
f 8234 8237 8236
f 8237 8234 8235
f 8235 8239 8237
f 8239 8235 8238
f 8233 8238 8235
f 8238 8233 8224
f 8224 8229 8223
f 8229 8224 8233
f 8230 8229 8231
f 8229 8230 8228
f 8214 8228 8230
f 8228 8214 8215
f 149 8209 152
f 8209 149 151
f 52 8240 55
f 8240 52 60
f 8241 5826 5827
f 5827 8240 8241
f 8242 8243 5826
f 5826 8241 8242
f 8243 8242 8244
f 8244 8245 8243
f 8243 471 472
f 472 5826 8243
f 471 8243 8245
f 8245 470 471
f 470 8245 8246
f 8246 482 470
f 8247 481 482
f 482 8246 8247
f 8247 7120 7113
f 7113 7114 8247
f 7120 8247 8246
f 8246 8248 7120
f 8248 8246 8245
f 8245 8244 8248
f 8242 83 84
f 84 8244 8242
f 8244 84 86
f 86 8248 8244
f 8248 86 7118
f 7118 7120 8248
f 481 8247 7114
f 7114 7115 481
f 83 8242 8241
f 8241 62 83
f 8241 60 62
f 60 8241 8240
f 8240 5827 293
f 293 55 8240
f 83 61 68
f 61 83 62
f 85 7118 86
f 7118 85 7119
f 72 7119 85
f 7119 72 78
f 7117 78 80
f 78 7117 7119
f 7136 5655 5657
f 5655 7136 5658
f 8251 8249 8250
f 8249 8251 8252
f 8254 8251 8253
f 8251 8254 8255
f 8252 8255 8256
f 8255 8252 8251
f 8252 5656 8249
f 5656 8252 5657
f 8256 5657 8252
f 5657 8256 7136
f 7136 7132 7133
f 7132 7136 8256
f 7131 8256 8255
f 8256 7131 7132
f 8257 8255 8254
f 8255 8257 7131
f 8259 8253 8258
f 8253 8259 8254
f 8260 8254 8259
f 8254 8260 8257
f 7131 8261 7130
f 8261 7131 8257
f 8261 8263 7127
f 8263 8261 8262
f 8262 3193 8263
f 3193 8262 3192
f 7141 7126 7127
f 7127 8263 7141
f 3194 7141 8263
f 8263 3193 3194
f 8260 3192 8262
f 3192 8260 8264
f 8257 8262 8261
f 8262 8257 8260
f 8264 8259 8265
f 8259 8264 8260
f 8267 8265 8266
f 8265 8267 8264
f 8266 8269 8268
f 8269 8266 8265
f 8258 8265 8259
f 8265 8258 8269
f 7124 8261 7127
f 8261 7124 7130
f 8270 8258 8253
f 8258 8270 8271
f 8271 8269 8258
f 8269 8271 8272
f 8268 8272 8273
f 8272 8268 8269
f 8274 8268 8273
f 8268 8274 8275
f 8274 8277 8275
f 8277 8274 8276
f 8250 8253 8251
f 8253 8250 8270
f 126 129 125
f 129 126 138
f 915 8282 8281
f 8282 915 8280
f 8281 8284 8283
f 8284 8281 8282
f 8282 5718 8284
f 5718 8282 5719
f 8283 8286 8285
f 8286 8283 8284
f 5720 8284 5718
f 8284 5720 8286
f 8285 8288 8287
f 8288 8285 8286
f 5454 8287 5452
f 8287 5454 8285
f 5452 5459 5453
f 5459 5452 8287
f 8287 8289 5459
f 8289 8287 8288
f 8286 5724 8288
f 5724 8286 5720
f 5723 8288 5724
f 8288 5723 8289
f 5459 8290 5460
f 8290 5459 8289
f 8289 8291 8290
f 8291 8289 5723
f 8292 8285 5454
f 8285 8292 8283
f 8283 8293 8281
f 8293 8283 8292
f 926 8292 8294
f 8292 926 8293
f 8293 915 8281
f 915 8293 916
f 8293 917 916
f 917 8293 926
f 8294 5454 5455
f 5454 8294 8292
f 925 8294 8295
f 8294 925 926
f 5455 8295 8294
f 8295 5455 5456
f 8280 5719 8282
f 5719 8280 8279
f 8279 5717 5719
f 5717 8279 8278
f 329 8278 330
f 8278 329 5717
f 5722 2723 8296
f 2723 5722 5714
f 8291 8298 8297
f 8298 8291 8296
f 8297 8300 8299
f 8300 8297 8298
f 8297 8290 8291
f 8290 8297 8301
f 8299 8301 8297
f 8301 8299 8302
f 8303 8302 8299
f 8302 8303 5434
f 8304 8299 8300
f 8299 8304 8303
f 8304 5425 8303
f 5425 8304 5426
f 2714 5426 8304
f 5426 2714 2715
f 2712 8304 8300
f 8304 2712 2714
f 2712 8298 2722
f 8298 2712 8300
f 5434 5425 5427
f 5425 5434 8303
f 8302 5461 8301
f 5461 8302 8305
f 5437 5433 5435
f 5433 5437 8305
f 5434 8305 8302
f 8305 5434 5433
f 8305 5440 5461
f 5440 8305 5437
f 8301 5460 8290
f 5460 8301 5461
f 8296 2722 8298
f 2722 8296 2723
f 5723 8296 8291
f 8296 5723 5722
f 925 8295 8306
f 8306 923 925
f 923 8306 950
f 950 922 923
f 8306 5457 951
f 951 950 8306
f 5457 8306 8295
f 8295 5456 5457
f 6128 5675 5677
f 5675 6128 5683
f 5681 8307 5694
f 8307 5681 5682
f 6128 5682 5683
f 5682 6128 8307
f 8308 5694 8307
f 5694 8308 5695
f 2792 8308 6125
f 8308 2792 2791
f 8307 6125 8308
f 6125 8307 6128
f 2791 5695 8308
f 5695 2791 2793
f 5693 5696 5691
f 5696 5693 2690
f 2684 5693 2682
f 5693 2684 2690
f 2682 5692 2683
f 5692 2682 5693
f 2793 2680 2683
f 2680 2793 2687
f 2793 5692 5695
f 5692 2793 2683
f 8309 2710 2705
f 2710 8309 2715
f 2705 8310 8309
f 8310 2705 2704
f 5424 8309 8310
f 8309 5424 5423
f 8310 6897 5424
f 6897 8310 6899
f 6899 2704 2706
f 2704 6899 8310
f 5423 2715 8309
f 2715 5423 5426
f 2792 6126 2794
f 2794 2790 2792
f 5703 1536 5701
f 1536 5703 1537
f 5701 1538 5702
f 1538 5701 1536
f 8317 8315 8316
f 8315 8317 8314
f 8314 8318 8313
f 8318 8314 8317
f 8320 8317 8319
f 8317 8320 8318
f 8316 8319 8317
f 8319 8316 8321
f 8318 8312 8313
f 8312 8318 6200
f 8322 8316 8315
f 8316 8322 8323
f 8324 8323 8322
f 8323 8324 8325
f 8236 8325 8324
f 8325 8236 8237
f 8321 8323 8326
f 8323 8321 8316
f 8325 8326 8323
f 8326 8325 8327
f 6186 8311 6199
f 8311 6186 6187
f 6199 8312 6200
f 8312 6199 8311
f 8331 8334 8332
f 8334 8331 8333
f 8330 8332 8335
f 8332 8330 8331
f 8337 8340 8339
f 8340 8337 8338
f 8341 8337 8339
f 8337 8341 8336
f 8341 8276 8336
f 8276 8341 8277
f 8343 8341 8342
f 8341 8343 8277
f 8344 8343 8342
f 8343 8344 8345
f 3200 8344 3201
f 8344 3200 8345
f 8345 8347 8343
f 8347 8345 8346
f 3190 8346 3191
f 8346 3190 8267
f 3191 8345 3200
f 8345 3191 8346
f 8346 8266 8347
f 8266 8346 8267
f 3201 8349 8348
f 8349 3201 8344
f 8350 8348 8349
f 8348 8350 8351
f 8348 8351 8352
f 8352 8353 8348
f 8354 8352 8351
f 8352 8354 8355
f 8356 8351 8350
f 8351 8356 8354
f 8349 8358 8350
f 8358 8349 8357
f 8357 8340 8358
f 8340 8357 8339
f 8342 8339 8357
f 8339 8342 8341
f 8357 8344 8342
f 8344 8357 8349
f 8347 8277 8343
f 8277 8347 8275
f 8340 8360 8359
f 8360 8340 8338
f 8329 8359 8360
f 8359 8329 8361
f 8329 8362 8361
f 8362 8329 8328
f 8361 8364 8363
f 8364 8361 8362
f 8364 8366 8363
f 8366 8364 8365
f 8368 8365 8367
f 8365 8368 8369
f 8370 8369 8368
f 8369 8370 8371
f 8373 8368 8372
f 8368 8373 8370
f 8372 8367 8374
f 8367 8372 8368
f 8364 8367 8365
f 8367 8364 8375
f 8335 8376 8375
f 8376 8335 8332
f 8362 8375 8364
f 8375 8362 8335
f 8374 8375 8376
f 8375 8374 8367
f 8365 8377 8366
f 8377 8365 8369
f 8354 8366 8377
f 8366 8354 8356
f 8355 8377 8378
f 8377 8355 8354
f 8369 8378 8377
f 8378 8369 8371
f 8363 8359 8361
f 8359 8363 8379
f 8358 8359 8379
f 8359 8358 8340
f 8379 8350 8358
f 8350 8379 8356
f 8363 8356 8379
f 8356 8363 8366
f 8328 8335 8362
f 8335 8328 8330
f 514 511 509
f 509 546 514
f 546 509 510
f 510 524 546
f 382 385 5759
f 5759 3730 382
f 970 969 5933
f 5933 5935 970
f 390 3707 3709
f 3709 389 390
f 356 355 707
f 707 706 356
f 706 748 747
f 747 356 706
f 541 540 598
f 598 597 541
f 840 8380 4902
f 4902 4901 840
f 8380 867 866
f 866 4902 8380
f 5857 7453 5880
f 5880 5875 5857
f 4901 844 839
f 839 840 4901
f 5859 5861 7745
f 7745 5860 5859
f 5913 5915 5911
f 5911 5910 5913
f 4902 866 865
f 865 4900 4902
f 4888 4887 4900
f 4900 865 4888
f 865 864 4892
f 4892 4888 865
f 864 862 872
f 872 4892 864
f 875 874 901
f 901 4884 875
f 900 4520 4519
f 4519 898 900
f 904 4628 892
f 892 894 904
f 906 4626 4628
f 4628 904 906
f 906 905 5892
f 5892 4629 906
f 4628 4627 893
f 893 892 4628
f 5925 5930 8381
f 8381 5929 5925
f 5929 8381 8023
f 8023 5928 5929
f 8020 8023 8381
f 8381 7967 8020
f 7967 8381 5930
f 5930 5936 7967
f 5934 5933 969
f 969 972 5934
f 825 975 976
f 976 823 825
f 821 816 823
f 823 976 821
f 1033 8382 1041
f 8382 1033 1035
f 1041 8384 8383
f 8384 1041 8382
f 8385 8383 8384
f 8383 8385 8386
f 8384 114 8385
f 114 8384 117
f 8386 173 174
f 173 8386 8385
f 1131 8386 1128
f 8386 1131 8383
f 8383 1040 1041
f 1040 8383 1131
f 1128 174 1129
f 174 1128 8386
f 8385 113 173
f 113 8385 114
f 117 8382 8387
f 8382 117 8384
f 116 8387 8388
f 8387 116 117
f 115 8388 119
f 8388 115 116
f 8389 119 8388
f 119 8389 8390
f 8391 8390 8389
f 8390 8391 8392
f 8392 8394 8390
f 8394 8392 8393
f 1217 8393 8392
f 8393 1217 8395
f 8397 8398 8396
f 8398 8397 8395
f 8227 8395 8397
f 8395 8227 8393
f 8397 8225 8227
f 8225 8397 8399
f 8399 8224 8225
f 8224 8399 8238
f 8400 8238 8399
f 8238 8400 8239
f 8396 8399 8397
f 8399 8396 8400
f 8401 8396 8398
f 8396 8401 8402
f 1218 8398 1216
f 8398 1218 8401
f 8403 8402 8401
f 8402 8403 8404
f 8401 8405 8403
f 8405 8401 1218
f 8395 1216 8398
f 1216 8395 1217
f 8393 8226 8394
f 8226 8393 8227
f 123 8394 8226
f 8394 123 120
f 8390 120 119
f 120 8390 8394
f 8392 1215 1217
f 1215 8392 8391
f 8391 1214 1215
f 1214 8391 8406
f 8406 8389 8407
f 8389 8406 8391
f 8388 8407 8389
f 8407 8388 8387
f 8387 1035 8407
f 1035 8387 8382
f 1034 8407 1035
f 8407 1034 8406
f 8406 1037 1214
f 1037 8406 1034
f 1207 1218 1210
f 1218 1207 8405
f 8405 1206 8408
f 1206 8405 1207
f 8409 8411 8408
f 8411 8409 8410
f 8410 8412 6193
f 8412 8410 8409
f 6169 6193 8412
f 6193 6169 6194
f 6168 8412 8413
f 8412 6168 6169
f 8413 1189 6168
f 1189 8413 1194
f 8414 1194 8413
f 1194 8414 1195
f 8409 8413 8412
f 8413 8409 8414
f 1206 1195 8414
f 1195 1206 1208
f 8408 8414 8409
f 8414 8408 1206
f 8410 8416 8411
f 8416 8410 8415
f 8418 8415 8417
f 8415 8418 8416
f 8419 8416 8418
f 8416 8419 8404
f 8326 8418 8321
f 8418 8326 8419
f 8404 8420 8402
f 8420 8404 8419
f 8400 8402 8420
f 8402 8400 8396
f 8420 8239 8400
f 8239 8420 8327
f 8419 8327 8420
f 8327 8419 8326
f 8417 8321 8418
f 8321 8417 8319
f 8319 6196 8320
f 6196 8319 8417
f 6195 8417 8415
f 8417 6195 6196
f 8411 8404 8403
f 8404 8411 8416
f 8403 8408 8411
f 8408 8403 8405
f 6193 8415 8410
f 8415 6193 6195
f 1208 1192 1195
f 1192 1208 1209
f 1196 1204 1212
f 1204 1196 1209
f 1209 1193 1192
f 1193 1209 1196
f 1130 1043 1039
f 1043 1130 1046
f 1039 1131 1130
f 1131 1039 1040
f 8327 8237 8239
f 8237 8327 8325
f 6194 6159 6158
f 6159 6194 6169
f 1185 8421 1186
f 8421 1185 1173
f 6149 8422 6150
f 8422 6149 8421
f 6150 8424 8423
f 8424 6150 8422
f 8425 8423 8424
f 8423 8425 8426
f 8426 3871 3868
f 3868 8427 8426
f 8430 8427 8428
f 8428 8429 8430
f 6152 8430 8429
f 8430 6152 6148
f 8427 8430 8423
f 8423 8426 8427
f 6148 8423 8430
f 8423 6148 6150
f 8431 6152 8429
f 6152 8431 1565
f 8432 1581 1580
f 1580 8431 8432
f 1581 8432 8433
f 8433 8434 1581
f 8432 8428 3867
f 3867 8433 8432
f 8427 3868 3867
f 3867 8428 8427
f 8431 8429 8428
f 8428 8432 8431
f 3864 2899 8434
f 8434 8433 3864
f 8434 2901 1582
f 1582 1581 8434
f 2901 8434 2899
f 2899 2895 2901
f 3865 3864 8433
f 8433 3867 3865
f 1565 1580 1566
f 1580 1565 8431
f 8425 8435 3871
f 3871 8426 8425
f 8436 8437 8435
f 8435 8425 8436
f 8436 1167 1166
f 1166 8437 8436
f 8437 8439 8438
f 8438 8435 8437
f 8435 8438 3869
f 3869 3871 8435
f 3877 3870 3869
f 3869 8438 3877
f 8438 8439 8440
f 8440 3877 8438
f 1326 8440 8439
f 8439 1327 1326
f 8437 1166 1327
f 1327 8439 8437
f 8436 1168 1167
f 1168 8436 1174
f 8424 8436 8425
f 8436 8424 1174
f 8422 1174 8424
f 1174 8422 1172
f 1173 8422 8421
f 8422 1173 1172
f 6149 1186 8421
f 1186 6149 6151
f 1178 1173 1185
f 1173 1178 1170
f 1329 1336 8440
f 8440 1326 1329
f 1336 3875 3877
f 3877 8440 1336
f 3875 1336 1337
f 1337 3876 3875
f 5989 1385 5986
f 1385 5989 6016
f 6016 1377 1385
f 1377 6016 1381
f 6014 1379 1381
f 1379 6014 1465
f 6011 6022 6015
f 6022 6011 6018
f 1464 6015 8441
f 6015 1464 1466
f 8441 1457 1464
f 1457 8441 1458
f 8441 8443 1458
f 8443 8441 8442
f 8442 8445 8443
f 8445 8442 8444
f 6022 8444 8442
f 8444 6022 6023
f 8447 8444 8446
f 8444 8447 8445
f 8445 8449 8448
f 8449 8445 8447
f 8451 8448 8449
f 8449 8450 8451
f 1477 1451 1454
f 1454 8451 1477
f 1477 8451 8450
f 8450 1478 1477
f 8452 8453 1478
f 1478 8450 8452
f 8454 8452 8450
f 8450 8449 8454
f 8452 8454 7230
f 7230 7229 8452
f 8454 8456 8455
f 8455 7230 8454
f 8456 8454 8449
f 8449 8447 8456
f 8457 8455 8456
f 8455 8457 8458
f 8446 8456 8447
f 8456 8446 8457
f 7229 7231 8453
f 8453 8452 7229
f 8459 1476 1478
f 1478 8453 8459
f 8460 1475 1476
f 1476 8459 8460
f 8459 8462 8461
f 8461 8460 8459
f 8459 8453 7231
f 7231 8462 8459
f 1454 8463 8448
f 8448 8451 1454
f 8443 8448 8463
f 8448 8443 8445
f 1458 8463 1456
f 8463 1458 8443
f 8463 1449 1456
f 1449 8463 1454
f 6023 8446 8444
f 8446 6023 6024
f 6015 8442 8441
f 8442 6015 6022
f 220 8464 6024
f 8464 220 217
f 8457 6024 8464
f 6024 8457 8446
f 8464 8458 8457
f 8458 8464 8465
f 219 8466 8465
f 8466 219 229
f 8465 8467 8458
f 8467 8465 8466
f 8455 8458 8467
f 8467 8468 8455
f 8468 7226 7230
f 7230 8455 8468
f 7226 8468 7217
f 7217 7219 7226
f 8468 8467 7218
f 7218 7217 8468
f 8466 7218 8467
f 7218 8466 8469
f 8469 229 231
f 229 8469 8466
f 7222 7215 7218
f 7218 8469 7222
f 231 7222 8469
f 7222 231 7223
f 217 8465 8464
f 8465 217 219
f 6074 8470 6067
f 6067 6070 6074
f 6068 6067 8470
f 8470 8471 6068
f 8471 8473 8472
f 8472 6068 8471
f 8474 8475 8472
f 8472 8473 8474
f 8476 8477 8475
f 8475 8474 8476
f 8479 8480 8476
f 8476 8478 8479
f 8478 8476 8474
f 8474 8481 8478
f 8484 8481 8482
f 8482 8483 8484
f 8485 8486 8483
f 8483 8482 8485
f 8482 8473 8471
f 8471 8485 8482
f 8481 8474 8473
f 8473 8482 8481
f 1489 1488 8486
f 8486 8485 1489
f 1488 1480 1482
f 1482 8486 1488
f 8487 8483 8486
f 8486 1482 8487
f 1489 8485 8471
f 8471 8470 1489
f 8488 8484 8483
f 8483 8487 8488
f 8488 8490 8489
f 8489 8484 8488
f 8491 8492 8490
f 8490 8488 8491
f 8493 8494 8489
f 8489 8490 8493
f 8490 8492 7267
f 7267 8493 8490
f 8484 8489 8478
f 8478 8481 8484
f 8488 8487 8495
f 8495 8491 8488
f 8495 8487 1482
f 1482 1479 8495
f 1475 8460 8491
f 8491 8495 1475
f 1473 1475 8495
f 8495 1479 1473
f 8478 8489 8494
f 8494 8479 8478
f 8480 8479 8496
f 8496 8497 8480
f 8498 8499 8497
f 8497 8496 8498
f 8479 8494 8500
f 8500 8496 8479
f 7247 8498 8496
f 8496 8500 7247
f 7244 7247 8500
f 8500 8501 7244
f 8501 8500 8494
f 8494 8493 8501
f 8499 8503 8502
f 8502 8497 8499
f 8504 8505 8502
f 8502 8503 8504
f 8507 8504 8503
f 8503 8506 8507
f 8499 8508 8506
f 8506 8503 8499
f 8498 7249 8508
f 8508 8499 8498
f 8497 8502 8509
f 8509 8480 8497
f 8480 8509 8477
f 8477 8476 8480
f 8509 8511 8510
f 8510 8477 8509
f 8502 8505 8511
f 8511 8509 8502
f 6066 8472 8475
f 8475 8512 6066
f 6068 8472 6066
f 6066 6063 6068
f 8512 8513 6064
f 6064 6066 8512
f 8513 8514 6065
f 6065 6064 8513
f 8514 8516 8515
f 8515 6065 8514
f 8518 8519 8517
f 8517 8516 8518
f 8519 8518 8520
f 8520 8521 8519
f 8523 8520 8518
f 8518 8522 8523
f 8522 8518 8516
f 8516 8514 8522
f 8516 8517 8524
f 8524 8515 8516
f 8526 8524 8517
f 8517 8525 8526
f 8525 8517 8519
f 8519 8527 8525
f 8514 8513 8528
f 8528 8522 8514
f 8513 8512 8510
f 8510 8528 8513
f 8522 8528 8529
f 8529 8523 8522
f 8528 8510 8511
f 8511 8529 8528
f 8530 8531 8523
f 8523 8529 8530
f 8505 8530 8529
f 8529 8511 8505
f 8477 8510 8512
f 8512 8475 8477
f 1486 1489 8470
f 8470 6074 1486
f 1400 1431 1433
f 1431 1400 6081
f 1431 6082 8532
f 6082 1431 6081
f 8532 1432 1431
f 1432 8532 8533
f 1432 8534 1434
f 8534 1432 8533
f 1434 8536 8535
f 8536 1434 8534
f 8536 8539 8537
f 8539 8536 8538
f 8534 8538 8536
f 8538 8534 8540
f 8533 8540 8534
f 8540 8533 8541
f 8541 8543 8540
f 8543 8541 8542
f 8545 8542 8544
f 8542 8545 8543
f 8540 8546 8538
f 8546 8540 8543
f 8538 8547 8539
f 8547 8538 8546
f 8549 8546 8548
f 8546 8549 8547
f 8548 8543 8545
f 8543 8548 8546
f 8544 8551 8545
f 8551 8544 8550
f 8553 8550 8552
f 8550 8553 8551
f 8550 8555 8552
f 8555 8550 8554
f 8544 8554 8550
f 8554 8544 8556
f 8556 8542 8557
f 8542 8556 8544
f 8541 8557 8542
f 8557 8541 8558
f 8559 8557 6090
f 8557 8559 8556
f 6090 8558 6089
f 8558 6090 8557
f 8558 8533 8532
f 8533 8558 8541
f 8560 8562 8537
f 8562 8560 8561
f 1427 8561 6107
f 8561 1427 8562
f 8537 8535 8536
f 8535 8537 8562
f 1426 8562 1427
f 8562 1426 8535
f 1428 8535 1426
f 8535 1428 1434
f 6107 8563 6108
f 8563 6107 8561
f 6108 8564 6109
f 8564 6108 8563
f 8563 8566 8564
f 8566 8563 8565
f 8561 8565 8563
f 8565 8561 8560
f 8560 8568 8565
f 8568 8560 8567
f 8537 8567 8560
f 8567 8537 8539
f 8569 8565 8568
f 8565 8569 8566
f 8566 8571 8570
f 8571 8566 8569
f 8569 8573 8571
f 8573 8569 8572
f 8568 8572 8569
f 8572 8568 8574
f 8575 6109 8564
f 6109 8575 8576
f 8576 6105 6109
f 6105 8576 6110
f 3540 6110 8576
f 6110 3540 3542
f 8577 8576 8575
f 8576 8577 3540
f 8578 8575 8570
f 8575 8578 8577
f 8564 8570 8575
f 8570 8564 8566
f 8532 6089 8558
f 6089 8532 6082
f 6090 6086 8559
f 6086 6090 6084
f 8559 8580 8579
f 8580 8559 6086
f 8579 8582 8581
f 8582 8579 8580
f 8580 8584 8582
f 8584 8580 8583
f 8583 6086 6087
f 6086 8583 8580
f 8583 8586 8584
f 8586 8583 8585
f 8585 6052 8586
f 6052 8585 6053
f 8584 8588 8587
f 8588 8584 8586
f 8586 8589 8588
f 8589 8586 6052
f 8588 8591 8590
f 8591 8588 8589
f 8593 8589 8592
f 8589 8593 8591
f 8592 8595 8593
f 8595 8592 8594
f 8596 8597 8595
f 8595 8594 8596
f 8594 6055 8598
f 8598 8596 8594
f 6054 8594 8592
f 8594 6054 6055
f 8599 8593 8595
f 8593 8599 8600
f 8600 8591 8593
f 8591 8600 8601
f 6052 8592 8589
f 8592 6052 6054
f 8601 8590 8591
f 8590 8601 8602
f 8603 8602 8601
f 8602 8603 8604
f 8605 8601 8600
f 8601 8605 8603
f 8606 8604 8603
f 8604 8606 8607
f 8608 8603 8605
f 8603 8608 8606
f 8610 8602 8609
f 8602 8610 8590
f 8587 8590 8610
f 8590 8587 8588
f 8604 8609 8602
f 8609 8604 5267
f 8609 8612 8610
f 8612 8609 8611
f 5267 8611 8609
f 8611 5267 5266
f 8587 8582 8584
f 8582 8587 8613
f 8613 8581 8582
f 8581 8613 8614
f 8616 8617 8615
f 8617 8616 8614
f 8619 8615 8617
f 8617 8618 8619
f 8619 8621 8615
f 8621 8619 8620
f 8620 8623 8622
f 8623 8620 8619
f 8623 8619 8618
f 8618 5269 8623
f 8611 8617 8612
f 8617 8611 8618
f 8612 8614 8613
f 8614 8612 8617
f 8552 8616 8624
f 8616 8552 8555
f 8625 8552 8624
f 8552 8625 8553
f 8621 8625 8624
f 8625 8621 8626
f 8624 8615 8621
f 8615 8624 8616
f 8555 8614 8616
f 8614 8555 8581
f 8581 8554 8579
f 8554 8581 8555
f 8613 8610 8612
f 8610 8613 8587
f 6088 6053 8585
f 6053 6088 6056
f 6087 8585 8583
f 8585 6087 6088
f 8556 8579 8554
f 8579 8556 8559
f 6075 6056 6088
f 6056 6075 6041
f 6057 8598 6055
f 6055 6049 6057
f 8598 6057 6060
f 6060 8627 8598
f 8627 8628 8596
f 8596 8598 8627
f 8597 8596 8628
f 8628 8629 8597
f 8629 8631 8630
f 8630 8597 8629
f 8633 8630 8631
f 8631 8632 8633
f 8632 8635 8634
f 8634 8633 8632
f 8632 8637 8636
f 8636 8635 8632
f 8634 8635 8638
f 8638 8639 8634
f 8640 8642 8639
f 8642 8640 8641
f 8643 8640 8639
f 8639 8638 8643
f 8640 8643 8644
f 8644 8645 8640
f 8647 8644 8643
f 8643 8646 8647
f 8646 8643 8638
f 8638 8648 8646
f 8641 8645 8649
f 8645 8641 8640
f 8641 8651 8642
f 8651 8641 8650
f 8649 8650 8641
f 8650 8649 8652
f 8653 8639 8642
f 8639 8653 8634
f 8653 8654 8633
f 8633 8634 8653
f 8654 8599 8630
f 8630 8633 8654
f 8600 8654 8605
f 8654 8600 8599
f 8605 8653 8608
f 8653 8605 8654
f 8608 8642 8651
f 8642 8608 8653
f 8648 8638 8635
f 8635 8636 8648
f 8656 8648 8636
f 8636 8655 8656
f 8658 8656 8655
f 8655 8657 8658
f 8658 8657 8659
f 8659 8660 8658
f 8656 8658 8661
f 8661 8662 8656
f 8661 8658 8660
f 8660 8663 8661
f 8664 8665 8657
f 8657 8655 8664
f 8664 8667 8666
f 8666 8665 8664
f 8637 8668 8667
f 8667 8664 8637
f 8655 8636 8637
f 8637 8664 8655
f 8668 8637 8632
f 8632 8631 8668
f 8669 8668 8631
f 8631 8629 8669
f 8670 8669 8629
f 8629 8628 8670
f 8525 8671 8670
f 8670 8526 8525
f 8671 8672 8669
f 8669 8670 8671
f 8667 8672 8673
f 8673 8666 8667
f 8673 8676 8674
f 8674 8675 8673
f 8671 8525 8527
f 8527 8676 8671
f 8676 8673 8672
f 8672 8671 8676
f 8677 8674 8676
f 8676 8527 8677
f 8680 8675 8678
f 8678 8679 8680
f 8681 8678 8675
f 8675 8674 8681
f 8666 8673 8675
f 8675 8680 8666
f 8672 8667 8668
f 8668 8669 8672
f 8628 8627 8526
f 8526 8670 8628
f 8627 6060 8524
f 8524 8526 8627
f 6060 6058 8515
f 8515 8524 6060
f 6059 6065 8515
f 8515 6058 6059
f 1417 6106 1422
f 6106 1417 1424
f 8492 8491 8460
f 8460 8461 8492
f 8461 7264 7267
f 7267 8492 8461
f 8493 7267 7266
f 7266 8501 8493
f 7245 7244 8501
f 8501 7266 7245
f 8461 8462 7265
f 7265 7264 8461
f 7227 7265 8462
f 8462 7231 7227
f 7228 7233 7265
f 7265 7227 7228
f 1301 1366 1365
f 1366 1301 1302
f 1295 1365 1309
f 1365 1295 1301
f 3499 1276 1307
f 1307 1308 3499
f 3548 3509 3508
f 3509 3548 3549
f 1567 6152 1565
f 6152 1567 6147
f 1602 2851 2850
f 2850 1607 1602
f 1590 1589 2851
f 2851 1602 1590
f 1589 1591 2843
f 2843 2851 1589
f 6132 1607 6133
f 1607 6132 1605
f 2852 6133 1607
f 1607 2850 2852
f 2901 2900 1583
f 1583 1582 2901
f 2900 1594 1584
f 1584 1583 2900
f 1726 1732 1835
f 1835 1733 1726
f 6214 1718 1719
f 1718 6214 6225
f 8682 6247 6234
f 6234 6249 8682
f 6247 8682 8683
f 8683 8684 6247
f 8686 8687 8685
f 8685 8683 8686
f 8688 8686 8683
f 8683 8682 8688
f 8689 8688 6254
f 6254 6255 8689
f 8690 8686 8688
f 8688 8689 8690
f 8691 8687 8686
f 8686 8690 8691
f 8691 8693 8692
f 8692 8687 8691
f 8693 8695 8694
f 8694 8692 8693
f 8696 8685 8687
f 8687 8692 8696
f 8697 8698 8685
f 8685 8696 8697
f 8700 8697 8696
f 8696 8699 8700
f 8692 8694 8699
f 8699 8696 8692
f 8702 8694 8695
f 8695 8701 8702
f 8703 8704 8701
f 8701 8695 8703
f 8706 8702 8701
f 8701 8705 8706
f 8701 8704 8707
f 8707 8705 8701
f 8703 8695 8693
f 8693 8708 8703
f 8709 8704 8703
f 8703 8708 8709
f 8711 8709 8708
f 8708 8710 8711
f 8693 8691 8710
f 8710 8708 8693
f 8710 8691 8690
f 8690 8712 8710
f 8711 8710 8712
f 8712 8713 8711
f 8713 8712 8714
f 8714 8715 8713
f 8717 8713 8715
f 8715 8716 8717
f 8719 8716 8715
f 8715 8718 8719
f 8720 8718 8715
f 8715 8714 8720
f 8717 8721 8711
f 8711 8713 8717
f 8721 8722 8709
f 8709 8711 8721
f 8721 8724 8723
f 8723 8722 8721
f 8725 8724 8721
f 8721 8717 8725
f 8689 8714 8712
f 8712 8690 8689
f 6255 8720 8714
f 8714 8689 6255
f 8688 8682 6249
f 6249 6254 8688
f 8683 8685 8698
f 8698 8684 8683
f 8726 6247 8684
f 6247 8726 6245
f 8684 8727 8726
f 8727 8684 8698
f 8726 8729 8728
f 8729 8726 8727
f 8729 8732 8730
f 8732 8729 8731
f 8734 8731 8733
f 8731 8734 8732
f 8734 8736 8732
f 8736 8734 8735
f 8737 8739 8735
f 8739 8737 8738
f 8738 8741 8739
f 8741 8738 8740
f 8740 8743 8742
f 8743 8740 8738
f 8744 8738 8737
f 8738 8744 8743
f 8737 8735 8734
f 8734 8745 8737
f 8745 8747 8706
f 8706 8746 8745
f 8747 8745 8734
f 8734 8733 8747
f 8746 8744 8737
f 8737 8745 8746
f 8748 8735 8739
f 8735 8748 8736
f 8736 8750 8749
f 8750 8736 8748
f 8739 8750 8748
f 8750 8739 8741
f 8730 8736 8749
f 8736 8730 8732
f 8728 8730 8751
f 8730 8728 8729
f 8751 8749 8752
f 8749 8751 8730
f 8753 8733 8731
f 8733 8753 8754
f 8697 8754 8753
f 8754 8697 8700
f 8733 8754 8755
f 8755 8747 8733
f 8747 8755 8702
f 8702 8706 8747
f 8755 8699 8694
f 8694 8702 8755
f 8755 8700 8699
f 8700 8755 8754
f 8753 8698 8697
f 8698 8753 8727
f 8727 8731 8729
f 8731 8727 8753
f 6245 8728 6246
f 8728 6245 8726
f 6252 6253 8720
f 8720 6255 6252
f 6253 1881 1883
f 1883 8756 6253
f 8757 8719 8718
f 8718 8756 8757
f 8758 8759 8719
f 8719 8757 8758
f 6367 8760 8759
f 8759 8758 6367
f 8762 8759 8760
f 8760 8761 8762
f 6358 8764 8763
f 8763 8761 6358
f 8764 8766 8765
f 8765 8763 8764
f 8761 8763 8725
f 8725 8762 8761
f 8725 8717 8716
f 8716 8762 8725
f 8762 8716 8719
f 8719 8759 8762
f 8763 8765 8724
f 8724 8725 8763
f 8767 8723 8724
f 8724 8765 8767
f 8723 8767 8768
f 8768 8769 8723
f 8723 8769 8707
f 8707 8722 8723
f 8770 8705 8707
f 8707 8769 8770
f 8771 8770 8769
f 8769 8768 8771
f 8773 8768 8767
f 8767 8772 8773
f 8771 8773 8774
f 8773 8771 8768
f 8775 8774 8773
f 8774 8775 8776
f 8775 8773 8772
f 8772 8766 8775
f 8765 8766 8772
f 8772 8767 8765
f 8777 8775 8766
f 8766 8764 8777
f 8777 8776 8775
f 8776 8777 8778
f 8776 8779 8742
f 8779 8776 8778
f 8742 8780 8740
f 8780 8742 8779
f 8740 8781 8741
f 8781 8740 8780
f 8780 8783 8781
f 8783 8780 8782
f 8784 8780 8779
f 8780 8784 8782
f 8779 6360 8784
f 6360 8779 8778
f 8777 6357 6360
f 6360 8778 8777
f 8764 6358 6357
f 6357 8777 8764
f 8761 8760 6359
f 6359 6358 8761
f 6361 6359 8760
f 8760 6367 6361
f 6365 6367 8758
f 8758 8785 6365
f 1878 8785 1884
f 1884 1876 1878
f 8757 1884 8785
f 8785 8758 8757
f 6366 6365 8785
f 8785 1878 6366
f 8756 1883 1884
f 1884 8757 8756
f 8756 8718 8720
f 8720 6253 8756
f 8786 6240 6246
f 6240 8786 6241
f 8751 6246 8728
f 6246 8751 8786
f 8787 6241 8786
f 6241 8787 6244
f 6244 8789 8788
f 8789 6244 8787
f 8781 8789 8790
f 8789 8781 8783
f 8790 8787 8752
f 8787 8790 8789
f 8781 8750 8741
f 8750 8781 8790
f 8790 8749 8750
f 8749 8790 8752
f 8788 8783 6349
f 8783 8788 8789
f 6344 6349 6342
f 6349 6344 8788
f 8788 6242 6244
f 6242 8788 6344
f 8786 8752 8787
f 8752 8786 8751
f 1879 1896 6366
f 6366 1878 1879
f 6364 6366 1896
f 1896 1897 6364
f 1939 1941 1893
f 1893 1894 1939
f 6243 6218 6238
f 6218 6243 6228
f 1834 1828 1829
f 1829 2175 1834
f 2184 2183 1827
f 1827 1826 2184
f 1823 1830 8791
f 8791 1826 1823
f 8791 8793 8792
f 8792 2186 8791
f 8793 8795 8794
f 8794 8792 8793
f 8792 8794 7408
f 7408 7407 8792
f 8795 8797 8796
f 8796 8794 8795
f 8797 8795 8798
f 8798 8799 8797
f 8797 8801 8800
f 8800 8796 8797
f 8801 8803 8802
f 8802 8800 8801
f 8796 8800 7411
f 7411 7409 8796
f 8794 8796 7409
f 7409 7408 8794
f 8800 8802 7414
f 7414 7411 8800
f 8805 8802 8803
f 8803 8804 8805
f 8802 8805 8806
f 8806 7414 8802
f 8808 8806 8805
f 8805 8807 8808
f 8804 8809 8807
f 8807 8805 8804
f 8804 8803 8810
f 8810 8811 8804
f 8812 8810 8803
f 8803 8801 8812
f 8799 8812 8801
f 8801 8797 8799
f 8813 8814 8812
f 8812 8799 8813
f 8815 8813 8799
f 8799 8798 8815
f 2420 2419 8813
f 8813 8815 2420
f 8815 8816 2421
f 2421 2420 8815
f 8816 8815 8798
f 8798 8817 8816
f 2419 8818 8814
f 8814 8813 2419
f 8820 8814 8818
f 8818 8819 8820
f 8818 8822 8819
f 8822 8818 8821
f 2419 8821 8818
f 8821 2419 2418
f 8795 8793 8817
f 8817 8798 8795
f 7407 2185 2186
f 2186 8792 7407
f 8793 8791 1830
f 1830 8817 8793
f 1826 8791 2186
f 2186 2184 1826
f 1831 8816 8817
f 8817 1830 1831
f 1819 2421 8816
f 8816 1831 1819
f 1811 1813 2421
f 2421 1819 1811
f 8823 1955 1960
f 1955 8823 1953
f 8823 8826 8824
f 8826 8823 8825
f 8828 1961 8827
f 1961 8828 8825
f 8830 8827 8829
f 8827 8830 8828
f 8829 8832 8831
f 8832 8829 8827
f 1962 8827 1961
f 8827 1962 8832
f 8832 8833 8831
f 8833 8832 6274
f 6275 6274 6272
f 6274 6275 8833
f 8834 8831 8833
f 8831 8834 8835
f 8836 8831 8835
f 8831 8836 8829
f 8836 8839 8837
f 8839 8836 8838
f 8840 8836 8835
f 8836 8840 8838
f 8842 8840 8841
f 8840 8842 8838
f 8843 8841 8840
f 8841 8843 8844
f 8835 8843 8840
f 8843 8835 8834
f 8845 8838 8842
f 8838 8845 8839
f 8846 8837 8839
f 8837 8846 8847
f 8846 8845 8848
f 8845 8846 8839
f 8837 8829 8836
f 8829 8837 8830
f 8847 8830 8837
f 8830 8847 8849
f 8828 8849 8850
f 8849 8828 8830
f 8851 8850 8849
f 8850 8851 8852
f 8853 8849 8847
f 8849 8853 8851
f 6276 8833 6275
f 8833 6276 8834
f 1962 6274 8832
f 6274 1962 1964
f 8850 8825 8828
f 8825 8850 8826
f 8854 8824 8826
f 8824 8854 2057
f 8854 2051 2052
f 2051 8854 8852
f 8852 8826 8850
f 8826 8852 8854
f 2057 2052 2053
f 2052 2057 8854
f 1953 8824 1954
f 8824 1953 8823
f 2057 1954 8824
f 1954 2057 2058
f 1960 8825 8823
f 8825 1960 1961
f 1928 6256 1963
f 6256 1928 1929
f 1658 1642 1639
f 1639 1654 1658
f 1633 1635 8855
f 8855 1683 1633
f 8855 8858 8856
f 8856 8857 8855
f 8860 8856 8858
f 8858 8859 8860
f 6302 8862 8860
f 8860 8861 6302
f 8861 6307 6300
f 6300 6302 8861
f 8859 6307 8861
f 8861 8860 8859
f 1644 6306 6307
f 6307 8859 1644
f 8859 8858 1643
f 1643 1644 8859
f 1682 8862 8863
f 8863 1680 1682
f 8863 6303 6305
f 6305 8864 8863
f 1680 8863 8864
f 8864 1679 1680
f 8865 1675 1679
f 1679 8864 8865
f 6314 1675 8865
f 1675 6314 1673
f 8865 6313 6314
f 6313 8865 6317
f 6317 8865 8864
f 8864 6305 6317
f 8862 6302 6303
f 6303 8863 8862
f 8856 8860 8862
f 8862 1682 8856
f 1682 1681 8857
f 8857 8856 1682
f 1683 8855 8857
f 8857 1681 1683
f 8858 8855 1635
f 1635 1643 8858
f 1776 6299 1641
f 1641 1640 1776
f 1638 1641 6306
f 6306 1644 1638
f 6345 6228 6243
f 6228 6345 6229
f 6344 6243 6242
f 6243 6344 6345
f 6423 6420 6417
f 6420 6423 6425
f 6408 6397 4684
f 6397 6408 6396
f 4683 6397 4720
f 6397 4683 4684
f 6406 6410 8866
f 6410 6406 6403
f 8866 6683 6685
f 6683 8866 6410
f 8866 8868 6406
f 8868 8866 8867
f 8870 8871 8869
f 8871 8870 8867
f 8869 8873 8872
f 8873 8869 8871
f 8873 6686 6696
f 6686 8873 6684
f 6684 8871 6685
f 8871 6684 8873
f 8872 6696 6728
f 6696 8872 8873
f 6724 8874 8872
f 8872 6728 6724
f 6725 8875 8874
f 8874 6724 6725
f 8877 8875 8876
f 8876 6558 8877
f 8878 8874 8875
f 8875 8877 8878
f 8869 8872 8874
f 8874 8878 8869
f 8870 8869 8878
f 8878 8879 8870
f 8877 8880 8879
f 8879 8878 8877
f 8880 8877 6558
f 6558 6555 8880
f 8881 8879 8880
f 8880 6561 8881
f 6561 8880 6555
f 6555 6554 6561
f 6726 8876 8875
f 8875 6725 6726
f 6558 8876 8882
f 8882 6557 6558
f 8883 6556 6557
f 6557 8882 8883
f 8882 8885 8884
f 8884 8883 8882
f 6556 8883 8886
f 8886 8887 6556
f 8888 8886 8883
f 8883 8884 8888
f 8885 8882 8876
f 8876 6726 8885
f 8867 6685 8871
f 6685 8867 8866
f 8889 8867 8870
f 8867 8889 8868
f 6428 6406 8868
f 6406 6428 6404
f 8889 6426 6428
f 6428 8868 8889
f 6426 8889 8881
f 8881 6427 6426
f 8889 8870 8879
f 8879 8881 8889
f 6407 4684 4682
f 4684 6407 6408
f 6411 4682 4681
f 4682 6411 6407
f 6688 4681 8890
f 4681 6688 6411
f 4679 8890 4681
f 8890 4679 4685
f 6687 8890 6691
f 8890 6687 6688
f 4685 6691 8890
f 6691 4685 4687
f 6427 6560 6562
f 6562 6424 6427
f 6427 8881 6561
f 6561 6560 6427
f 4717 4316 4318
f 4316 4717 6437
f 4252 6452 8891
f 8891 4249 4252
f 8892 8893 8891
f 8891 2260 8892
f 8892 8895 8894
f 8894 8893 8892
f 8893 4250 4249
f 4249 8891 8893
f 8893 8894 8896
f 8896 4250 8893
f 8895 8898 8897
f 8897 8894 8895
f 8899 8900 8898
f 8898 8895 8899
f 8900 8899 8901
f 8901 8902 8900
f 8900 8904 8903
f 8903 8898 8900
f 8898 8903 8905
f 8905 8897 8898
f 8903 8907 8906
f 8906 8905 8903
f 8897 8905 8908
f 8908 8909 8897
f 8905 8906 8910
f 8910 8908 8905
f 8907 8903 8904
f 8904 8911 8907
f 2542 8906 8907
f 8907 2539 2542
f 8911 2540 2539
f 2539 8907 8911
f 8904 8900 8902
f 8902 2579 8904
f 8912 2576 2579
f 2579 8902 8912
f 8913 2577 2576
f 2576 8912 8913
f 8912 8915 8914
f 8914 8913 8912
f 2577 8913 8916
f 8916 8917 2577
f 8918 8916 8913
f 8913 8914 8918
f 8915 8912 8902
f 8902 8901 8915
f 8920 8915 8901
f 8901 8919 8920
f 8899 8921 8919
f 8919 8901 8899
f 8895 8892 8921
f 8921 8899 8895
f 8894 8897 8909
f 8909 8896 8894
f 4250 8896 4254
f 4254 4248 4250
f 8896 8909 8922
f 8922 4254 8896
f 8909 8908 8923
f 8923 8922 8909
f 8925 4239 8923
f 8923 8924 8925
f 4233 4234 4239
f 4239 8925 4233
f 8925 8926 4038
f 4038 4233 8925
f 8926 4036 4031
f 4031 4038 8926
f 4036 8926 8927
f 8927 8928 4036
f 2530 8928 8929
f 8929 2529 2530
f 8930 8929 8928
f 8928 8927 8930
f 4035 4036 8928
f 8928 2530 4035
f 8926 8925 8924
f 8924 8927 8926
f 8927 8924 8910
f 8910 8930 8927
f 8924 8923 8908
f 8908 8910 8924
f 8922 8923 4239
f 4239 4238 8922
f 4254 8922 4238
f 4238 4241 4254
f 2259 8921 8892
f 8892 2260 2259
f 6452 2258 2260
f 2260 8891 6452
f 4253 4220 4222
f 4222 6445 4253
f 4215 6443 4219
f 4219 4205 4215
f 2296 6514 2297
f 6514 2296 2312
f 2297 6515 2298
f 6515 2297 6514
f 6515 8932 8931
f 8932 6515 6516
f 8933 8932 6522
f 8932 8933 8934
f 8936 8937 8935
f 8937 8936 8934
f 8931 8934 8936
f 8934 8931 8932
f 8939 8936 8938
f 8936 8939 8931
f 2293 8939 2291
f 8939 2293 2298
f 2291 8938 2292
f 8938 2291 8939
f 2292 8941 8940
f 8941 2292 8938
f 8940 8943 8942
f 8943 8940 8941
f 2290 8940 8944
f 8940 2290 2292
f 2289 8944 8945
f 8944 2289 2290
f 8947 8945 8946
f 8945 8947 2289
f 8948 8946 8945
f 8946 8948 8949
f 8945 8950 8948
f 8950 8945 8944
f 8944 8942 8950
f 8942 8944 8940
f 8950 8952 8951
f 8952 8950 8942
f 8942 8953 8952
f 8953 8942 8943
f 8941 8954 8943
f 8954 8941 8935
f 8935 8938 8936
f 8938 8935 8941
f 8935 8955 8954
f 8955 8935 8937
f 8937 8957 8955
f 8957 8937 8956
f 8956 8959 8957
f 8959 8956 8958
f 8933 8958 8956
f 8958 8933 8960
f 8956 8934 8933
f 8934 8956 8937
f 8954 8962 8961
f 8962 8954 8955
f 8955 8963 8962
f 8963 8955 8957
f 2298 8931 8939
f 8931 2298 6515
f 6522 6516 6517
f 6516 6522 8932
f 2248 8919 8921
f 8921 2259 2248
f 8919 2248 2247
f 2247 8920 8919
f 8911 8904 2579
f 2579 2578 8911
f 2249 8964 8920
f 8920 2247 2249
f 6498 8918 8914
f 8914 8964 6498
f 6497 6498 8964
f 8964 2249 6497
f 8915 8920 8964
f 8964 8914 8915
f 6485 6484 6500
f 6500 6491 6485
f 8965 6500 6484
f 6484 6487 8965
f 6500 8965 8966
f 8966 6499 6500
f 6499 8966 8918
f 8918 6498 6499
f 8916 8918 8966
f 8966 8967 8916
f 8967 8966 8965
f 8965 8968 8967
f 8968 8971 8969
f 8969 8970 8968
f 6486 8972 8971
f 8971 6487 6486
f 8971 8972 8973
f 8973 8969 8971
f 8974 8975 8969
f 8969 8973 8974
f 8974 8977 8976
f 8976 8975 8974
f 8970 8969 8975
f 8975 8978 8970
f 8980 8978 8979
f 8979 2564 8980
f 8978 8975 8976
f 8976 8979 8978
f 8981 8970 8978
f 8978 8980 8981
f 8982 8977 8974
f 8974 8973 8982
f 8982 8984 8977
f 8984 8982 8983
f 8983 8986 8985
f 8986 8983 8982
f 8986 8982 8973
f 8973 8972 8986
f 8984 2560 8976
f 8976 8977 8984
f 6488 8986 8972
f 8972 6486 6488
f 8968 8965 6487
f 6487 8971 8968
f 8967 8968 8970
f 8970 8981 8967
f 8917 8916 8967
f 8967 8981 8917
f 8988 2221 8987
f 2221 8988 2218
f 6472 8988 8989
f 8988 6472 6471
f 8991 8989 8990
f 8989 8991 6472
f 8993 8991 8992
f 8991 8993 8994
f 8993 2558 8995
f 2558 8993 8996
f 8996 8992 8997
f 8992 8996 8993
f 8990 8992 8991
f 8992 8990 8998
f 8999 8998 8990
f 8998 8999 9000
f 9001 9000 8999
f 9000 9001 9002
f 2650 9002 2651
f 9002 2650 9000
f 2651 9004 9003
f 9004 2651 9002
f 9004 9007 9005
f 9007 9004 9006
f 9006 9002 9001
f 9002 9006 9004
f 9003 9005 9008
f 9005 9003 9004
f 9009 8990 8989
f 8990 9009 8999
f 8987 8989 8988
f 8989 8987 9009
f 8999 9010 9001
f 9010 8999 9009
f 9009 2228 9010
f 2228 9009 8987
f 9000 2652 8998
f 2652 9000 2650
f 8998 8997 8992
f 8997 8998 2652
f 8997 2556 8996
f 2556 8997 2648
f 8997 2652 2645
f 2645 2648 8997
f 8996 2553 2558
f 2553 8996 2556
f 8994 8995 9011
f 8995 8994 8993
f 6474 8994 9011
f 8994 6474 6473
f 9013 8995 9012
f 8995 9013 9011
f 8983 9012 8984
f 9012 8983 9013
f 9014 9011 9013
f 9011 9014 6474
f 8985 9013 8983
f 9013 8985 9014
f 6475 6474 9014
f 6474 6475 6470
f 9015 9014 8985
f 9014 9015 6475
f 2557 8984 9012
f 8984 2557 2560
f 2557 8995 2558
f 8995 2557 9012
f 8994 6472 8991
f 6472 8994 6473
f 2218 6471 2219
f 6471 2218 8988
f 8987 2226 2228
f 2226 8987 2221
f 9010 2227 9016
f 2227 9010 2228
f 9016 2229 9017
f 2229 9016 2227
f 9018 9007 9017
f 9007 9018 9019
f 9005 9019 9020
f 9019 9005 9007
f 9020 9008 9005
f 9008 9020 9021
f 9023 9024 9022
f 9024 9023 9021
f 9023 9022 9025
f 9025 9026 9023
f 9025 9028 9027
f 9028 9025 9022
f 9025 9027 9029
f 9029 9030 9025
f 9027 9032 9031
f 9032 9027 9028
f 9034 9028 9033
f 9028 9034 9032
f 9033 9022 9024
f 9022 9033 9028
f 9027 9031 9035
f 9035 9029 9027
f 9031 9037 9036
f 9036 9035 9031
f 9038 9031 9032
f 9031 9038 9037
f 9026 9025 9030
f 9030 9039 9026
f 2660 9026 9039
f 9039 2656 2660
f 9026 2660 2659
f 2659 9023 9026
f 9039 9030 9040
f 9040 9041 9039
f 9042 9043 9041
f 9041 9040 9042
f 9040 9045 9044
f 9044 9042 9040
f 9030 9029 9045
f 9045 9040 9030
f 9021 2659 9008
f 2659 9021 9023
f 9021 9046 9024
f 9046 9021 9020
f 9047 9024 9046
f 9024 9047 9033
f 9048 9033 9047
f 9033 9048 9034
f 9047 9050 9048
f 9050 9047 9049
f 9046 9049 9047
f 9049 9046 9051
f 9019 9052 9051
f 9052 9019 9018
f 9020 9051 9046
f 9051 9020 9019
f 9053 9051 9052
f 9051 9053 9049
f 9049 9054 9050
f 9054 9049 9053
f 9053 9055 9054
f 9055 9053 2305
f 9050 9057 9056
f 9057 9050 9054
f 9054 9058 9057
f 9058 9054 9055
f 9059 9034 9048
f 9034 9059 9060
f 9056 9048 9050
f 9048 9056 9059
f 9060 9062 9061
f 9062 9060 9059
f 9061 9064 9063
f 9064 9061 9062
f 9062 9066 9064
f 9066 9062 9065
f 9059 9065 9062
f 9065 9059 9056
f 9060 9032 9034
f 9032 9060 9038
f 9038 9061 9067
f 9061 9038 9060
f 9017 2307 9018
f 2307 9017 2229
f 9006 9017 9007
f 9017 9006 9016
f 9016 9001 9010
f 9001 9016 9006
f 2304 2288 9068
f 2288 2304 2299
f 2305 9068 9055
f 9068 2305 2304
f 9069 9055 9068
f 9055 9069 9058
f 9058 9071 9070
f 9071 9058 9069
f 9071 8947 9072
f 8947 9071 2286
f 9073 9075 9072
f 9075 9073 9074
f 9077 9074 9076
f 9074 9077 9075
f 9072 9070 9071
f 9070 9072 9075
f 9057 9070 9078
f 9070 9057 9058
f 9077 9065 9078
f 9065 9077 9066
f 9075 9078 9070
f 9078 9075 9077
f 9076 9066 9077
f 9066 9076 9079
f 9080 9079 9076
f 9079 9080 9081
f 9066 9082 9064
f 9082 9066 9079
f 9083 9079 9081
f 9079 9083 9082
f 9056 9078 9065
f 9078 9056 9057
f 9076 9084 9080
f 9084 9076 9074
f 9084 9087 9085
f 9087 9084 9086
f 9088 9086 8949
f 9086 9088 9087
f 9085 9090 9089
f 9090 9085 9087
f 9091 9089 9090
f 9089 9091 9092
f 9094 9091 9093
f 9091 9094 9095
f 9090 9093 9091
f 9093 9090 9096
f 9095 9092 9091
f 9092 9095 9097
f 9089 9099 9085
f 9099 9089 9098
f 9092 9098 9089
f 9098 9092 9100
f 9096 9087 9088
f 9087 9096 9090
f 9102 9088 9101
f 9088 9102 9096
f 9101 8949 8948
f 8949 9101 9088
f 9073 8949 9086
f 8949 9073 8946
f 9086 9074 9073
f 9074 9086 9084
f 8946 9072 8947
f 9072 8946 9073
f 9085 9080 9084
f 9080 9085 9099
f 2286 9069 2287
f 9069 2286 9071
f 9068 2287 9069
f 2287 9068 2288
f 2345 2342 2339
f 2342 2345 2423
f 9103 2348 2350
f 2348 9103 2353
f 9104 2353 9103
f 2353 9104 9105
f 2352 9105 2429
f 9105 2352 2353
f 2429 9106 2427
f 9106 2429 9105
f 9106 2428 2427
f 2428 9106 9107
f 9109 9106 9108
f 9106 9109 9107
f 9108 9110 9109
f 9110 9108 8063
f 9111 9109 9110
f 9109 9111 9112
f 9114 9112 9111
f 9111 9113 9114
f 9114 9116 9115
f 9115 9112 9114
f 9112 9107 9109
f 9107 9112 9115
f 8822 9107 9115
f 9107 8822 2428
f 8822 9115 9116
f 9116 8819 8822
f 9117 9118 9116
f 9116 9114 9117
f 9119 8811 9118
f 9118 9117 9119
f 8809 8804 8811
f 8811 9119 8809
f 9121 8809 9119
f 9119 9120 9121
f 9120 9119 9117
f 9117 9122 9120
f 8811 8810 8820
f 8820 9118 8811
f 8819 9116 9118
f 9118 8820 8819
f 9117 9114 9113
f 9113 9122 9117
f 9123 9124 9122
f 9122 9113 9123
f 9113 9111 9125
f 9125 9123 9113
f 9110 9125 9111
f 9125 9110 9126
f 9126 9128 9125
f 9128 9126 9127
f 8065 9127 9126
f 9127 8065 8066
f 9127 9130 9128
f 9130 9127 9129
f 5185 8058 5187
f 8058 5185 9129
f 8066 9129 9127
f 9129 8066 8058
f 9129 5184 9130
f 5184 9129 5185
f 9128 9131 9123
f 9123 9125 9128
f 9132 9128 9130
f 9128 9132 9131
f 8063 9126 9110
f 9126 8063 8065
f 8063 9104 8064
f 9104 8063 9108
f 9105 9108 9106
f 9108 9105 9104
f 8064 9103 8067
f 9103 8064 9104
f 8067 2350 9133
f 2350 8067 9103
f 9133 2349 2370
f 2349 9133 2350
f 9133 8060 8067
f 8060 9133 8062
f 8062 2370 2371
f 2370 8062 9133
f 2344 2426 2422
f 2426 2344 2343
f 2343 2429 2426
f 2429 2343 2352
f 6606 6588 6590
f 6590 2143 6606
f 2143 6590 7390
f 7390 2142 2143
f 6580 6584 7390
f 7390 6590 6580
f 7423 7401 7420
f 7420 7430 7423
f 9134 7428 7430
f 7430 7420 9134
f 7418 9136 9135
f 9135 9134 7418
f 9136 9138 9137
f 9137 9135 9136
f 9139 9140 9135
f 9135 9137 9139
f 9143 9139 9141
f 9141 9142 9143
f 9143 9142 6987
f 6987 6988 9143
f 9140 9139 9143
f 9143 9144 9140
f 7428 9134 9135
f 9135 9140 7428
f 7428 9140 9144
f 9144 7429 7428
f 7429 9144 9145
f 9145 7431 7429
f 6986 6620 7431
f 7431 9145 6986
f 6984 6986 9145
f 9145 6988 6984
f 9144 9143 6988
f 6988 9145 9144
f 6978 6987 9142
f 9142 9146 6978
f 6969 9146 9147
f 9147 6971 6969
f 9147 9149 9148
f 9148 6971 9147
f 9149 9151 9150
f 9150 9148 9149
f 6966 6971 9148
f 9148 9152 6966
f 9150 9153 9152
f 9152 9148 9150
f 6957 6966 9152
f 9152 6961 6957
f 6961 9152 9153
f 9153 6962 6961
f 9151 9156 9154
f 9154 9155 9151
f 9155 9154 9157
f 9157 9158 9155
f 9150 9151 9155
f 9155 9159 9150
f 9158 9160 9159
f 9159 9155 9158
f 9156 9138 9161
f 9161 9154 9156
f 9156 9162 9137
f 9137 9138 9156
f 9151 9149 9162
f 9162 9156 9151
f 9149 9147 9141
f 9141 9162 9149
f 9139 9137 9162
f 9162 9141 9139
f 9142 9141 9147
f 9147 9146 9142
f 9146 6969 6968
f 6968 6978 9146
f 9163 9161 9138
f 9138 9136 9163
f 7417 9163 9136
f 9136 7418 7417
f 9164 9165 9161
f 9161 9163 9164
f 9166 9167 9165
f 9165 9164 9166
f 9168 9166 9164
f 9164 7419 9168
f 9166 9168 8806
f 8806 8808 9166
f 7414 8806 9168
f 9168 7412 7414
f 7413 7412 9168
f 9168 7419 7413
f 8808 9169 9167
f 9167 9166 8808
f 8807 9170 9169
f 9169 8808 8807
f 9172 9169 9170
f 9170 9171 9172
f 9171 9174 9173
f 9173 9172 9171
f 9174 9171 9175
f 9175 9176 9174
f 9176 9179 9177
f 9177 9178 9176
f 9179 9176 9175
f 9175 9180 9179
f 9181 9174 9176
f 9176 9178 9181
f 9171 9170 9121
f 9121 9175 9171
f 9183 9184 9173
f 9173 9182 9183
f 9174 9181 9182
f 9182 9173 9174
f 9186 9183 9182
f 9182 9185 9186
f 9185 9182 9181
f 9181 9187 9185
f 9184 9188 9172
f 9172 9173 9184
f 9188 9184 9158
f 9158 9157 9188
f 9184 9183 9160
f 9160 9158 9184
f 9188 9167 9169
f 9169 9172 9188
f 9157 9165 9167
f 9167 9188 9157
f 9165 9157 9154
f 9154 9161 9165
f 8809 9121 9170
f 9170 8807 8809
f 7419 9164 9163
f 9163 7417 7419
f 7418 9134 7420
f 7420 7416 7418
f 7427 6619 6600
f 6600 6599 7427
f 7427 7431 6620
f 6620 6619 7427
f 6618 6985 6644
f 6644 6616 6618
f 6620 6986 6985
f 6985 6618 6620
f 6615 6644 6643
f 6644 6615 6616
f 6614 6643 6645
f 6643 6614 6615
f 3569 7387 3570
f 7387 3569 7383
f 3570 6592 6594
f 6592 3570 7387
f 3579 3576 3628
f 3576 3579 3573
f 3566 6594 3568
f 6594 3566 3570
f 7365 7364 7371
f 7371 7379 7365
f 2529 8929 2541
f 2541 2528 2529
f 8929 8930 2542
f 2542 2541 8929
f 2530 2522 2524
f 2524 4035 2530
f 2537 2540 2580
f 2580 2544 2537
f 2540 8911 2578
f 2578 2580 2540
f 4022 4023 4231
f 4231 4039 4022
f 8930 8910 8906
f 8906 2542 8930
f 2568 2555 2554
f 2554 2647 2568
f 2647 2554 2556
f 2556 2648 2647
f 4020 4026 4235
f 4235 4023 4020
f 4463 4431 4432
f 4432 4458 4463
f 6707 4464 6706
f 4464 6707 4465
f 4466 6706 4464
f 6706 4466 6700
f 4465 4436 4431
f 4431 4463 4465
f 4437 4465 6707
f 4465 4437 4436
f 6707 4440 4437
f 4440 6707 6705
f 4695 4440 4693
f 4440 4695 4438
f 6705 4693 4440
f 4693 6705 4694
f 4694 4686 4688
f 4686 4694 6703
f 2632 2629 2636
f 2636 9043 2632
f 2632 9190 9189
f 9189 2630 2632
f 9190 9192 9191
f 9191 9189 9190
f 9194 9189 9191
f 9191 9193 9194
f 2631 2630 9189
f 9189 9194 2631
f 9194 9195 2618
f 2618 2631 9194
f 9195 9194 9193
f 9193 9196 9195
f 9198 9195 9196
f 9196 9197 9198
f 6738 9198 9197
f 9197 6737 6738
f 6737 9197 9199
f 9199 9200 6737
f 9200 6734 6731
f 6731 6737 9200
f 9201 9202 6734
f 6734 9200 9201
f 9204 9205 9201
f 9201 9203 9204
f 9207 9204 9203
f 9203 9206 9207
f 9206 9203 9199
f 9199 9208 9206
f 9203 9201 9200
f 9200 9199 9203
f 9210 9211 9209
f 9209 9205 9210
f 9205 9204 9212
f 9212 9210 9205
f 9202 9201 9205
f 9205 9209 9202
f 9208 9199 9197
f 9197 9196 9208
f 2616 2618 9195
f 9195 9198 2616
f 9198 6738 2617
f 2617 2616 9198
f 9196 9193 9213
f 9213 9208 9196
f 9193 9191 9214
f 9214 9213 9193
f 9215 9206 9208
f 9208 9213 9215
f 9206 9215 9216
f 9216 9207 9206
f 9207 9216 9217
f 9217 9218 9207
f 9220 9217 9216
f 9216 9219 9220
f 9218 9217 9221
f 9221 9222 9218
f 9223 9221 9217
f 9217 9220 9223
f 9215 9224 9219
f 9219 9216 9215
f 9226 9219 9224
f 9224 9225 9226
f 9227 9225 9224
f 9224 9214 9227
f 9214 9224 9215
f 9215 9213 9214
f 9192 9227 9214
f 9214 9191 9192
f 9044 9228 9227
f 9227 9192 9044
f 9230 9231 9229
f 9229 9228 9230
f 9045 9230 9228
f 9228 9044 9045
f 9035 9036 9231
f 9231 9230 9035
f 9029 9035 9230
f 9230 9045 9029
f 9228 9229 9225
f 9225 9227 9228
f 9232 9226 9225
f 9225 9229 9232
f 9233 9232 9229
f 9229 9231 9233
f 9192 9190 9042
f 9042 9044 9192
f 9043 9042 9190
f 9190 2632 9043
f 2655 9041 9043
f 9043 2636 2655
f 2615 2625 2631
f 2631 2618 2615
f 2617 6739 2623
f 2623 2614 2617
f 2058 1951 1954
f 1951 2058 1949
f 6355 8784 6360
f 8784 6355 6347
f 6347 8782 8784
f 8782 6347 6346
f 6346 8783 8782
f 8783 6346 6349
f 2050 9235 9234
f 9235 2050 2049
f 9234 9237 9236
f 9237 9234 9235
f 9239 9234 9238
f 9234 9239 2050
f 9239 9238 9240
f 9240 9241 9239
f 9241 2039 2055
f 2055 9239 9241
f 9242 2037 2039
f 2039 9241 9242
f 2037 9242 2035
f 2035 2030 2037
f 9244 2035 9242
f 9242 9243 9244
f 9245 2033 2035
f 2035 9244 9245
f 6281 2034 2033
f 2033 9245 6281
f 9245 9246 6282
f 6282 6281 9245
f 9249 9246 9247
f 9247 9248 9249
f 9248 9251 9250
f 9250 9249 9248
f 9251 9248 9252
f 9252 9253 9251
f 9248 9247 9254
f 9254 9252 9248
f 9244 9247 9246
f 9246 9245 9244
f 9246 9249 9255
f 9255 6282 9246
f 6282 9255 6285
f 6285 6280 6282
f 9255 9257 9256
f 9256 6285 9255
f 9249 9250 9257
f 9257 9255 9249
f 9247 9244 9243
f 9243 9254 9247
f 9243 9242 9241
f 9241 9240 9243
f 9254 9243 9240
f 9240 9258 9254
f 9258 9259 9252
f 9252 9254 9258
f 9261 9258 9260
f 9258 9261 9259
f 9238 9260 9258
f 9258 9240 9238
f 2050 2055 2048
f 2055 2050 9239
f 9238 9236 9260
f 9236 9238 9234
f 9261 9236 9262
f 9236 9261 9260
f 9264 9262 9263
f 9262 9264 9265
f 9266 9265 9264
f 9265 9266 9267
f 9269 9267 9268
f 9267 9269 9270
f 9272 9273 9271
f 9273 9272 9269
f 9268 9273 9269
f 9273 9268 9274
f 9274 9276 9275
f 9276 9274 9268
f 9276 9267 9266
f 9267 9276 9268
f 9271 9278 9277
f 9278 9271 9273
f 9279 9280 9271
f 9271 9277 9279
f 9272 9271 9280
f 9280 9281 9272
f 9278 9283 9282
f 9282 9277 9278
f 9285 9283 9278
f 9278 9284 9285
f 9274 9278 9273
f 9278 9274 9284
f 9269 9286 9270
f 9286 9269 9272
f 9288 9286 9287
f 9287 9253 9288
f 9288 9270 9286
f 9270 9288 9289
f 9259 9289 9288
f 9289 9259 9261
f 9259 9288 9253
f 9253 9252 9259
f 9281 9287 9286
f 9286 9272 9281
f 9253 9287 9290
f 9290 9251 9253
f 9287 9281 9291
f 9291 9290 9287
f 9289 9267 9270
f 9267 9289 9265
f 9264 9293 9266
f 9293 9264 9292
f 9263 9292 9264
f 9292 9263 9294
f 9237 9294 9263
f 9294 9237 9295
f 9237 9262 9236
f 9262 9237 9263
f 9237 9296 9295
f 9296 9237 9235
f 9294 9298 9292
f 9298 9294 9297
f 9297 8848 9298
f 8848 9297 8846
f 8847 9297 8853
f 9297 8847 8846
f 8853 9294 9295
f 9294 8853 9297
f 9292 9299 9293
f 9299 9292 9298
f 9293 9301 9300
f 9301 9293 9299
f 9302 9300 9301
f 9300 9302 9303
f 9304 9302 9301
f 9302 9304 9305
f 9299 9304 9301
f 9304 9299 9306
f 9300 9266 9293
f 9266 9300 9276
f 9298 9306 9299
f 9306 9298 8848
f 9261 9265 9289
f 9265 9261 9262
f 9235 2051 9296
f 2051 9235 2049
f 9296 8852 8851
f 8852 9296 2051
f 2054 2055 2039
f 2039 2038 2054
f 9295 8851 8853
f 8851 9295 9296
f 8848 9307 9306
f 9307 8848 8845
f 9309 9310 9308
f 9310 9309 9307
f 9312 9308 9311
f 9308 9312 9309
f 9308 9314 9313
f 9314 9308 9310
f 8842 9314 9310
f 9314 8842 8841
f 9314 9316 9313
f 9316 9314 9315
f 8844 9314 8841
f 9314 8844 9315
f 9316 9315 9317
f 9317 9318 9316
f 9319 9313 9316
f 9313 9319 9320
f 9322 9320 9321
f 9320 9322 9311
f 9313 9311 9308
f 9311 9313 9320
f 9311 9323 9312
f 9323 9311 9322
f 9323 9322 9324
f 9324 9325 9323
f 9322 9321 9326
f 9326 9324 9322
f 9305 9312 9323
f 9323 9327 9305
f 9309 9305 9304
f 9305 9309 9312
f 9320 9326 9321
f 9326 9320 9319
f 9328 9329 9326
f 9326 9319 9328
f 9319 9316 9318
f 9318 9328 9319
f 9328 9331 9330
f 9330 9329 9328
f 9332 9331 9328
f 9328 9318 9332
f 9318 9317 9333
f 9333 9332 9318
f 9333 9336 9334
f 9334 9335 9333
f 9337 9338 9335
f 9335 9334 9337
f 9338 9337 9256
f 9256 9339 9338
f 9337 6284 6285
f 6285 9256 9337
f 9334 6283 6284
f 6284 9337 9334
f 9332 9333 9335
f 9335 9340 9332
f 9340 9341 9331
f 9331 9332 9340
f 9341 9340 9342
f 9342 9343 9341
f 9338 9342 9340
f 9340 9335 9338
f 9336 9333 9317
f 9317 9344 9336
f 9344 9317 9315
f 9315 8844 9344
f 9344 9346 9345
f 9345 9336 9344
f 8844 9346 9344
f 9346 8844 8843
f 6283 9334 9336
f 9336 9345 6283
f 9307 8842 9310
f 8842 9307 8845
f 9306 9309 9304
f 9309 9306 9307
f 2702 2700 2708
f 2708 2755 2702
f 2763 2771 4541
f 4541 2767 2763
f 4557 6843 6845
f 6845 6850 4557
f 4559 6844 6843
f 6843 4557 4559
f 2746 2745 6828
f 6828 6827 2746
f 9347 6827 6820
f 6820 6822 9347
f 6827 9347 9348
f 9348 2746 6827
f 9349 2743 2746
f 2746 9348 9349
f 9351 9349 9348
f 9348 9350 9351
f 9350 9353 9352
f 9352 9351 9350
f 9354 6871 9349
f 9349 9351 9354
f 6878 6870 6871
f 6871 9354 6878
f 6878 9354 9355
f 9355 6877 6878
f 9356 9357 6877
f 6877 9355 9356
f 9352 9358 9356
f 9356 9355 9352
f 9358 9352 9353
f 9353 9359 9358
f 9359 9361 9360
f 9360 9358 9359
f 9362 9363 9361
f 9361 9359 9362
f 9364 9362 9359
f 9359 9353 9364
f 9351 9352 9355
f 9355 9354 9351
f 9357 9356 9365
f 9365 9366 9357
f 9357 9367 6875
f 6875 6877 9357
f 9367 6884 6876
f 6876 6875 9367
f 6884 9367 9368
f 9368 9369 6884
f 9366 9368 9367
f 9367 9357 9366
f 9370 9371 9366
f 9366 9365 9370
f 9372 9370 9365
f 9365 9360 9372
f 9373 9374 9371
f 9371 9370 9373
f 9370 9372 9375
f 9375 9373 9370
f 9356 9358 9360
f 9360 9365 9356
f 9353 9350 9376
f 9376 9364 9353
f 9347 9376 9350
f 9350 9348 9347
f 9377 9378 9364
f 9364 9376 9377
f 9376 9347 6822
f 6822 9377 9376
f 9379 9380 9378
f 9378 9377 9379
f 9381 9382 9380
f 9380 9379 9381
f 9383 9384 9382
f 9382 9381 9383
f 9381 6825 9385
f 9385 9383 9381
f 9386 9387 9383
f 9383 9385 9386
f 9385 9389 9388
f 9388 9386 9385
f 6825 6824 9389
f 9389 9385 6825
f 9387 9390 9384
f 9384 9383 9387
f 9392 9393 9391
f 9391 9390 9392
f 9394 9392 9390
f 9390 9387 9394
f 9390 9391 9395
f 9395 9384 9390
f 9382 9397 9396
f 9396 9380 9382
f 9380 9396 9398
f 9398 9378 9380
f 9395 9400 9399
f 9399 9397 9395
f 9384 9395 9397
f 9397 9382 9384
f 9397 9399 9401
f 9401 9396 9397
f 9379 6823 6825
f 6825 9381 9379
f 6823 9379 9377
f 9377 6822 6823
f 6871 2744 2743
f 2743 9349 6871
f 9378 9398 9362
f 9362 9364 9378
f 6824 6826 6830
f 6830 9389 6824
f 9402 9388 9389
f 9389 6830 9402
f 9403 9404 9388
f 9388 9402 9403
f 9404 9403 9405
f 9405 5015 9404
f 9404 9406 9386
f 9386 9388 9404
f 9387 9386 9406
f 9406 9394 9387
f 9394 9406 5013
f 5013 5012 9394
f 5015 5013 9406
f 9406 9404 5015
f 9403 6837 9407
f 9407 9405 9403
f 9405 9407 9408
f 9408 5018 9405
f 5018 9408 5022
f 5022 5017 5018
f 9408 9409 5023
f 5023 5022 9408
f 9409 9411 9410
f 9410 5023 9409
f 9413 9410 9411
f 9411 9412 9413
f 9414 9415 9410
f 9410 9413 9414
f 9415 9414 9416
f 9416 4927 9415
f 5023 9410 9415
f 9415 5021 5023
f 4927 4926 5021
f 5021 9415 4927
f 9417 4932 9416
f 9416 4594 9417
f 4594 9416 9414
f 9414 4592 4594
f 4927 9416 4932
f 4932 4924 4927
f 9413 4591 4592
f 4592 9414 9413
f 4591 9413 9412
f 9412 9418 4591
f 6842 9419 9418
f 9418 9412 6842
f 9419 6842 6838
f 6838 9420 9419
f 4590 9418 9419
f 9419 9421 4590
f 9421 9419 9420
f 9420 4560 9421
f 9412 9411 6840
f 6840 6842 9412
f 6841 6840 9411
f 9411 9409 6841
f 9407 6841 9409
f 9409 9408 9407
f 6841 9407 6837
f 6837 6835 6841
f 5015 9405 5018
f 5018 5011 5015
f 9402 6836 6837
f 6837 9403 9402
f 6830 6829 6836
f 6836 9402 6830
f 5012 9422 9392
f 9392 9394 5012
f 9422 9423 9393
f 9393 9392 9422
f 9423 9425 9424
f 9424 9393 9423
f 9425 9427 9426
f 9426 9424 9425
f 9427 9429 9428
f 9428 9426 9427
f 9426 9428 9430
f 9430 9431 9426
f 9433 9430 9428
f 9428 9432 9433
f 9434 9435 9430
f 9430 9433 9434
f 9437 9438 9434
f 9434 9436 9437
f 9437 9441 9439
f 9439 9440 9437
f 9441 9443 9442
f 9442 9439 9441
f 9444 9445 9443
f 9443 9441 9444
f 9441 9437 9436
f 9436 9444 9441
f 9448 9440 9446
f 9446 9447 9448
f 9440 9439 9449
f 9449 9446 9440
f 9438 9437 9440
f 9440 9448 9438
f 9433 9450 9436
f 9436 9434 9433
f 9444 9436 9450
f 9450 9451 9444
f 9451 9452 9445
f 9445 9444 9451
f 9452 9451 9453
f 9453 9454 9452
f 9455 9453 9451
f 9451 9450 9455
f 9432 9455 9450
f 9450 9433 9432
f 9456 9457 9455
f 9455 9432 9456
f 9429 9456 9432
f 9432 9428 9429
f 9435 9434 9438
f 9438 9458 9435
f 9435 9459 9431
f 9431 9430 9435
f 9459 9435 9458
f 9458 9460 9459
f 9461 9431 9459
f 9459 9400 9461
f 9400 9459 9460
f 9460 9399 9400
f 9424 9426 9431
f 9431 9461 9424
f 9461 9391 9393
f 9393 9424 9461
f 9462 9463 9429
f 9429 9427 9462
f 9427 9425 9464
f 9464 9462 9427
f 9466 9467 9464
f 9464 9465 9466
f 5008 5039 9466
f 9466 5007 5008
f 5007 9466 9465
f 9465 9468 5007
f 9468 5014 5005
f 5005 5007 9468
f 5014 9468 9422
f 9422 5012 5014
f 9468 9465 9423
f 9423 9422 9468
f 9465 9464 9425
f 9425 9423 9465
f 5039 5038 9467
f 9467 9466 5039
f 9467 9469 9462
f 9462 9464 9467
f 9469 9470 9463
f 9463 9462 9469
f 9470 9472 9471
f 9471 9463 9470
f 9473 9474 9472
f 9472 9470 9473
f 9475 9473 9470
f 9470 9469 9475
f 9469 9467 5038
f 5038 9475 9469
f 9391 9461 9400
f 9400 9395 9391
f 9363 9362 9398
f 9398 9476 9363
f 9476 9478 9477
f 9477 9363 9476
f 9480 9481 9479
f 9479 9478 9480
f 9478 9476 9401
f 9401 9480 9478
f 9460 9458 9481
f 9481 9480 9460
f 9481 9448 9447
f 9447 9479 9481
f 9479 9447 9482
f 9482 9483 9479
f 9483 9482 9484
f 9484 9485 9483
f 9375 9372 9486
f 9486 9485 9375
f 9361 9486 9372
f 9372 9360 9361
f 9477 9483 9485
f 9485 9486 9477
f 9478 9479 9483
f 9483 9477 9478
f 9363 9477 9486
f 9486 9361 9363
f 9484 9487 9375
f 9375 9485 9484
f 9488 9489 9487
f 9487 9484 9488
f 9491 9492 9490
f 9490 9488 9491
f 9446 9449 9492
f 9492 9491 9446
f 9491 9482 9447
f 9447 9446 9491
f 9482 9491 9488
f 9488 9484 9482
f 9490 9495 9493
f 9493 9494 9490
f 9492 9496 9495
f 9495 9490 9492
f 9488 9490 9494
f 9494 9489 9488
f 9373 9375 9487
f 9487 9497 9373
f 9497 9498 9374
f 9374 9373 9497
f 9499 9500 9498
f 9498 9497 9499
f 9489 9499 9497
f 9497 9487 9489
f 9458 9438 9448
f 9448 9481 9458
f 9399 9460 9480
f 9480 9401 9399
f 9396 9401 9476
f 9476 9398 9396
f 4553 4558 4539
f 4539 4536 4553
f 4558 4557 6850
f 6850 4539 4558
f 4560 9420 6844
f 6844 4559 4560
f 4562 9421 4560
f 4560 4555 4562
f 5424 5430 5422
f 5430 5424 6897
f 6896 5428 5430
f 5428 6896 9501
f 9501 5429 5428
f 5429 9501 9502
f 9502 5378 5429
f 5378 9502 5381
f 9503 5381 9502
f 5381 9503 9504
f 9505 9504 9503
f 9504 9505 5402
f 9507 9503 9506
f 9503 9507 9505
f 6926 9507 6924
f 9507 6926 9505
f 9508 6924 9507
f 6924 9508 6925
f 6900 6898 6894
f 6898 6900 9508
f 9508 9506 6898
f 9506 9508 9507
f 9501 6898 9506
f 6898 9501 6896
f 9502 9506 9503
f 9506 9502 9501
f 6900 6925 9508
f 6925 6900 6901
f 5402 6926 5399
f 6926 5402 9505
f 9504 5376 5381
f 5376 9504 5382
f 5402 5382 9504
f 5382 5402 5401
f 5429 5377 5418
f 5377 5429 5378
f 6926 5400 5399
f 5400 6926 6923
f 9369 9509 6882
f 6882 6884 9369
f 9509 9510 6883
f 6883 6882 9509
f 9510 9509 9511
f 9511 9512 9510
f 9514 9515 9511
f 9511 9513 9514
f 9517 9514 9513
f 9513 9516 9517
f 9514 9517 9518
f 9518 9519 9514
f 9519 9520 9515
f 9515 9514 9519
f 9519 9522 9521
f 9521 9520 9519
f 9515 9520 9523
f 9523 9524 9515
f 9526 9523 9525
f 9523 9526 9524
f 9528 9525 9527
f 9525 9528 9526
f 9526 9512 9524
f 9512 9526 9529
f 9528 9529 9526
f 9529 9528 9530
f 9525 9532 9531
f 9532 9525 9523
f 9532 9523 9520
f 9520 9521 9532
f 9512 9511 9515
f 9515 9524 9512
f 9534 9521 9522
f 9522 9533 9534
f 9533 9536 9535
f 9535 9534 9533
f 9537 9532 9521
f 9521 9534 9537
f 9538 9537 9534
f 9534 9535 9538
f 9536 9540 9539
f 9539 9535 9536
f 9541 9542 9540
f 9540 9536 9541
f 9543 9541 9536
f 9536 9533 9543
f 9544 9543 9533
f 9533 9522 9544
f 9544 9522 9519
f 9519 9518 9544
f 9545 9543 9544
f 9544 9500 9545
f 9498 9500 9544
f 9544 9518 9498
f 9498 9518 9517
f 9517 9374 9498
f 9516 9371 9374
f 9374 9517 9516
f 9369 9368 9516
f 9516 9513 9369
f 9368 9366 9371
f 9371 9516 9368
f 9513 9511 9509
f 9509 9369 9513
f 6916 6883 9510
f 6883 6916 6912
f 9510 9529 6916
f 9529 9510 9512
f 6131 2807 2806
f 2806 6130 6131
f 2806 2795 2794
f 2794 6130 2806
f 6127 6130 2794
f 2794 6126 6127
f 6133 2852 2807
f 2807 6131 6133
f 2953 2955 2828
f 2828 2827 2953
f 2823 2824 2956
f 2956 2827 2823
f 2827 2956 2954
f 2954 2953 2827
f 3075 6960 6964
f 6964 3076 3075
f 3045 3076 9546
f 9546 3043 3045
f 9547 3047 3043
f 3043 9546 9547
f 9546 9549 9548
f 9548 9547 9546
f 9549 9551 9550
f 9550 9548 9549
f 9551 9553 9552
f 9552 9550 9551
f 6962 9153 9554
f 9554 9553 6962
f 9153 9150 9159
f 9159 9554 9153
f 9555 9552 9553
f 9553 9554 9555
f 9552 9555 9186
f 9186 9556 9552
f 9556 9557 9550
f 9550 9552 9556
f 9557 9556 9558
f 9558 9559 9557
f 9548 9550 9557
f 9557 9560 9548
f 9560 9557 9559
f 9559 9561 9560
f 9185 9187 9562
f 9562 9558 9185
f 9185 9558 9556
f 9556 9186 9185
f 9558 9562 9563
f 9563 9559 9558
f 9555 9160 9183
f 9183 9186 9555
f 9554 9159 9160
f 9160 9555 9554
f 6963 6962 9553
f 9553 9551 6963
f 6964 6963 9551
f 9551 9549 6964
f 3076 6964 9549
f 9549 9546 3076
f 3047 9547 9564
f 9564 9565 3047
f 9565 9564 9566
f 9566 9567 9565
f 9564 9560 9561
f 9561 9566 9564
f 9567 9566 9568
f 9568 9569 9567
f 5178 9571 9570
f 9570 9569 5178
f 9571 9573 9572
f 9572 9570 9571
f 3060 9572 9573
f 9573 9574 3060
f 9574 9575 3059
f 3059 3060 9574
f 9576 3058 3059
f 3059 9575 9576
f 9575 9578 9577
f 9577 9576 9575
f 9575 9574 9579
f 9579 9578 9575
f 9580 9579 9574
f 9574 9573 9580
f 9579 9580 9581
f 9581 5223 9579
f 5171 9581 9580
f 9580 9582 5171
f 9582 9580 9573
f 9573 9571 9582
f 3057 9583 9572
f 9572 3060 3057
f 3041 3040 9584
f 9584 9583 3041
f 9583 3057 3042
f 3042 3041 9583
f 9570 9572 9583
f 9583 9584 9570
f 5177 9582 9571
f 9571 5178 5177
f 9569 9568 5176
f 5176 5178 9569
f 9585 5175 5176
f 5176 9568 9585
f 9585 9561 9559
f 9559 9563 9585
f 9566 9561 9585
f 9585 9568 9566
f 9563 9586 5175
f 5175 9585 9563
f 5173 5175 9586
f 9586 5179 5173
f 9587 9588 5179
f 5179 9586 9587
f 9589 9590 9588
f 9588 9587 9589
f 9187 9589 9587
f 9587 9562 9187
f 9562 9587 9586
f 9586 9563 9562
f 9584 9567 9569
f 9569 9570 9584
f 3040 9565 9567
f 9567 9584 3040
f 9547 9548 9560
f 9560 9564 9547
f 3038 3047 9565
f 9565 3040 3038
f 6650 6991 6655
f 6655 6653 6650
f 6993 9591 6655
f 6655 6991 6993
f 9591 9592 6656
f 6656 6655 9591
f 7007 9593 9592
f 9592 9591 7007
f 9592 9595 9594
f 9595 9592 9593
f 9594 5291 9596
f 5291 9594 9595
f 9596 6659 9594
f 6659 9596 8049
f 9592 9594 6659
f 6659 6656 9592
f 9596 8046 8049
f 8046 9596 8047
f 9596 5290 8047
f 5290 9596 5291
f 5289 9595 7006
f 9595 5289 5291
f 7006 9593 7004
f 9593 7006 9595
f 7004 7007 7005
f 7007 7004 9593
f 6995 7007 9591
f 9591 6993 6995
f 7006 5282 5289
f 5282 7006 5283
f 7028 2999 7031
f 2999 7028 9597
f 2997 9597 5311
f 9597 2997 2999
f 5303 5311 9597
f 5311 5303 5305
f 5304 9597 7028
f 9597 5304 5303
f 5304 5297 5298
f 5297 5304 7029
f 7029 5300 5297
f 5300 7029 7030
f 9181 9178 9589
f 9589 9187 9181
f 9590 9589 9178
f 9178 9177 9590
f 3064 9598 3087
f 3087 3085 3064
f 9600 3087 9598
f 9598 9599 9600
f 9599 9602 9601
f 9601 9600 9599
f 3086 3087 9600
f 9600 9603 3086
f 3086 9603 3093
f 3093 3088 3086
f 9604 9605 3093
f 3093 9603 9604
f 9604 9601 9606
f 9606 9607 9604
f 9602 9608 9606
f 9606 9601 9602
f 9608 9602 9609
f 9609 9610 9608
f 9608 9612 9611
f 9611 9606 9608
f 9611 9613 9607
f 9607 9606 9611
f 9613 9611 9614
f 9614 9615 9613
f 9612 9616 9614
f 9614 9611 9612
f 9605 9604 9607
f 9607 9617 9605
f 9617 9607 9613
f 9613 9618 9617
f 9610 9619 9612
f 9612 9608 9610
f 9619 9610 8679
f 8679 8678 9619
f 9616 9612 9619
f 9619 9620 9616
f 9620 9619 8678
f 8678 8681 9620
f 9621 8679 9610
f 9610 9609 9621
f 9623 9621 9609
f 9609 9622 9623
f 9622 9609 9602
f 9602 9599 9622
f 9603 9600 9601
f 9601 9604 9603
f 9624 9622 9599
f 9599 9598 9624
f 9622 9624 9625
f 9625 9623 9622
f 9623 9625 8660
f 8660 8659 9623
f 9625 3067 8663
f 8663 8660 9625
f 3067 9625 9624
f 9624 3066 3067
f 9598 3064 3066
f 3066 9624 9598
f 9626 8663 3067
f 3067 3062 9626
f 9627 8661 8663
f 8663 9626 9627
f 9629 9627 3056
f 3056 9628 9629
f 9627 9629 8662
f 8662 8661 9627
f 9629 8647 8646
f 8646 8662 9629
f 8647 9629 9628
f 9628 9630 8647
f 9630 9631 8644
f 8644 8647 9630
f 9632 9631 9577
f 9577 5224 9632
f 9631 9632 8645
f 8645 8644 9631
f 8649 9632 9633
f 9632 8649 8645
f 9633 8652 8649
f 8652 9633 5204
f 5204 5225 5202
f 5225 5204 9633
f 5225 9633 9632
f 9632 5224 5225
f 9631 9630 9576
f 9576 9577 9631
f 3058 9576 9630
f 9630 9628 3058
f 3050 3058 9628
f 9628 3056 3050
f 3056 9627 9626
f 9626 3055 3056
f 3055 9626 3062
f 3062 3054 3055
f 3092 9634 7058
f 7058 3091 3092
f 9634 9605 9617
f 9617 9635 9634
f 9638 9635 9636
f 9636 9637 9638
f 9637 7055 7052
f 7052 9638 9637
f 9639 9640 7055
f 7055 9637 9639
f 9641 9642 9640
f 9640 9639 9641
f 9643 9644 9642
f 9642 9641 9643
f 9644 9643 9645
f 9645 9646 9644
f 9646 9648 9647
f 9647 9644 9646
f 9644 9647 9649
f 9649 9642 9644
f 9650 9640 9642
f 9642 9649 9650
f 9652 9647 9648
f 9648 9651 9652
f 9647 9652 7067
f 7067 9649 9647
f 9648 9646 9653
f 9653 9654 9648
f 9655 9653 9646
f 9646 9645 9655
f 9653 9655 9656
f 9656 9657 9653
f 9659 9656 9655
f 9655 9658 9659
f 9658 9655 9645
f 9645 9660 9658
f 9654 9653 9657
f 9657 9661 9654
f 9662 9663 9661
f 9661 9657 9662
f 9665 9654 9661
f 9661 9664 9665
f 9664 9661 9663
f 9663 9666 9664
f 9660 9645 9643
f 9643 9667 9660
f 9667 9643 9641
f 9641 9668 9667
f 9671 9668 9669
f 9669 9670 9671
f 9670 9615 9672
f 9672 9671 9670
f 9615 9670 9618
f 9618 9613 9615
f 9636 9618 9670
f 9670 9669 9636
f 9668 9641 9639
f 9639 9669 9668
f 9673 9667 9668
f 9668 9671 9673
f 9674 9660 9667
f 9667 9673 9674
f 9675 9676 9674
f 9674 9673 9675
f 9671 9672 9675
f 9675 9673 9671
f 9637 9636 9669
f 9669 9639 9637
f 7058 9634 9635
f 9635 9638 7058
f 7051 7058 9638
f 9638 7052 7051
f 9618 9636 9635
f 9635 9617 9618
f 3092 3093 9605
f 9605 9634 3092
f 7126 7141 7142
f 7142 7129 7126
f 3124 3131 9677
f 9677 3123 3124
f 7184 3122 3123
f 3123 9677 7184
f 3176 7184 9677
f 9677 3173 3176
f 3135 3173 9677
f 9677 3131 3135
f 3171 3180 9678
f 9678 3177 3171
f 9680 9681 9678
f 9678 9679 9680
f 9680 9679 8355
f 8355 8378 9680
f 9680 8371 9682
f 8371 9680 8378
f 9681 9680 9682
f 9682 9683 9681
f 3178 9681 9683
f 9683 9684 3178
f 9684 9683 9685
f 9685 9686 9684
f 9687 9688 7186
f 7186 9686 9687
f 9688 8373 9689
f 8373 9688 9687
f 7187 9689 9690
f 9689 7187 9688
f 9690 9692 9691
f 9692 9690 9689
f 9689 8372 9692
f 8372 9689 8373
f 9688 7187 7183
f 7183 7186 9688
f 8370 9687 9693
f 9687 8370 8373
f 8371 9693 9682
f 9693 8371 8370
f 9685 9683 9682
f 9682 9693 9685
f 9686 9693 9687
f 9693 9686 9685
f 7185 9684 9686
f 9686 7186 7185
f 3175 3178 9684
f 9684 7185 3175
f 9681 3178 3177
f 3177 9678 9681
f 8352 8355 9679
f 9679 3182 8352
f 3182 9679 9678
f 9678 3180 3182
f 3182 3181 8353
f 8353 8352 3182
f 3199 8353 3181
f 3181 3183 3199
f 444 446 3144
f 3144 3143 444
f 3143 450 445
f 445 444 3143
f 9694 9695 3469
f 3469 3471 9694
f 9696 9697 9695
f 9695 9694 9696
f 9698 9699 9697
f 9697 9696 9698
f 9700 9701 9699
f 9699 9698 9700
f 9700 9703 9702
f 9702 9701 9700
f 9703 9705 9704
f 9704 9702 9703
f 9707 9704 9705
f 9705 9706 9707
f 9706 9705 9708
f 9708 9709 9706
f 9711 8000 9708
f 9708 9710 9711
f 9713 9711 9710
f 9710 9712 9713
f 8007 8006 9711
f 9711 9713 8007
f 3756 8007 9713
f 9713 3755 3756
f 3755 9713 9712
f 9712 9714 3755
f 9712 9710 9703
f 9703 9700 9712
f 9710 9708 9705
f 9705 9703 9710
f 8000 7999 9709
f 9709 9708 8000
f 7999 7998 9715
f 9715 9709 7999
f 9709 9715 9716
f 9716 9706 9709
f 9715 5080 5081
f 5081 9716 9715
f 7998 8011 5080
f 5080 9715 7998
f 9706 9716 9717
f 9717 9707 9706
f 9717 9719 9718
f 9718 9707 9717
f 9720 9718 9719
f 9719 5103 9720
f 9720 9723 9721
f 9721 9722 9720
f 5103 5102 9723
f 9723 9720 5103
f 9718 9720 9722
f 9722 9724 9718
f 5101 5103 9719
f 9719 9725 5101
f 5101 9725 9726
f 9726 5088 5101
f 9726 9725 5083
f 5083 5082 9726
f 5083 9725 9719
f 9719 9717 5083
f 9724 9704 9707
f 9707 9718 9724
f 9702 9704 9724
f 9724 9727 9702
f 5083 9717 9716
f 9716 5081 5083
f 9701 9729 9728
f 9728 9699 9701
f 9699 9728 9730
f 9730 9697 9699
f 9731 9695 9697
f 9697 9730 9731
f 9733 9730 9728
f 9728 9732 9733
f 9732 9735 9734
f 9734 9733 9732
f 9730 9733 9736
f 9736 9731 9730
f 9737 9736 9733
f 9733 9734 9737
f 9739 9734 9735
f 9735 9738 9739
f 9738 9735 9740
f 9740 9741 9738
f 9742 9740 9735
f 9735 9732 9742
f 9729 9742 9732
f 9732 9728 9729
f 9727 9743 9742
f 9742 9729 9727
f 9702 9727 9729
f 9729 9701 9702
f 3470 3469 9695
f 9695 9731 3470
f 9714 9712 9700
f 9700 9698 9714
f 9714 9698 9696
f 9696 3759 9714
f 3759 9696 9694
f 9694 3758 3759
f 3471 3480 3758
f 3758 9694 3471
f 3397 3468 3470
f 3470 9744 3397
f 9736 9737 9745
f 9745 9744 9736
f 9744 9745 3395
f 3395 3397 9744
f 9745 3382 3384
f 3384 3395 9745
f 9737 3381 3382
f 3382 9745 9737
f 9744 3470 9731
f 9731 9736 9744
f 3381 9737 9734
f 9734 9739 3381
f 3375 3381 9739
f 9739 3374 3375
f 7242 7249 8498
f 8498 7247 7242
f 7253 3525 9746
f 9746 7258 7253
f 9747 9748 7258
f 7258 9746 9747
f 9746 3530 9749
f 9749 9747 9746
f 9750 9751 9747
f 9747 9749 9750
f 9751 9750 9662
f 9662 9752 9751
f 9748 9747 9751
f 9751 9753 9748
f 7257 7258 9748
f 9748 9754 7257
f 9756 9757 9755
f 9755 9754 9756
f 9758 9759 9757
f 9757 9756 9758
f 9758 9761 9659
f 9659 9760 9758
f 9760 9762 9759
f 9759 9758 9760
f 9763 9764 9762
f 9762 9760 9763
f 9658 9763 9760
f 9760 9659 9658
f 9756 9753 9761
f 9761 9758 9756
f 9761 9752 9656
f 9656 9659 9761
f 9752 9761 9753
f 9753 9751 9752
f 9766 9755 9757
f 9757 9765 9766
f 7249 7248 9766
f 9766 8508 7249
f 9765 8506 8508
f 8508 9766 9765
f 7248 7250 9755
f 9755 9766 7248
f 9765 9757 9759
f 9759 9767 9765
f 9768 9769 8507
f 8507 9767 9768
f 9759 9762 9768
f 9768 9767 9759
f 8506 9765 9767
f 9767 8507 8506
f 9754 9748 9753
f 9753 9756 9754
f 7250 7257 9754
f 9754 9755 7250
f 9663 9662 9750
f 9750 9770 9663
f 9771 3539 3544
f 3544 9770 9771
f 3530 3528 9771
f 9771 9749 3530
f 9770 9750 9749
f 9749 9771 9770
f 3528 3527 3539
f 3539 9771 3528
f 9666 9663 9770
f 9770 3544 9666
f 3525 3522 3530
f 3530 9746 3525
f 3542 3547 6110
f 3547 3542 3543
f 9772 3540 8577
f 3540 9772 3541
f 9664 9772 9773
f 9772 9664 9666
f 9665 9773 9774
f 9773 9665 9664
f 9774 9651 9665
f 9651 9774 9775
f 9775 9652 9651
f 9652 9775 9776
f 9776 7067 9652
f 7067 9776 7065
f 9777 7065 9776
f 7065 9777 7066
f 9778 9776 9775
f 9776 9778 9777
f 9777 8573 9779
f 8573 9777 9778
f 9779 8572 9780
f 8572 9779 8573
f 9781 9783 9780
f 9783 9781 9782
f 9782 9785 9783
f 9785 9782 9784
f 9784 9787 9786
f 9787 9784 9782
f 9782 9788 9787
f 9788 9782 9781
f 8574 9780 8572
f 9780 8574 9781
f 9780 9789 9779
f 9789 9780 9783
f 9789 7063 7066
f 7063 9789 7070
f 7070 9783 9785
f 9783 7070 9789
f 9779 7066 9777
f 7066 9779 9789
f 8571 9778 9790
f 9778 8571 8573
f 9775 9790 9778
f 9790 9775 9774
f 8570 9790 8578
f 9790 8570 8571
f 9774 8578 9790
f 8578 9774 9773
f 9773 8577 8578
f 8577 9773 9772
f 3541 9666 3544
f 9666 3541 9772
f 9752 9662 9657
f 9657 9656 9752
f 1272 1307 1276
f 1276 1270 1272
f 6776 9791 7344
f 7344 7346 6776
f 7345 7344 9791
f 9791 9792 7345
f 9792 9794 9793
f 9793 7345 9792
f 9796 9793 9794
f 9794 9795 9796
f 9797 9798 9796
f 9796 9795 9797
f 9800 9797 9795
f 9795 9799 9800
f 9800 9799 9801
f 9801 9802 9800
f 9803 9804 9797
f 9797 9800 9803
f 9805 9806 9804
f 9804 9803 9805
f 9806 9805 9807
f 9807 9808 9806
f 9810 9806 9808
f 9808 9809 9810
f 9806 9810 9811
f 9811 9804 9806
f 9812 9813 9808
f 9808 9807 9812
f 9807 9815 9814
f 9814 9812 9807
f 9815 9807 9805
f 9805 9816 9815
f 9816 9805 9803
f 9803 9817 9816
f 9817 9819 9818
f 9818 9816 9817
f 9802 9820 9819
f 9819 9817 9802
f 9800 9802 9817
f 9817 9803 9800
f 9822 9823 9801
f 9801 9821 9822
f 9825 9822 9821
f 9821 9824 9825
f 9822 9825 6803
f 6803 9826 9822
f 6803 6800 9826
f 6800 6803 6799
f 9826 9827 9823
f 9823 9822 9826
f 9826 9828 9827
f 9828 9826 6800
f 6771 6803 9825
f 9825 6770 6771
f 9824 6769 6770
f 6770 9825 9824
f 9824 9821 9829
f 9829 9830 9824
f 6769 9824 9830
f 9830 9831 6769
f 9821 9801 9799
f 9799 9829 9821
f 9823 9820 9802
f 9802 9801 9823
f 9829 9799 9795
f 9795 9794 9829
f 9804 9811 9798
f 9798 9797 9804
f 9798 9811 9832
f 9832 9833 9798
f 9833 9832 9834
f 9834 9835 9833
f 9796 9798 9833
f 9833 9836 9796
f 9836 9837 9793
f 9793 9796 9836
f 9837 9836 7336
f 7336 7335 9837
f 9835 7336 9836
f 9836 9833 9835
f 7345 9793 9837
f 9837 7343 7345
f 9834 9839 9838
f 9838 7329 9834
f 9840 9841 9838
f 9838 9839 9840
f 9840 9843 9842
f 9842 9841 9840
f 9844 9845 9843
f 9843 9840 9844
f 9839 9846 9844
f 9844 9840 9839
f 9838 9841 9847
f 9847 9848 9838
f 7329 9838 9848
f 9848 7327 7329
f 9832 9846 9839
f 9839 9834 9832
f 9835 9834 7329
f 7329 7328 9835
f 9832 9811 9810
f 9810 9846 9832
f 9794 9792 9830
f 9830 9829 9794
f 9831 9830 9792
f 9792 9791 9831
f 9791 6776 6778
f 6778 9831 9791
f 7343 9837 7335
f 7335 7338 7343
f 7328 7330 7336
f 7336 9835 7328
f 7333 7326 9849
f 7326 7333 7325
f 9851 9849 9850
f 9849 9851 7333
f 9853 9854 9852
f 9854 9853 9850
f 9854 9856 9855
f 9855 9852 9854
f 9855 9856 9857
f 9857 9858 9855
f 9858 9857 9859
f 9859 9860 9858
f 9860 9859 9861
f 9861 9862 9860
f 9860 9864 9863
f 9864 9860 9862
f 9863 9866 9865
f 9866 9863 9864
f 9863 9858 9860
f 9858 9863 9867
f 9867 9870 9868
f 9870 9867 9869
f 9869 9863 9865
f 9863 9869 9867
f 9867 9855 9858
f 9855 9867 9868
f 9820 9871 9866
f 9866 9819 9820
f 9827 9871 9820
f 9820 9823 9827
f 9872 9866 9871
f 9866 9872 9865
f 9871 9827 9828
f 9828 9872 9871
f 9819 9866 9864
f 9864 9818 9819
f 9864 9862 9814
f 9814 9818 9864
f 9812 9814 9862
f 9862 9861 9812
f 9861 9873 9813
f 9813 9812 9861
f 9873 9874 9843
f 9843 9845 9873
f 9842 9843 9874
f 9874 9875 9842
f 9874 9859 9857
f 9857 9875 9874
f 9859 9874 9873
f 9873 9861 9859
f 9876 9813 9873
f 9873 9845 9876
f 9808 9813 9876
f 9876 9809 9808
f 9876 9845 9844
f 9844 9809 9876
f 9856 9877 9875
f 9875 9857 9856
f 9877 9856 9854
f 9854 9878 9877
f 9879 9880 9877
f 9877 9878 9879
f 9880 9848 9847
f 9848 9880 9879
f 9875 9877 9880
f 9880 9842 9875
f 9847 9841 9842
f 9842 9880 9847
f 9848 7326 7327
f 7326 9848 9879
f 9849 9879 9878
f 9879 9849 7326
f 9878 9850 9849
f 9850 9878 9854
f 9882 9852 9881
f 9852 9882 9853
f 9883 9853 9882
f 9853 9883 9884
f 9886 9883 9885
f 9883 9886 9884
f 9851 9886 9887
f 9886 9851 9884
f 9884 9850 9853
f 9850 9884 9851
f 7333 9887 7332
f 9887 7333 9851
f 7331 9887 6792
f 9887 7331 7332
f 9886 6792 9887
f 6792 9886 6789
f 9885 6789 9886
f 6789 9885 6790
f 6802 9885 9888
f 9885 6802 6790
f 9890 9891 9889
f 9891 9890 9888
f 9888 6801 6802
f 6801 9888 9890
f 6800 9890 9828
f 9890 6800 6801
f 9828 9889 9872
f 9889 9828 9890
f 9869 9891 9870
f 9891 9869 9889
f 9870 9883 9882
f 9883 9870 9891
f 9888 9883 9891
f 9883 9888 9885
f 9855 9881 9852
f 9881 9855 9868
f 9868 9882 9881
f 9882 9868 9870
f 2154 7302 7301
f 7301 2155 2154
f 7369 7303 7302
f 7302 2154 7369
f 2154 2153 7359
f 7359 7369 2154
f 7299 7303 7362
f 7362 7366 7299
f 2153 2156 2160
f 2160 7359 2153
f 6768 6769 9831
f 9831 6778 6768
f 7381 3629 9892
f 3629 7381 3630
f 7382 9892 9893
f 9892 7382 7381
f 7382 9893 9894
f 9894 9895 7382
f 7296 7298 9895
f 9895 9894 7296
f 7367 9895 7298
f 7298 7366 7367
f 9895 7367 7368
f 7368 7382 9895
f 9894 9896 7297
f 7297 7296 9894
f 9896 9898 9897
f 9897 7297 9896
f 9899 9900 9898
f 9898 9896 9899
f 9900 9899 9901
f 9901 9902 9900
f 9901 9904 9902
f 9904 9901 9903
f 9892 9903 9901
f 9903 9892 3629
f 9893 9901 9899
f 9901 9893 9892
f 9903 9906 9904
f 9906 9903 9905
f 3637 3631 3632
f 3631 3637 9905
f 3629 9905 9903
f 9905 3629 3631
f 9907 9905 3637
f 9905 9907 9906
f 3637 9908 9907
f 9908 3637 3636
f 9906 9910 9909
f 9910 9906 9907
f 9907 9911 9910
f 9911 9907 9908
f 9912 9902 9904
f 9902 9912 9913
f 9914 9912 9909
f 9912 9914 9915
f 9904 9909 9912
f 9909 9904 9906
f 9913 9915 9916
f 9915 9913 9912
f 9917 9900 9902
f 9902 9913 9917
f 9918 9898 9900
f 9900 9917 9918
f 9917 9920 9919
f 9919 9918 9917
f 9921 9916 9915
f 9916 9921 9920
f 9916 9920 9917
f 9917 9913 9916
f 9922 9919 9920
f 9920 9921 9922
f 9923 9897 9898
f 9898 9918 9923
f 9925 9926 9923
f 9923 9924 9925
f 9924 9923 9918
f 9918 9919 9924
f 9897 9923 9926
f 9926 9927 9897
f 9893 9899 9896
f 9896 9894 9893
f 3636 9928 9908
f 9928 3636 3635
f 9928 9911 9908
f 9911 9928 9929
f 9929 9932 9930
f 9930 9931 9929
f 9935 9931 9933
f 9933 9934 9935
f 9911 9929 9931
f 9931 9935 9911
f 9936 9910 9911
f 9911 9935 9936
f 9937 9938 9914
f 9914 9936 9937
f 9938 9937 9939
f 9939 9940 9938
f 9938 9940 9922
f 9922 9921 9938
f 9921 9915 9914
f 9914 9938 9921
f 9940 9942 9941
f 9941 9922 9940
f 9941 9942 9943
f 9943 9944 9941
f 9945 9946 9925
f 9925 9944 9945
f 9948 9946 9945
f 9945 9947 9948
f 9949 9950 9947
f 9947 9945 9949
f 9944 9943 9949
f 9949 9945 9944
f 9944 9925 9924
f 9924 9941 9944
f 9941 9924 9919
f 9919 9922 9941
f 9952 9943 9942
f 9942 9951 9952
f 9951 9954 9953
f 9953 9952 9951
f 9939 9955 9954
f 9954 9951 9939
f 9954 9957 9956
f 9956 9953 9954
f 9954 9955 9958
f 9958 9957 9954
f 9949 9943 9952
f 9952 9950 9949
f 9959 9950 9952
f 9952 9953 9959
f 9951 9942 9940
f 9940 9939 9951
f 9955 9939 9937
f 9937 9934 9955
f 9933 9958 9955
f 9955 9934 9933
f 9958 9933 9960
f 9960 9961 9958
f 9961 9962 9957
f 9957 9958 9961
f 9962 9963 9956
f 9956 9957 9962
f 9962 9965 9964
f 9964 9963 9962
f 9961 9966 9965
f 9965 9962 9961
f 9960 9967 9966
f 9966 9961 9960
f 9931 9930 9960
f 9960 9933 9931
f 9930 9968 9967
f 9967 9960 9930
f 9937 9936 9935
f 9935 9934 9937
f 9909 9936 9914
f 9936 9909 9910
f 9932 9969 9968
f 9968 9930 9932
f 9969 9929 9928
f 9929 9969 9932
f 3610 9968 9969
f 9968 3610 3609
f 3635 9969 9928
f 9969 3635 3610
f 3621 3610 3635
f 3610 3621 3608
f 3609 9967 9968
f 9967 3609 3611
f 9966 3611 3617
f 3611 9966 9967
f 3619 9964 9965
f 9965 3616 3619
f 3617 9965 9966
f 9965 3617 3616
f 9946 9970 9926
f 9926 9925 9946
f 9970 7306 9927
f 9927 9926 9970
f 9971 7305 7306
f 7306 9970 9971
f 7305 9971 9972
f 9972 7307 7305
f 7307 9972 9973
f 9973 7288 7307
f 9974 7287 7288
f 7288 9973 9974
f 9974 9975 9963
f 9963 9964 9974
f 9975 9976 9956
f 9956 9963 9975
f 9976 9959 9953
f 9953 9956 9976
f 9976 9978 9977
f 9977 9959 9976
f 9975 9979 9978
f 9978 9976 9975
f 9975 9974 9973
f 9973 9979 9975
f 9980 9977 9978
f 9978 9979 9980
f 9977 9980 9948
f 9948 9947 9977
f 9971 9948 9980
f 9980 9972 9971
f 9972 9980 9979
f 9979 9973 9972
f 9964 3619 7287
f 7287 9974 9964
f 9970 9946 9948
f 9948 9971 9970
f 7286 7307 7288
f 7288 7285 7286
f 9927 7295 7297
f 7297 9897 9927
f 7292 7299 7366
f 7366 7298 7292
f 7295 9927 7306
f 7306 7294 7295
f 3748 8029 3757
f 3757 3749 3748
f 3757 8005 8007
f 8007 3756 3757
f 3752 3755 9714
f 9714 3759 3752
f 3656 3676 3660
f 3676 3656 7221
f 8006 7996 8000
f 8000 9711 8006
f 9724 9722 9743
f 9743 9727 9724
f 9743 9981 9740
f 9740 9742 9743
f 9981 9982 9741
f 9741 9740 9981
f 9984 9741 9982
f 9982 9983 9984
f 9741 9984 3372
f 3372 9738 9741
f 3373 3372 9984
f 9984 9985 3373
f 3376 3373 9985
f 9985 9986 3376
f 9987 9988 9986
f 9986 9985 9987
f 9987 9983 5107
f 5107 5109 9987
f 9983 9982 5108
f 5108 5107 9983
f 9985 9984 9983
f 9983 9987 9985
f 5109 9989 9988
f 9988 9987 5109
f 9991 9988 9989
f 9989 9990 9991
f 9993 9991 9990
f 9990 9992 9993
f 9994 9993 9992
f 9992 3840 9994
f 5962 9995 9994
f 9994 5963 5962
f 3840 3839 5963
f 5963 9994 3840
f 9995 9996 9993
f 9993 9994 9995
f 9997 3838 3840
f 3840 9992 9997
f 3838 9997 9998
f 9998 3837 3838
f 5096 9998 9997
f 9997 9999 5096
f 9999 9997 9992
f 9992 9990 9999
f 9991 9993 9996
f 9996 10000 9991
f 10000 9996 10001
f 10001 10002 10000
f 10000 9986 9988
f 9988 9991 10000
f 10002 3376 9986
f 9986 10000 10002
f 10003 9999 9990
f 9990 9989 10003
f 5106 10003 9989
f 9989 5109 5106
f 5094 5096 9999
f 9999 10003 5094
f 10003 5106 5095
f 5095 5094 10003
f 9721 5108 9982
f 9982 9981 9721
f 9722 9721 9981
f 9981 9743 9722
f 3769 3771 3745
f 3745 3744 3769
f 3744 3746 3763
f 3763 3769 3744
f 3770 10004 8026
f 8026 3771 3770
f 3772 5928 10004
f 10004 3770 3772
f 10004 8022 8016
f 8016 8026 10004
f 5928 8023 8022
f 8022 10004 5928
f 8029 3748 3750
f 3750 8027 8029
f 3667 3663 3666
f 3666 3696 3667
f 3699 271 269
f 271 3699 3693
f 3695 3664 10005
f 3664 3695 3665
f 271 10005 270
f 10005 271 3695
f 10005 245 270
f 245 10005 247
f 3672 10005 3664
f 10005 3672 247
f 3672 246 247
f 246 3672 3673
f 3671 236 3673
f 236 3671 237
f 238 3673 236
f 3673 238 246
f 233 3674 10006
f 3674 233 237
f 7223 230 10006
f 230 7223 231
f 3675 10006 3674
f 10006 3675 7223
f 10006 227 233
f 227 10006 230
f 277 269 268
f 269 277 3699
f 3939 7472 3915
f 3915 3937 3939
f 3914 3915 7472
f 7472 3918 3914
f 3909 4504 4505
f 4505 3906 3909
f 3919 3918 4861
f 4861 4860 3919
f 7473 4864 4862
f 4862 4859 7473
f 7467 7465 4864
f 4864 7473 7467
f 3885 3884 5953
f 5953 3890 3885
f 5952 5953 3884
f 3884 3879 5952
f 5952 3879 3874
f 3874 3873 5952
f 5957 5963 3839
f 3839 3841 5957
f 3837 9998 3846
f 3846 3842 3837
f 3849 3846 9998
f 9998 5096 3849
f 7448 5855 7757
f 7757 7452 7448
f 4841 4865 7459
f 7459 7458 4841
f 7458 7460 4839
f 4839 4841 7458
f 4865 4864 7465
f 7465 7459 4865
f 7757 5851 5852
f 5852 7756 7757
f 3987 3990 4087
f 4087 4086 3987
f 4086 3982 3979
f 3979 3987 4086
f 7673 3989 3988
f 3988 3994 7673
f 4092 7525 4090
f 7525 4092 7528
f 4090 4096 4091
f 4096 4090 7525
f 4173 4180 7953
f 4180 4173 4175
f 4179 7953 4180
f 7953 4179 7505
f 4027 4070 4243
f 4243 4025 4027
f 4070 4071 4194
f 4194 4243 4070
f 4242 4026 4025
f 4025 4243 4242
f 4236 4235 4026
f 4026 4242 4236
f 7509 10007 7951
f 7951 7948 7509
f 7491 7490 7951
f 7951 10007 7491
f 7491 10007 7496
f 7496 7489 7491
f 10007 7509 7501
f 7501 7496 10007
f 9418 4590 4586
f 4586 4591 9418
f 9421 4562 4588
f 4588 4590 9421
f 10008 10009 4598
f 4598 4597 10008
f 4930 4929 10009
f 10009 10008 4930
f 10009 9417 10010
f 10010 4598 10009
f 4594 4593 10010
f 10010 9417 4594
f 4598 10010 4593
f 4593 4595 4598
f 10009 4929 4932
f 4932 9417 10009
f 10008 4605 4607
f 4607 4930 10008
f 4597 4599 4605
f 4605 10008 4597
f 4944 4931 4930
f 4930 4607 4944
f 9420 6838 6839
f 6839 6844 9420
f 4629 5892 4982
f 4982 4631 4629
f 7702 7730 7700
f 7730 7702 7707
f 7701 7730 7731
f 7730 7701 7700
f 7705 7698 10011
f 7698 7705 7696
f 10011 7714 7705
f 7714 10011 10012
f 8207 10012 10013
f 10012 8207 8208
f 10014 10015 8207
f 8207 10013 10014
f 10016 8184 10015
f 10015 10014 10016
f 10017 8182 8184
f 8184 10016 10017
f 8182 10017 10018
f 10018 8181 8182
f 7699 10018 10019
f 10018 7699 7701
f 10020 7699 10019
f 7699 10020 7698
f 10021 10017 10016
f 10017 10021 10020
f 10012 10021 10013
f 10021 10012 10011
f 10013 10016 10014
f 10016 10013 10021
f 10011 10020 10021
f 10020 10011 7698
f 10020 10018 10017
f 10018 10020 10019
f 10018 7731 8181
f 7731 10018 7701
f 10015 10022 8205
f 8205 8207 10015
f 10022 8179 8206
f 8206 8205 10022
f 8183 8177 8179
f 8179 10022 8183
f 10022 10015 8184
f 8184 8183 10022
f 8208 7714 10012
f 7714 8208 7715
f 8202 8203 7712
f 7712 7715 8202
f 8203 4779 4781
f 4781 7712 8203
f 4780 8198 4275
f 4275 4775 4780
f 7731 7725 7727
f 7727 8181 7731
f 4665 4669 4664
f 4669 4665 4691
f 4817 10023 4804
f 4804 4803 4817
f 10023 7562 7563
f 7563 4804 10023
f 7562 10023 10024
f 10024 10025 7562
f 10025 7566 7561
f 7561 7562 10025
f 10026 10027 7566
f 7566 10025 10026
f 7591 7606 10027
f 10027 10026 7591
f 10027 10028 7564
f 7564 7566 10027
f 10028 10029 7565
f 7565 7564 10028
f 7565 10029 7573
f 7573 7568 7565
f 7571 7573 10029
f 10029 7604 7571
f 7604 10029 10028
f 10028 7605 7604
f 7605 10028 10027
f 10027 7606 7605
f 10026 10030 7590
f 7590 7591 10026
f 7593 7590 10030
f 10030 10031 7593
f 7593 10033 10032
f 10033 7593 10031
f 4811 10032 10033
f 10032 4811 10034
f 10034 10036 10032
f 10036 10034 10035
f 10036 10035 7601
f 7601 7600 10036
f 7600 7586 7592
f 7592 10036 7600
f 10036 7592 7593
f 7593 10032 10036
f 4813 10035 4810
f 10035 4813 7601
f 4811 10035 10034
f 10035 4811 4810
f 4809 10033 4816
f 10033 4809 4811
f 10031 4816 10033
f 4816 10031 4818
f 4818 10030 10024
f 10030 4818 10031
f 10024 4817 4818
f 4817 10024 10023
f 10030 10026 10025
f 10025 10024 10030
f 4804 7563 7554
f 7554 4801 4804
f 7795 10037 7811
f 10037 7795 7796
f 10037 10040 10038
f 10040 10037 10039
f 10039 10041 10040
f 10041 10039 7837
f 10040 10043 10042
f 10043 10040 10041
f 10038 10042 10044
f 10042 10038 10040
f 10045 10044 10042
f 10044 10045 10046
f 10047 10046 10045
f 10046 10047 10048
f 10049 10048 10047
f 10048 10049 10050
f 10050 10052 10051
f 10052 10050 10049
f 10054 10051 10053
f 10051 10054 10050
f 10055 10053 10051
f 10053 10055 10056
f 10057 10051 10052
f 10051 10057 10055
f 10059 10053 10058
f 10053 10059 10054
f 10050 10060 10048
f 10060 10050 10054
f 10054 10061 10060
f 10061 10054 10059
f 10049 10063 10052
f 10063 10049 10062
f 10047 10062 10049
f 10062 10047 10064
f 10064 10045 10065
f 10045 10064 10047
f 10064 10067 10062
f 10067 10064 10066
f 10065 10066 10064
f 10066 10065 10068
f 10062 10069 10063
f 10069 10062 10067
f 10070 10063 10069
f 10063 10070 10071
f 10069 10073 10070
f 10073 10069 10072
f 10067 10072 10069
f 10072 10067 10074
f 10076 10046 10075
f 10046 10076 10044
f 7810 10076 10077
f 10076 7810 7812
f 7813 10077 10078
f 10077 7813 7810
f 7781 10078 7782
f 10078 7781 7813
f 7782 10080 10079
f 10080 7782 10078
f 10078 10081 10080
f 10081 10078 10077
f 10077 10075 10081
f 10075 10077 10076
f 10081 10060 10061
f 10060 10081 10075
f 10075 10048 10060
f 10048 10075 10046
f 10044 7812 10038
f 7812 10044 10076
f 7811 10038 7812
f 10038 7811 10037
f 10042 10065 10045
f 10065 10042 10043
f 10043 10068 10065
f 10068 10043 10082
f 10041 10082 10043
f 10082 10041 10083
f 10085 10083 10084
f 10083 10085 10082
f 10082 10086 10068
f 10086 10082 10085
f 10085 10088 10086
f 10088 10085 10087
f 10084 10087 10085
f 10087 10084 10089
f 7834 10084 10083
f 10084 7834 7836
f 7837 10083 10041
f 10083 7837 7834
f 7837 7797 7832
f 7797 7837 10039
f 7796 10039 10037
f 10039 7796 7797
f 7794 7832 7797
f 7832 7794 7802
f 5390 5338 5343
f 5338 5390 5341
f 7774 7813 7781
f 7813 7774 7776
f 10090 5050 7784
f 7784 7783 10090
f 10091 5048 5050
f 5050 10090 10091
f 10092 5044 5048
f 5048 10091 10092
f 10094 10095 10092
f 10092 10093 10094
f 10093 10097 10096
f 10096 10094 10093
f 10099 10100 10098
f 10098 10097 10099
f 10101 10099 10097
f 10097 10093 10101
f 10099 10101 10102
f 10102 10103 10099
f 7785 10104 10103
f 10103 10102 7785
f 10104 10106 10105
f 10105 10103 10104
f 10103 10105 10100
f 10100 10099 10103
f 10107 10105 10106
f 10105 10107 10108
f 10106 10110 10107
f 10110 10106 10109
f 10109 10104 7780
f 10104 10109 10106
f 7785 7780 10104
f 7780 7785 7777
f 10102 10090 7783
f 7783 7785 10102
f 10090 10102 10101
f 10101 10091 10090
f 10091 10101 10093
f 10093 10092 10091
f 10098 10113 10111
f 10111 10112 10098
f 10112 10096 10097
f 10097 10098 10112
f 10094 10096 10114
f 10114 10115 10094
f 10117 10115 10116
f 10116 9474 10117
f 10115 10117 10095
f 10095 10094 10115
f 10117 5046 5043
f 5043 10095 10117
f 5046 10117 9474
f 9474 9473 5046
f 9474 10116 10118
f 10118 9472 9474
f 10116 10120 10119
f 10119 10118 10116
f 10115 10114 10120
f 10120 10116 10115
f 10121 10114 10096
f 10096 10112 10121
f 10112 10111 10122
f 10122 10121 10112
f 10111 10124 10123
f 10123 10122 10111
f 10113 10125 10124
f 10124 10111 10113
f 10126 10120 10114
f 10114 10121 10126
f 10121 10122 10127
f 10127 10126 10121
f 10120 10126 10128
f 10128 10119 10120
f 10126 10127 10129
f 10129 10128 10126
f 10100 10130 10113
f 10113 10098 10100
f 10130 10131 10125
f 10125 10113 10130
f 10133 10125 10131
f 10131 10132 10133
f 10132 10135 10134
f 10134 10133 10132
f 10135 10137 10136
f 10136 10134 10135
f 10138 10139 10137
f 10137 10135 10138
f 10135 10132 10140
f 10140 10138 10135
f 10141 10124 10125
f 10125 10133 10141
f 10142 10141 10133
f 10133 10134 10142
f 10143 10140 10132
f 10132 10131 10143
f 10131 10130 10108
f 10108 10143 10131
f 10143 10145 10140
f 10145 10143 10144
f 10108 10144 10143
f 10144 10108 10107
f 10130 10100 10105
f 10105 10108 10130
f 5044 10092 10095
f 10095 5043 5044
f 7780 10146 10109
f 10146 7780 7779
f 10147 10109 10146
f 10109 10147 10110
f 10110 10149 10148
f 10149 10110 10147
f 10148 10151 10150
f 10151 10148 10149
f 10150 10153 10152
f 10153 10150 10151
f 10152 10145 10150
f 10145 10152 10154
f 10154 10156 10155
f 10156 10154 10152
f 10156 10159 10157
f 10159 10156 10158
f 10158 10161 10159
f 10161 10158 10160
f 10163 10160 10162
f 10160 10163 10161
f 10164 10161 10163
f 10161 10164 10165
f 10163 10167 10164
f 10167 10163 10166
f 10162 10166 10163
f 10166 10162 10168
f 10169 10162 10160
f 10162 10169 10170
f 10160 10153 10169
f 10153 10160 10158
f 10171 10170 10169
f 10170 10171 10172
f 10169 10151 10171
f 10151 10169 10153
f 10157 10174 10173
f 10174 10157 10159
f 10173 10176 10175
f 10176 10173 10174
f 10177 10174 10165
f 10174 10177 10176
f 10159 10165 10174
f 10165 10159 10161
f 10179 10173 10178
f 10173 10179 10157
f 10155 10157 10179
f 10157 10155 10156
f 10152 10158 10156
f 10158 10152 10153
f 10140 10154 10138
f 10154 10140 10145
f 10138 10155 10139
f 10155 10138 10154
f 10144 10150 10145
f 10150 10144 10148
f 10107 10148 10144
f 10148 10107 10110
f 10149 10171 10151
f 10171 10149 10180
f 10147 10180 10149
f 10180 10147 10181
f 10146 10181 10147
f 10181 10146 10079
f 10181 10183 10180
f 10183 10181 10182
f 10182 10059 10183
f 10059 10182 10061
f 10180 10172 10171
f 10172 10180 10183
f 10183 10058 10172
f 10058 10183 10059
f 10080 10061 10182
f 10061 10080 10081
f 10182 10079 10080
f 10079 10182 10181
f 7779 10079 10146
f 10079 7779 7782
f 5040 5045 9475
f 9475 5038 5040
f 9473 9475 5045
f 5045 5046 9473
f 7631 7914 10184
f 7914 7631 7632
f 7629 7631 10184
f 7631 7629 7628
f 10184 10186 7629
f 10186 10184 10185
f 10187 10184 7914
f 10184 10187 10185
f 7912 7915 10187
f 10187 7914 7912
f 10188 10185 10187
f 10185 10188 10186
f 10190 10186 10188
f 10188 10189 10190
f 10189 7653 7654
f 7654 10190 10189
f 7654 7626 10190
f 7626 7654 7627
f 7629 10190 7626
f 10190 7629 10186
f 7653 10189 7907
f 7907 7908 7653
f 7907 10189 10188
f 10188 7917 7907
f 7917 10188 10187
f 10187 7915 7917
f 7905 7907 7917
f 7917 7916 7905
f 7908 7892 7651
f 7651 7653 7908
f 7649 7644 7643
f 7643 7645 7649
f 7966 7968 7973
f 7973 8021 7966
f 7967 7966 8021
f 8021 8020 7967
f 8021 7973 8024
f 8024 8019 8021
f 5082 5084 5088
f 5088 9726 5082
f 5105 9723 5102
f 5102 5098 5105
f 9723 5105 5108
f 5108 9721 9723
f 2371 8050 8062
f 8050 2371 2373
f 5160 8053 5161
f 8053 5160 5186
f 8055 5154 5161
f 5154 8055 5155
f 9130 5188 9132
f 5188 9130 5184
f 5180 5179 9588
f 9588 5189 5180
f 5189 9588 9590
f 9590 5190 5189
f 5188 5190 10191
f 10191 9132 5188
f 10192 9131 9132
f 9132 10191 10192
f 9124 9123 9131
f 9131 10192 9124
f 10192 9179 9180
f 9180 9124 10192
f 10191 9177 9179
f 9179 10192 10191
f 5190 9590 9177
f 9177 10191 5190
f 5235 5207 5210
f 5207 5235 5262
f 5206 5262 5263
f 5262 5206 5207
f 5254 10193 5252
f 10193 5254 5299
f 5299 10194 10193
f 10194 5299 5300
f 10193 10196 10195
f 10196 10193 10194
f 10197 10195 10196
f 10195 10197 10198
f 10198 5253 10195
f 5253 10198 10199
f 5251 10199 8622
f 10199 5251 5253
f 8622 10200 8620
f 10200 8622 10199
f 10202 10200 10201
f 10200 10202 8626
f 10199 10201 10200
f 10201 10199 10198
f 10204 10201 10203
f 10201 10204 10202
f 10204 10206 10202
f 10206 10204 10205
f 10208 10205 10207
f 10205 10208 10206
f 8553 10206 10208
f 10206 8553 8625
f 8551 10208 10209
f 10208 8551 8553
f 10207 10209 10208
f 10209 10207 10210
f 10207 10211 9786
f 10211 10207 10205
f 9786 10212 9784
f 10212 9786 10211
f 10214 10211 10213
f 10211 10214 10212
f 10205 10213 10211
f 10213 10205 10204
f 10206 8626 10202
f 8626 10206 8625
f 10204 10215 10213
f 10215 10204 10203
f 10213 10216 10214
f 10216 10213 10215
f 10215 10218 10216
f 10218 10215 10217
f 10214 7039 10219
f 7039 10214 10216
f 10216 7037 7039
f 7037 10216 10218
f 10197 10215 10203
f 10215 10197 10217
f 10203 10198 10197
f 10198 10203 10201
f 10196 10217 10197
f 10217 10196 7034
f 8626 8620 10200
f 8620 8626 8621
f 5252 10195 5253
f 10195 5252 10193
f 10194 7034 10196
f 7034 10194 7032
f 7030 10194 5300
f 10194 7030 7032
f 5263 5205 5206
f 5205 5263 10220
f 8652 10221 8650
f 10221 8652 10220
f 8650 10222 8651
f 10222 8650 10221
f 8651 8606 8608
f 8606 8651 10222
f 10222 8607 8606
f 8607 10222 5260
f 10221 5260 10222
f 5260 10221 5261
f 10220 5261 10221
f 5261 10220 5263
f 5204 10220 8652
f 10220 5204 5205
f 5260 5264 8607
f 5264 5260 5258
f 5250 5255 5248
f 5255 5250 5268
f 5268 8623 5269
f 8623 5268 5250
f 5250 8622 8623
f 8622 5250 5251
f 8618 5266 5269
f 5266 8618 8611
f 5267 8607 5264
f 8607 5267 8604
f 8597 8630 8599
f 8599 8595 8597
f 5219 5220 5223
f 5223 9581 5219
f 9581 5171 5172
f 5172 5219 9581
f 5170 5171 9582
f 9582 5177 5170
f 5223 5222 9578
f 9578 9579 5223
f 5222 5224 9577
f 9577 9578 5222
f 5394 5400 6930
f 5400 5394 5396
f 6923 6930 5400
f 6930 6923 6922
f 5395 6930 6929
f 6930 5395 5394
f 7843 6929 6931
f 6929 7843 5395
f 6931 7845 7843
f 7845 6931 10223
f 10223 10225 7845
f 10225 10223 10224
f 10226 10225 10224
f 10225 10226 10227
f 10227 10229 10225
f 10229 10227 10228
f 10228 7847 10229
f 7847 10228 7850
f 7844 10225 10229
f 10225 7844 7845
f 10229 7841 7844
f 7841 10229 7847
f 7850 10231 10230
f 10231 7850 10228
f 10230 10233 10232
f 10233 10230 10231
f 10089 10232 10087
f 10232 10089 10230
f 10087 10234 10088
f 10234 10087 10232
f 10088 10236 10235
f 10236 10088 10234
f 10235 10238 10237
f 10238 10235 10236
f 10237 10240 10239
f 10240 10237 10238
f 10238 10242 10240
f 10242 10238 10241
f 10241 10236 10243
f 10236 10241 10238
f 10086 10235 10244
f 10235 10086 10088
f 10237 10244 10235
f 10244 10237 10074
f 10234 10243 10236
f 10243 10234 10245
f 10245 10247 10243
f 10247 10245 10246
f 10246 10233 10248
f 10233 10246 10245
f 10245 10232 10233
f 10232 10245 10234
f 7849 10230 10089
f 10230 7849 7850
f 10248 10231 10249
f 10231 10248 10233
f 10249 10251 10248
f 10251 10249 10250
f 10250 10253 10251
f 10253 10250 10252
f 10252 10226 10254
f 10226 10252 10250
f 10254 10224 10255
f 10224 10254 10226
f 10254 10257 10256
f 10257 10254 10255
f 10258 10254 10256
f 10254 10258 10252
f 10227 10250 10249
f 10250 10227 10226
f 10252 10259 10253
f 10259 10252 10258
f 10253 10261 10260
f 10261 10253 10259
f 10261 10264 10262
f 10264 10261 10263
f 10259 10263 10261
f 10263 10259 10265
f 10260 10262 10266
f 10262 10260 10261
f 10251 10260 10267
f 10260 10251 10253
f 10265 10258 10268
f 10258 10265 10259
f 10269 10258 10256
f 10258 10269 10268
f 10268 9527 10265
f 9527 10268 9528
f 10269 9528 10268
f 9528 10269 9530
f 10249 10228 10227
f 10228 10249 10231
f 10224 10270 10255
f 10270 10224 10223
f 6919 10255 10270
f 10255 6919 10257
f 10270 6918 6919
f 6918 10270 6928
f 6928 10223 6931
f 10223 6928 10270
f 10271 8109 5563
f 5563 5562 10271
f 10272 8107 8109
f 8109 10271 10272
f 10272 5585 10273
f 10273 10274 10272
f 10275 10276 10274
f 10274 10273 10275
f 10275 10278 10277
f 10277 10276 10275
f 10276 10277 10279
f 10279 10280 10276
f 8108 10280 10281
f 10281 8106 8108
f 10282 8105 8106
f 8106 10281 10282
f 8099 10282 10283
f 10282 8099 8105
f 10285 10286 10284
f 10286 10285 10283
f 8098 10285 10287
f 10285 8098 8097
f 10287 10284 10288
f 10284 10287 10285
f 8097 10283 10285
f 10283 8097 8099
f 10284 10290 10289
f 10290 10284 10286
f 10286 10292 10290
f 10292 10286 10291
f 10283 10291 10286
f 10291 10283 10282
f 10281 10293 10291
f 10291 10282 10281
f 10279 10295 10294
f 10294 10293 10279
f 10277 10296 10295
f 10295 10279 10277
f 10293 10281 10280
f 10280 10279 10293
f 10294 10298 10297
f 10297 10292 10294
f 10295 10299 10298
f 10298 10294 10295
f 10293 10294 10292
f 10292 10291 10293
f 10274 10276 10280
f 10280 8108 10274
f 10272 10274 8108
f 8108 8107 10272
f 10296 10277 10278
f 10278 10300 10296
f 10300 10302 10301
f 10301 10296 10300
f 10304 10301 10302
f 10302 10303 10304
f 10304 10307 10305
f 10305 10306 10304
f 10307 10309 10308
f 10308 10305 10307
f 10305 10308 10310
f 10310 10311 10305
f 10306 10305 10311
f 10311 10312 10306
f 10309 10314 10313
f 10313 10308 10309
f 10315 10316 10314
f 10314 10309 10315
f 10317 10315 10309
f 10309 10307 10317
f 10307 10304 10303
f 10303 10317 10307
f 10318 10319 10317
f 10317 10303 10318
f 10320 10318 10303
f 10303 10302 10320
f 10306 10299 10301
f 10301 10304 10306
f 10296 10301 10299
f 10299 10295 10296
f 10321 10320 10302
f 10302 10300 10321
f 10324 10321 10322
f 10322 10323 10324
f 10323 10326 10325
f 10325 10324 10323
f 10324 10327 10320
f 10320 10321 10324
f 10324 10325 10328
f 10328 10327 10324
f 10326 10330 10329
f 10329 10325 10326
f 10330 10326 10331
f 10331 10332 10330
f 10333 10331 10326
f 10326 10323 10333
f 10334 10333 10323
f 10323 10322 10334
f 10334 10275 10273
f 10273 10335 10334
f 10322 10278 10275
f 10275 10334 10322
f 10335 10336 10333
f 10333 10334 10335
f 10300 10278 10322
f 10322 10321 10300
f 5585 5583 10335
f 10335 10273 5585
f 5585 10272 10271
f 10271 5580 5585
f 5562 5561 5580
f 5580 10271 5562
f 10337 5584 5549
f 5549 5547 10337
f 5584 10337 10338
f 10338 5581 5584
f 10339 5582 5581
f 5581 10338 10339
f 10341 10342 10339
f 10339 10340 10341
f 10342 10341 10332
f 10332 10331 10342
f 10342 10336 5582
f 5582 10339 10342
f 10331 10333 10336
f 10336 10342 10331
f 10341 10344 10343
f 10343 10332 10341
f 10344 10341 10340
f 10340 10345 10344
f 10346 10347 10345
f 10345 10340 10346
f 10337 5543 10346
f 10346 10338 10337
f 10340 10339 10338
f 10338 10346 10340
f 5543 5542 10347
f 10347 10346 5543
f 10347 10349 10348
f 10348 10345 10347
f 10349 10351 10350
f 10350 10348 10349
f 5544 10352 10351
f 10351 10349 5544
f 10351 10354 10353
f 10353 10350 10351
f 10352 10355 10354
f 10354 10351 10352
f 10356 10344 10345
f 10345 10348 10356
f 10348 10350 10357
f 10357 10356 10348
f 5542 5544 10349
f 10349 10347 5542
f 10344 10356 10358
f 10358 10343 10344
f 10332 10343 10359
f 10359 10330 10332
f 10359 10362 10360
f 10360 10361 10359
f 10363 10364 10361
f 10361 10360 10363
f 10360 10366 10365
f 10365 10363 10360
f 10367 10368 10364
f 10364 10363 10367
f 10363 10365 10369
f 10369 10367 10363
f 10362 10370 10366
f 10366 10360 10362
f 10372 10365 10366
f 10366 10371 10372
f 10371 10366 10370
f 10370 10373 10371
f 10330 10359 10361
f 10361 10329 10330
f 10329 10361 10364
f 10364 10374 10329
f 10325 10329 10374
f 10374 10328 10325
f 10328 10374 10375
f 10375 10376 10328
f 10377 10378 10376
f 10376 10375 10377
f 10379 10377 10375
f 10375 10368 10379
f 10368 10375 10374
f 10374 10364 10368
f 10362 10359 10343
f 10343 10358 10362
f 10370 10362 10358
f 10358 10380 10370
f 10356 10357 10380
f 10380 10358 10356
f 10373 10370 10380
f 10380 10381 10373
f 10383 10373 10381
f 10381 10382 10383
f 10384 10385 10382
f 10382 10381 10384
f 10381 10380 10357
f 10357 10384 10381
f 5547 5541 5543
f 5543 10337 5547
f 5545 10386 10352
f 10352 5544 5545
f 10386 10387 10355
f 10355 10352 10386
f 10387 10389 10388
f 10388 10355 10387
f 10389 10391 10390
f 10390 10388 10389
f 10392 10354 10355
f 10355 10388 10392
f 10354 10392 10393
f 10393 10353 10354
f 10353 10393 10385
f 10385 10384 10353
f 10393 10395 10394
f 10394 10385 10393
f 10392 10396 10395
f 10395 10393 10392
f 10396 10398 10397
f 10397 10395 10396
f 10400 10397 10398
f 10398 10399 10400
f 10402 10400 10399
f 10399 10401 10402
f 10403 10404 10401
f 10401 10399 10403
f 10405 10403 10399
f 10399 10398 10405
f 10406 10394 10395
f 10395 10397 10406
f 10397 10400 10407
f 10407 10406 10397
f 10398 10396 10390
f 10390 10405 10398
f 10391 10408 10405
f 10405 10390 10391
f 10388 10390 10396
f 10396 10392 10388
f 10409 10410 10391
f 10391 10389 10409
f 10411 10412 10410
f 10410 10409 10411
f 5532 10413 10411
f 10411 5531 5532
f 5534 10414 10413
f 10413 5532 5534
f 10414 10416 10415
f 10415 10413 10414
f 10418 10415 10416
f 10416 10417 10418
f 10419 10420 10417
f 10417 10416 10419
f 10421 10419 10416
f 10416 10414 10421
f 10420 10419 10422
f 10422 10423 10420
f 10419 10421 10424
f 10424 10422 10419
f 10426 10418 10417
f 10417 10425 10426
f 10425 10417 10420
f 10420 10427 10425
f 10425 10429 10428
f 10428 10426 10425
f 10427 10430 10429
f 10429 10425 10427
f 10431 10432 10418
f 10418 10426 10431
f 10415 10418 10432
f 10432 10412 10415
f 10433 10421 10414
f 10414 5534 10433
f 5506 10433 5534
f 5534 5533 5506
f 5509 10424 10421
f 10421 10433 5509
f 10433 5506 5502
f 5502 5509 10433
f 10413 10415 10412
f 10412 10411 10413
f 5531 10411 10409
f 10409 10434 5531
f 10389 10387 10434
f 10434 10409 10389
f 10434 5538 5530
f 5530 5531 10434
f 10387 10386 5538
f 5538 10434 10387
f 10408 10391 10410
f 10410 10435 10408
f 10435 10437 10436
f 10436 10408 10435
f 10437 10439 10438
f 10438 10436 10437
f 10439 10437 10431
f 10431 10440 10439
f 10440 10442 10441
f 10441 10439 10440
f 10442 10444 10443
f 10443 10441 10442
f 10445 10446 10444
f 10444 10442 10445
f 10442 10440 10428
f 10428 10445 10442
f 10426 10428 10440
f 10440 10431 10426
f 10439 10441 10447
f 10447 10438 10439
f 10447 10450 10448
f 10448 10449 10447
f 10450 10447 10441
f 10441 10443 10450
f 10450 10452 10451
f 10451 10448 10450
f 10452 10450 10443
f 10443 10453 10452
f 10454 10401 10404
f 10404 10449 10454
f 10455 10454 10449
f 10449 10448 10455
f 10449 10404 10438
f 10438 10447 10449
f 10408 10436 10403
f 10403 10405 10408
f 10404 10403 10436
f 10436 10438 10404
f 10437 10435 10432
f 10432 10431 10437
f 10412 10432 10435
f 10435 10410 10412
f 10386 5545 5536
f 5536 5538 10386
f 10350 10353 10384
f 10384 10357 10350
f 5583 5582 10336
f 10336 10335 5583
f 5485 10456 5490
f 5490 5483 5485
f 10456 10457 5514
f 5514 5490 10456
f 5512 5514 10457
f 10457 10458 5512
f 10458 10459 5513
f 5513 5512 10458
f 10461 5513 10459
f 10459 10460 10461
f 10460 10463 10462
f 10462 10461 10460
f 10464 10465 10463
f 10463 10460 10464
f 10466 10464 10460
f 10460 10459 10466
f 10467 10468 10464
f 10464 10466 10467
f 10469 10470 10468
f 10468 10467 10469
f 10469 10473 10471
f 10471 10472 10469
f 10467 10474 10473
f 10473 10469 10467
f 10470 10469 10472
f 10472 10475 10470
f 10468 10476 10465
f 10465 10464 10468
f 10470 10477 10476
f 10476 10468 10470
f 10474 10467 10466
f 10466 10478 10474
f 10479 10478 10458
f 10458 10457 10479
f 10478 10466 10459
f 10459 10458 10478
f 10480 10474 10478
f 10478 10479 10480
f 10482 10462 10463
f 10463 10481 10482
f 10465 10483 10481
f 10481 10463 10465
f 10483 10485 10484
f 10484 10481 10483
f 10485 10487 10486
f 10486 10484 10485
f 10481 10484 10488
f 10488 10482 10481
f 10484 10486 10489
f 10489 10488 10484
f 10491 10486 10487
f 10487 10490 10491
f 10492 10493 10490
f 10490 10487 10492
f 10494 10492 10487
f 10487 10485 10494
f 10485 10483 10495
f 10495 10494 10485
f 10494 10495 10496
f 10496 10497 10494
f 10477 10496 10495
f 10495 10476 10477
f 10483 10465 10476
f 10476 10495 10483
f 5511 5508 10461
f 10461 10462 5511
f 5508 5507 5513
f 5513 10461 5508
f 10462 10482 10498
f 10498 5511 10462
f 10498 10501 10499
f 10499 10500 10498
f 10482 10488 10501
f 10501 10498 10482
f 10503 10499 10501
f 10501 10502 10503
f 10502 10505 10504
f 10504 10503 10502
f 10489 10506 10505
f 10505 10502 10489
f 10488 10489 10502
f 10502 10501 10488
f 10423 10422 10499
f 10499 10503 10423
f 10500 10499 10422
f 10422 10424 10500
f 5511 10498 10500
f 10500 5510 5511
f 10507 10479 10457
f 10457 10456 10507
f 10508 10480 10479
f 10479 10507 10508
f 10508 10511 10509
f 10509 10510 10508
f 10511 10513 10512
f 10512 10509 10511
f 5636 10512 10513
f 10513 5633 5636
f 10509 10512 10514
f 10514 10515 10509
f 10515 10516 10510
f 10510 10509 10515
f 10516 10515 10517
f 10517 10518 10516
f 10520 10521 10519
f 10519 10518 10520
f 10518 10517 10522
f 10522 10520 10518
f 10518 10519 10523
f 10523 10516 10518
f 10524 10517 10515
f 10515 10514 10524
f 10526 10524 10514
f 10514 10525 10526
f 10525 10514 10512
f 10512 5636 10525
f 10480 10508 10510
f 10510 10527 10480
f 10473 10527 10523
f 10523 10471 10473
f 10527 10510 10516
f 10516 10523 10527
f 10527 10473 10474
f 10474 10480 10527
f 5633 10513 10528
f 10528 5634 5633
f 5485 5484 10528
f 10528 10529 5485
f 10529 10507 10456
f 10456 5485 10529
f 10507 10529 10511
f 10511 10508 10507
f 10529 10528 10513
f 10513 10511 10529
f 5634 10528 5484
f 5484 5487 5634
f 5630 5631 5634
f 5634 5487 5630
f 5505 5504 5535
f 5535 5515 5505
f 5504 5506 5533
f 5533 5535 5504
f 5510 10500 10424
f 10424 5509 5510
f 8088 8160 8089
f 8160 8088 8161
f 8161 8091 10530
f 8091 8161 8088
f 10532 10533 10531
f 10533 10532 10530
f 8159 10530 10532
f 10530 8159 8161
f 8162 10532 10534
f 10532 8162 8159
f 10535 10537 10534
f 10537 10535 10536
f 10539 10536 10538
f 10536 10539 10537
f 10534 10540 8162
f 10540 10534 10537
f 8162 8158 8152
f 8158 8162 10540
f 10542 10540 10541
f 10540 10542 8158
f 10543 8158 10542
f 8158 10543 8156
f 10545 10543 10544
f 10543 10545 10546
f 10548 10544 10547
f 10544 10548 10545
f 10550 10547 10549
f 10547 10550 10548
f 10551 10545 10548
f 10545 10551 10552
f 10553 10548 10550
f 10548 10553 10551
f 10554 10547 10544
f 10547 10554 10555
f 10544 10542 10554
f 10542 10544 10543
f 10546 10552 10556
f 10552 10546 10545
f 10556 8157 10546
f 8157 10556 10557
f 10558 10557 10556
f 10557 10558 10559
f 10556 10560 10558
f 10560 10556 10552
f 10546 8156 10543
f 8156 10546 8157
f 10554 10541 10561
f 10541 10554 10542
f 10539 10561 10541
f 10561 10539 10562
f 10562 10538 10563
f 10538 10562 10539
f 10537 10541 10540
f 10541 10537 10539
f 10564 10563 10538
f 10563 10564 10565
f 10538 10566 10564
f 10566 10538 10536
f 10568 10562 10567
f 10562 10568 10561
f 10555 10561 10568
f 10561 10555 10554
f 10568 10570 10555
f 10570 10568 10569
f 10567 10569 10568
f 10569 10567 10571
f 10567 10563 10572
f 10563 10567 10562
f 10574 10575 10573
f 10575 10574 10572
f 10565 10572 10563
f 10572 10565 10575
f 10571 10572 10574
f 10572 10571 10567
f 10576 10536 10535
f 10536 10576 10566
f 10566 10578 10577
f 10578 10566 10576
f 10579 10577 10578
f 10577 10579 10580
f 10580 10582 10581
f 10582 10580 10579
f 10584 10578 10583
f 10578 10584 10579
f 10585 10579 10584
f 10579 10585 10582
f 10582 10587 10586
f 10587 10582 10585
f 10581 10586 10588
f 10586 10581 10582
f 10584 10590 10585
f 10590 10584 10589
f 10589 10583 10591
f 10583 10589 10584
f 10589 10593 10590
f 10593 10589 10592
f 10591 10592 10589
f 10592 10591 10594
f 10596 10580 10595
f 10580 10596 10577
f 10565 10596 10597
f 10596 10565 10564
f 10598 10600 10597
f 10600 10598 10599
f 10598 10602 10601
f 10602 10598 10595
f 10597 10595 10598
f 10595 10597 10596
f 10599 10601 10603
f 10601 10599 10598
f 10599 10605 10600
f 10605 10599 10604
f 10575 10597 10600
f 10597 10575 10565
f 10573 10600 10605
f 10600 10573 10575
f 10564 10577 10596
f 10577 10564 10566
f 10581 10595 10580
f 10595 10581 10602
f 10576 10583 10578
f 10583 10576 10606
f 10531 10607 10606
f 10607 10531 10533
f 8100 10530 8091
f 10530 8100 10533
f 10533 8101 10607
f 8101 10533 8100
f 10606 10591 10583
f 10591 10606 10607
f 10607 10594 10591
f 10594 10607 8101
f 10531 10534 10532
f 10534 10531 10535
f 10535 10606 10576
f 10606 10535 10531
f 8101 8098 10594
f 8098 8101 8095
f 10594 10287 10592
f 10287 10594 8098
f 8105 8094 8102
f 8094 8105 8099
f 5609 10608 5616
f 10608 5609 5610
f 5616 10609 5617
f 10609 5616 10608
f 10611 10609 10610
f 10609 10611 10612
f 10612 5617 10609
f 5617 10612 10613
f 10613 10615 10614
f 10615 10613 10612
f 10616 10614 10615
f 10614 10616 10617
f 10616 10620 10618
f 10620 10616 10619
f 10619 10622 10620
f 10622 10619 10621
f 10624 10621 10623
f 10621 10624 10622
f 10620 10626 10625
f 10626 10620 10622
f 10627 10625 10626
f 10625 10627 10628
f 10626 10630 10627
f 10630 10626 10629
f 10622 10629 10626
f 10629 10622 10624
f 10618 10625 10631
f 10625 10618 10620
f 10633 10623 10632
f 10623 10633 10624
f 10634 10636 10632
f 10636 10634 10635
f 10632 10637 10634
f 10637 10632 10623
f 10638 10632 10636
f 10632 10638 10633
f 10623 10639 10637
f 10639 10623 10621
f 10640 10637 10639
f 10637 10640 10641
f 10639 10611 10640
f 10611 10639 10642
f 10642 10621 10619
f 10621 10642 10639
f 10615 10619 10616
f 10619 10615 10642
f 10617 10618 10643
f 10618 10617 10616
f 10645 10643 10644
f 10643 10645 10617
f 10646 10617 10645
f 10617 10646 10614
f 10647 10646 5646
f 5646 5645 10647
f 10647 10614 10646
f 10614 10647 10613
f 5617 10613 10647
f 10647 5615 5617
f 5615 10647 5645
f 5645 5614 5615
f 10646 10645 5649
f 5649 5646 10646
f 10645 10644 10648
f 10648 5649 10645
f 10649 10644 10643
f 10644 10649 10650
f 10648 10650 10651
f 10650 10648 10644
f 10651 10653 10652
f 10653 10651 10650
f 10654 10650 10649
f 10650 10654 10653
f 10643 10631 10649
f 10631 10643 10618
f 10612 10642 10615
f 10642 10612 10611
f 10608 10610 10609
f 10610 10608 10655
f 10655 10657 10610
f 10657 10655 10656
f 5611 10656 10655
f 10656 5611 8124
f 10659 10656 10658
f 10656 10659 10657
f 10661 10659 10660
f 10659 10661 10641
f 10663 10660 10662
f 10660 10663 10661
f 10641 10634 10637
f 10634 10641 10661
f 10661 10635 10634
f 10635 10661 10663
f 10665 10663 10664
f 10663 10665 10635
f 10667 10665 10666
f 10665 10667 10668
f 10666 10664 10669
f 10664 10666 10665
f 10668 10635 10665
f 10635 10668 10636
f 10662 10664 10663
f 10664 10662 10670
f 10671 10662 10660
f 10662 10671 8140
f 8140 10670 10662
f 10670 8140 8138
f 10660 10658 10671
f 10658 10660 10659
f 8123 10671 10658
f 10671 8123 8126
f 8124 10658 10656
f 10658 8124 8123
f 10657 10641 10640
f 10641 10657 10659
f 10610 10640 10611
f 10640 10610 10657
f 10655 5610 5611
f 5610 10655 10608
f 8124 5603 5607
f 5603 8124 5611
f 5649 10648 10672
f 10672 5648 5649
f 5648 10672 10673
f 10673 5647 5648
f 5647 10673 10674
f 10674 10675 5647
f 10675 5640 5643
f 5643 5647 10675
f 10676 5639 5640
f 5640 10675 10676
f 10676 10679 10677
f 10677 10678 10676
f 5639 10676 10678
f 10678 5638 5639
f 10681 5638 10678
f 10678 10680 10681
f 10680 10526 10525
f 10525 10681 10680
f 10682 10683 10526
f 10526 10680 10682
f 10677 10682 10680
f 10680 10678 10677
f 10677 10685 10684
f 10684 10682 10677
f 10687 10684 10685
f 10685 10686 10687
f 10686 10685 10688
f 10688 10689 10686
f 10679 10688 10685
f 10685 10677 10679
f 10683 10682 10684
f 10684 10690 10683
f 10690 10692 10691
f 10691 10683 10690
f 10524 10526 10683
f 10683 10691 10524
f 10694 10692 10690
f 10690 10693 10694
f 10522 10691 10692
f 10692 10695 10522
f 10692 10694 10696
f 10696 10695 10692
f 10684 10687 10693
f 10693 10690 10684
f 5635 5637 5638
f 5638 10681 5635
f 10681 10525 5636
f 5636 5635 10681
f 10675 10674 10679
f 10679 10676 10675
f 10688 10679 10674
f 10674 10697 10688
f 10697 10698 10689
f 10689 10688 10697
f 10700 10701 10699
f 10699 10698 10700
f 10702 10700 10698
f 10698 10697 10702
f 10700 10702 10703
f 10703 10704 10700
f 10704 10705 10701
f 10701 10700 10704
f 10652 10706 10705
f 10705 10704 10652
f 10704 10703 10651
f 10651 10652 10704
f 10672 10703 10702
f 10702 10673 10672
f 10673 10702 10697
f 10697 10674 10673
f 10699 10709 10707
f 10707 10708 10699
f 10708 10707 10710
f 10710 10711 10708
f 10707 10713 10712
f 10712 10710 10707
f 10713 10707 10709
f 10709 10714 10713
f 10689 10708 10711
f 10711 10686 10689
f 10686 10711 10715
f 10715 10687 10686
f 10716 10715 10711
f 10711 10710 10716
f 10708 10689 10698
f 10698 10699 10708
f 10701 10717 10709
f 10709 10699 10701
f 10714 10709 10717
f 10717 10718 10714
f 10720 10714 10718
f 10718 10719 10720
f 10721 10722 10719
f 10719 10718 10721
f 10718 10717 10723
f 10723 10721 10718
f 10705 10723 10717
f 10717 10701 10705
f 10648 10651 10703
f 10703 10672 10648
f 10624 10724 10629
f 10724 10624 10633
f 10724 10727 10725
f 10727 10724 10726
f 10726 10729 10727
f 10729 10726 10728
f 10730 10732 10728
f 10732 10730 10731
f 10668 10731 10730
f 10731 10668 10667
f 10731 10734 10732
f 10734 10731 10733
f 10736 10733 10735
f 10733 10736 10734
f 10737 10734 10736
f 10734 10737 10738
f 10738 10732 10734
f 10732 10738 10739
f 10740 10739 10738
f 10739 10740 10741
f 10729 10741 10742
f 10741 10729 10739
f 10743 10742 10741
f 10742 10743 10744
f 10741 10745 10743
f 10745 10741 10740
f 10728 10739 10729
f 10739 10728 10732
f 10746 10738 10737
f 10738 10746 10740
f 10737 10748 10746
f 10748 10737 10747
f 10747 10750 10748
f 10750 10747 10749
f 10751 10749 10747
f 10749 10751 10752
f 10736 10747 10737
f 10747 10736 10751
f 10740 10753 10745
f 10753 10740 10746
f 10754 10746 10748
f 10746 10754 10753
f 10756 10757 10755
f 10757 10756 10735
f 10755 10759 10758
f 10759 10755 10757
f 10760 10758 10759
f 10758 10760 10761
f 10761 10763 10762
f 10763 10761 10760
f 10760 10765 10763
f 10765 10760 10764
f 10759 10764 10760
f 10764 10759 10766
f 10768 10758 10767
f 10758 10768 10755
f 10767 10761 10769
f 10761 10767 10758
f 10766 10757 10770
f 10757 10766 10759
f 10666 10770 10667
f 10770 10666 10766
f 10733 10667 10770
f 10667 10733 10731
f 10770 10735 10733
f 10735 10770 10757
f 10752 10756 10771
f 10756 10752 10751
f 10771 10773 10752
f 10773 10771 10772
f 10772 10768 10774
f 10768 10772 10771
f 10775 10773 10772
f 10773 10775 10776
f 10775 10774 10777
f 10774 10775 10772
f 10771 10755 10768
f 10755 10771 10756
f 10751 10735 10756
f 10735 10751 10736
f 10636 10730 10638
f 10730 10636 10668
f 10728 10638 10730
f 10638 10728 10726
f 10778 10725 10727
f 10725 10778 10779
f 10781 10782 10780
f 10782 10781 10779
f 10784 10780 10783
f 10780 10784 10781
f 10627 10781 10784
f 10781 10627 10630
f 10784 10628 10627
f 10628 10784 10785
f 10785 10787 10628
f 10787 10785 10786
f 10786 10789 10788
f 10789 10786 10785
f 10785 10783 10789
f 10783 10785 10784
f 10789 10791 10790
f 10791 10789 10783
f 10783 10792 10791
f 10792 10783 10780
f 10788 10790 10793
f 10790 10788 10789
f 10795 10793 10794
f 10793 10795 10788
f 10796 10788 10795
f 10788 10796 10786
f 10786 10654 10787
f 10654 10786 10796
f 10787 10649 10631
f 10649 10787 10654
f 10631 10628 10787
f 10628 10631 10625
f 10779 10630 10725
f 10630 10779 10781
f 10725 10629 10724
f 10629 10725 10630
f 10798 10782 10797
f 10782 10798 10799
f 10800 10799 10798
f 10799 10800 10801
f 10802 10804 10801
f 10804 10802 10803
f 10806 10803 10805
f 10803 10806 10804
f 10790 10806 10807
f 10806 10790 10791
f 10793 10807 10808
f 10807 10793 10790
f 10809 10808 10807
f 10808 10809 10810
f 10805 10807 10806
f 10807 10805 10809
f 10791 10804 10806
f 10804 10791 10792
f 10801 10792 10799
f 10792 10801 10804
f 10805 10812 10811
f 10812 10805 10803
f 10813 10803 10802
f 10803 10813 10812
f 10815 10802 10814
f 10802 10815 10813
f 10814 10801 10800
f 10801 10814 10802
f 10816 10811 10812
f 10811 10816 10817
f 10818 10817 10816
f 10817 10818 10819
f 10817 10821 10811
f 10821 10817 10820
f 10819 10820 10817
f 10820 10819 10822
f 10823 10812 10813
f 10812 10823 10816
f 10824 10813 10815
f 10813 10824 10823
f 10825 10816 10823
f 10816 10825 10818
f 10823 10826 10825
f 10826 10823 10824
f 10798 10828 10800
f 10828 10798 10827
f 10744 10829 10827
f 10829 10744 10743
f 10827 10830 10828
f 10830 10827 10829
f 10828 10832 10831
f 10832 10828 10830
f 10830 10834 10832
f 10834 10830 10833
f 10833 10829 10835
f 10829 10833 10830
f 10835 10743 10745
f 10743 10835 10829
f 10827 10797 10744
f 10797 10827 10798
f 10778 10744 10797
f 10744 10778 10742
f 10779 10797 10782
f 10797 10779 10778
f 10742 10727 10729
f 10727 10742 10778
f 10780 10799 10792
f 10799 10780 10782
f 10633 10726 10724
f 10726 10633 10638
f 10838 10837 10836
f 10837 10838 10839
f 10839 10841 10840
f 10841 10839 10838
f 10840 7165 7167
f 7165 10840 10841
f 10840 10843 10839
f 10843 10840 10842
f 10842 8334 10843
f 8334 10842 10844
f 10844 8332 8334
f 8332 10844 8376
f 8376 10845 8374
f 10845 8376 10844
f 10845 9691 9692
f 9691 10845 10846
f 10844 10846 10845
f 10846 10844 10842
f 8374 9692 8372
f 9692 8374 10845
f 10839 10847 10837
f 10847 10839 10843
f 8333 10843 8334
f 10843 8333 10847
f 10842 7167 10846
f 7167 10842 10840
f 7177 7165 10841
f 7165 7177 7169
f 10838 7177 10841
f 7177 10838 10848
f 10848 10836 10849
f 10836 10848 10838
f 10849 10851 10848
f 10851 10849 10850
f 10851 10850 632
f 632 633 10851
f 10848 7175 7177
f 7175 10848 10851
f 633 7176 7175
f 7175 10851 633
f 7162 7188 7168
f 7168 7161 7162
f 7188 7187 9690
f 9690 7168 7188
f 7166 10846 7167
f 10846 7166 9691
f 9691 7168 9690
f 7168 9691 7166
f 6191 8320 6196
f 8320 6191 6198
f 1424 6107 6106
f 6107 1424 1427
f 8539 10852 8567
f 10852 8539 8547
f 8567 8574 8568
f 8574 8567 10852
f 9781 10852 9788
f 10852 9781 8574
f 9788 8547 8549
f 8547 9788 10852
f 8549 9787 9788
f 9787 8549 10210
f 10210 8548 10209
f 8548 10210 8549
f 10210 9786 9787
f 9786 10210 10207
f 8545 10209 8548
f 10209 8545 8551
f 9784 10853 9785
f 10853 9784 10212
f 7069 9785 10853
f 9785 7069 7070
f 10853 7068 7069
f 7068 10853 10219
f 10219 10212 10214
f 10212 10219 10853
f 1262 3414 5969
f 5969 5968 1262
f 10854 5969 3414
f 3414 3411 10854
f 10855 10854 3411
f 3411 3410 10855
f 10856 10857 10854
f 10854 10855 10856
f 10858 10859 10857
f 10857 10856 10858
f 10858 10861 10860
f 10860 5961 10858
f 10856 10862 10861
f 10861 10858 10856
f 10864 10861 10862
f 10862 10863 10864
f 10863 3377 3379
f 3379 10864 10863
f 10002 10001 10864
f 10864 3379 10002
f 10861 10864 10001
f 10001 10860 10861
f 10860 10001 9996
f 9996 9995 10860
f 5961 10860 9995
f 9995 5962 5961
f 3389 3378 3377
f 3377 10863 3389
f 10863 10862 3390
f 3390 3389 10863
f 10862 10856 10855
f 10855 3390 10862
f 10859 10858 5961
f 5961 5960 10859
f 5967 10857 10859
f 10859 5965 5967
f 10857 5967 5969
f 5969 10854 10857
f 5965 10859 5960
f 5960 5955 5965
f 3390 10855 3410
f 3410 3388 3390
f 1261 1262 5968
f 5968 5945 1261
f 3376 10002 3379
f 3379 3371 3376
f 1672 1673 6314
f 1673 1672 1667
f 6304 6317 6305
f 6317 6304 6310
f 1679 1675 1674
f 1674 1676 1679
f 2286 2289 8947
f 2289 2286 2284
f 2305 9052 2306
f 9052 2305 9053
f 2306 9018 2307
f 9018 2306 9052
f 2229 2302 2307
f 2302 2229 2230
f 10865 8957 8959
f 8957 10865 8963
f 8959 10867 10865
f 10867 8959 10866
f 10866 10869 10867
f 10869 10866 10868
f 6550 10868 10866
f 10868 6550 6548
f 10868 10871 10870
f 10870 10869 10868
f 10868 6547 10871
f 6547 10868 6548
f 10873 10870 10871
f 10871 10872 10873
f 10875 10873 10872
f 10872 10874 10875
f 10878 10874 10876
f 10876 10877 10878
f 10874 10878 10879
f 10879 10875 10874
f 10880 10881 10873
f 10873 10875 10880
f 10882 10880 10875
f 10875 10879 10882
f 10883 10884 10880
f 10880 10882 10883
f 10886 10883 10882
f 10882 10885 10886
f 10879 10887 10885
f 10885 10882 10879
f 10884 10888 10881
f 10881 10880 10884
f 10888 10890 10889
f 10889 10881 10888
f 10891 10892 10890
f 10890 10888 10891
f 10893 10891 10888
f 10888 10884 10893
f 10881 10889 10870
f 10870 10873 10881
f 10869 10870 10889
f 10889 10894 10869
f 10878 10895 10887
f 10887 10879 10878
f 10895 10897 10896
f 10896 10887 10895
f 10899 10900 10897
f 10897 10898 10899
f 10902 10903 10899
f 10899 10901 10902
f 10898 10904 10901
f 10901 10899 10898
f 10900 10899 10903
f 10903 10905 10900
f 10897 10895 10906
f 10906 10898 10897
f 10898 10906 10907
f 10907 10904 10898
f 10906 10877 10908
f 10908 10907 10906
f 10877 10906 10895
f 10895 10878 10877
f 10897 10900 10909
f 10909 10896 10897
f 10910 10911 10896
f 10896 10909 10910
f 10911 10885 10887
f 10887 10896 10911
f 10877 10876 6542
f 6542 10908 10877
f 6543 6542 10876
f 10876 10912 6543
f 6543 6547 6544
f 6547 6543 10912
f 6547 10912 10872
f 10872 10871 6547
f 10912 10876 10874
f 10874 10872 10912
f 10913 10865 10867
f 10865 10913 10914
f 8963 10914 10915
f 10914 8963 10865
f 10916 10915 10914
f 10915 10916 10917
f 10919 10920 10918
f 10920 10919 10917
f 10918 10922 10921
f 10922 10918 10920
f 10924 10918 10923
f 10918 10924 10919
f 10925 10917 10919
f 10917 10925 10915
f 10925 8961 8962
f 8961 10925 10926
f 10919 10926 10925
f 10926 10919 10924
f 8962 10915 10925
f 10915 8962 8963
f 10923 10928 10924
f 10928 10923 10927
f 10927 10930 10928
f 10930 10927 10929
f 10931 10929 10927
f 10929 10931 10932
f 10933 10927 10923
f 10927 10933 10931
f 10923 10921 10933
f 10921 10923 10918
f 10921 10935 10933
f 10935 10921 10934
f 10934 10922 10936
f 10922 10934 10921
f 10920 10938 10922
f 10938 10920 10937
f 10917 10937 10920
f 10937 10917 10916
f 10916 10940 10937
f 10940 10916 10939
f 10941 10942 10940
f 10940 10939 10941
f 10941 10913 10894
f 10913 10941 10939
f 10939 10914 10913
f 10914 10939 10916
f 10943 10937 10940
f 10937 10943 10938
f 10944 10938 10943
f 10938 10944 10945
f 10948 10944 10946
f 10946 10947 10948
f 10944 10943 10949
f 10949 10946 10944
f 10944 10950 10945
f 10950 10944 10948
f 10945 10922 10938
f 10922 10945 10936
f 10894 10867 10869
f 10867 10894 10913
f 10866 8958 6550
f 8958 10866 8959
f 8960 6522 6521
f 6522 8960 8933
f 8943 8961 8953
f 8961 8943 8954
f 8960 6550 8958
f 6550 8960 6549
f 6549 6521 6523
f 6521 6549 8960
f 8951 8948 8950
f 8948 8951 9101
f 10951 9101 8951
f 9101 10951 9102
f 10951 10930 10952
f 10930 10951 10953
f 10954 8952 8953
f 8952 10954 10953
f 8953 10926 10954
f 10926 8953 8961
f 10928 10953 10954
f 10953 10928 10930
f 10924 10954 10926
f 10954 10924 10928
f 10953 8951 8952
f 8951 10953 10951
f 9102 10952 10955
f 10952 9102 10951
f 10956 10955 10952
f 10955 10956 10957
f 10958 10957 10956
f 10957 10958 10959
f 10960 10959 10958
f 10959 10960 10961
f 10962 10964 10960
f 10964 10962 10963
f 10966 10967 10965
f 10967 10966 10963
f 10968 10963 10966
f 10963 10968 10964
f 10969 10968 10966
f 10968 10969 10970
f 10969 10973 10971
f 10973 10969 10972
f 10969 10965 10972
f 10965 10969 10966
f 10970 10971 10974
f 10971 10970 10969
f 10968 10976 10964
f 10976 10968 10975
f 10975 10978 10976
f 10978 10975 10977
f 10979 10977 10975
f 10977 10979 10980
f 10970 10975 10968
f 10975 10970 10979
f 10961 10964 10976
f 10964 10961 10960
f 10965 10982 10981
f 10982 10965 10967
f 10983 10981 10982
f 10981 10983 10984
f 10986 10984 10985
f 10984 10986 10981
f 10987 10985 10984
f 10985 10987 10988
f 10989 10984 10983
f 10984 10989 10987
f 10934 10982 10935
f 10982 10934 10983
f 10967 10935 10982
f 10935 10967 10990
f 10933 10990 10931
f 10990 10933 10935
f 10962 10931 10990
f 10931 10962 10932
f 10990 10963 10962
f 10963 10990 10967
f 10960 10932 10962
f 10932 10960 10958
f 10956 10932 10958
f 10932 10956 10929
f 9094 10959 10991
f 10959 9094 10957
f 10957 9093 10955
f 9093 10957 9094
f 10991 9095 9094
f 9095 10991 10992
f 10992 9097 9095
f 9097 10992 10993
f 10993 10995 10994
f 10995 10993 10992
f 10978 10995 10996
f 10995 10978 10997
f 10997 10977 10998
f 10977 10997 10978
f 10997 10994 10995
f 10994 10997 10999
f 10998 10999 10997
f 10999 10998 11000
f 10992 10996 10995
f 10996 10992 10991
f 10996 10976 10978
f 10976 10996 10961
f 10961 10991 10959
f 10991 10961 10996
f 10993 11002 9097
f 11002 10993 11001
f 10994 11001 10993
f 11001 10994 11003
f 10999 11003 10994
f 11003 10999 11004
f 11003 11006 11001
f 11006 11003 11005
f 11004 11005 11003
f 11005 11004 11007
f 11008 11001 11006
f 11001 11008 11002
f 9097 9100 9092
f 9100 9097 11002
f 11002 11009 9100
f 11009 11002 11008
f 10929 10952 10930
f 10952 10929 10956
f 10955 9096 9102
f 9096 10955 9093
f 10943 10940 10942
f 10942 10949 10943
f 11010 6537 6538
f 6538 8887 11010
f 10907 10908 6537
f 6537 11010 10907
f 10904 10907 11010
f 11010 11011 10904
f 10904 11011 11012
f 11012 10901 10904
f 11013 10902 10901
f 10901 11012 11013
f 11012 8888 11014
f 11014 11013 11012
f 11014 8888 8884
f 8884 11015 11014
f 11017 11014 11015
f 11015 11016 11017
f 11018 11017 11016
f 11016 6736 11018
f 11017 11018 11019
f 11019 11020 11017
f 11013 11014 11017
f 11017 11020 11013
f 10902 11013 11020
f 11020 11021 10902
f 11021 11022 10903
f 10903 10902 11021
f 11022 11021 11023
f 11023 11024 11022
f 11021 11020 11019
f 11019 11023 11021
f 11026 11019 11018
f 11018 11025 11026
f 11026 11027 11023
f 11023 11019 11026
f 9209 9211 11027
f 11027 11026 9209
f 11024 11023 11027
f 11027 11028 11024
f 9211 11029 11028
f 11028 11027 9211
f 9209 11026 11025
f 11025 9202 9209
f 9202 11025 6735
f 6735 6734 9202
f 6736 6735 11025
f 11025 11018 6736
f 6720 6722 6736
f 6736 11016 6720
f 11016 11015 6721
f 6721 6720 11016
f 11015 8884 8885
f 8885 6721 11015
f 11011 8886 8888
f 8888 11012 11011
f 8886 11011 11010
f 11010 8887 8886
f 6540 6556 8887
f 8887 6538 6540
f 6535 6537 10908
f 10908 6542 6535
f 6721 8885 6726
f 6726 6719 6721
f 9218 9212 9204
f 9204 9207 9218
f 11029 9211 9210
f 9210 11030 11029
f 11030 11032 11031
f 11031 11029 11030
f 11033 11034 11031
f 11031 11032 11033
f 11036 11033 11032
f 11032 11035 11036
f 11038 11039 11036
f 11036 11037 11038
f 11039 11038 11040
f 11040 11041 11039
f 11041 11040 11042
f 11042 11043 11041
f 11040 11045 11044
f 11044 11042 11040
f 11043 11042 11046
f 11046 11047 11043
f 11047 11046 11048
f 11048 11049 11047
f 11051 11047 11049
f 11049 11050 11051
f 11050 11049 11052
f 11052 11053 11050
f 11054 11052 11049
f 11049 11048 11054
f 11042 11044 11055
f 11055 11046 11042
f 10316 11048 11046
f 11046 11055 10316
f 11047 11051 11056
f 11056 11043 11047
f 11043 11056 11057
f 11057 11041 11043
f 11059 11044 11045
f 11045 11058 11059
f 11058 11061 11060
f 11060 11059 11058
f 11062 11063 11061
f 11061 11058 11062
f 11058 11045 11064
f 11064 11062 11058
f 11066 11067 11060
f 11060 11065 11066
f 11065 11060 11061
f 11061 11068 11065
f 11067 11069 11059
f 11059 11060 11067
f 11069 11055 11044
f 11044 11059 11069
f 11038 11064 11045
f 11045 11040 11038
f 11041 11057 11070
f 11070 11039 11041
f 11070 11071 11034
f 11034 11033 11070
f 11074 11071 11072
f 11072 11073 11074
f 11077 11074 11075
f 11075 11076 11077
f 11079 11080 11078
f 11078 11076 11079
f 11081 11079 11076
f 11076 11075 11081
f 11076 11078 11082
f 11082 11077 11076
f 11075 11074 11073
f 11073 11083 11075
f 11081 11075 11083
f 11083 11084 11081
f 11084 11083 11085
f 11085 11086 11084
f 11087 11085 11083
f 11083 11073 11087
f 11077 11034 11071
f 11071 11074 11077
f 11077 11082 11031
f 11031 11034 11077
f 11073 11072 11088
f 11088 11087 11073
f 11087 11088 11089
f 11089 11090 11087
f 11051 11089 11088
f 11088 11056 11051
f 11056 11088 11072
f 11072 11057 11056
f 11071 11070 11057
f 11057 11072 11071
f 11039 11070 11033
f 11033 11036 11039
f 11064 11038 11037
f 11037 11091 11064
f 11092 11093 11091
f 11091 11037 11092
f 11093 11092 9222
f 9222 9221 11093
f 11095 11091 11093
f 11093 11094 11095
f 11062 11064 11091
f 11091 11095 11062
f 11063 11062 11095
f 11095 11096 11063
f 11096 11095 11094
f 11094 11097 11096
f 11099 11063 11096
f 11096 11098 11099
f 11098 11096 11097
f 11097 11100 11098
f 11094 11093 9221
f 9221 9223 11094
f 11092 11035 11101
f 11101 9222 11092
f 11101 11035 11032
f 11032 11030 11101
f 9222 11101 9212
f 9212 9218 9222
f 9210 9212 11101
f 11101 11030 9210
f 11037 11036 11035
f 11035 11092 11037
f 9041 2655 2656
f 2656 9039 9041
f 9008 2658 9003
f 2658 9008 2659
f 9036 11102 9233
f 9233 9231 9036
f 9036 11103 11102
f 11103 9036 9037
f 9067 11105 11103
f 11105 9067 11104
f 11107 11104 11106
f 11104 11107 11105
f 11109 11106 11108
f 11106 11109 11107
f 11107 11111 11110
f 11111 11107 11109
f 11109 11113 11111
f 11113 11109 11112
f 11115 11116 11114
f 11116 11115 11112
f 11117 11115 11114
f 11115 11117 11118
f 11115 11120 11119
f 11120 11115 11118
f 11122 11119 11120
f 11120 11121 11122
f 11123 11124 11121
f 11121 11120 11123
f 11123 11118 11125
f 11118 11123 11120
f 11126 11118 11117
f 11118 11126 11125
f 11128 11117 11127
f 11117 11128 11126
f 11125 11130 11129
f 11130 11125 11126
f 11131 11126 11128
f 11126 11131 11130
f 11116 11133 11114
f 11133 11116 11132
f 11116 11134 11132
f 11134 11116 11108
f 11108 11112 11109
f 11112 11108 11116
f 11133 11136 11127
f 11136 11133 11135
f 11135 11132 11137
f 11132 11135 11133
f 11114 11127 11117
f 11127 11114 11133
f 11119 11112 11115
f 11112 11119 11113
f 11113 11139 11138
f 11138 11111 11113
f 11139 11098 11100
f 11100 11138 11139
f 11122 11099 11098
f 11098 11139 11122
f 11119 11122 11139
f 11139 11113 11119
f 11111 11138 11140
f 11140 11110 11111
f 11110 11140 11141
f 11141 11142 11110
f 11110 11105 11107
f 11105 11110 11142
f 11142 11103 11105
f 11103 11142 11102
f 9233 11102 11142
f 11142 11141 9233
f 11140 11144 11143
f 11143 11141 11140
f 9232 9233 11141
f 11141 11143 9232
f 11144 11140 11138
f 11138 11100 11144
f 11145 11108 11106
f 11108 11145 11134
f 9063 11106 11104
f 11106 9063 11145
f 9082 11134 11145
f 11134 9082 9083
f 11145 9064 9082
f 9064 11145 9063
f 9061 11104 9067
f 11104 9061 9063
f 9067 9037 9038
f 9037 9067 11103
f 9226 9232 11143
f 11143 11146 9226
f 11146 9220 9219
f 9219 9226 11146
f 11147 9223 9220
f 9220 11146 11147
f 9223 11147 11097
f 11097 11094 9223
f 11100 11097 11147
f 11147 11144 11100
f 11144 11147 11146
f 11146 11143 11144
f 2658 2649 2651
f 2651 9003 2658
f 6277 9345 9346
f 9346 6276 6277
f 9345 6277 6278
f 6278 6283 9345
f 9346 8834 6276
f 8834 9346 8843
f 9339 11148 9342
f 9342 9338 9339
f 11148 11151 11149
f 11149 11150 11148
f 11154 11151 11152
f 11152 11153 11154
f 9290 9291 11154
f 11154 11153 9290
f 11151 11154 11155
f 11155 11149 11151
f 11156 11157 11149
f 11149 11155 11156
f 11157 11156 11158
f 11158 11159 11157
f 11157 11160 11150
f 11150 11149 11157
f 11160 11157 11159
f 11159 11161 11160
f 11161 11163 11162
f 11162 11160 11161
f 11164 11165 11163
f 11163 11161 11164
f 11163 9330 11166
f 11166 11162 11163
f 11165 9329 9330
f 9330 11163 11165
f 11167 11164 11161
f 11161 11159 11167
f 11159 11158 9282
f 9282 11167 11159
f 9343 11150 11160
f 11160 11162 9343
f 11148 11150 9343
f 9343 9342 11148
f 11156 11168 9279
f 9279 11158 11156
f 11168 11169 9280
f 9280 9279 11168
f 11155 11169 11168
f 11168 11156 11155
f 9281 9280 11169
f 11169 9291 9281
f 11154 9291 11169
f 11169 11155 11154
f 9251 9290 11153
f 11153 9250 9251
f 9250 11153 11152
f 11152 9257 9250
f 9339 9256 9257
f 9257 11152 9339
f 11148 9339 11152
f 11152 11151 11148
f 11166 9341 9343
f 9343 11162 11166
f 9327 9285 9302
f 9302 9305 9327
f 9324 9326 9329
f 9329 11165 9324
f 11166 9330 9331
f 9331 9341 11166
f 8814 8820 8810
f 8810 8812 8814
f 2418 2424 8821
f 2424 2418 2415
f 8821 2428 8822
f 2428 8821 2424
f 7035 10218 7033
f 10218 7035 7037
f 7033 10217 7034
f 10217 7033 10218
f 9650 7064 7054
f 7054 7053 9650
f 7053 7055 9640
f 9640 9650 7053
f 9649 7067 7064
f 7064 9650 9649
f 11171 9675 9672
f 9672 11170 11171
f 11171 11170 11172
f 11172 11173 11171
f 11171 11174 9676
f 9676 9675 11171
f 11176 11177 11174
f 11174 11175 11176
f 11175 11173 11178
f 11178 11179 11175
f 11173 11175 11174
f 11174 11171 11173
f 11180 11178 11173
f 11173 11172 11180
f 11172 9616 9620
f 9620 11180 11172
f 11181 11182 11178
f 11178 11180 11181
f 11181 8681 8674
f 8674 8677 11181
f 11180 9620 8681
f 8681 11181 11180
f 11182 11181 8677
f 8677 8521 11182
f 11182 11183 11179
f 11179 11178 11182
f 11184 11179 11183
f 11183 8531 11184
f 8520 8523 8531
f 8531 11183 8520
f 11183 11182 8521
f 8521 8520 11183
f 9616 11172 11170
f 11170 9614 9616
f 11184 11176 11175
f 11175 11179 11184
f 11185 9769 11176
f 11176 11184 11185
f 8530 11185 11184
f 11184 8531 8530
f 9769 11185 8504
f 8504 8507 9769
f 8505 8504 11185
f 11185 8530 8505
f 11177 11176 9769
f 9769 9768 11177
f 11174 11177 9764
f 9764 9676 11174
f 9764 11177 9768
f 9768 9762 9764
f 9615 9614 11170
f 11170 9672 9615
f 11186 8680 8679
f 8679 9621 11186
f 8659 11186 9621
f 9621 9623 8659
f 8665 8666 8680
f 8680 11186 8665
f 8657 8665 11186
f 11186 8659 8657
f 10219 7038 7068
f 7038 10219 7039
f 6790 6794 6788
f 6794 6790 6802
f 9865 9889 9869
f 9889 9865 9872
f 9818 9814 9815
f 9815 9816 9818
f 9275 9284 9274
f 9284 9275 9303
f 9276 9303 9275
f 9303 9276 9300
f 9285 9303 9302
f 9303 9285 9284
f 3374 9739 9738
f 9738 3372 3374
f 2934 2948 2936
f 2936 2931 2934
f 9947 9950 9959
f 9959 9977 9947
f 8029 8004 8005
f 8005 3757 8029
f 4351 7935 7494
f 7494 4352 4351
f 7935 4351 4353
f 4353 4360 7935
f 5851 7757 5855
f 5855 5850 5851
f 7599 4754 4767
f 4754 7599 4760
f 4760 7598 4763
f 7598 4760 7599
f 4813 4761 4763
f 4761 4813 4812
f 4767 7596 7599
f 7596 4767 4766
f 7572 7571 7604
f 7604 7603 7572
f 7601 4763 7598
f 4763 7601 4813
f 7606 7591 7588
f 7588 7594 7606
f 10691 10522 10517
f 10517 10524 10691
f 10519 11187 10471
f 10471 10523 10519
f 11189 11190 11188
f 11188 11187 11189
f 11190 11189 11191
f 11191 11192 11190
f 11194 11190 11192
f 11192 11193 11194
f 11194 11197 11195
f 11195 11196 11194
f 11196 11195 11198
f 11198 10475 11196
f 11195 11200 11199
f 11199 11198 11195
f 11202 11203 11201
f 11201 11200 11202
f 11197 11202 11200
f 11200 11195 11197
f 11204 11205 11202
f 11202 11197 11204
f 11205 11204 11206
f 11206 11207 11205
f 11208 11206 11204
f 11204 11193 11208
f 11193 11204 11197
f 11197 11194 11193
f 11205 11209 11203
f 11203 11202 11205
f 11211 11203 11209
f 11209 11210 11211
f 11210 11209 11212
f 11212 11213 11210
f 11210 11215 11214
f 11214 11211 11210
f 11215 11210 11213
f 11213 11216 11215
f 11217 11201 11203
f 11203 11211 11217
f 11207 11212 11209
f 11209 11205 11207
f 11218 11199 11200
f 11200 11201 11218
f 11218 11220 11219
f 11219 10497 11218
f 11220 11222 11221
f 11221 11219 11220
f 11219 11221 10493
f 10493 10492 11219
f 10492 10494 10497
f 10497 11219 10492
f 11224 11225 11223
f 11223 11222 11224
f 11222 11220 11217
f 11217 11224 11222
f 11226 11221 11222
f 11222 11223 11226
f 11201 11217 11220
f 11220 11218 11201
f 10497 10496 11199
f 11199 11218 10497
f 11198 11199 10496
f 10496 10477 11198
f 10475 11198 10477
f 10477 10470 10475
f 11190 11194 11196
f 11196 11188 11190
f 11187 11188 10472
f 10472 10471 11187
f 10475 10472 11188
f 11188 11196 10475
f 11193 11192 11227
f 11227 11208 11193
f 11228 11227 11192
f 11192 11191 11228
f 11230 11228 11191
f 11191 11229 11230
f 11229 11191 11189
f 11189 10521 11229
f 11232 11230 11229
f 11229 11231 11232
f 11231 11229 10521
f 10521 10520 11231
f 11232 11231 10695
f 10695 10696 11232
f 11232 11234 11233
f 11233 11230 11232
f 11236 11233 11234
f 11234 11235 11236
f 11235 11238 11237
f 11237 11236 11235
f 11238 11235 11239
f 11239 11240 11238
f 11241 11239 11235
f 11235 11234 11241
f 11242 11228 11230
f 11230 11233 11242
f 11243 11242 11233
f 11233 11236 11243
f 10696 11241 11234
f 11234 11232 10696
f 10695 11231 10520
f 10520 10522 10695
f 11244 11245 11208
f 11208 11227 11244
f 11244 11247 11246
f 11246 11245 11244
f 11243 11249 11248
f 11248 11247 11243
f 11249 11243 11236
f 11236 11237 11249
f 11251 11248 11249
f 11249 11250 11251
f 11252 11253 11248
f 11248 11251 11252
f 11254 11255 11253
f 11253 11252 11254
f 11257 11254 11252
f 11252 11256 11257
f 11254 11259 11258
f 11258 11255 11254
f 11257 11260 11259
f 11259 11254 11257
f 11253 11246 11247
f 11247 11248 11253
f 11253 11255 11261
f 11261 11246 11253
f 11256 11252 11251
f 11251 11262 11256
f 11264 11256 11262
f 11262 11263 11264
f 11265 11266 11263
f 11263 11262 11265
f 11262 11251 11250
f 11250 11265 11262
f 11237 11267 11250
f 11250 11249 11237
f 11265 11250 11267
f 11267 11268 11265
f 11271 11268 11269
f 11269 11270 11271
f 11273 11266 11271
f 11271 11272 11273
f 11270 11274 11272
f 11272 11271 11270
f 11268 11271 11266
f 11266 11265 11268
f 11270 11269 11275
f 11275 11276 11270
f 11278 11275 11269
f 11269 11277 11278
f 11277 11269 11268
f 11268 11267 11277
f 11238 11277 11267
f 11267 11237 11238
f 11242 11243 11247
f 11247 11244 11242
f 11206 11208 11245
f 11245 11279 11206
f 11281 11279 11261
f 11261 11280 11281
f 11283 11281 11280
f 11280 11282 11283
f 11282 11285 11284
f 11284 11283 11282
f 11285 11287 11286
f 11286 11284 11285
f 11288 11289 11287
f 11287 11285 11288
f 11290 11288 11285
f 11285 11282 11290
f 11213 11212 11283
f 11283 11284 11213
f 11212 11207 11281
f 11281 11283 11212
f 11258 11290 11282
f 11282 11280 11258
f 11280 11261 11255
f 11255 11258 11280
f 11246 11261 11279
f 11279 11245 11246
f 11207 11206 11279
f 11279 11281 11207
f 11244 11227 11228
f 11228 11242 11244
f 10521 11189 11187
f 11187 10519 10521
f 10486 10491 10506
f 10506 10489 10486
f 10493 11292 11291
f 11291 10490 10493
f 11226 11294 11293
f 11293 11292 11226
f 11223 11295 11294
f 11294 11226 11223
f 11295 11297 11296
f 11296 11294 11295
f 11298 11299 11297
f 11297 11295 11298
f 11298 11225 11300
f 11300 11301 11298
f 11300 11214 11215
f 11215 11302 11300
f 11301 11300 11302
f 11302 11303 11301
f 11305 11301 11303
f 11303 11304 11305
f 11304 11307 11306
f 11306 11305 11304
f 11307 11309 11308
f 11308 11306 11307
f 11310 11311 11309
f 11309 11307 11310
f 11312 11310 11307
f 11307 11304 11312
f 11299 11298 11301
f 11301 11305 11299
f 11305 11306 11313
f 11313 11299 11305
f 11314 11312 11304
f 11304 11303 11314
f 11303 11302 11315
f 11315 11314 11303
f 11316 11317 11312
f 11312 11314 11316
f 11318 11316 11314
f 11314 11315 11318
f 11302 11215 11216
f 11216 11315 11302
f 11214 11300 11225
f 11225 11224 11214
f 11225 11298 11295
f 11295 11223 11225
f 11297 11320 11319
f 11319 11296 11297
f 11322 11320 11313
f 11313 11321 11322
f 11322 11324 11323
f 11324 11322 11321
f 11323 11326 11325
f 11326 11323 11324
f 11327 11325 11326
f 11325 11327 11328
f 11328 11330 11329
f 11330 11328 11327
f 11330 11333 11331
f 11333 11330 11332
f 11332 11327 11334
f 11327 11332 11330
f 11331 11329 11330
f 11329 11331 11335
f 11337 11329 11336
f 11329 11337 11328
f 11338 11328 11337
f 11328 11338 11325
f 11326 11334 11327
f 11334 11326 11339
f 11339 11324 11340
f 11324 11339 11326
f 11339 11342 11334
f 11342 11339 11341
f 11340 11341 11339
f 11341 11340 11343
f 11345 11323 11344
f 11323 11345 11322
f 11346 11347 11319
f 11319 11345 11346
f 11346 11344 11348
f 11344 11346 11345
f 11349 11350 11347
f 11347 11346 11349
f 11348 11349 11346
f 11349 11348 11351
f 11296 11319 11347
f 11347 11352 11296
f 11345 11319 11320
f 11320 11322 11345
f 11325 11344 11323
f 11344 11325 11338
f 11340 11321 11308
f 11321 11340 11324
f 11306 11308 11321
f 11321 11313 11306
f 11320 11297 11299
f 11299 11313 11320
f 11352 11293 11294
f 11294 11296 11352
f 11353 11291 11292
f 11292 11293 11353
f 11353 11356 11354
f 11354 11355 11353
f 11293 11352 11356
f 11356 11353 11293
f 11356 11350 11357
f 11357 11354 11356
f 11354 11357 11358
f 11358 11359 11354
f 11359 11360 11355
f 11355 11354 11359
f 11360 11359 11361
f 11361 11362 11360
f 11363 11364 11362
f 11362 11361 11363
f 11364 11363 11365
f 11365 11366 11364
f 11365 11368 11367
f 11368 11365 11363
f 11368 11363 11361
f 11361 11369 11368
f 11371 11360 11362
f 11362 11370 11371
f 11370 11362 11364
f 11364 11372 11370
f 10506 11371 11370
f 11370 10505 10506
f 10505 11370 11372
f 11372 10504 10505
f 11373 11355 11360
f 11360 11371 11373
f 11359 11358 11369
f 11369 11361 11359
f 11358 11375 11374
f 11374 11369 11358
f 11376 11374 11375
f 11374 11376 11377
f 11379 11375 11378
f 11375 11379 11376
f 11357 11378 11375
f 11375 11358 11357
f 11378 11357 11350
f 11350 11349 11378
f 11350 11356 11352
f 11352 11347 11350
f 11291 11353 11355
f 11355 11373 11291
f 10490 11291 11373
f 11373 10491 10490
f 11221 11226 11292
f 11292 10493 11221
f 11371 10506 10491
f 10491 11373 11371
f 11224 11217 11211
f 11211 11214 11224
f 8126 8140 10671
f 8140 8126 8139
f 8138 11380 10670
f 11380 8138 8137
f 10670 10669 10664
f 10669 10670 11380
f 10764 11380 10765
f 11380 10764 10669
f 8137 10765 11380
f 10765 8137 11381
f 11381 10763 10765
f 10763 11381 11382
f 11382 10762 10763
f 10762 11382 11383
f 11383 11385 10762
f 11385 11383 11384
f 11384 11387 11385
f 11387 11384 11386
f 11389 11386 11388
f 11386 11389 11387
f 11390 11387 11389
f 11387 11390 11391
f 11385 11391 10769
f 11391 11385 11387
f 10769 10762 11385
f 10762 10769 10761
f 10769 11392 10767
f 11392 10769 11391
f 10767 10774 10768
f 10774 10767 11392
f 11392 10777 10774
f 10777 11392 11393
f 11395 11390 11394
f 11390 11395 11393
f 11393 11391 11390
f 11391 11393 11392
f 11393 11396 10777
f 11396 11393 11395
f 11389 11394 11390
f 11394 11389 11397
f 11399 11397 11398
f 11397 11399 11394
f 11400 11394 11399
f 11394 11400 11395
f 11336 11401 11337
f 11401 11336 11400
f 11400 11402 11401
f 11402 11400 11399
f 11400 11396 11395
f 11396 11400 11336
f 11399 11403 11402
f 11403 11399 11398
f 11398 11405 11403
f 11405 11398 11404
f 11398 11406 11404
f 11406 11398 11397
f 11388 11397 11389
f 11397 11388 11406
f 11407 11406 11388
f 11406 11407 11408
f 11388 11409 11407
f 11409 11388 11386
f 11408 11411 11410
f 11411 11408 11407
f 11407 11412 11411
f 11412 11407 11409
f 11386 11413 11409
f 11413 11386 11384
f 11414 11409 11413
f 11409 11414 11412
f 11415 11412 11414
f 11412 11415 11416
f 11411 11416 11417
f 11416 11411 11412
f 11419 11420 11418
f 11420 11419 11417
f 11417 11421 11420
f 11421 11417 11416
f 11410 11417 11419
f 11417 11410 11411
f 11422 11416 11415
f 11416 11422 11421
f 11421 10551 10553
f 10551 11421 11422
f 10552 11422 10560
f 11422 10552 10551
f 11415 10560 11422
f 10560 11415 11423
f 11414 11423 11415
f 11423 11414 11424
f 11413 11424 11414
f 11424 11413 11425
f 11425 11427 11424
f 11427 11425 11426
f 11426 11383 11382
f 11383 11426 11425
f 11384 11425 11413
f 11425 11384 11383
f 11424 11428 11423
f 11428 11424 11427
f 11423 10558 10560
f 10558 11423 11428
f 11428 10559 10558
f 10559 11428 8135
f 11427 8135 11428
f 8135 11427 8133
f 8134 11382 11381
f 11382 8134 11426
f 11381 8132 8134
f 8132 11381 8137
f 10669 10766 10666
f 10766 10669 10764
f 8139 8125 8127
f 8125 8139 8126
f 8148 8144 8155
f 8144 8148 8143
f 10559 8148 10557
f 8148 10559 8147
f 10557 8155 8157
f 8155 10557 8148
f 8147 8135 8136
f 8135 8147 10559
f 11426 8133 11427
f 8133 11426 8134
f 11429 10745 10753
f 10745 11429 10835
f 11430 10753 10754
f 10753 11430 11429
f 11432 10754 11431
f 10754 11432 11430
f 11431 11434 11432
f 11434 11431 11433
f 11433 10750 11435
f 10750 11433 11431
f 11433 11437 11434
f 11437 11433 11436
f 11437 11439 11438
f 11439 11437 11436
f 11434 11441 11440
f 11441 11434 11437
f 11440 11432 11434
f 11432 11440 11442
f 11443 11440 11441
f 11440 11443 11444
f 11445 11444 11443
f 11444 11445 11446
f 11444 11442 11440
f 11442 11444 11447
f 11447 11446 11448
f 11446 11447 11444
f 11450 11441 11449
f 11441 11450 11443
f 11437 11449 11441
f 11449 11437 11438
f 11452 11439 11451
f 11439 11452 11453
f 11453 11342 11454
f 11342 11453 11452
f 11332 11451 11333
f 11451 11332 11452
f 11333 11456 11455
f 11456 11333 11451
f 11436 11451 11439
f 11451 11436 11456
f 11334 11452 11332
f 11452 11334 11342
f 11458 11459 11457
f 11459 11458 11454
f 11341 11454 11342
f 11454 11341 11459
f 11460 11457 11459
f 11457 11460 11461
f 11459 11343 11460
f 11343 11459 11341
f 11463 11458 11462
f 11458 11463 11464
f 11462 11457 11465
f 11457 11462 11458
f 11464 11454 11458
f 11454 11464 11453
f 11438 11453 11464
f 11453 11438 11439
f 11436 11435 11456
f 11435 11436 11433
f 11435 11455 11456
f 11455 11435 11466
f 10776 11466 10773
f 11466 10776 11455
f 10752 11466 10749
f 11466 10752 10773
f 11435 10749 11466
f 10749 11435 10750
f 11431 10748 10750
f 10748 11431 10754
f 11442 11430 11432
f 11430 11442 11467
f 11447 11467 11442
f 11467 11447 11468
f 11469 11471 11468
f 11471 11469 11470
f 11448 11468 11447
f 11468 11448 11469
f 11472 11470 11469
f 11470 11472 11473
f 11474 11473 11472
f 11473 11474 11475
f 11475 11477 11473
f 11477 11475 11476
f 11479 11476 11478
f 11476 11479 11477
f 11480 11473 11477
f 11473 11480 11470
f 11481 11477 11479
f 11477 11481 11480
f 11482 11478 11476
f 11478 11482 11483
f 11478 11485 11479
f 11485 11478 11484
f 11483 11484 11478
f 11484 11483 11486
f 11476 11487 11482
f 11487 11476 11475
f 11482 11489 11488
f 11489 11482 11487
f 11487 11491 11489
f 11491 11487 11490
f 11475 11490 11487
f 11490 11475 11474
f 11493 11472 11492
f 11472 11493 11474
f 11495 11493 11494
f 11493 11495 11496
f 11497 11496 11495
f 11496 11497 11498
f 11496 11474 11493
f 11474 11496 11490
f 11498 11490 11496
f 11490 11498 11491
f 11500 11494 11499
f 11494 11500 11495
f 11501 11499 11494
f 11499 11501 11502
f 11494 11492 11501
f 11492 11494 11493
f 11469 11492 11472
f 11492 11469 11448
f 11468 11503 11467
f 11503 11468 11471
f 11429 11467 11503
f 11467 11429 11430
f 10835 11503 10833
f 11503 10835 11429
f 11471 10833 11503
f 10833 11471 10834
f 11470 10834 11471
f 10834 11470 11480
f 10653 10796 11504
f 10796 10653 10654
f 11504 10652 10653
f 10652 11504 10706
f 11505 10706 11504
f 10706 11505 11506
f 11506 11508 11507
f 11508 11506 11505
f 11505 10794 11508
f 10794 11505 10795
f 11507 11510 11509
f 11510 11507 11508
f 11507 11509 10722
f 10722 10721 11507
f 11511 10722 11509
f 10722 11511 11512
f 11512 11515 11513
f 11513 11514 11512
f 11517 11515 11516
f 11515 11517 11518
f 11517 11521 11519
f 11521 11517 11520
f 11522 11524 11520
f 11524 11522 11523
f 11525 11526 10810
f 11526 11525 11523
f 11523 11527 11526
f 11527 11523 11522
f 11523 11528 11524
f 11528 11523 11525
f 11516 11520 11517
f 11520 11516 11522
f 11522 11511 11527
f 11511 11522 11516
f 11512 11516 11515
f 11516 11512 11511
f 11529 11520 11524
f 11520 11529 11521
f 11521 11531 11530
f 11531 11521 11529
f 11533 11529 11532
f 11529 11533 11531
f 11532 11524 11528
f 11524 11532 11529
f 11530 11519 11521
f 11519 11530 11534
f 11536 11534 11535
f 11534 11536 11519
f 11535 11538 11537
f 11538 11535 11534
f 11534 11539 11538
f 11539 11534 11530
f 11519 11518 11517
f 11518 11519 11536
f 11540 11513 11515
f 11515 11518 11540
f 11518 11536 11541
f 11541 11540 11518
f 11542 11543 11514
f 11514 11513 11542
f 11544 11545 11543
f 11543 11542 11544
f 11544 11548 11546
f 11546 11547 11544
f 11551 11548 11549
f 11549 11550 11551
f 11542 11549 11548
f 11548 11544 11542
f 11552 11546 11548
f 11548 11551 11552
f 11555 11547 11553
f 11553 11554 11555
f 11556 11553 11547
f 11547 11546 11556
f 11545 11544 11547
f 11547 11555 11545
f 10720 11543 11545
f 11545 11557 10720
f 11557 11545 11555
f 11555 11558 11557
f 11557 10713 10714
f 10714 10720 11557
f 10713 11557 11558
f 11558 10712 10713
f 10719 11514 11543
f 11543 10720 10719
f 11549 11542 11513
f 11513 11540 11549
f 10722 11512 11514
f 11514 10719 10722
f 11527 11509 11510
f 11509 11527 11511
f 11526 11510 11559
f 11510 11526 11527
f 11559 10810 11526
f 10810 11559 10808
f 10808 10794 10793
f 10794 10808 11559
f 11559 11508 10794
f 11508 11559 11510
f 11506 11507 10721
f 10721 10723 11506
f 10723 10705 10706
f 10706 11506 10723
f 11504 10795 11505
f 10795 11504 10796
f 6198 8318 8320
f 8318 6198 6200
f 8347 8268 8275
f 8268 8347 8266
f 8267 3192 8264
f 3192 8267 3190
f 3199 8348 8353
f 8348 3199 3201
f 8917 11560 2574
f 2574 2577 8917
f 8980 2564 2563
f 2563 11560 8980
f 11560 8917 8981
f 8981 8980 11560
f 11560 2563 2566
f 2566 2574 11560
f 8979 2559 2561
f 2561 2564 8979
f 2560 8979 8976
f 8979 2560 2559
f 6482 9015 6488
f 9015 6482 6489
f 8985 6488 9015
f 6488 8985 8986
f 6475 6489 6476
f 6489 6475 9015
f 6477 6476 6489
f 6476 6477 6465
f 6913 6880 6881
f 6880 6913 6886
f 6911 10257 6919
f 10257 6911 6915
f 8648 8656 8662
f 8662 8646 8648
f 10694 11561 11241
f 11241 10696 10694
f 11561 11562 11239
f 11239 11241 11561
f 11564 11565 11563
f 11563 11562 11564
f 11562 11561 11566
f 11566 11564 11562
f 11566 10693 10687
f 10687 10715 11566
f 11561 10694 10693
f 10693 11566 11561
f 10715 10716 11564
f 11564 11566 10715
f 10716 11567 11565
f 11565 11564 10716
f 11567 11569 11568
f 11568 11565 11567
f 11565 11568 11570
f 11570 11563 11565
f 11568 11572 11571
f 11571 11570 11568
f 11574 11571 11572
f 11572 11573 11574
f 11573 11576 11575
f 11575 11574 11573
f 11573 11572 11554
f 11554 11553 11573
f 11576 11573 11553
f 11553 11556 11576
f 11576 11578 11577
f 11577 11575 11576
f 11578 11576 11556
f 11556 11579 11578
f 11571 11574 11276
f 11276 11275 11571
f 11570 11571 11275
f 11275 11278 11570
f 11563 11570 11278
f 11278 11240 11563
f 11580 11276 11574
f 11574 11575 11580
f 11274 11270 11276
f 11276 11580 11274
f 11582 11274 11580
f 11580 11581 11582
f 11583 11272 11274
f 11274 11582 11583
f 11585 11583 11582
f 11582 11584 11585
f 11584 11582 11581
f 11581 11586 11584
f 11581 11580 11575
f 11575 11577 11581
f 11569 11554 11572
f 11572 11568 11569
f 11558 11555 11554
f 11554 11569 11558
f 11569 11567 10712
f 10712 11558 11569
f 10710 10712 11567
f 11567 10716 10710
f 11562 11563 11240
f 11240 11239 11562
f 11240 11278 11277
f 11277 11238 11240
f 6912 6881 6883
f 6881 6912 6913
f 9530 6916 9529
f 6916 9530 6914
f 10269 6914 9530
f 6914 10269 6915
f 10256 6915 10269
f 6915 10256 10257
f 10265 11587 10263
f 11587 10265 9527
f 10263 11588 10264
f 11588 10263 11587
f 11587 11589 11588
f 11589 11587 9531
f 11588 11591 11590
f 11591 11588 11589
f 11591 11593 11592
f 11593 11591 9538
f 11592 11595 11594
f 11595 11592 11593
f 11590 11592 11596
f 11592 11590 11591
f 10264 11590 11597
f 11590 10264 11588
f 11596 11597 11590
f 11597 11596 11598
f 11598 11600 11597
f 11600 11598 11599
f 11602 11599 11601
f 11599 11602 11600
f 11601 11604 11603
f 11604 11601 11599
f 11599 11605 11604
f 11605 11599 11598
f 11598 11606 11605
f 11606 11598 11596
f 11594 11596 11592
f 11596 11594 11606
f 10262 11597 11600
f 11597 10262 10264
f 11608 11609 11607
f 11607 11595 11608
f 11610 11611 11609
f 11609 11608 11610
f 9542 11612 11610
f 11610 9540 9542
f 11612 11613 11611
f 11611 11610 11612
f 11613 11615 11614
f 11614 11611 11613
f 11616 11617 11615
f 11615 11613 11616
f 11613 11612 11618
f 11618 11616 11613
f 11619 11618 11612
f 11612 9542 11619
f 11619 11622 11620
f 11620 11621 11619
f 11622 11619 9542
f 9542 9541 11622
f 11618 11619 11621
f 11621 11623 11618
f 11608 9539 9540
f 9540 11610 11608
f 11609 11625 11624
f 11624 11607 11609
f 11614 11627 11626
f 11626 11625 11614
f 11629 11626 11627
f 11627 11628 11629
f 11630 11631 11628
f 11628 11627 11630
f 11615 11630 11627
f 11627 11614 11615
f 11611 11614 11625
f 11625 11609 11611
f 11625 11626 11632
f 11632 11624 11625
f 11634 11624 11633
f 11624 11634 11607
f 11632 11633 11624
f 11633 11632 11635
f 9539 11608 11595
f 11595 11593 9539
f 11594 11607 11634
f 11607 11594 11595
f 9535 9539 11593
f 11593 9538 9535
f 11589 9538 11591
f 9538 11589 9537
f 9537 9531 9532
f 9531 9537 11589
f 9531 9527 9525
f 9527 9531 11587
f 10267 10248 10251
f 10248 10267 10246
f 9457 11636 9453
f 9453 9455 9457
f 11636 11637 9454
f 9454 9453 11636
f 11637 11639 11638
f 11638 9454 11637
f 11639 11641 11640
f 11640 11638 11639
f 11641 11643 11642
f 11642 11640 11641
f 11644 11645 11638
f 11638 11640 11644
f 11640 11642 11646
f 11646 11644 11640
f 11642 11648 11647
f 11647 11646 11642
f 11644 11646 11649
f 11649 11650 11644
f 11653 11650 11651
f 11651 11652 11653
f 9443 11652 11654
f 11654 9442 9443
f 11655 11654 11652
f 11652 11651 11655
f 9445 11653 11652
f 11652 9443 9445
f 11656 11651 11650
f 11650 11649 11656
f 11649 11658 11657
f 11657 11656 11649
f 11646 11647 11658
f 11658 11649 11646
f 11645 11644 11650
f 11650 11653 11645
f 11645 9452 9454
f 9454 11638 11645
f 9452 11645 11653
f 11653 9445 9452
f 11660 11661 11648
f 11648 11659 11660
f 11659 11648 11642
f 11642 11643 11659
f 11643 11663 11662
f 11662 11659 11643
f 11664 11663 11643
f 11643 11641 11664
f 11659 11662 11665
f 11665 11660 11659
f 11661 11660 11666
f 11666 11667 11661
f 11660 11665 11668
f 11668 11666 11660
f 11647 11648 11661
f 11661 11669 11647
f 11658 11647 11669
f 11669 11670 11658
f 11658 11670 11671
f 11671 11657 11658
f 11673 11671 11670
f 11670 11672 11673
f 11674 11672 11670
f 11670 11669 11674
f 11669 11661 11667
f 11667 11674 11669
f 11641 11639 11675
f 11675 11664 11641
f 11664 11675 10129
f 10129 11676 11664
f 11663 11664 11676
f 11676 11677 11663
f 11663 11677 11678
f 11678 11662 11663
f 11662 11678 11679
f 11679 11665 11662
f 11680 11668 11665
f 11665 11679 11680
f 11680 11683 11681
f 11681 11682 11680
f 11679 11684 11683
f 11683 11680 11679
f 11668 11680 11682
f 11682 11685 11668
f 11678 11686 11684
f 11684 11679 11678
f 11688 11689 11686
f 11686 11687 11688
f 11687 11686 11678
f 11678 11677 11687
f 11690 11684 11686
f 11686 11689 11690
f 11691 11687 11677
f 11677 11676 11691
f 11676 10129 10127
f 10127 11691 11676
f 10123 11688 11687
f 11687 11691 10123
f 10122 10123 11691
f 11691 10127 10122
f 10128 10129 11675
f 11675 11692 10128
f 11693 11692 11637
f 11637 11636 11693
f 11692 11693 10119
f 10119 10128 11692
f 11693 11694 10118
f 10118 10119 11693
f 11694 11693 11636
f 11636 9457 11694
f 11694 9471 9472
f 9472 10118 11694
f 9471 11694 9457
f 9457 9456 9471
f 11692 11675 11639
f 11639 11637 11692
f 9463 9471 9456
f 9456 9429 9463
f 9494 11695 9499
f 9499 9489 9494
f 9500 9499 11695
f 11695 9545 9500
f 9545 11695 11620
f 11620 11622 9545
f 11620 11695 9494
f 9494 9493 11620
f 9449 11696 9496
f 9496 9492 9449
f 11696 11698 11697
f 11697 9496 11696
f 11698 11700 11699
f 11699 11697 11698
f 11700 11702 11701
f 11701 11699 11700
f 11697 11699 11703
f 11703 11704 11697
f 11704 11703 11705
f 11705 11706 11704
f 11703 11708 11707
f 11707 11705 11703
f 11623 11621 11706
f 11706 11705 11623
f 9495 11704 11706
f 11706 9493 9495
f 11621 11620 9493
f 9493 11706 11621
f 11705 11707 11709
f 11709 11623 11705
f 11711 11709 11707
f 11707 11710 11711
f 11711 11713 11712
f 11712 11617 11711
f 11716 11713 11714
f 11714 11715 11716
f 11713 11711 11710
f 11710 11714 11713
f 11713 11716 11717
f 11717 11712 11713
f 11617 11616 11709
f 11709 11711 11617
f 11623 11709 11616
f 11616 11618 11623
f 11708 11718 11710
f 11710 11707 11708
f 11701 11719 11718
f 11718 11708 11701
f 11699 11701 11708
f 11708 11703 11699
f 11702 11720 11719
f 11719 11701 11702
f 11718 11721 11714
f 11714 11710 11718
f 11719 11722 11721
f 11721 11718 11719
f 11704 9495 9496
f 9496 11697 11704
f 11702 11700 11655
f 11655 11723 11702
f 11723 11724 11720
f 11720 11702 11723
f 11724 11726 11725
f 11725 11720 11724
f 11726 11728 11727
f 11727 11725 11726
f 11728 11730 11729
f 11729 11727 11728
f 11732 11729 11730
f 11730 11731 11732
f 11734 11732 11731
f 11731 11733 11734
f 11735 11736 11733
f 11733 11731 11735
f 11584 11734 11733
f 11733 11585 11584
f 11585 11733 11736
f 11736 11737 11585
f 11738 11739 11732
f 11732 11734 11738
f 11739 11740 11729
f 11729 11732 11739
f 11741 11735 11731
f 11731 11730 11741
f 11673 11741 11730
f 11730 11728 11673
f 11742 11743 11735
f 11735 11741 11742
f 11742 11741 11673
f 11673 11672 11742
f 11727 11729 11740
f 11740 11744 11727
f 11722 11744 11745
f 11745 11721 11722
f 11721 11745 11715
f 11715 11714 11721
f 11745 11747 11746
f 11746 11715 11745
f 11744 11740 11747
f 11747 11745 11744
f 11744 11722 11725
f 11725 11727 11744
f 11722 11719 11720
f 11720 11725 11722
f 11671 11673 11728
f 11728 11726 11671
f 11657 11671 11726
f 11726 11724 11657
f 11656 11657 11724
f 11724 11723 11656
f 11651 11656 11723
f 11723 11655 11651
f 11700 11698 11654
f 11654 11655 11700
f 9442 11654 11698
f 11698 11696 9442
f 9439 9442 11696
f 11696 9449 9439
f 7836 10089 10084
f 10089 7836 7849
f 10074 10066 10244
f 10066 10074 10067
f 10244 10068 10086
f 10068 10244 10066
f 10072 11748 10073
f 11748 10072 10239
f 10073 11750 11749
f 11750 10073 11748
f 11750 11753 11751
f 11753 11750 11752
f 11748 11752 11750
f 11752 11748 11754
f 10239 11754 11748
f 11754 10239 10240
f 11754 11756 11752
f 11756 11754 11755
f 11758 11755 11757
f 11755 11758 11756
f 11760 11757 11759
f 11757 11760 11758
f 11758 11762 11761
f 11762 11758 11760
f 11764 11760 11763
f 11760 11764 11762
f 11762 11766 11765
f 11766 11762 11764
f 11765 11768 11767
f 11768 11765 11766
f 11766 11770 11768
f 11770 11766 11769
f 11764 11769 11766
f 11769 11764 11771
f 11763 11771 11764
f 11771 11763 11772
f 11763 11759 11603
f 11759 11763 11760
f 11772 11603 11604
f 11603 11772 11763
f 11765 11761 11762
f 11761 11765 11773
f 11775 11773 11774
f 11773 11775 11761
f 11753 11774 11776
f 11774 11753 11775
f 11756 11761 11775
f 11761 11756 11758
f 11752 11775 11753
f 11775 11752 11756
f 11774 11778 11777
f 11778 11774 11773
f 11777 11780 11779
f 11780 11777 11778
f 11778 11781 11780
f 11781 11778 11767
f 11767 11773 11765
f 11773 11767 11778
f 11759 11783 11782
f 11783 11759 11757
f 11784 11782 11783
f 11782 11784 11785
f 10247 11785 11784
f 11785 10247 11786
f 10246 11786 10247
f 11786 10246 10267
f 11786 11602 11785
f 11602 11786 10266
f 10267 10266 11786
f 10266 10267 10260
f 10243 11784 10241
f 11784 10243 10247
f 10241 11783 10242
f 11783 10241 11784
f 11785 11601 11782
f 11601 11785 11602
f 11782 11603 11759
f 11603 11782 11601
f 11757 10242 11783
f 10242 11757 11755
f 10240 11755 11754
f 11755 10240 10242
f 11749 11751 11787
f 11751 11749 11750
f 11787 11789 11749
f 11789 11787 11788
f 11790 11788 11787
f 11788 11790 11791
f 11791 11793 11792
f 11793 11791 11790
f 11795 11791 11794
f 11791 11795 11788
f 11797 11794 11796
f 11794 11797 11795
f 11794 11792 11798
f 11792 11794 11791
f 11799 11798 11792
f 11798 11799 11800
f 11792 11801 11799
f 11801 11792 11793
f 11798 11796 11794
f 11796 11798 11802
f 11804 11805 11803
f 11805 11804 11802
f 11800 11802 11798
f 11802 11800 11805
f 11806 11802 11804
f 11802 11806 11796
f 11797 11809 11807
f 11809 11797 11808
f 11811 11806 11810
f 11806 11811 11808
f 11808 11796 11806
f 11796 11808 11797
f 11812 11808 11811
f 11808 11812 11809
f 11807 10055 10057
f 10055 11807 11809
f 11807 11795 11797
f 11795 11807 11813
f 10057 11813 11807
f 11813 10057 10071
f 11788 11813 11789
f 11813 11788 11795
f 10070 11749 11789
f 11749 10070 10073
f 10071 11789 11813
f 11789 10071 10070
f 11790 11815 11793
f 11815 11790 11814
f 11787 11814 11790
f 11814 11787 11751
f 11816 11814 11776
f 11814 11816 11815
f 11793 11817 11801
f 11817 11793 11815
f 11801 11819 11818
f 11819 11801 11817
f 11820 11818 11819
f 11818 11820 11821
f 11819 11823 11820
f 11823 11819 11822
f 11817 11822 11819
f 11822 11817 11824
f 11815 11824 11817
f 11824 11815 11816
f 11816 11779 11824
f 11779 11816 11777
f 11776 11777 11816
f 11777 11776 11774
f 11751 11776 11814
f 11776 11751 11753
f 10074 10239 10072
f 10239 10074 10237
f 10266 11600 11602
f 11600 10266 10262
f 11622 9541 9543
f 9543 9545 11622
f 10124 10141 11688
f 11688 10123 10124
f 11689 11688 10141
f 10141 10142 11689
f 10136 11825 10142
f 10142 10134 10136
f 11825 10136 11826
f 11826 11827 11825
f 11828 11826 10136
f 10136 10137 11828
f 11829 11830 11826
f 11826 11828 11829
f 11831 11832 11830
f 11830 11829 11831
f 11829 11834 11833
f 11833 11831 11829
f 11834 11835 11833
f 11835 11834 10178
f 11836 11835 10175
f 11835 11836 11837
f 11837 11840 11838
f 11840 11837 11839
f 11842 11839 11841
f 11839 11842 11843
f 11843 11845 11844
f 11845 11843 11842
f 11846 11839 11843
f 11839 11846 11840
f 11843 11847 11846
f 11847 11843 11844
f 11841 11849 11842
f 11849 11841 11848
f 11848 11836 11850
f 11836 11848 11841
f 11837 11841 11839
f 11841 11837 11836
f 11831 11833 11838
f 11838 11851 11831
f 11851 11838 11840
f 11840 11852 11851
f 11832 11831 11851
f 11851 11853 11832
f 11853 11851 11852
f 11852 11854 11853
f 11838 11835 11837
f 11835 11838 11833
f 10178 10175 11835
f 10175 10178 10173
f 11855 10178 11834
f 10178 11855 10179
f 11828 11855 11834
f 11834 11829 11828
f 10139 10179 11855
f 10179 10139 10155
f 11828 10137 10139
f 10139 11855 11828
f 11827 11826 11830
f 11830 11856 11827
f 11690 11825 11827
f 11827 11857 11690
f 11857 11683 11684
f 11684 11690 11857
f 11683 11857 11858
f 11858 11681 11683
f 11859 11860 11681
f 11681 11858 11859
f 11860 11859 11861
f 11861 11862 11860
f 11682 11681 11860
f 11860 11863 11682
f 11862 11864 11863
f 11863 11860 11862
f 11865 11866 11862
f 11862 11861 11865
f 11861 11868 11867
f 11867 11865 11861
f 11859 11869 11868
f 11868 11861 11859
f 11869 11859 11858
f 11858 11856 11869
f 11832 11869 11856
f 11856 11830 11832
f 11857 11827 11856
f 11856 11858 11857
f 11825 11690 11689
f 11689 10142 11825
f 11605 11871 11870
f 11871 11605 11606
f 11870 11873 11872
f 11873 11870 11871
f 11604 11870 11772
f 11870 11604 11605
f 11772 11872 11771
f 11872 11772 11870
f 11771 11874 11769
f 11874 11771 11872
f 11872 11875 11874
f 11875 11872 11873
f 11635 11873 11633
f 11873 11635 11875
f 11876 11874 11875
f 11874 11876 11877
f 11877 11879 11878
f 11879 11877 11876
f 11881 11879 11880
f 11879 11881 11882
f 11880 11884 11881
f 11884 11880 11883
f 11885 11883 11880
f 11883 11885 11886
f 11887 11888 11884
f 11884 11883 11887
f 11629 11887 11883
f 11883 11886 11629
f 11882 11538 11539
f 11538 11882 11881
f 11882 11878 11879
f 11878 11882 11889
f 11889 11539 11890
f 11539 11889 11882
f 11881 11537 11538
f 11537 11881 11884
f 11876 11880 11879
f 11880 11876 11885
f 11769 11877 11770
f 11877 11769 11874
f 11878 11770 11877
f 11770 11878 11891
f 11889 11891 11878
f 11891 11889 11892
f 11894 11895 11893
f 11895 11894 11892
f 11892 11890 11895
f 11890 11892 11889
f 11892 11896 11891
f 11896 11892 11894
f 11768 11891 11896
f 11891 11768 11770
f 11875 11885 11876
f 11885 11875 11635
f 11633 11871 11634
f 11871 11633 11873
f 11606 11634 11871
f 11634 11606 11594
f 11886 11635 11632
f 11635 11886 11885
f 11897 11742 11672
f 11672 11674 11897
f 11897 11900 11898
f 11898 11899 11897
f 11902 11898 11900
f 11900 11901 11902
f 11667 11666 11901
f 11901 11900 11667
f 11901 11685 11903
f 11903 11902 11901
f 11904 11905 11902
f 11902 11903 11904
f 11905 11904 11906
f 11906 11907 11905
f 11910 11907 11908
f 11908 11909 11910
f 11909 11912 11911
f 11911 11910 11909
f 11909 11914 11913
f 11913 11912 11909
f 11264 11913 11914
f 11914 11915 11264
f 11913 11264 11263
f 11263 11916 11913
f 11916 11917 11912
f 11912 11913 11916
f 11915 11257 11256
f 11256 11264 11915
f 11915 11918 11260
f 11260 11257 11915
f 11914 11919 11918
f 11918 11915 11914
f 11909 11908 11919
f 11919 11914 11909
f 11920 11908 11907
f 11907 11906 11920
f 11921 11919 11908
f 11908 11920 11921
f 11924 11911 11922
f 11922 11923 11924
f 11743 11923 11736
f 11736 11735 11743
f 11923 11922 11737
f 11737 11736 11923
f 11922 11917 11925
f 11925 11737 11922
f 11911 11912 11917
f 11917 11922 11911
f 11743 11899 11924
f 11924 11923 11743
f 11926 11924 11899
f 11899 11898 11926
f 11742 11897 11899
f 11899 11743 11742
f 11910 11911 11924
f 11924 11926 11910
f 11926 11905 11907
f 11907 11910 11926
f 11898 11902 11905
f 11905 11926 11898
f 11904 11864 11927
f 11927 11906 11904
f 11906 11927 11928
f 11928 11920 11906
f 11928 11931 11929
f 11929 11930 11928
f 11933 11929 11931
f 11931 11932 11933
f 11934 11935 11929
f 11929 11933 11934
f 11933 11937 11936
f 11936 11934 11933
f 11935 11934 11938
f 11938 11939 11935
f 11940 11938 11934
f 11934 11936 11940
f 11935 11941 11930
f 11930 11929 11935
f 11937 11933 11932
f 11932 11942 11937
f 11942 11932 11865
f 11865 11867 11942
f 11866 11865 11932
f 11932 11931 11866
f 11927 11866 11931
f 11931 11928 11927
f 11930 11921 11920
f 11920 11928 11930
f 11864 11862 11866
f 11866 11927 11864
f 11864 11904 11903
f 11903 11863 11864
f 11685 11682 11863
f 11863 11903 11685
f 11685 11901 11666
f 11666 11668 11685
f 11674 11667 11900
f 11900 11897 11674
f 10058 10056 11943
f 10056 10058 10053
f 10170 10168 10162
f 10168 10170 11943
f 11943 11812 10168
f 11812 11943 10056
f 10172 11943 10170
f 11943 10172 10058
f 10052 10071 10057
f 10071 10052 10063
f 10056 11809 11812
f 11809 10056 10055
f 10168 11811 10166
f 11811 10168 11812
f 11810 10166 11811
f 10166 11810 10167
f 10164 11945 11944
f 11945 10164 10167
f 11944 11947 11946
f 11947 11944 11945
f 11948 11946 11947
f 11946 11948 11949
f 11951 11949 11950
f 11949 11951 11946
f 11946 10177 11944
f 10177 11946 11951
f 10165 11944 10177
f 11944 10165 10164
f 10176 11951 11850
f 11951 10176 10177
f 11950 11850 11951
f 11850 11950 11848
f 11848 11952 11849
f 11952 11848 11950
f 11849 11954 11953
f 11954 11849 11952
f 11956 11954 11955
f 11954 11956 11957
f 11957 11953 11954
f 11953 11957 11958
f 11958 11845 11953
f 11845 11958 11959
f 11961 11959 11960
f 11959 11961 11962
f 11963 11959 11958
f 11959 11963 11960
f 11845 11962 11844
f 11962 11845 11959
f 11842 11953 11845
f 11953 11842 11849
f 11958 11964 11963
f 11964 11958 11957
f 11963 11966 11965
f 11966 11963 11964
f 11964 11968 11966
f 11968 11964 11967
f 11967 11957 11956
f 11957 11967 11964
f 11955 11952 11969
f 11952 11955 11954
f 11969 11500 11955
f 11500 11969 11970
f 11970 11495 11500
f 11495 11970 11497
f 11497 11948 11971
f 11948 11497 11970
f 11949 11970 11969
f 11970 11949 11948
f 11950 11969 11952
f 11969 11950 11949
f 11955 11499 11956
f 11499 11955 11500
f 11947 11971 11948
f 11971 11947 11972
f 11972 11945 11973
f 11945 11972 11947
f 11803 11973 11804
f 11973 11803 11972
f 11810 11804 11973
f 11804 11810 11806
f 10167 11973 11945
f 11973 10167 11810
f 11972 11974 11971
f 11974 11972 11803
f 11971 11498 11497
f 11498 11971 11974
f 11974 11491 11498
f 11491 11974 11975
f 11975 11803 11805
f 11803 11975 11974
f 11975 11489 11491
f 11489 11975 11976
f 11976 11488 11489
f 11488 11976 11977
f 11800 11977 11976
f 11977 11800 11799
f 11821 11977 11818
f 11977 11821 11488
f 11799 11818 11977
f 11818 11799 11801
f 11805 11976 11975
f 11976 11805 11800
f 11617 11712 11630
f 11630 11615 11617
f 11712 11717 11631
f 11631 11630 11712
f 11717 11979 11978
f 11978 11631 11717
f 11979 11981 11980
f 11980 11978 11979
f 11981 11983 11982
f 11982 11980 11981
f 11983 11985 11984
f 11984 11982 11983
f 11986 11987 11982
f 11982 11984 11986
f 11984 11551 11550
f 11550 11986 11984
f 11987 11986 11988
f 11988 11989 11987
f 11989 11988 11535
f 11535 11537 11989
f 11536 11535 11988
f 11988 11541 11536
f 11541 11988 11986
f 11986 11550 11541
f 11989 11888 11990
f 11990 11987 11989
f 11980 11982 11987
f 11987 11990 11980
f 11990 11991 11978
f 11978 11980 11990
f 11991 11990 11888
f 11888 11887 11991
f 11991 11628 11631
f 11631 11978 11991
f 11888 11989 11537
f 11537 11884 11888
f 11551 11984 11985
f 11985 11552 11551
f 11992 11579 11552
f 11552 11985 11992
f 11993 11992 11985
f 11985 11983 11993
f 11994 11993 11983
f 11983 11981 11994
f 11995 11996 11993
f 11993 11994 11995
f 11746 11995 11994
f 11994 11997 11746
f 11998 11999 11996
f 11996 11995 11998
f 11747 11998 11995
f 11995 11746 11747
f 11997 11994 11981
f 11981 11979 11997
f 11992 11993 11996
f 11996 12000 11992
f 11999 12001 12000
f 12000 11996 11999
f 12001 11577 11578
f 11578 12000 12001
f 11586 11581 11577
f 11577 12001 11586
f 11738 11586 12001
f 12001 11999 11738
f 11579 11992 12000
f 12000 11578 11579
f 11979 11717 11716
f 11716 11997 11979
f 11626 11629 11886
f 11886 11632 11626
f 11628 11991 11887
f 11887 11629 11628
f 11997 11716 11715
f 11715 11746 11997
f 11740 11739 11998
f 11998 11747 11740
f 11999 11998 11739
f 11739 11738 11999
f 11890 11530 11531
f 11530 11890 11539
f 11531 11895 11890
f 11895 11531 11533
f 11579 11556 11546
f 11546 11552 11579
f 11550 11549 11540
f 11540 11541 11550
f 11734 11584 11586
f 11586 11738 11734
f 11737 11925 11583
f 11583 11585 11737
f 11869 11832 11853
f 11853 11868 11869
f 12002 11942 11867
f 11867 11854 12002
f 12004 12005 12002
f 12002 12003 12004
f 12003 12002 11854
f 11854 11852 12003
f 12003 11846 11847
f 11847 12004 12003
f 12006 12007 12005
f 12005 12004 12006
f 12007 12006 12008
f 12008 12009 12007
f 12009 11940 11936
f 11936 12007 12009
f 12007 11936 11937
f 11937 12005 12007
f 11942 12002 12005
f 12005 11937 11942
f 12010 12011 11940
f 11940 12009 12010
f 12011 12010 12012
f 12012 12013 12011
f 11938 11940 12011
f 12011 12014 11938
f 11939 11938 12014
f 12014 12015 11939
f 11289 11288 12016
f 12016 12015 11289
f 12017 11939 12015
f 12015 12016 12017
f 12019 12017 12016
f 12016 12018 12019
f 12018 12016 11288
f 11288 11290 12018
f 12015 12014 12020
f 12020 11289 12015
f 11289 12020 12021
f 12021 11287 11289
f 12020 12013 12022
f 12022 12021 12020
f 12014 12011 12013
f 12013 12020 12014
f 12013 12012 12023
f 12023 12022 12013
f 12022 12023 11317
f 11317 11316 12022
f 12023 12025 12024
f 12024 11317 12023
f 12012 12026 12025
f 12025 12023 12012
f 12026 12028 12027
f 12027 12025 12026
f 12028 12026 12029
f 12029 12030 12028
f 12010 12029 12026
f 12026 12012 12010
f 12025 12027 12031
f 12031 12024 12025
f 11461 11311 12031
f 11311 11461 11460
f 12032 12031 12027
f 12031 12032 11461
f 11311 11310 12024
f 12024 12031 11311
f 12029 12010 12009
f 12009 12008 12029
f 12008 12033 12030
f 12030 12029 12008
f 12033 11962 11961
f 11962 12033 12034
f 12034 12006 12004
f 12004 11847 12034
f 12006 12034 12033
f 12033 12008 12006
f 11844 12034 11847
f 12034 11844 11962
f 11961 12030 12033
f 12030 11961 12035
f 12028 12035 12036
f 12035 12028 12030
f 12027 12036 12032
f 12036 12027 12028
f 12037 12032 12036
f 12032 12037 11465
f 12038 12036 12035
f 12036 12038 12037
f 12035 11960 12038
f 11960 12035 11961
f 11852 11840 11846
f 11846 12003 11852
f 11868 11853 11854
f 11854 11867 11868
f 11767 11896 11781
f 11896 11767 11768
f 11780 12040 12039
f 12040 11780 11781
f 11781 11894 12040
f 11894 11781 11896
f 12039 12042 12041
f 12042 12039 12040
f 11779 12039 12043
f 12039 11779 11780
f 12043 12041 12044
f 12041 12043 12039
f 12044 12046 12045
f 12046 12044 12041
f 11822 12044 11823
f 12044 11822 12043
f 11823 12045 12047
f 12045 11823 12044
f 12047 10825 10826
f 10825 12047 12045
f 11820 12047 11486
f 12047 11820 11823
f 11486 10826 11484
f 10826 11486 12047
f 12045 10818 10825
f 10818 12045 12046
f 12046 10819 10818
f 10819 12046 12048
f 10822 12048 12049
f 12048 10822 10819
f 11532 12049 11533
f 12049 11532 10822
f 11893 11533 12049
f 11533 11893 11895
f 12042 12049 12048
f 12049 12042 11893
f 12041 12048 12046
f 12048 12041 12042
f 12040 11893 12042
f 11893 12040 11894
f 11824 12043 11822
f 12043 11824 11779
f 10175 11850 11836
f 11850 10175 10176
f 11502 11956 11499
f 11956 11502 11967
f 11448 11501 11492
f 11501 11448 11446
f 11502 11446 11445
f 11446 11502 11501
f 11483 11488 11821
f 11488 11483 11482
f 11486 11821 11820
f 11821 11486 11483
f 11484 10824 11485
f 10824 11484 10826
f 10815 11485 10824
f 11485 10815 12050
f 10831 11481 12050
f 11481 10831 10832
f 12050 10814 10831
f 10814 12050 10815
f 11479 12050 11481
f 12050 11479 11485
f 10822 11528 10820
f 11528 10822 11532
f 10820 11525 10821
f 11525 10820 11528
f 10821 10810 10809
f 10810 10821 11525
f 10811 10809 10805
f 10809 10811 10821
f 10831 10800 10828
f 10800 10831 10814
f 11960 11965 12038
f 11965 11960 11963
f 11967 11445 11968
f 11445 11967 11502
f 11965 12037 12038
f 12037 11965 12051
f 12051 11465 12037
f 11465 12051 11462
f 12051 11463 11462
f 11463 12051 12052
f 11449 12052 11450
f 12052 11449 11463
f 11966 11450 12052
f 11450 11966 11968
f 11965 12052 12051
f 12052 11965 11966
f 11921 11930 11941
f 11941 12053 11921
f 12053 11941 12017
f 12017 12019 12053
f 12053 11918 11919
f 11919 11921 12053
f 11918 12053 12019
f 12019 11260 11918
f 11917 11916 11273
f 11273 11925 11917
f 11266 11273 11916
f 11916 11263 11266
f 11925 11273 11272
f 11272 11583 11925
f 11260 12019 12018
f 12018 11259 11260
f 11290 11258 11259
f 11259 12018 11290
f 11941 11935 11939
f 11939 12017 11941
f 11316 11318 12021
f 12021 12022 11316
f 11318 11286 11287
f 11287 12021 11318
f 11286 11318 11315
f 11315 11216 11286
f 11284 11286 11216
f 11216 11213 11284
f 11461 11465 11457
f 11465 11461 12032
f 11317 12024 11310
f 11310 11312 11317
f 11343 11308 11309
f 11308 11343 11340
f 11460 11309 11311
f 11309 11460 11343
f 11480 10832 10834
f 10832 11480 11481
f 11968 11443 11450
f 11443 11968 11445
f 11464 11449 11438
f 11449 11464 11463
f 11331 11455 10776
f 11455 11331 11333
f 11338 11348 11344
f 11348 11338 12054
f 11401 12055 12054
f 12055 11401 11402
f 12054 11351 11348
f 11351 12054 12055
f 11379 12055 12056
f 12055 11379 11351
f 11376 12056 12057
f 12056 11376 11379
f 12057 11377 11376
f 11377 12057 12058
f 12060 12058 12059
f 12058 12060 11377
f 12062 12059 12061
f 12059 12062 12063
f 12064 12063 12062
f 12063 12064 12065
f 12067 12068 12066
f 12068 12067 12065
f 12068 12070 12066
f 12070 12068 12069
f 12069 12072 12070
f 12072 12069 12071
f 12071 12074 12073
f 12074 12071 12069
f 12068 12074 12069
f 12074 12068 12075
f 12067 12077 12076
f 12077 12067 12066
f 12066 12078 12077
f 12078 12066 12070
f 12065 12075 12068
f 12075 12065 12064
f 12064 12080 12075
f 12080 12064 12079
f 12062 12079 12064
f 12079 12062 12081
f 12082 12065 12067
f 12065 12082 12063
f 12082 12059 12063
f 12059 12082 12060
f 11377 12083 11374
f 12083 11377 12060
f 12084 12060 12082
f 12060 12084 12083
f 12076 12082 12067
f 12082 12076 12084
f 12061 12081 12062
f 12081 12061 12085
f 12085 11419 12081
f 11419 12085 11410
f 11410 12086 11408
f 12086 11410 12085
f 12087 12085 12061
f 12085 12087 12086
f 12058 12061 12059
f 12061 12058 12087
f 11404 11408 12086
f 11408 11404 11406
f 11405 12086 12087
f 12086 11405 11404
f 12058 11405 12087
f 11405 12058 12057
f 11403 12057 12056
f 12057 11403 11405
f 11402 12056 12055
f 12056 11402 11403
f 12054 11337 11401
f 11337 12054 11338
f 11336 11335 11396
f 11335 11336 11329
f 10776 11335 11331
f 11335 10776 10775
f 11396 10775 10777
f 10775 11396 11335
f 11351 11378 11349
f 11378 11351 11379
f 10553 11420 11421
f 11420 10553 12088
f 12088 11418 11420
f 11418 12088 12089
f 12090 12089 12088
f 12089 12090 12091
f 10549 12090 10550
f 12090 10549 12092
f 12091 12092 12093
f 12092 12091 12090
f 12095 12093 12094
f 12093 12095 12091
f 12075 12095 12074
f 12095 12075 12080
f 12095 12073 12074
f 12073 12095 12094
f 12097 12094 12096
f 12094 12097 12073
f 12073 12098 12071
f 12098 12073 12097
f 12071 12099 12072
f 12099 12071 12098
f 12100 12072 12099
f 12072 12100 12101
f 12103 12099 12102
f 12099 12103 12100
f 12098 12102 12099
f 12102 12098 12104
f 12104 12097 12105
f 12097 12104 12098
f 12096 12105 12097
f 12105 12096 12106
f 12105 12108 12104
f 12108 12105 12107
f 12106 12107 12105
f 12107 12106 12109
f 12096 12093 12110
f 12093 12096 12094
f 12111 12093 12092
f 12093 12111 12110
f 10570 12092 10549
f 12092 10570 12111
f 12110 12113 12112
f 12113 12110 12111
f 12111 10569 12113
f 10569 12111 10570
f 12113 12115 12112
f 12115 12113 12114
f 12113 10571 12114
f 10571 12113 10569
f 12106 12110 12112
f 12110 12106 12096
f 12091 12080 12089
f 12080 12091 12095
f 12088 10550 12090
f 10550 12088 10553
f 12079 12089 12080
f 12089 12079 11418
f 10549 10555 10570
f 10555 10549 10547
f 12081 11418 12079
f 11418 12081 11419
f 12116 10423 10503
f 10503 10504 12116
f 10427 10420 10423
f 10423 12116 10427
f 12116 12117 10430
f 10430 10427 12116
f 12117 11366 12118
f 12118 10430 12117
f 10430 12118 12119
f 12119 10429 10430
f 10445 10428 10429
f 10429 12119 10445
f 12119 12120 10446
f 10446 10445 12119
f 12122 10446 12120
f 12120 12121 12122
f 12121 12077 12078
f 12078 12122 12121
f 12101 12123 12122
f 12122 12078 12101
f 10453 10443 10444
f 10444 12123 10453
f 12100 10453 12123
f 12123 12101 12100
f 10446 12122 12123
f 12123 10444 10446
f 12121 12076 12077
f 12076 12121 12124
f 12125 12124 12121
f 12121 12120 12125
f 12125 12118 11366
f 11366 11365 12125
f 12120 12119 12118
f 12118 12125 12120
f 11367 12125 11365
f 12125 11367 12124
f 12084 12124 11367
f 12124 12084 12076
f 11372 11364 11366
f 11366 12117 11372
f 10504 11372 12117
f 12117 12116 10504
f 11368 11374 12083
f 11374 11368 11369
f 11367 12083 12084
f 12083 11367 11368
f 12070 12101 12078
f 12101 12070 12072
f 12114 10574 12126
f 10574 12114 10571
f 12127 12114 12126
f 12114 12127 12115
f 12127 12130 12128
f 12130 12127 12129
f 12129 12132 12130
f 12132 12129 12131
f 12131 12134 12132
f 12134 12131 12133
f 12133 12136 12134
f 12136 12133 12135
f 12135 12138 12136
f 12138 12135 12137
f 12139 12137 10973
f 12137 12139 12138
f 12138 12141 12140
f 12141 12138 12139
f 10973 10986 12139
f 10986 10973 10972
f 12139 10985 12141
f 10985 12139 10986
f 12140 12143 12142
f 12143 12140 12141
f 10988 12141 10985
f 12141 10988 12143
f 12140 12136 12138
f 12136 12140 12144
f 12142 12144 12140
f 12144 12142 12145
f 12147 12148 12146
f 12148 12147 12145
f 12145 12149 12148
f 12149 12145 12142
f 12150 12145 12147
f 12145 12150 12144
f 12134 12144 12150
f 12144 12134 12136
f 12132 12150 12151
f 12150 12132 12134
f 12137 10971 10973
f 10971 12137 12152
f 10974 12152 12153
f 12152 10974 10971
f 12153 12155 12154
f 12155 12153 12152
f 12135 12152 12137
f 12152 12135 12155
f 12154 12156 10604
f 12156 12154 12155
f 12155 12133 12156
f 12133 12155 12135
f 12153 12158 10974
f 12158 12153 12157
f 12154 12157 12153
f 12157 12154 10603
f 12157 12160 12158
f 12160 12157 12159
f 10603 12159 12157
f 12159 10603 10601
f 12131 12156 12133
f 12156 12131 12161
f 12129 12161 12131
f 12161 12129 12162
f 12162 10605 12161
f 10605 12162 10573
f 12126 10573 12162
f 10573 12126 10574
f 12129 12126 12162
f 12126 12129 12127
f 12161 10604 12156
f 10604 12161 10605
f 12128 12164 12163
f 12164 12128 12130
f 12165 12164 12151
f 12164 12165 12166
f 12166 12163 12164
f 12163 12166 12167
f 12168 12167 12166
f 12167 12168 12169
f 12171 12172 12170
f 12172 12171 12169
f 12102 12170 12103
f 12170 12102 12171
f 10452 12103 12170
f 12170 10451 10452
f 10451 12170 12172
f 12172 12173 10451
f 12108 12169 12171
f 12169 12108 12167
f 12171 12104 12108
f 12104 12171 12102
f 12169 12174 12172
f 12174 12169 12168
f 12175 12166 12165
f 12166 12175 12168
f 12147 12151 12150
f 12151 12147 12165
f 12165 12146 12175
f 12146 12165 12147
f 12176 12168 12175
f 12168 12176 12174
f 12179 12176 12177
f 12177 12178 12179
f 12175 12177 12176
f 12177 12175 12146
f 12180 12174 12176
f 12176 12179 12180
f 12167 12107 12163
f 12107 12167 12108
f 12109 12163 12107
f 12163 12109 12128
f 12115 12128 12109
f 12128 12115 12127
f 12130 12151 12164
f 12151 12130 12132
f 12112 12109 12106
f 12109 12112 12115
f 10604 10603 12154
f 10603 10604 10599
f 10400 10402 12181
f 12181 10407 10400
f 10407 12181 12182
f 12182 12183 10407
f 12183 12182 12184
f 12184 12185 12183
f 12185 12187 12186
f 12186 12183 12185
f 10406 10407 12183
f 12183 12186 10406
f 12189 12186 12187
f 12187 12188 12189
f 10383 12188 12190
f 12190 12191 10383
f 12190 12194 12192
f 12192 12193 12190
f 12194 12196 12195
f 12195 12192 12194
f 12196 12198 12197
f 12197 12195 12196
f 12192 12195 12199
f 12199 12200 12192
f 12195 12197 12201
f 12201 12199 12195
f 12198 12203 12202
f 12202 12197 12198
f 12184 12204 12203
f 12203 12198 12184
f 12185 12184 12198
f 12198 12196 12185
f 12196 12194 12187
f 12187 12185 12196
f 12188 12187 12194
f 12194 12190 12188
f 12191 12190 12193
f 12193 12205 12191
f 10373 10383 12191
f 12191 10371 10373
f 12191 12205 10372
f 10372 10371 12191
f 12206 12207 10372
f 10372 12205 12206
f 12205 12193 12208
f 12208 12206 12205
f 12200 12208 12193
f 12193 12192 12200
f 12188 10383 10382
f 10382 12189 12188
f 12186 12189 10394
f 10394 10406 12186
f 10385 10394 12189
f 12189 10382 10385
f 12204 12184 12182
f 12182 12209 12204
f 12209 12211 12210
f 12210 12204 12209
f 12211 12178 12212
f 12212 12210 12211
f 12178 12177 12213
f 12213 12212 12178
f 12212 12213 12214
f 12214 12215 12212
f 12216 12217 12215
f 12215 12214 12216
f 12216 12149 12218
f 12149 12216 12214
f 12217 12216 12219
f 12219 12220 12217
f 12222 12217 12220
f 12220 12221 12222
f 12223 12215 12217
f 12217 12222 12223
f 12225 12226 12224
f 12226 12225 12219
f 12218 12219 12216
f 12219 12218 12226
f 12220 12219 12225
f 12225 12227 12220
f 12148 12214 12213
f 12214 12148 12149
f 12210 12212 12215
f 12215 12223 12210
f 12204 12210 12223
f 12223 12203 12204
f 12213 12146 12148
f 12146 12213 12177
f 12178 12211 12228
f 12228 12179 12178
f 12229 12228 12211
f 12211 12209 12229
f 10402 12230 12229
f 12229 12181 10402
f 10401 10454 12230
f 12230 10402 10401
f 12230 12231 12228
f 12228 12229 12230
f 12231 12230 10454
f 10454 10455 12231
f 12231 12180 12179
f 12179 12228 12231
f 10455 12173 12180
f 12180 12231 10455
f 12209 12182 12181
f 12181 12229 12209
f 10453 12100 12103
f 12103 10452 10453
f 12173 10455 10448
f 10448 10451 12173
f 12173 12172 12174
f 12174 12180 12173
f 12218 12142 12143
f 12142 12218 12149
f 10592 10288 10593
f 10288 10592 10287
f 12232 10585 10590
f 10585 12232 10587
f 10590 12233 12232
f 12233 10590 10593
f 12234 12232 12233
f 12232 12234 12235
f 12235 12237 12236
f 12237 12235 12234
f 12239 12237 12238
f 12237 12239 12240
f 12242 12238 12241
f 12238 12242 12239
f 12241 12244 12242
f 12244 12241 12243
f 12246 12243 12245
f 12243 12246 12244
f 12247 12244 12246
f 12244 12247 12248
f 12250 12251 12249
f 12251 12250 12248
f 12249 12252 11129
f 12252 12249 12251
f 12251 12254 12253
f 12253 12252 12251
f 12254 12248 12247
f 12248 12254 12251
f 12239 12250 12255
f 12250 12239 12242
f 12255 12249 12256
f 12249 12255 12250
f 12242 12248 12250
f 12248 12242 12244
f 10311 10310 12247
f 12247 12246 10311
f 10312 10311 12246
f 12246 12245 10312
f 12257 12245 12243
f 12245 12257 10297
f 12258 12243 12241
f 12243 12258 12257
f 10290 10297 12257
f 10297 10290 10292
f 10289 12257 12258
f 12257 10289 10290
f 12245 10297 10298
f 10298 10312 12245
f 12259 12241 12238
f 12241 12259 12258
f 12233 12259 12234
f 12259 12233 12260
f 12260 12258 12259
f 12258 12260 10289
f 10289 10288 10284
f 10288 10289 12260
f 10593 12260 12233
f 12260 10593 10288
f 12234 12238 12237
f 12238 12234 12259
f 12255 12240 12239
f 12240 12255 12261
f 12263 12264 12262
f 12264 12263 12261
f 11130 12264 12256
f 12264 11130 11131
f 12261 12256 12264
f 12256 12261 12255
f 11131 12262 12264
f 12262 11131 12265
f 11005 12265 11006
f 12265 11005 12262
f 11007 12262 11005
f 12262 11007 12263
f 12266 12261 12263
f 12261 12266 12240
f 12267 12263 11007
f 12263 12267 12266
f 11006 12268 11008
f 12268 11006 12265
f 11008 11136 11009
f 11136 11008 12268
f 12268 11127 11136
f 11127 12268 11128
f 12265 11128 12268
f 11128 12265 11131
f 12240 12236 12237
f 12236 12240 12266
f 12269 12266 12267
f 12266 12269 12236
f 12269 12272 12270
f 12272 12269 12271
f 12274 12271 12273
f 12271 12274 12272
f 10588 12272 12274
f 12272 10588 10586
f 12276 12274 12275
f 12274 12276 10588
f 12159 12275 12160
f 12275 12159 12276
f 10588 10602 10581
f 10602 10588 12276
f 10601 12276 12159
f 12276 10601 10602
f 12275 12273 12277
f 12273 12275 12274
f 12278 12273 12271
f 12273 12278 11000
f 12277 11000 10998
f 11000 12277 12273
f 10586 12270 12272
f 12270 10586 10587
f 12236 12270 12235
f 12270 12236 12269
f 10587 12235 12270
f 12235 10587 12232
f 12271 12267 12278
f 12267 12271 12269
f 10320 10327 12279
f 12279 10318 10320
f 12279 10376 10378
f 10378 12280 12279
f 11052 11054 10319
f 10319 12280 11052
f 11053 11052 12280
f 12280 10378 11053
f 12280 10319 10318
f 10318 12279 12280
f 10376 12279 10327
f 10327 10328 10376
f 10299 10306 10312
f 10312 10298 10299
f 12252 11125 11129
f 11125 12252 11123
f 11124 11123 12252
f 12252 12253 11124
f 12253 11066 11065
f 11065 11124 12253
f 12254 12281 11066
f 11066 12253 12254
f 10313 11067 11066
f 11066 12281 10313
f 10308 10313 12281
f 12281 10310 10308
f 10310 12281 12254
f 12254 12247 10310
f 12256 11129 11130
f 11129 12256 12249
f 10980 12158 12160
f 12158 10980 10979
f 12160 12277 10980
f 12277 12160 12275
f 10974 10979 10970
f 10979 10974 12158
f 10998 10980 12277
f 10980 10998 10977
f 11000 11004 10999
f 11004 11000 12278
f 12278 11007 11004
f 11007 12278 12267
f 10972 10981 10986
f 10981 10972 10965
f 10365 10372 12207
f 12207 10369 10365
f 12282 12283 10369
f 10369 12207 12282
f 12283 12282 12284
f 12284 12285 12283
f 12283 12286 10367
f 10367 10369 12283
f 12286 10379 10368
f 10368 10367 12286
f 12287 12288 10379
f 10379 12286 12287
f 12287 12285 12289
f 12289 12290 12287
f 12291 12289 12285
f 12285 12284 12291
f 12284 12293 12292
f 12292 12291 12284
f 12282 12294 12293
f 12293 12284 12282
f 12294 12282 12207
f 12207 12206 12294
f 12296 12293 12294
f 12294 12295 12296
f 12295 12294 12206
f 12206 12208 12295
f 12298 12296 12295
f 12295 12297 12298
f 12296 12298 12299
f 12299 12300 12296
f 12302 12299 12298
f 12298 12301 12302
f 12301 12298 12297
f 12297 12303 12301
f 12297 12295 12208
f 12208 12200 12297
f 12293 12296 12300
f 12300 12292 12293
f 12304 12305 12291
f 12291 12292 12304
f 12307 12308 12304
f 12304 12306 12307
f 12306 12310 12309
f 12309 12307 12306
f 12310 12306 12300
f 12300 12299 12310
f 12292 12300 12306
f 12306 12304 12292
f 12305 12304 12308
f 12308 12311 12305
f 12312 12313 12311
f 12311 12308 12312
f 12314 12312 12308
f 12308 12307 12314
f 12289 12291 12305
f 12305 12315 12289
f 11086 11085 12316
f 12316 12315 11086
f 12315 12305 12311
f 12311 11086 12315
f 12315 12316 12290
f 12290 12289 12315
f 12285 12287 12286
f 12286 12283 12285
f 12288 12287 12290
f 12290 12317 12288
f 12319 12288 12317
f 12317 12318 12319
f 11053 12319 12318
f 12318 11050 11053
f 11089 11051 11050
f 11050 12318 11089
f 12318 12317 11090
f 11090 11089 12318
f 12316 11090 12317
f 12317 12290 12316
f 10377 10379 12288
f 12288 12319 10377
f 12319 11053 10378
f 10378 10377 12319
f 12200 12199 12303
f 12303 12297 12200
f 12199 12201 12320
f 12320 12303 12199
f 12321 12301 12303
f 12303 12320 12321
f 12301 12321 12322
f 12322 12302 12301
f 12323 12324 12302
f 12302 12322 12323
f 10893 12325 12324
f 12324 12323 10893
f 10883 10886 12309
f 12309 12325 10883
f 12325 10893 10884
f 10884 10883 12325
f 12310 12324 12325
f 12325 12309 12310
f 12324 12310 12299
f 12299 12302 12324
f 12323 12326 10891
f 10891 10893 12323
f 12322 12327 12326
f 12326 12323 12322
f 12327 12329 12328
f 12328 12326 12327
f 10946 10949 12328
f 12328 12329 10946
f 12326 12328 10892
f 10892 10891 12326
f 10949 10942 10892
f 10892 12328 10949
f 12330 10947 10946
f 10946 12329 12330
f 12329 12327 12331
f 12331 12330 12329
f 12332 12333 12330
f 12330 12331 12332
f 12331 12321 12320
f 12320 12332 12331
f 12334 12221 12333
f 12333 12332 12334
f 12201 12334 12332
f 12332 12320 12201
f 12321 12331 12327
f 12327 12322 12321
f 10947 12330 12333
f 12333 12227 10947
f 12222 12202 12203
f 12203 12223 12222
f 12221 12334 12202
f 12202 12222 12221
f 12226 12143 10988
f 12143 12226 12218
f 12197 12202 12334
f 12334 12201 12197
f 12221 12220 12227
f 12227 12333 12221
f 10948 10947 12227
f 12227 12225 10948
f 10948 12224 10950
f 12224 10948 12225
f 10945 10989 10936
f 10989 10945 10950
f 10950 10987 10989
f 10987 10950 12224
f 12224 10988 10987
f 10988 12224 12226
f 10936 10983 10934
f 10983 10936 10989
f 10942 10941 10890
f 10890 10892 10942
f 10319 11054 10315
f 10315 10317 10319
f 11048 10316 10315
f 10315 11054 11048
f 11067 10313 10314
f 10314 11069 11067
f 11069 10314 10316
f 10316 11055 11069
f 11086 12311 12313
f 12313 11084 11086
f 12335 11081 11084
f 11084 12313 12335
f 11081 12335 12336
f 12336 11079 11081
f 12336 10905 11080
f 11080 11079 12336
f 10905 12336 10909
f 10909 10900 10905
f 12335 10910 10909
f 10909 12336 12335
f 12313 12312 10910
f 10910 12335 12313
f 11090 12316 11085
f 11085 11087 11090
f 11068 11121 11124
f 11124 11065 11068
f 11099 11122 11121
f 11121 11068 11099
f 11063 11099 11068
f 11068 11061 11063
f 12307 12309 10886
f 10886 12314 12307
f 10911 10910 12312
f 12312 12314 10911
f 12314 10886 10885
f 10885 10911 12314
f 10941 10894 10889
f 10889 10890 10941
f 9100 12337 9098
f 12337 9100 11009
f 9098 12338 9099
f 12338 9098 12337
f 9099 9081 9080
f 9081 9099 12338
f 12338 9083 9081
f 9083 12338 11137
f 11137 12337 11135
f 12337 11137 12338
f 11009 11135 12337
f 11135 11009 11136
f 11132 9083 11137
f 9083 11132 11134
f 11029 11031 11082
f 11082 11028 11029
f 11078 11024 11028
f 11028 11082 11078
f 11024 11078 11080
f 11080 11022 11024
f 10905 10903 11022
f 11022 11080 10905
f 8527 8519 8521
f 8521 8677 8527
f 9763 9674 9676
f 9676 9764 9763
f 9763 9658 9660
f 9660 9674 9763
f 9651 9648 9654
f 9654 9665 9651
f 9120 9122 9124
f 9124 9180 9120
f 9180 9175 9121
f 9121 9120 9180
f 9809 9844 9846
f 9846 9810 9809
f 8776 8743 8774
f 8743 8776 8742
f 8770 8771 8744
f 8744 8746 8770
f 8744 8774 8743
f 8774 8744 8771
f 8705 8770 8746
f 8746 8706 8705
f 8709 8722 8707
f 8707 8704 8709
f 9285 9327 12339
f 12339 9283 9285
f 9283 12339 11167
f 11167 9282 9283
f 11164 11167 12339
f 12339 9325 11164
f 9327 9323 9325
f 9325 12339 9327
f 9277 9282 11158
f 11158 9279 9277
f 9325 9324 11165
f 11165 11164 9325

