# https://github.com/mikedh/trimesh

o geometry_0
v -1.31429994 15.06859970 -1.64579999
v -1.45749998 15.11369991 -1.59159994
v -1.36880004 15.21560001 -1.66690004
v -1.27260005 15.17949963 -1.69480002
v -1.31739998 15.27490044 -1.70539999
v -1.24440002 15.27169991 -1.72870004
v -1.42159998 15.29279995 -1.66880000
v -1.33570004 15.33829975 -1.71430004
v -1.45519996 15.38080025 -1.68099999
v -1.35630000 15.42389965 -1.72660005
v -1.47950006 15.47259998 -1.69630003
v -1.37650001 15.51770020 -1.73950005
v -1.24300003 15.36100006 -1.74839997
v -1.25269997 15.45689964 -1.76310003
v -1.14129996 15.48550034 -1.79340005
v -1.26779997 15.55760002 -1.77489996
v -1.15310001 15.59510040 -1.80400002
v -1.28649998 15.66059971 -1.78330004
v -1.17060006 15.70670033 -1.80970001
v -1.30890000 15.76319981 -1.78690004
v -1.19369996 15.81879997 -1.80929995
v -1.33589995 15.86279964 -1.78410006
v -1.22290003 15.92949963 -1.80149996
v -1.07299995 15.87629986 -1.82640004
v -1.04970002 15.75360012 -1.83060002
v -1.10319996 15.99860001 -1.81320000
v -1.43980002 15.79920006 -1.76139998
v -1.46829998 15.88059998 -1.75580001
v -1.36940002 15.95689964 -1.77349997
v -1.41700006 15.70909977 -1.75899994
v -1.25950003 16.03660011 -1.78520000
v -1.39639997 15.61400032 -1.75090003
v -1.49890006 15.56540012 -1.71140003
v -1.51510000 15.65639973 -1.72440004
v -1.03279996 15.63230038 -1.82749999
v -1.02250004 15.51299953 -1.81830001
v -0.89600003 15.41259956 -1.82169998
v -1.01929998 15.39570045 -1.80400002
v -0.89899999 15.53929996 -1.83589995
v -1.13639998 15.37849998 -1.77839994
v -1.02400005 15.27840042 -1.78369999
v -1.14139998 15.27289963 -1.75750005
v -0.90020001 15.28629971 -1.80139995
v -0.90880001 15.66800022 -1.84469998
v -0.78439999 15.69979954 -1.85140002
v -0.77550000 15.56260014 -1.84150004
v -0.77270001 15.42800045 -1.82640004
v -1.15919995 15.16380024 -1.72829998
v -1.05400002 15.03429985 -1.72300005
v -1.18369997 15.04539967 -1.69070005
v -1.03670001 15.15869999 -1.75670004
v -0.92519999 15.02960014 -1.74269998
v -0.91070002 15.15900040 -1.77489996
v -1.20350003 14.91720009 -1.64810002
v -1.33710003 14.93579960 -1.59730005
v -1.07130003 14.90499973 -1.68369997
v -1.57969999 15.42570019 -1.64520001
v -1.55499995 15.33240032 -1.62479997
v -1.51859999 15.23379993 -1.60580003
v -1.65380001 15.29109955 -1.55999994
v -1.62800002 15.19460011 -1.53129995
v -1.74510002 15.26019955 -1.49109995
v -1.72749996 15.17000008 -1.45459998
v -1.81400001 15.15970039 -1.37769997
v -1.82509995 15.24199963 -1.42209995
v -1.88559997 15.16559982 -1.30229998
v -1.89119995 15.24020004 -1.35699999
v -1.87960005 15.08430004 -1.24530005
v -1.94210005 15.10779953 -1.16110003
v -1.94350004 15.18659973 -1.23020005
v -1.80359995 15.07180023 -1.32939994
v -1.94400001 15.25710011 -1.29809999
v -1.83589995 15.31890011 -1.45949996
v -1.76189995 15.34720039 -1.52279997
v -1.89339995 15.30760002 -1.40460002
v -1.71159995 15.07269955 -1.41380000
v -1.70360005 14.96660042 -1.36769998
v -1.79659998 14.97640038 -1.27939999
v -1.60070002 15.08640003 -1.49880004
v -1.59440005 14.96310043 -1.45260000
v -1.67490005 15.38319969 -1.58640003
v -1.69019997 15.47669983 -1.61070001
v -1.59640002 15.51869965 -1.66499996
v -1.77810001 15.43700027 -1.54820001
v -1.69560003 15.57660007 -1.63479996
v -1.60590005 15.61120033 -1.68400002
v -1.79659998 15.54580021 -1.56850004
v -1.46889997 14.95880032 -1.53269994
v -1.47720003 14.82089996 -1.48290002
v -1.59480000 14.83679962 -1.40489995
v -1.48490000 14.68719959 -1.43669999
v -1.59790003 14.70890045 -1.35660005
v -1.36109996 14.66819954 -1.50179994
v -1.36849999 14.53499985 -1.45019996
v -1.49049997 14.55519962 -1.38670003
v -1.35140002 14.80150032 -1.55079997
v -1.23109996 14.65200043 -1.55400002
v -1.21879995 14.78520012 -1.60230005
v -1.10080004 14.63920021 -1.59220004
v -1.08710003 14.77270031 -1.64040005
v -1.24059999 14.51830006 -1.50119996
v -1.11220002 14.50559998 -1.53659999
v -0.99559999 14.36250019 -1.49450004
v -1.12070000 14.37180042 -1.47520006
v -0.98530000 14.49670029 -1.55649996
v -0.87330002 14.35680008 -1.50020003
v -0.86170000 14.49100018 -1.56229997
v -0.97240001 14.63059998 -1.61230004
v -0.84770000 14.62539959 -1.61800003
v -1.24699998 14.38479996 -1.44140005
v -1.12619996 14.23659992 -1.40919995
v -1.25030005 14.24960041 -1.37699997
v -1.00290000 14.22749996 -1.42780006
v -1.37240005 14.40170002 -1.39289999
v -1.37300003 14.26690006 -1.33089995
v -1.49119997 14.28880024 -1.26950002
v -1.49240005 14.42300034 -1.32980001
v -1.60090005 14.58059978 -1.30519998
v -1.60239995 14.44849968 -1.25339997
v -1.59940004 14.31529999 -1.19420004
v -1.37059999 14.12889957 -1.26610005
v -1.48510003 14.15170002 -1.20599997
v -1.25080001 14.11139965 -1.31140006
v -0.94139999 14.89780045 -1.70510006
v -0.95740002 14.76439953 -1.66219997
v -0.83179998 14.75990009 -1.66799998
v -0.71170002 14.75839996 -1.66069996
v -0.81519997 14.89430046 -1.71200001
v -0.69470000 14.89379978 -1.70510006
v -0.79939997 15.02849960 -1.74870002
v -0.67830002 15.02970028 -1.74339998
v -0.61479998 14.62430000 -1.59249997
v -0.72810000 14.62339973 -1.61049998
v -0.59840000 14.75969982 -1.64269996
v -0.58130002 14.89570045 -1.68770003
v -1.70060003 14.60639954 -1.21940005
v -1.70029998 14.73190022 -1.27069998
v -1.70009995 14.47760010 -1.16550004
v -1.78499997 14.50809956 -1.07239997
v -1.78830004 14.63549995 -1.12699997
v -1.79050004 14.75800037 -1.17890000
v -1.86689997 14.78629971 -1.08299994
v -1.86240005 14.66740036 -1.02980006
v -1.92219996 14.70049953 -0.93010002
v -1.85640001 14.54160023 -0.97439998
v -1.91330004 14.57800007 -0.87360001
v -1.84739995 14.41189957 -0.91560000
v -1.90069997 14.45030022 -0.81379998
v -1.83029997 14.28110027 -0.85149997
v -1.87989998 14.32139969 -0.74900001
v -1.76580000 14.24470043 -0.95150000
v -1.77849996 14.37749958 -1.01400006
v -1.95490003 14.61690044 -0.77219999
v -1.96749997 14.73480034 -0.82959998
v -1.93859994 14.49359989 -0.71160001
v -1.92900002 14.81540012 -0.98490000
v -1.98609996 14.94999981 -0.94150001
v -1.93449998 14.92150021 -1.04009998
v -1.97780001 14.84580040 -0.88529998
v -2.01329994 14.87769985 -0.78439999
v -1.99839997 14.77070045 -0.72950000
v -2.02570009 14.97970009 -0.83870000
v -1.87059999 14.89550018 -1.13569999
v -1.93889999 15.01889992 -1.09800005
v -1.87450004 14.99450016 -1.18949997
v -1.99259996 15.04829979 -1.00189996
v -1.79279995 14.87230015 -1.22930002
v -1.70070004 14.85299969 -1.31970000
v -1.69529998 14.34570026 -1.10710001
v -1.68640006 14.21049976 -1.04639995
v -1.67060006 14.07380009 -0.98210001
v -1.74710000 14.11050034 -0.88650000
v -1.72370005 13.97690010 -0.81849998
v -1.65240002 13.93630028 -0.91589999
v -1.80630004 14.15060043 -0.78380001
v -1.77810001 14.02120018 -0.71370000
v -1.56649995 13.89949989 -1.00370002
v -1.55270004 13.76200008 -0.93809998
v -1.63549995 13.80070019 -0.84820002
v -1.57949996 14.04020023 -1.06789994
v -1.70200002 13.84609985 -0.74790001
v -1.59189999 14.17920017 -1.13209999
v -1.47730005 14.01080036 -1.14219999
v -2.03369999 15.26210022 -1.09770000
v -2.04690003 15.18910027 -0.96630001
v -2.07640004 15.27420044 -0.94919997
v -2.06259990 15.31649971 -1.06529999
v -2.09340000 15.33129978 -0.93949997
v -2.08229995 15.36349964 -1.04690003
v -2.05080009 15.36890030 -1.16760004
v -2.02259994 15.32619953 -1.19910002
v -2.03859997 15.42870045 -1.25940001
v -2.01099992 15.38990021 -1.28719997
v -1.98650002 15.28769970 -1.24479997
v -1.97800004 15.35280037 -1.32229996
v -1.99220002 15.45960045 -1.36780000
v -1.95620000 15.42199993 -1.39520001
v -1.93830001 15.32320023 -1.36179996
v -1.91939998 15.38650036 -1.42120004
v -1.89119995 15.35869980 -1.43760002
v -1.84879994 15.38910007 -1.48420000
v -1.87469995 15.45250034 -1.48640001
v -1.91750002 15.50020027 -1.46640003
v -1.86399996 15.59599972 -1.53659999
v -1.99249995 15.21889973 -1.16090000
v -1.99650002 15.14120007 -1.07229996
v -2.03609991 15.07989979 -0.89609998
v -1.95889997 15.54150009 -1.44200003
v -2.02320004 15.49689960 -1.34340000
v -1.99489999 15.57940006 -1.41910005
v -2.06119990 15.46520042 -1.23880005
v -2.04879999 15.53180027 -1.32369995
v -2.07179999 15.40880013 -1.14680004
v -2.07949996 15.49709988 -1.22420001
v -2.07040000 15.56250000 -1.30859995
v -2.02570009 15.61359978 -1.39950001
v -2.05240011 15.64340019 -1.38399994
v -2.08769989 15.44279957 -1.13320005
v -2.09529996 15.52299976 -1.21430004
v -2.08949995 15.58800030 -1.29779994
v -2.10039997 15.46959972 -1.12479997
v -1.91480005 15.63759995 -1.50969994
v -1.95679998 15.67510033 -1.48629999
v -1.90859997 15.78409958 -1.54340005
v -1.99290001 15.70849991 -1.46650004
v -1.94990003 15.81649971 -1.52359998
v -2.02509999 15.73729992 -1.45060003
v -1.98800004 15.84399986 -1.50769997
v -1.80420005 15.86830044 -1.61269999
v -1.86249995 15.74839973 -1.56710005
v -1.85350001 15.90439987 -1.58930004
v -1.89999998 15.93640041 -1.56959999
v -1.80990005 15.71199989 -1.59449995
v -1.75170004 15.83090019 -1.63890004
v -1.69659996 15.79699993 -1.66690004
v -1.74800003 15.68169975 -1.62660003
v -1.64279997 15.77369976 -1.69439995
v -1.63310003 15.90620041 -1.69739997
v -1.58560002 15.86040020 -1.71969998
v -1.68529999 15.95139980 -1.67180002
v -1.67600000 15.68089962 -1.66700006
v -2.09570003 15.40089989 -1.03600001
v -2.10549998 15.42889977 -1.02960002
v -2.11380005 15.44750023 -1.02649999
v -2.11190009 15.48840046 -1.12020004
v -2.12109995 15.42819977 -0.92850000
v -2.12210011 15.45680046 -1.02590001
v -2.11570001 15.42010021 -0.92860001
v -2.11969995 15.41380024 -0.82800001
v -2.11649990 15.40690041 -0.82760000
v -2.12759995 15.42630005 -0.92989999
v -2.13150001 15.45660019 -1.02769995
v -2.12360001 15.49880028 -1.11909997
v -2.13639998 15.50059986 -1.12140000
v -2.13590002 15.41479969 -0.93250000
v -2.14240003 15.44719982 -1.03170002
v -2.12439990 15.41020012 -0.82880002
v -2.13129997 15.39680004 -0.83020002
v -2.11039996 15.40170002 -0.93010002
v -2.11369991 15.38889980 -0.82760000
v -2.11490011 15.40750027 -0.72460002
v -2.11350012 15.39029980 -0.72359997
v -2.10990000 15.35960007 -0.82789999
v -2.11179996 15.36139965 -0.72189999
v -2.10369992 15.37250042 -0.93349999
v -2.11710000 15.41320038 -0.72509998
v -2.12129998 15.40810013 -0.72539997
v -2.11299992 15.42560005 -0.62070000
v -2.11820006 15.41899967 -0.62040001
v -2.11010003 15.42080021 -0.62029999
v -2.10349989 15.31789970 -0.82800001
v -2.10829997 15.32059956 -0.71840000
v -2.10540009 15.33590031 -0.61250001
v -2.10750008 15.37559986 -0.61710000
v -2.09419990 15.35970020 -0.51090002
v -2.09629989 15.39910030 -0.51400000
v -2.10859990 15.40410042 -0.61919999
v -2.09859991 15.42800045 -0.51470000
v -2.07570004 15.38799953 -0.41380000
v -2.07920003 15.42829990 -0.41270000
v -2.09050012 15.31040001 -0.50340003
v -2.07179999 15.33979988 -0.40979999
v -2.10100007 15.28479958 -0.60369998
v -2.10190010 15.26720047 -0.71090001
v -2.09220004 15.20069981 -0.69540000
v -2.09360003 15.22280025 -0.58810002
v -2.09290004 15.26169968 -0.82609999
v -2.07789993 15.18809986 -0.81639999
v -2.06559992 15.10009956 -0.77780002
v -2.08049989 15.12279987 -0.66649997
v -2.05240011 15.00759983 -0.73229998
v -2.06590009 15.03750038 -0.62900001
v -2.08249998 15.15100002 -0.56379998
v -2.06719995 15.07129955 -0.53149998
v -2.05830002 15.10939980 -0.44119999
v -2.07360005 15.18410015 -0.46930000
v -2.04150009 15.15019989 -0.35859999
v -2.05609989 15.22019958 -0.38290000
v -2.01979995 15.19099998 -0.28490001
v -2.03299999 15.25549984 -0.30509999
v -2.00760007 15.28559971 -0.23660000
v -2.01469994 15.33969975 -0.24400000
v -2.04159999 15.31470013 -0.31760001
v -2.06579995 15.28369999 -0.39969999
v -2.08400011 15.25160027 -0.48989999
v -2.04730010 15.36820030 -0.32330000
v -2.05200005 15.41580009 -0.32220000
v -2.02010012 15.39019966 -0.24480000
v -2.02570009 15.43719959 -0.23840000
v -1.99259996 15.40100002 -0.17460001
v -1.99969995 15.44620037 -0.16660000
v -1.98759997 15.35340023 -0.17890000
v -2.03320003 15.48289967 -0.22030000
v -2.05760002 15.45849991 -0.31360000
v -1.98280001 15.30510044 -0.17810000
v -1.96039999 15.30770016 -0.12920000
v -1.96169996 15.35099983 -0.12020000
v -1.93579996 15.32830048 -0.06450000
v -1.93830001 15.28429985 -0.08430000
v -1.96029997 15.27359962 -0.13519999
v -1.94550002 15.24400043 -0.10790000
v -1.97529995 15.25730038 -0.16940001
v -1.99660003 15.22809982 -0.22110000
v -1.96010005 15.20750046 -0.14489999
v -1.97959995 15.16679955 -0.19490001
v -2.00110006 15.12180042 -0.25600001
v -2.02150011 15.07489967 -0.32659999
v -2.03769994 15.02890015 -0.40570000
v -2.01189995 14.94439983 -0.36320001
v -1.99600005 14.99590015 -0.28680000
v -1.98150003 14.85750008 -0.31380001
v -1.96560001 14.91450024 -0.23950000
v -1.94739997 14.97259998 -0.17260000
v -1.97679996 15.04860020 -0.21840000
v -1.92859995 15.03009987 -0.11360000
v -1.95669997 15.10039997 -0.15870000
v -1.91369998 14.89500046 -0.11960000
v -1.93120003 14.83180046 -0.18539999
v -1.87679994 14.81649971 -0.06030000
v -1.89370000 14.74839973 -0.12530001
v -1.94710004 14.76920033 -0.25819999
v -1.90960002 14.68000031 -0.19690000
v -2.02230000 14.89570045 -0.44670001
v -1.99300003 14.80280018 -0.39500001
v -2.02469993 14.85060024 -0.53649998
v -1.99810004 14.75129986 -0.48249999
v -2.04710007 14.98569965 -0.49230000
v -2.04730010 14.94629955 -0.58539999
v -2.03649998 14.91069984 -0.68339998
v -2.01719999 14.80910015 -0.63129997
v -1.99469995 14.70330048 -0.57520002
v -1.96790004 14.64970016 -0.42340001
v -1.96920002 14.59410000 -0.51480001
v -1.93420005 14.54640007 -0.35940000
v -1.93929994 14.48250008 -0.44990000
v -1.95990002 14.70829964 -0.33759999
v -1.92349994 14.61250019 -0.27500001
v -1.89619994 14.44209957 -0.29100001
v -1.90170002 14.37059975 -0.38060001
v -1.85850000 14.26189995 -0.30730000
v -1.89699996 14.30399990 -0.47589999
v -1.85430002 14.19159985 -0.40130001
v -1.93379998 14.42230034 -0.54589999
v -1.85490000 14.33730030 -0.21900000
v -1.96089995 14.54189968 -0.61129999
v -1.91450000 14.36810017 -0.64630002
v -1.98130000 14.65859985 -0.67229998
v -1.22010005 16.58489990 -1.63750005
v -1.09619999 16.75609970 -1.58130002
v -1.00010002 16.57089996 -1.67209995
v -1.13220000 16.46109962 -1.69710004
v -0.93629998 16.41510010 -1.73490000
v -1.06719995 16.33029938 -1.74800003
v -0.88880002 16.26869965 -1.78190005
v -1.01750004 16.19820023 -1.78830004
v -1.25049996 16.34510040 -1.71790004
v -1.19000006 16.23500061 -1.75769997
v -1.32560003 16.44319916 -1.67390001
v -1.41460001 16.51810074 -1.63300002
v -1.33729994 16.66460037 -1.58690000
v -1.35990000 16.23170090 -1.72889996
v -1.42480004 16.31450081 -1.69430006
v -1.46169996 16.12339973 -1.72940004
v -1.51950002 16.19400024 -1.70060003
v -1.58270001 16.25399971 -1.67180002
v -1.49800003 16.38209915 -1.66069996
v -1.64909995 16.30249977 -1.64590001
v -1.57529998 16.43420029 -1.63150001
v -1.71710002 16.33970070 -1.62520003
v -1.65460002 16.47229958 -1.60899997
v -1.72329998 16.16850090 -1.64289999
v -1.78230000 16.20330048 -1.62300003
v -1.66489995 16.12520027 -1.66680002
v -1.50750005 16.57180023 -1.59909999
v -1.60790002 16.07390022 -1.69299996
v -1.73880005 15.99450016 -1.64629996
v -1.55449998 16.01580048 -1.71870005
v -1.30480003 16.13809967 -1.76049995
v -1.41129994 16.04400063 -1.75460005
v -1.50699997 15.95170021 -1.74080002
v -1.14160001 16.11879921 -1.79020000
v -0.97850001 16.06570053 -1.81860006
v -1.45200002 16.71549988 -1.54770005
v -1.41859996 16.86359978 -1.47770000
v -1.27649999 16.82460022 -1.52079999
v -1.56200004 16.74679947 -1.52010000
v -1.54540002 16.88409996 -1.44799995
v -1.60090005 16.60829926 -1.57410002
v -1.66970003 16.76409912 -1.50430000
v -1.66569996 16.89200020 -1.43139994
v -1.77719998 16.77160072 -1.49969995
v -1.78419995 16.89179993 -1.42709994
v -1.69459999 16.63150024 -1.55910003
v -1.78919995 16.64439964 -1.55390000
v -1.41900003 17.01070023 -1.39189994
v -1.55610001 17.01560020 -1.36099994
v -1.68560004 17.01099968 -1.34259999
v -1.26900005 16.99460030 -1.43239999
v -1.12360001 17.14089966 -1.38010001
v -1.10109997 16.97330093 -1.47669995
v -1.29120004 17.14590073 -1.33729994
v -0.89749998 16.80349922 -1.59070003
v -0.92439997 16.97879982 -1.50709999
v -0.75720000 16.97940063 -1.53209996
v -0.73250002 16.82460022 -1.60179996
v -0.77460003 17.12420082 -1.45690000
v -0.94800001 17.13719940 -1.41989994
v -1.32939994 17.27499962 -1.23469996
v -1.44669998 17.14529991 -1.29659998
v -1.49030006 17.26230049 -1.19350004
v -1.59109998 17.13549995 -1.26310003
v -1.64069998 17.23950005 -1.15730000
v -1.15699995 17.28190041 -1.27750003
v -1.20050001 17.40130043 -1.15859997
v -1.37500000 17.37890053 -1.12039995
v -1.53590000 17.35199928 -1.08060002
v -0.72420001 16.17390060 -1.81110001
v -0.85119998 16.12560081 -1.81780005
v -0.75830001 16.32309914 -1.77310002
v -0.63000000 16.35950089 -1.76279998
v -0.60079998 16.20709991 -1.79820001
v -0.79860002 16.47559929 -1.72539997
v -0.66289997 16.51269913 -1.71829998
v -0.84609997 16.63419914 -1.66530001
v -0.69830000 16.66780090 -1.66460001
v -0.58429998 16.82749939 -1.60800004
v -0.56010002 16.68000031 -1.66260004
v -0.44999999 16.81699944 -1.60169995
v -0.43279999 16.67700005 -1.65110004
v -0.33149999 16.79800034 -1.57930005
v -0.31999999 16.66440010 -1.62520003
v -0.33860001 16.92410088 -1.52760005
v -0.46149999 16.95000076 -1.54649997
v -0.60219997 16.96960068 -1.54760003
v -0.53320003 16.53009987 -1.71039999
v -0.41270000 16.53190041 -1.69369996
v -0.50639999 16.37849998 -1.75059998
v -0.48339999 16.22299957 -1.77849996
v -0.39280000 16.38229942 -1.72739995
v -0.37360001 16.23069954 -1.75290000
v -0.46280000 16.06780052 -1.79740000
v -0.57740003 16.05109978 -1.81959999
v -0.69690001 16.02370071 -1.83720005
v -0.82190001 15.98250008 -1.84150004
v -0.67710000 15.87259960 -1.84599996
v -0.79960001 15.84010029 -1.85300004
v -0.55769998 15.89700031 -1.83060002
v -0.94830000 15.93210030 -1.83749998
v -0.44490001 15.91380024 -1.80840003
v -0.34050000 15.92590046 -1.78219998
v -0.35589999 16.07830048 -1.77079999
v -0.24820000 15.93439960 -1.75049996
v -0.26080000 16.08469963 -1.73880005
v -0.27520001 16.23380089 -1.72109997
v -0.43309999 15.76140022 -1.81019998
v -0.54449999 15.74569988 -1.83029997
v -0.32650000 15.62259960 -1.78050005
v -0.42710000 15.61130047 -1.80410004
v -0.33039999 15.77369976 -1.78559995
v -0.53710002 15.59809971 -1.82270002
v -0.29049999 16.38089943 -1.69649994
v -0.20190001 16.37660027 -1.66180003
v -0.19050001 16.23390007 -1.68630004
v -0.30579999 16.52490044 -1.66450000
v -0.21290000 16.51530075 -1.63030005
v -0.22270000 16.64920044 -1.59200001
v -0.12620001 16.37150002 -1.62969995
v -0.11870000 16.23250008 -1.65450001
v -0.06040000 16.36739922 -1.60689998
v -0.05670000 16.23089981 -1.63189995
v -0.06390000 16.49920082 -1.57509995
v -0.13330001 16.50600052 -1.59809995
v -0.17960000 16.08819962 -1.70410001
v -0.11140000 16.08979988 -1.67229998
v -0.77480000 17.38050079 -1.28480005
v -0.78329998 17.25760078 -1.37399995
v -0.97100002 17.28260040 -1.32140005
v -0.99210000 17.43110085 -1.19449997
v -0.61159998 17.22500038 -1.40840006
v -0.61210001 17.10269928 -1.48130000
v -0.46560001 17.07410049 -1.48590004
v -0.34000000 17.04129982 -1.47070003
v -0.23600000 17.01079941 -1.44400001
v -0.23490000 16.89789963 -1.49790001
v -0.33489999 17.14819908 -1.40989995
v -0.23390000 17.11470032 -1.38810003
v -0.32200000 17.24290085 -1.34790003
v -0.46039999 17.18770027 -1.41970003
v -0.44409999 17.28980064 -1.34930003
v -0.59619999 17.33589935 -1.33159995
v -0.55830002 17.43449974 -1.25800002
v -0.41190001 17.38139915 -1.27980006
v -0.50430000 17.52799988 -1.19009995
v -0.36149999 17.46859932 -1.21249998
v -0.29670000 17.32299995 -1.28820002
v -0.24200000 17.39030075 -1.22809994
v -0.72020000 17.48320007 -1.21239996
v -0.87949997 17.53520012 -1.13380003
v -0.23090000 17.20619965 -1.33449996
v -0.14990000 17.09420013 -1.36039996
v -0.14850000 16.98819923 -1.41509998
v -0.15590000 17.19549942 -1.30680001
v -0.23010001 17.27359962 -1.29390001
v -0.17749999 17.29330063 -1.26010001
v -0.08000000 17.19580078 -1.27939999
v -0.07370000 17.08399963 -1.33710003
v -0.09920000 17.31929970 -1.22099996
v -0.07170000 16.97470093 -1.39269996
v 0.00000000 16.97010040 -1.38419998
v -0.00000000 16.85840034 -1.43669999
v -0.07050000 16.86310005 -1.44509995
v 0.00000000 17.08079910 -1.32799995
v -0.14700000 16.87669945 -1.46759999
v -0.14399999 16.75909996 -1.51629996
v -0.23029999 16.77709961 -1.54760003
v -0.13940001 16.63540077 -1.56009996
v -0.06900000 16.74710083 -1.49339998
v -0.06680000 16.62579918 -1.53699994
v -0.00000000 16.74279976 -1.48500001
v -0.00000000 16.62240028 -1.52859998
v -0.99370003 17.59510040 -1.01940000
v -1.11590004 17.52829933 -1.03939998
v -1.26859999 17.48390007 -1.02250004
v -1.32430005 17.53179932 -0.88400000
v -1.19009995 17.58069992 -0.89910001
v -1.11479998 17.65999985 -0.77109998
v -1.06850004 17.63759995 -0.89499998
v -1.23520005 17.60510063 -0.76639998
v -0.88590002 17.66629982 -0.98400003
v -0.78450000 17.62170029 -1.07889998
v -0.69599998 17.70789909 -1.02409995
v -0.57859999 17.66909981 -1.08720005
v -0.65149999 17.57600021 -1.14760005
v -0.44279999 17.62490082 -1.12740004
v -0.51099998 17.76770020 -1.03170002
v -0.38720000 17.73069954 -1.07029998
v -0.22380000 17.80550003 -1.02929997
v -0.25500000 17.68460083 -1.08340001
v -0.34290001 17.84180069 -1.01800001
v -0.29940000 17.56509972 -1.14639997
v -0.14980000 17.47509956 -1.15769994
v -0.12460000 17.63529968 -1.07720006
v -0.10860000 17.77140045 -1.02030003
v -0.31090000 17.95890045 -0.97030002
v -0.20350000 17.93059921 -0.98199999
v -0.09930000 17.90570068 -0.97630000
v -0.45519999 17.87280083 -0.98140001
v -0.55309999 17.89990044 -0.92400002
v -0.61729997 17.79990005 -0.97149998
v -0.70270002 17.82900047 -0.89420003
v -0.63389999 17.92440033 -0.85130000
v -0.78780001 17.74329948 -0.94019997
v -0.41360000 17.98460007 -0.93660003
v -0.50510001 18.00779915 -0.88340002
v -0.95639998 17.70019913 -0.87459999
v -0.85479999 17.77070045 -0.84249997
v -0.76770002 17.85210037 -0.80479997
v -0.89999998 17.78660011 -0.73930001
v -0.81330001 17.86610031 -0.70889997
v -1.00199997 17.71920013 -0.76150000
v -0.92490000 17.78790092 -0.63660002
v -1.02620006 17.72039986 -0.65130001
v -1.13859999 17.66160011 -0.65310001
v -0.83929998 17.86820030 -0.61150002
v -0.84649998 17.85650063 -0.51730001
v -0.77660000 17.94919968 -0.48800001
v -0.76940000 17.95929909 -0.58109999
v -0.93129998 17.77319908 -0.53909999
v -0.74320000 17.95689964 -0.67589998
v -0.69749999 17.94429970 -0.76730001
v -0.58219999 18.02860069 -0.81449997
v -0.64359999 18.04549980 -0.73369998
v -0.68820000 18.05629921 -0.64450002
v -1.25790000 17.60519981 -0.64219999
v -1.14310002 17.64039993 -0.54460001
v -1.26049995 17.58020020 -0.52910000
v -1.13199997 17.60140038 -0.44810000
v -1.24609995 17.53499985 -0.42919999
v -1.03160000 17.70240021 -0.54860002
v -0.92420000 17.74589920 -0.44920000
v -1.02260005 17.66959953 -0.45570001
v -1.00250006 17.62980080 -0.37160000
v -0.90750003 17.71089935 -0.36590001
v -0.82630002 17.79969978 -0.34639999
v -0.84050000 17.83270073 -0.42919999
v -0.77200001 17.92749977 -0.40040001
v -0.76090002 17.89649963 -0.31680000
v -0.80449998 17.75860023 -0.26570001
v -0.88150001 17.67079926 -0.28740001
v -0.84420002 17.62490082 -0.21220000
v -0.77260000 17.70599937 -0.18590000
v -0.92699999 17.54479980 -0.22229999
v -0.97130001 17.58799934 -0.29429999
v -1.10759997 17.55439949 -0.36300001
v -1.21609998 17.48089981 -0.34240001
v -1.35930002 17.46769905 -0.40230000
v -1.32219994 17.40889931 -0.31250000
v -1.37960005 17.51810074 -0.50529999
v -1.06980002 17.50790024 -0.28680000
v -1.17060006 17.42880058 -0.26640001
v -1.38129997 17.54850006 -0.62150002
v -1.50549996 17.48959923 -0.59530002
v -1.49590003 17.45299911 -0.47740000
v -1.46770000 17.39970016 -0.37140000
v -1.42359996 17.34090042 -0.27720001
v -1.57099998 17.33270073 -0.33950001
v -1.52059996 17.27770042 -0.24050000
v -1.67209995 17.26799965 -0.30599999
v -1.61539996 17.21660042 -0.20440000
v -1.71550000 17.31830025 -0.41650000
v -1.60710001 17.38540077 -0.44819999
v -1.36350000 17.28730011 -0.19340000
v -1.26880002 17.35370064 -0.23400000
v -1.19860005 17.30960083 -0.16370000
v -1.10870004 17.38430023 -0.19820000
v -1.28659999 17.24629974 -0.11810000
v -1.45480001 17.22850037 -0.15099999
v -1.54330003 17.17029953 -0.11180000
v -1.37090003 17.19210052 -0.07110000
v -1.45229995 17.13529968 -0.02970000
v -1.62670004 17.42650032 -0.56669998
v -1.62600005 17.44610023 -0.69440001
v -1.49389994 17.50099945 -0.72369999
v -1.74489999 17.36090088 -0.53520000
v -1.75619996 17.38649940 -0.66189998
v -1.86150002 17.29159927 -0.50019997
v -1.82529998 17.25130081 -0.38100001
v -1.88199997 17.31859970 -0.62660003
v -1.36249995 17.55279922 -0.74890000
v -1.46449995 17.48670006 -0.85780001
v -1.60689998 17.44059944 -0.82639998
v -1.74790001 17.38859940 -0.79250002
v -1.72409999 17.36650085 -0.92150003
v -1.57570004 17.41029930 -0.95690000
v -1.42299998 17.44739914 -0.99210000
v -2.35220003 15.66030025 -1.43180001
v -2.37369990 15.57619953 -1.42690003
v -2.46289992 15.65680027 -1.48769999
v -2.44569993 15.77000046 -1.50629997
v -2.47799993 15.56649971 -1.48979998
v -2.39039993 15.49569988 -1.43229997
v -2.30040002 15.49470043 -1.35060000
v -2.31710005 15.42399979 -1.35829997
v -2.49860001 15.48289967 -1.50460005
v -2.40989995 15.41730022 -1.44690001
v -2.59649992 15.54389954 -1.54110003
v -2.57640004 15.62740040 -1.52520001
v -2.70070004 15.59790039 -1.55320001
v -2.68169999 15.67930031 -1.53799999
v -2.67070007 15.76049995 -1.53629994
v -2.78640008 15.72589970 -1.52919996
v -2.77379990 15.80729961 -1.53100002
v -2.88560009 15.76539993 -1.49749994
v -2.87019992 15.85149956 -1.50329995
v -2.95799994 15.88790035 -1.45099998
v -2.93169999 15.98869991 -1.46659994
v -2.84960008 15.94250011 -1.51880002
v -2.89150000 16.09499931 -1.48259997
v -2.81660008 16.03860092 -1.53690004
v -2.76690006 16.13730049 -1.55209994
v -2.83430004 16.20319939 -1.49549997
v -2.73609996 15.97760010 -1.56630003
v -2.75979996 15.89089966 -1.54569995
v -2.69659996 16.06520081 -1.58430004
v -3.00419998 16.02709961 -1.39119995
v -2.95819998 16.14340019 -1.40610003
v -3.03590012 15.91530037 -1.37570000
v -2.66269994 15.84280014 -1.54960001
v -2.97580004 15.79430008 -1.44169998
v -2.90339994 15.68150043 -1.50559998
v -2.99329996 15.70590019 -1.44470000
v -2.92849994 15.59539986 -1.52699995
v -3.01659989 15.61929989 -1.46220005
v -2.80460000 15.64459991 -1.54159999
v -2.83170009 15.55930042 -1.56649995
v -3.05530000 15.81289959 -1.36319995
v -3.07319999 15.71949959 -1.36170006
v -2.62649989 15.45849991 -1.56659997
v -2.72950006 15.51270008 -1.57959998
v -2.52780008 15.39910030 -1.52810001
v -2.43709993 15.33780003 -1.46759999
v -2.76889992 15.42029953 -1.61099994
v -2.66669989 15.36709976 -1.59669995
v -2.56690001 15.31050014 -1.55540001
v -2.71569991 15.26739979 -1.62609994
v -2.81739998 15.31919956 -1.64139998
v -2.61459994 15.21420002 -1.58290005
v -2.86919999 15.46700001 -1.59739995
v -2.56489992 15.71280003 -1.52230000
v -2.56069994 15.80329990 -1.53699994
v -2.57150006 15.89109993 -1.56649995
v -2.65300012 15.92380047 -1.57299995
v -2.62940001 15.99839973 -1.59389997
v -2.57780004 15.95409966 -1.58829999
v -2.52719998 15.98519993 -1.59270000
v -2.57710004 16.06599998 -1.60609996
v -2.63630009 16.15130043 -1.59679997
v -2.49020004 15.89500046 -1.55910003
v -2.33540010 15.35229969 -1.37170005
v -2.26500010 15.35980034 -1.26940000
v -2.28160000 15.29399967 -1.28129995
v -2.35920000 15.27820015 -1.38940001
v -2.39249992 15.19979954 -1.40820003
v -2.30360007 15.22490025 -1.29460001
v -2.33279991 15.15139961 -1.30890000
v -2.27270007 15.18200016 -1.18920004
v -2.30060005 15.11180019 -1.19840002
v -2.25040007 15.24709988 -1.17960000
v -2.23259997 15.30760002 -1.17019999
v -2.24990010 15.42210007 -1.26020002
v -2.21709991 15.36330032 -1.16170001
v -2.23140001 15.20860004 -1.07249999
v -2.25550008 15.14640045 -1.07939994
v -2.21239996 15.26580048 -1.06519997
v -2.28629994 15.07849979 -1.08510005
v -2.33509994 15.03460026 -1.20729995
v -2.32439995 15.00319958 -1.08899999
v -2.36969995 14.91860008 -1.09189999
v -2.37890005 14.94750023 -1.21449995
v -2.32470012 14.97519970 -0.97259998
v -2.37409997 14.89130020 -0.97390002
v -2.28390002 15.04990005 -0.96969998
v -2.37120008 15.07069969 -1.32239997
v -2.25070000 15.11719990 -0.96560001
v -2.25329995 15.09379959 -0.84969997
v -2.28999996 15.02550030 -0.85270000
v -2.22399998 15.17840004 -0.96060002
v -2.22359991 15.15559959 -0.84640002
v -2.47359991 15.25389957 -1.49119997
v -2.43470001 15.11380005 -1.42649996
v -2.51900005 15.16219997 -1.51450002
v -2.48519993 15.01720047 -1.44219995
v -2.57150006 15.06079960 -1.53509998
v -2.54229999 14.90929985 -1.45420003
v -2.62960005 14.95059967 -1.55100000
v -2.60660005 14.79380035 -1.46190000
v -2.69190001 14.83510017 -1.56480002
v -2.53940010 14.75959969 -1.34420002
v -2.47490001 14.87469959 -1.34099996
v -2.41849995 14.97939968 -1.33350003
v -2.66880012 15.10910034 -1.60630000
v -2.72729993 14.99740028 -1.62670004
v -2.28049994 15.56509972 -1.34899998
v -2.31410003 15.73340034 -1.44060004
v -2.24970007 15.63679981 -1.35430002
v -2.21110010 15.52639961 -1.24670005
v -2.23289990 15.47929955 -1.25349998
v -2.18530011 15.45269966 -1.14600003
v -2.20190001 15.41269970 -1.15400004
v -2.15490007 15.42879963 -1.03760004
v -2.16849995 15.40089989 -1.04439998
v -2.16750002 15.47859955 -1.13569999
v -2.15770006 15.36530018 -0.94050002
v -2.17070007 15.32830048 -0.94520003
v -2.18239999 15.36330032 -1.05120003
v -2.19659996 15.31770039 -1.05799997
v -2.18530011 15.28419971 -0.95010000
v -2.20269990 15.23400021 -0.95529997
v -2.15159988 15.34410000 -0.83420002
v -2.16479993 15.30630016 -0.83690000
v -2.14940000 15.33600044 -0.72610003
v -2.16400003 15.29640007 -0.72680002
v -2.18059993 15.26189995 -0.83980000
v -2.18160009 15.25030041 -0.72790003
v -2.16829991 15.29800034 -0.61589998
v -2.15140009 15.34020042 -0.61690003
v -2.13739991 15.36839962 -0.72570002
v -2.13739991 15.37520027 -0.61820000
v -2.14039993 15.37450027 -0.83200002
v -2.14599991 15.39430046 -0.93620002
v -2.15100002 15.49400043 -1.12699997
v -2.18490005 15.54609966 -1.22990000
v -2.16219997 15.55570030 -1.21679997
v -2.17330003 15.63010025 -1.29929996
v -2.20370007 15.63109970 -1.31780005
v -2.14289999 15.55830002 -1.20930004
v -2.14890003 15.62759972 -1.29050004
v -2.17919993 15.71360016 -1.36950004
v -2.21029997 15.72019958 -1.38450003
v -2.24510002 15.73980045 -1.41240001
v -2.28270006 15.80550003 -1.46389997
v -2.37369990 15.83409977 -1.50810003
v -2.32100010 15.89299965 -1.51789999
v -2.41950011 15.93920040 -1.56070006
v -2.35570002 15.99180031 -1.56680000
v -2.46059990 16.03800011 -1.59930003
v -2.38910007 16.09630013 -1.60549998
v -2.50710011 16.13649940 -1.61580002
v -2.42729998 16.20579910 -1.62539995
v -2.55970001 16.23469925 -1.60590005
v -2.47210002 16.31240082 -1.61430001
v -2.61540008 16.32640076 -1.56970000
v -2.52110004 16.40970039 -1.57630002
v -2.69860005 16.23469925 -1.56239998
v -2.31550002 16.14940071 -1.60930002
v -2.34179997 16.26720047 -1.62909997
v -2.37639999 16.38190079 -1.62269998
v -2.29390001 16.03890038 -1.57249999
v -2.27300000 15.93949986 -1.52719998
v -2.22429991 15.97029972 -1.53120005
v -2.23219991 16.07539940 -1.57490003
v -2.24060011 16.19260025 -1.61109996
v -2.17479992 15.98929977 -1.53199995
v -2.17090011 16.10110092 -1.57490003
v -2.21659994 15.87839985 -1.48399997
v -2.25239992 15.85569954 -1.48070002
v -2.17740011 15.88930035 -1.48319995
v -2.23639989 15.79829979 -1.44389999
v 0.00000000 17.47069931 -1.13890004
v 0.00000000 17.62019920 -1.06669998
v 0.00000000 17.75779915 -1.01129997
v -0.00000000 17.89539909 -0.96960002
v -0.00000000 18.03479958 -0.93099999
v -0.00000000 18.17379951 -0.89330000
v -0.00000000 18.31170082 -0.86369997
v -0.09390000 18.04249954 -0.93650001
v -0.09070000 18.17950058 -0.89950001
v -0.19080000 18.06060028 -0.94019997
v -0.18290000 18.19280052 -0.90450001
v 0.00000000 17.32309914 -1.20589995
v 0.00000000 17.19560051 -1.26839995
v -0.00000000 16.49670029 -1.56669998
v -0.49059999 11.95339966 -1.19570005
v -0.34169999 11.83660030 -1.21080005
v -0.53619999 11.77009964 -1.28209996
v -0.62279999 11.88039970 -1.24710000
v -0.70789999 11.72029972 -1.32700002
v -0.76719999 11.82400036 -1.28160000
v -0.71139997 11.97010040 -1.21480000
v -0.82940000 11.91419983 -1.23850000
v -0.61000001 12.03919983 -1.17830002
v -0.26830000 11.99339962 -1.14129996
v -0.40849999 12.06099987 -1.14510000
v -0.23300000 12.13360023 -1.09990001
v -0.36090001 12.17840004 -1.10800004
v -0.21580000 12.26959991 -1.07179999
v -0.33539999 12.30080032 -1.08239996
v -0.11160000 12.10669994 -1.08879995
v -0.12570000 11.96049976 -1.12549996
v 0.00000000 11.80560017 -1.16359997
v -0.14390001 11.81079960 -1.17349994
v -0.00000000 11.95259953 -1.12070000
v -0.30550000 11.66539955 -1.26919997
v -0.14020000 11.66499996 -1.22469997
v -0.13380000 11.53160000 -1.27100003
v -0.28470001 11.52630043 -1.31550002
v 0.00000000 11.53369999 -1.25660002
v -0.00000000 11.66460037 -1.21039999
v -0.00000000 12.09879971 -1.08469999
v -0.00000000 12.24279976 -1.05589998
v -0.10380000 12.24950027 -1.06070006
v -0.09980000 12.38939953 -1.03859997
v -0.20770000 12.40400028 -1.05110002
v -0.09820000 12.52779961 -1.02119994
v -0.20410000 12.53820038 -1.03559995
v -0.09750000 12.66549969 -1.00759995
v -0.20240000 12.67259979 -1.02380002
v -0.31760001 12.55420017 -1.05149996
v -0.31479999 12.68389988 -1.04240000
v -0.32319999 12.42660046 -1.06439996
v 0.00000000 12.52439976 -1.01499999
v -0.00000000 12.38440037 -1.03289998
v -0.46090001 12.33829975 -1.08840001
v -0.44549999 12.45419979 -1.07420003
v -0.48940000 12.22859955 -1.11010003
v -0.53689998 12.12749958 -1.14059997
v -0.61570001 12.27649975 -1.10380006
v -0.65730000 12.18579960 -1.12820005
v -0.73970002 12.31840038 -1.08679998
v -0.77289999 12.23340034 -1.10689998
v -0.88580000 12.26869965 -1.07470000
v -0.86170000 12.35179996 -1.05659997
v -0.99760002 12.29069996 -1.02909994
v -0.91579998 12.19489956 -1.09660006
v -1.01610005 12.21249962 -1.05270004
v -0.81770003 12.15919971 -1.13010001
v -0.98150003 12.37559986 -1.01100004
v -0.58880001 12.37660027 -1.08620000
v -0.71700001 12.41199970 -1.07239997
v -0.84410000 12.44229984 -1.04429996
v -0.71700001 12.10700035 -1.15680003
v -0.79519999 12.04249954 -1.18320000
v -0.87349999 12.09790039 -1.15110004
v -0.88840002 11.99020004 -1.19780004
v -0.95620000 11.86340046 -1.23979998
v -0.99470001 11.94489956 -1.19120002
v -1.08589995 11.81050014 -1.21309996
v -1.10870004 11.89809990 -1.15840006
v -1.21239996 11.74950027 -1.15509999
v -1.22409999 11.84430027 -1.09790003
v -1.19679999 11.65089989 -1.21529996
v -1.05869997 11.71660042 -1.27040005
v -1.02950001 11.61660004 -1.32809997
v -1.17700005 11.54889965 -1.27590001
v -0.99940002 11.51109982 -1.38370001
v -1.15260005 11.44369984 -1.33480000
v -0.96770000 11.40079975 -1.43540001
v -1.12300003 11.33510017 -1.39049995
v -0.83429998 11.56379986 -1.39559996
v -0.80000001 11.45009995 -1.44360006
v -1.08659995 11.22309971 -1.44099998
v -0.93229997 11.28649998 -1.48029995
v -0.76569998 11.33250046 -1.48450005
v -1.28950000 11.35990047 -1.25030005
v -1.31009996 11.46660042 -1.18840003
v -1.26100004 11.25189972 -1.31120002
v -0.87190002 11.67199993 -1.34389997
v -0.91390002 11.77229977 -1.29149997
v -0.66229999 11.60509968 -1.37419999
v -1.33019996 11.67770004 -1.06680000
v -1.32340002 11.57250023 -1.12689996
v -1.43529999 11.48130035 -1.00880003
v -1.43630004 11.59570026 -0.95230001
v -1.53320003 11.50839996 -0.81999999
v -1.53770006 11.38109970 -0.87040001
v -1.42589998 11.36940002 -1.07089996
v -1.52890003 11.26119995 -0.93489999
v -1.43180001 11.70940018 -0.90090001
v -1.33229995 11.78090000 -1.01040006
v -1.12469995 11.97990036 -1.10870004
v -1.22950006 11.93579960 -1.04509997
v -1.22979999 12.02429962 -0.99690002
v -1.13160002 12.05710030 -1.06429994
v -1.03320003 12.14190006 -1.07990003
v -1.04120004 12.07880020 -1.10990000
v -1.12800002 12.13409996 -1.02629995
v -1.11870003 12.21459961 -0.99390000
v -0.94840002 12.13309956 -1.11819994
v -0.97560000 12.08969975 -1.13320005
v -1.10810006 12.29969978 -0.96759999
v -1.22049999 12.20300007 -0.91850001
v -1.21510005 12.29640007 -0.88919997
v -1.22609997 12.11270046 -0.95450002
v -1.32589996 11.98060036 -0.90939999
v -1.32089996 12.07919979 -0.86540002
v -1.33089995 11.88189983 -0.95810002
v -1.02489996 12.01630020 -1.14719999
v -0.93949997 12.05070019 -1.16110003
v -0.48629999 11.63920021 -1.32819998
v -0.45289999 11.51070023 -1.37140000
v -0.62639999 11.48569965 -1.41890001
v -0.59390002 11.36419964 -1.45669997
v -0.42550001 11.38490009 -1.40750003
v -0.56019998 11.24020004 -1.48300004
v -0.39940000 11.25990009 -1.43340003
v -0.26760000 11.39770031 -1.35200000
v -0.25099999 11.27289963 -1.38000000
v -0.12700000 11.40530014 -1.30980003
v -0.11960000 11.28139973 -1.34140003
v 0.00000000 11.28530025 -1.33099997
v 0.00000000 11.40900040 -1.29830003
v 0.00000000 11.16079998 -1.35549998
v 0.00000000 11.03649998 -1.37230003
v -0.11180000 11.15750027 -1.36619997
v -0.37090001 11.13479996 -1.44910002
v -0.23350000 11.14850044 -1.40040004
v -0.21380000 11.02359962 -1.41289997
v -0.33860001 11.00860023 -1.45589995
v -0.30340001 10.88140011 -1.45249999
v -0.19190000 10.89830017 -1.41530001
v -0.16900000 10.77330017 -1.40450001
v -0.26699999 10.75440025 -1.43649995
v -0.09250000 10.90869999 -1.38870001
v -0.08160000 10.78460026 -1.38110006
v -0.10280000 11.03320026 -1.38279998
v -0.47710001 10.98639965 -1.50010002
v -0.52179998 11.11410046 -1.49749994
v -0.42750001 10.85709953 -1.49150002
v -0.72640002 11.21030045 -1.51320004
v -0.83389997 11.04059982 -1.53509998
v -0.88889998 11.16660023 -1.51429999
v -0.67900002 11.08390045 -1.52929997
v -0.76779997 10.91030025 -1.54250002
v -0.62300003 10.95450020 -1.53240001
v -0.97810000 10.98130035 -1.51189995
v -1.03970003 11.10579967 -1.48280001
v -1.10520005 10.90520000 -1.46259999
v -1.17270005 11.02709961 -1.42180002
v -0.90329999 10.85159969 -1.52750003
v -1.02359998 10.77799988 -1.48969996
v -0.69300002 10.77760029 -1.53550005
v -0.56000000 10.82330036 -1.52190006
v -0.61449999 10.64570045 -1.51160002
v -0.49450001 10.69200039 -1.49710000
v -0.37660000 10.72770023 -1.46980000
v -0.42039999 13.09809971 -1.05599999
v -0.56169999 13.12699986 -1.08120000
v -0.49620000 13.24440002 -1.08159995
v -0.39430001 13.22589970 -1.05820000
v -0.47299999 13.35330009 -1.08879995
v -0.37700000 13.34850025 -1.06550002
v -0.30149999 13.08500004 -1.03030002
v -0.28900000 13.21689987 -1.03289998
v -0.30880001 12.94989967 -1.03149998
v -0.42950001 12.96010017 -1.05429995
v -0.56160003 12.97140026 -1.07190001
v -0.69370002 12.84560013 -1.06830001
v -0.69809997 12.96749973 -1.07570004
v -0.56120002 12.83790016 -1.06819999
v -0.70870000 13.09430027 -1.08729994
v -0.62620002 13.23630047 -1.10200000
v -0.73629999 13.20940018 -1.10450006
v -0.64940000 13.33909988 -1.11919999
v -0.75529999 13.32129955 -1.12380004
v -0.55980003 13.27740002 -1.09749997
v -0.55960000 13.35659981 -1.10749996
v -0.85600001 13.19509983 -1.09500003
v -0.86979997 13.30920029 -1.11679995
v -0.97689998 13.19069958 -1.06900001
v -0.98729998 13.30440044 -1.09480000
v -0.96660000 13.07989979 -1.04709995
v -0.84060001 13.08160019 -1.07650006
v -0.76650000 13.43719959 -1.14629996
v -0.65910000 13.45040035 -1.13909996
v -0.87989998 13.42730045 -1.14240003
v -0.77270001 13.55900002 -1.17390001
v -0.66339999 13.56999969 -1.16470003
v -0.88639998 13.55090046 -1.17279994
v -0.83080000 12.96650028 -1.06210005
v -0.95490003 12.86439991 -1.01429999
v -0.95910001 12.97099972 -1.02890003
v -0.82569999 12.85369968 -1.05130005
v -0.95359999 12.76060009 -1.00329995
v -0.82410002 12.74479961 -1.04340005
v -0.95529997 12.65939999 -0.99610001
v -0.82620001 12.63980007 -1.03890002
v -0.69270003 12.72949982 -1.06410003
v -0.69529998 12.61859989 -1.06270003
v -1.07889998 12.77700043 -0.94260001
v -1.07939994 12.87810040 -0.95670003
v -1.08229995 12.98099995 -0.97520000
v -0.56190002 12.71420002 -1.06780005
v -0.56500000 12.59640026 -1.06990004
v -0.70279998 12.51249981 -1.06449997
v -0.57300001 12.48379993 -1.07560003
v -0.43830001 12.57429981 -1.06459999
v -0.43500000 12.69839954 -1.05869997
v -0.83249998 12.53859997 -1.03830004
v -0.43290001 12.82670021 -1.05519998
v -0.31250000 12.81579971 -1.03569996
v -0.20080000 12.80760002 -1.01460004
v -0.19820000 12.94330025 -1.00839996
v -0.09690000 12.80280018 -0.99680001
v -0.09580000 12.93999958 -0.98949999
v -0.19380000 13.07909966 -1.00629997
v -0.09390000 13.07699966 -0.98729998
v -0.18760000 13.21350002 -1.00969994
v -0.09140000 13.21300030 -0.99190003
v -0.18210000 13.34640026 -1.01999998
v -0.08930000 13.34749985 -1.00450003
v -0.17839999 13.47799969 -1.03830004
v -0.08790000 13.48060036 -1.02460003
v -0.17630000 13.60869980 -1.06459999
v -0.08730000 13.61219978 -1.05250001
v -0.27180001 13.47490025 -1.05760002
v -0.26809999 13.60369968 -1.08220005
v -0.36260000 13.59759998 -1.10370004
v -0.36750001 13.47189999 -1.08039999
v -0.27860001 13.34630013 -1.04139996
v -0.17530000 13.73869991 -1.09899998
v -0.08700000 13.74250031 -1.08860004
v -0.26609999 13.73289967 -1.11520004
v -0.00000000 13.48169994 -1.01950002
v -0.00000000 13.34840012 -0.99720001
v -0.00000000 13.21329975 -0.98329997
v -0.00000000 13.61310005 -1.04939997
v -0.00000000 13.07670021 -0.97810000
v -5.63859987 10.41409969 -0.80360001
v -5.68039989 10.44750023 -0.79780000
v -5.67799997 10.42109966 -0.88380003
v -5.64589977 10.37580013 -0.86720002
v -5.62209988 10.35260010 -0.85839999
v -5.61420012 10.38920021 -0.81070000
v -5.59670019 10.36789989 -0.81080002
v -5.60239983 10.33500004 -0.84850001
v -5.61579990 10.27550030 -0.87760001
v -5.58970022 10.26039982 -0.86210001
v -5.58220005 10.32040024 -0.83939999
v -5.55770016 10.30710030 -0.83450001
v -5.55940008 10.25230026 -0.85579997
v -5.58930016 10.18500042 -0.89020002
v -5.55399990 10.18220043 -0.88639998
v -5.57530022 10.09609985 -0.92030001
v -5.53690004 10.09619999 -0.91339999
v -5.51709986 10.18340015 -0.89429998
v -5.52419996 10.24969959 -0.86040002
v -5.48789978 10.25290012 -0.87910002
v -5.48369980 10.18980026 -0.91820002
v -5.49980021 10.10219955 -0.92690003
v -5.47300005 10.11240005 -0.95539999
v -5.45590019 10.12370014 -0.99180001
v -5.44770002 10.02460003 -0.98830003
v -5.43249989 10.03610039 -1.02240002
v -5.47219992 10.01290035 -0.96139997
v -5.45870018 10.20149994 -0.95639998
v -5.50629997 10.00370026 -0.94859999
v -5.54309988 9.99779987 -0.95039999
v -5.45480013 10.26770020 -0.91829997
v -5.44329977 10.29020023 -0.97589999
v -5.45629978 10.21689987 -1.00399995
v -5.44810009 10.33390045 -0.87519997
v -5.49749994 10.30609989 -0.84399998
v -5.43359995 10.36489964 -0.94940001
v -5.52960014 10.30350018 -0.83630002
v -5.53219986 10.32610035 -0.80430001
v -5.55649996 10.33259964 -0.80750000
v -5.50199986 10.32219982 -0.80180001
v -5.62529993 10.19519997 -0.90549999
v -5.61009979 10.09749985 -0.93779999
v -5.63579988 10.28810024 -0.89899999
v -5.65520000 10.20129967 -0.93120003
v -5.63570023 10.09939957 -0.96710002
v -5.57450008 9.99520016 -0.96789998
v -5.59369993 9.99629974 -0.99750000
v -5.67799997 10.20769978 -0.96550000
v -5.64979982 10.10289955 -1.00399995
v -5.68090010 10.21739960 -1.00820005
v -5.65189981 10.10890007 -1.04439998
v -5.65269995 10.30259991 -0.92379999
v -5.66760015 10.31890011 -0.95480001
v -5.57630014 10.34969997 -0.80949998
v -5.59299994 10.33150005 -0.78359997
v -5.61780024 10.34860039 -0.78219998
v -5.64309978 10.36520004 -0.77670002
v -5.64340019 10.30729961 -0.77829999
v -5.67379999 10.31869984 -0.76740003
v -5.66520023 10.25469971 -0.77689999
v -5.69750023 10.26140022 -0.75870001
v -5.68319988 10.19760036 -0.77899998
v -5.71700001 10.20199966 -0.75770003
v -5.73089981 10.26399994 -0.73850000
v -5.70790005 10.32380009 -0.75010002
v -5.75150013 10.20479965 -0.73640001
v -5.63119984 10.24400043 -0.78719997
v -5.64690018 10.18959999 -0.79070002
v -5.69829988 10.13910007 -0.78149998
v -5.73290014 10.14249992 -0.76090002
v -5.66120005 10.13230038 -0.79360002
v -5.61359978 10.29300022 -0.78310001
v -5.58360004 10.27950001 -0.78399998
v -5.59700012 10.23229980 -0.79110003
v -5.56850004 10.31560040 -0.78490001
v -5.67570019 10.37880039 -0.76639998
v -5.72170019 10.40979958 -0.73549998
v -5.74700022 10.32750034 -0.71710002
v -5.77309990 10.31919956 -0.65560001
v -5.76679993 10.26469994 -0.70980000
v -5.77799988 10.25640011 -0.65740001
v -5.78240013 10.39669991 -0.66890001
v -5.69299984 10.42879963 -0.95039999
v -5.67309999 10.32960033 -0.99910003
v -5.66459990 10.44229984 -1.00380003
v -5.65280008 10.34109974 -1.04410005
v -5.67659998 10.22739983 -1.05359995
v -5.63929987 10.11839962 -1.08329999
v -5.64449978 10.23810005 -1.08959997
v -5.60930014 10.13059998 -1.11109996
v -5.60720015 10.34510040 -1.06589997
v -5.59779978 10.24419975 -1.10430002
v -5.61079979 10.44550037 -1.02960002
v -5.67170000 10.55399990 -0.99470001
v -5.60059977 10.54829979 -1.01380002
v -5.62020016 10.65869999 -0.96050000
v -5.55900002 10.64750004 -0.99269998
v -5.55760002 10.76280022 -0.94250000
v -5.50460005 10.74960041 -0.97990000
v -5.50080013 10.87870026 -0.95230001
v -5.44579983 10.86050034 -0.98310000
v -5.44969988 10.72900009 -1.00090003
v -5.39109993 10.83660030 -1.00129998
v -5.49760008 10.63029957 -1.01540005
v -5.44140005 10.99940014 -0.96090001
v -5.38299990 10.97770023 -0.98839998
v -5.55259991 10.89140034 -0.91280001
v -5.49690008 11.01599979 -0.92530000
v -5.60990000 10.77219963 -0.90329999
v -5.67869997 10.66440010 -0.91860002
v -5.70170021 10.65289974 -0.85170001
v -5.64860010 10.77250004 -0.85259998
v -5.72450018 10.54240036 -0.93510002
v -5.71710014 10.53120041 -0.86040002
v -5.53359985 10.53470039 -1.02779996
v -5.55259991 10.43910027 -1.04610002
v -5.43669987 10.60410023 -1.01230001
v -5.47139978 10.51159954 -1.02590001
v -5.49639988 10.42140007 -1.04079998
v -5.42000008 10.48029995 -0.99470001
v -5.45319986 10.39560032 -1.00580001
v -5.38369989 10.57199955 -0.98240000
v -5.55670023 10.34300041 -1.07480001
v -5.55039978 10.24549961 -1.10070002
v -5.50600004 10.33189964 -1.06210005
v -5.50829983 10.24069977 -1.08000004
v -5.57049990 10.14060020 -1.12590003
v -5.56360006 10.02789974 -1.12460005
v -5.53369999 10.03950024 -1.14450002
v -5.58710003 10.01630020 -1.09920001
v -5.60120010 10.00619984 -1.06719995
v -5.56759977 9.91009998 -1.09060001
v -5.55550003 9.92099953 -1.12489998
v -5.60230017 10.00000000 -1.03170002
v -5.57270002 9.90110016 -1.05429995
v -5.56610012 9.89519978 -1.01750004
v -5.52390003 9.84350014 -1.14250004
v -5.53219986 9.93360043 -1.15180004
v -5.50880003 9.85410023 -1.17519999
v -5.49989986 9.94540024 -1.16450000
v -5.47819996 9.86719990 -1.19490004
v -5.53070021 9.83479977 -1.10819995
v -5.51459980 9.77120018 -1.12730002
v -5.50209999 9.77999973 -1.15559995
v -5.48260021 9.78909969 -1.17939997
v -5.52799988 10.14820004 -1.12779999
v -5.49620008 10.04959965 -1.14870000
v -5.48810005 10.15069962 -1.10959995
v -5.46250010 10.05360031 -1.12880003
v -5.46040010 10.14570045 -1.07529998
v -5.44099998 10.05150032 -1.09660006
v -5.43359995 9.96059990 -1.14779997
v -5.46530008 9.95530033 -1.16499996
v -5.40520000 9.88399982 -1.17739999
v -5.44040012 9.87800026 -1.19410002
v -5.40770006 9.96160030 -1.12039995
v -5.37610006 9.88510036 -1.14929998
v -5.42630005 9.80729961 -1.20369995
v -5.45819998 9.79800034 -1.19860005
v -5.39060020 9.81560040 -1.19610000
v -5.47469997 10.23099995 -1.04779994
v -5.46420002 10.31369972 -1.02830005
v -5.45300007 10.13490009 -1.03289998
v -5.43069983 10.04520035 -1.05990005
v -5.72069979 10.52379990 -0.79189998
v -5.74420023 10.50780010 -0.73119998
v -5.70489979 10.61400032 -0.71319997
v -5.70400000 10.63239956 -0.78200001
v -5.66830015 10.76259995 -0.78810000
v -5.61280012 10.89150047 -0.80390000
v -5.59719992 10.89799976 -0.86610001
v -5.54129982 11.02439976 -0.87639999
v -5.57079983 11.02439976 -0.81840003
v -5.56969976 11.01070023 -0.75260001
v -5.52680016 11.14140034 -0.75580001
v -5.51340008 11.14990044 -0.81709999
v -5.52670002 11.12880039 -0.68839997
v -5.56160021 10.99580002 -0.68120003
v -5.60699987 10.87580013 -0.73750001
v -5.60860014 10.86559963 -0.66409999
v -5.65390015 10.74160004 -0.72100002
v -5.66800022 10.73849964 -0.64910001
v -5.57310009 10.99139977 -0.60070002
v -5.53469992 11.12160015 -0.61250001
v -5.61689997 10.86390018 -0.58389997
v -5.47760010 11.27019978 -0.74610001
v -5.45499992 11.27190018 -0.80180001
v -5.42170000 11.26580048 -0.85240000
v -5.48180008 11.14809990 -0.87199998
v -5.36149979 11.37749958 -0.83170003
v -5.31809998 11.35869980 -0.86940002
v -5.37449980 11.24930000 -0.89139998
v -5.39669991 11.39099979 -0.78579998
v -5.43590021 11.13700008 -0.91750002
v -5.42899990 11.40159988 -0.73760003
v -5.44299984 11.40299988 -0.67790002
v -5.48810005 11.26379967 -0.68360001
v -5.72510004 10.61219978 -0.64600003
v -5.70779991 10.60529995 -0.57740003
v -5.66569996 10.73680019 -0.57389998
v -5.70590019 10.61540031 -0.51480001
v -5.67250013 10.74790001 -0.49820000
v -5.72259998 10.49160004 -0.53979999
v -5.77040005 10.49009991 -0.58770001
v -5.79619980 10.49849987 -0.66670001
v -5.75390005 10.39550018 -0.59649998
v -5.70709991 10.40429974 -0.54780000
v -5.74560022 10.50590038 -0.47799999
v -5.70979977 10.62979984 -0.44749999
v -5.72539997 10.39700031 -0.48570001
v -5.67579985 10.76249981 -0.42289999
v -5.65560007 10.76780033 -0.35049999
v -5.58909988 10.88780022 -0.34909999
v -5.62020016 10.88360023 -0.42129999
v -5.57329988 10.99149990 -0.51650000
v -5.62029982 10.87010002 -0.50019997
v -5.56549978 10.99890041 -0.43660000
v -5.53579998 11.00440025 -0.35929999
v -5.61950016 10.77079964 -0.28650001
v -5.55649996 10.89470005 -0.27640000
v -5.66979980 10.63879967 -0.30950001
v -5.71120024 10.64029980 -0.37369999
v -5.69469976 10.27229977 -0.56639999
v -5.66009998 10.29829979 -0.53060001
v -5.67640018 10.33850002 -0.54119998
v -5.72819996 10.31110001 -0.59600002
v -5.64870024 10.28120041 -0.52139997
v -5.67250013 10.24600029 -0.49550000
v -5.69280005 10.26319981 -0.48670000
v -5.70139980 10.19499969 -0.48120001
v -5.72739983 10.20530033 -0.45969999
v -5.63380003 10.26650047 -0.51620001
v -5.65040016 10.23260021 -0.50129998
v -5.62480021 10.22140026 -0.50250000
v -5.64669991 10.17090034 -0.50050002
v -5.67530012 10.18330002 -0.49450001
v -5.61660004 10.15929985 -0.49980000
v -5.59770012 10.21129990 -0.50150001
v -5.63679981 10.10070038 -0.49980000
v -5.67030001 10.11299992 -0.49649999
v -5.69239998 10.04599953 -0.49100000
v -5.65710020 10.03530025 -0.49829999
v -5.60319996 10.08920002 -0.49460000
v -5.62120008 10.02379990 -0.49450001
v -5.67710018 9.95839977 -0.48269999
v -5.64300013 9.94849968 -0.48120001
v -5.58650017 10.01169968 -0.47999999
v -5.61399984 9.94029999 -0.46070001
v -5.57049990 10.07750034 -0.48199999
v -5.69500017 9.85869980 -0.48269999
v -5.73250008 9.86509991 -0.47810000
v -5.70970011 9.96640015 -0.47000000
v -5.65859985 9.85200024 -0.47450000
v -5.58599997 10.14869976 -0.49570000
v -5.56949997 10.20269966 -0.49750000
v -5.58419991 10.25370026 -0.51310003
v -5.55679989 10.24909973 -0.51389998
v -5.60979986 10.26099968 -0.51310003
v -5.55569983 10.13860035 -0.48330000
v -5.54169989 10.19589996 -0.48719999
v -5.70100021 10.12419987 -0.48260000
v -5.72329998 10.05510044 -0.47220001
v -5.74459982 9.97249985 -0.46129999
v -5.76760006 9.87030029 -0.46320000
v -5.79829979 9.87409973 -0.44069999
v -5.78109980 9.97830009 -0.44870001
v -5.75050020 10.06130028 -0.44720000
v -5.72730017 10.13319969 -0.46100000
v -5.77839994 10.06659985 -0.42140001
v -5.75110006 10.13959980 -0.43290001
v -5.64319992 10.24689960 -0.54339999
v -5.61600018 10.24450016 -0.54189998
v -5.59040022 10.24359989 -0.54820001
v -5.56619978 10.24240017 -0.56010002
v -5.54230022 10.23709965 -0.57590002
v -5.52619982 10.24940014 -0.52090001
v -5.51709986 10.23289967 -0.61100000
v -5.49090004 10.25329971 -0.58240002
v -5.48990011 10.23270035 -0.49030000
v -5.51420021 10.18630028 -0.46619999
v -5.44719982 10.27820015 -0.53860003
v -5.57240009 10.19410038 -0.56940001
v -5.54829979 10.19299984 -0.59259999
v -5.58090019 10.14290047 -0.57489997
v -5.55530024 10.14130020 -0.60060000
v -5.59950018 10.19680023 -0.55390000
v -5.61100006 10.14630032 -0.55760002
v -5.62989998 10.20129967 -0.54710001
v -5.64529991 10.15159988 -0.55170000
v -5.62349987 10.09259987 -0.56379998
v -5.65950012 10.09840012 -0.55989999
v -5.67999983 10.15950012 -0.55940002
v -5.69500017 10.10639954 -0.57029998
v -5.66160011 10.20759964 -0.55070001
v -5.66860008 10.25580025 -0.55119997
v -5.69259977 10.21689987 -0.56330001
v -5.72049999 10.30280018 -0.46880001
v -5.76849985 10.39690018 -0.41549999
v -5.76700020 10.30650043 -0.39789999
v -5.74189997 10.40130043 -0.31639999
v -5.74300003 10.30889988 -0.31020001
v -5.67880011 10.40629959 -0.26179999
v -5.67859983 10.30679989 -0.26019999
v -5.76230001 10.51560020 -0.40130001
v -5.72329998 10.51259995 -0.31970000
v -5.66060019 10.51650047 -0.26420000
v -5.64120007 10.64990044 -0.24270000
v -5.60209990 10.78549957 -0.21799999
v -5.65280008 10.67210007 -0.17180000
v -5.59089994 10.80070019 -0.14470001
v -5.66919994 10.53250027 -0.19610000
v -5.64519978 10.41930008 -0.20860000
v -5.62550020 10.34640026 -0.22330000
v -5.76179981 10.22700024 -0.30759999
v -5.71570015 10.21889973 -0.26670000
v -5.73929977 10.14120007 -0.27570000
v -5.77489996 10.14820004 -0.30960000
v -5.81080008 10.07359982 -0.34889999
v -5.79290009 10.06999969 -0.30809999
v -5.79090023 10.15060043 -0.35710001
v -5.77610016 10.14649963 -0.40099999
v -5.80350018 10.07190037 -0.39050001
v -5.77810001 10.22620010 -0.37430000
v -5.75199986 10.21860027 -0.42620000
v -5.81619978 9.98340034 -0.42559999
v -5.83780003 9.98670006 -0.38650000
v -5.83990002 9.98799992 -0.33950001
v -5.81909990 9.98630047 -0.29580000
v -5.78249979 9.98169994 -0.26560000
v -5.75930023 10.06369972 -0.27770001
v -5.83549976 9.88150024 -0.33460000
v -5.81580019 9.88230038 -0.29820001
v -5.83029985 9.76459980 -0.32620001
v -5.81659985 9.76640034 -0.28990000
v -5.83930016 9.87959957 -0.37500000
v -5.83510017 9.76280022 -0.36379999
v -5.78749990 9.88160038 -0.26769999
v -5.75260019 9.87889957 -0.24480000
v -5.79379988 9.76749992 -0.25720000
v -5.76179981 9.76669979 -0.23350000
v -5.73990011 9.97509956 -0.24980000
v -5.72090006 10.05659962 -0.25389999
v -5.69840002 10.13179970 -0.25490001
v -5.67049980 10.20269966 -0.25099999
v -5.72209978 10.22859955 -0.58550000
v -5.74179983 10.17990017 -0.59990001
v -5.75129986 10.24230003 -0.61549997
v -5.76819992 10.18850040 -0.62860000
v -5.78940010 10.19909954 -0.66500002
v -5.80240011 10.14009953 -0.67400002
v -5.78259993 10.13199997 -0.63999999
v -5.81610012 10.07540035 -0.68309999
v -5.79419994 10.06830025 -0.65069997
v -5.81090021 9.99260044 -0.65369999
v -5.82830000 9.99750042 -0.69120002
v -5.81110001 10.07970047 -0.72180003
v -5.82590008 10.00199986 -0.73420000
v -5.79750013 10.14540005 -0.71300000
v -5.78350019 10.20540047 -0.70840001
v -5.80000019 10.00459957 -0.76910001
v -5.78149986 10.07979965 -0.74809998
v -5.76210022 10.00380039 -0.78680003
v -5.74660015 10.07800007 -0.76670003
v -5.76760006 10.14509964 -0.74000001
v -5.81209993 9.90139961 -0.73869997
v -5.81619978 9.89850044 -0.69999999
v -5.78989983 9.90530014 -0.77069998
v -5.80249977 9.89739990 -0.66439998
v -5.77939987 9.89620018 -0.63599998
v -5.78590012 9.98789978 -0.62250000
v -5.75129986 9.89430046 -0.61400002
v -5.75549984 9.78899956 -0.65380001
v -5.73649979 9.78849983 -0.62949997
v -5.77169991 9.78890038 -0.67970002
v -5.75439978 9.98260021 -0.59939998
v -5.78070021 9.78890038 -0.70920002
v -5.76840019 9.67520046 -0.68320000
v -5.77069998 9.67650032 -0.71590000
v -5.77759981 9.79059982 -0.74080002
v -5.76599979 9.67879963 -0.74890000
v -5.76900005 10.06159973 -0.62239999
v -5.74060011 10.05430031 -0.59780002
v -5.72779989 10.11489964 -0.58759999
v -5.75689983 10.12380028 -0.61150002
v -5.70779991 10.04730034 -0.58020002
v -5.71869993 9.97780037 -0.58630002
v -5.71239996 10.16909981 -0.57560003
v -5.46490002 10.26900005 -0.65560001
v -5.50260019 10.24110031 -0.66280001
v -5.50530005 10.24919987 -0.71780002
v -5.46729994 10.29349995 -0.73689997
v -5.52869987 10.19340038 -0.62639999
v -5.51700020 10.19719982 -0.67000002
v -5.53499985 10.14109993 -0.63450003
v -5.52449989 10.14350033 -0.67559999
v -5.54059982 10.09280014 -0.72100002
v -5.52839994 10.14910030 -0.71869999
v -5.53590012 10.08780003 -0.67989999
v -5.55130005 10.03369999 -0.72359997
v -5.54769993 10.02970028 -0.68339998
v -5.56689978 9.97060013 -0.72450000
v -5.56230021 9.96640015 -0.68699998
v -5.58470011 9.97760010 -0.75980002
v -5.56930017 10.04100037 -0.76040000
v -5.59910011 10.05070019 -0.78780001
v -5.58690023 10.10990047 -0.78469998
v -5.55800009 10.09990025 -0.75779998
v -5.63730001 10.06110001 -0.79670000
v -5.62340021 10.12160015 -0.79549998
v -5.64849997 9.99260044 -0.80260003
v -5.61229992 9.98560047 -0.78799999
v -5.67509985 10.07050037 -0.79420000
v -5.68709993 9.99860001 -0.80409998
v -5.62610006 9.90349960 -0.77679998
v -5.60410023 9.89859962 -0.75160003
v -5.65490007 9.90719986 -0.79570001
v -5.54710007 10.15660000 -0.75590003
v -5.57530022 10.16670036 -0.78240001
v -5.61040020 10.17860031 -0.79329997
v -5.56290007 10.22019958 -0.78210002
v -5.53550005 10.20969963 -0.75610000
v -5.52629995 10.25669956 -0.75550002
v -5.51809978 10.20250034 -0.71710002
v -5.55310011 10.26749992 -0.77689999
v -5.58860016 9.89400005 -0.72280002
v -5.59110022 9.79839993 -0.76260000
v -5.57410002 9.79590034 -0.73269999
v -5.58220005 9.89029980 -0.69169998
v -5.57119989 9.79310036 -0.69880003
v -5.58150005 9.79049969 -0.66710001
v -5.58680010 9.88799953 -0.66039997
v -5.56930017 9.96450043 -0.65050000
v -5.58309984 9.68900013 -0.76950002
v -5.56780005 9.68700027 -0.73989999
v -5.58109999 9.58559990 -0.77679998
v -5.56489992 9.58290005 -0.74860001
v -5.56430006 9.68459988 -0.70660001
v -5.55959988 9.57970047 -0.71569997
v -5.60720015 9.69009972 -0.79210001
v -5.61670017 9.80029964 -0.78530002
v -5.55679989 10.02810001 -0.64529997
v -5.54559994 10.08580017 -0.64039999
v -5.56599998 10.08670044 -0.60759997
v -5.57620001 10.02840042 -0.61260003
v -5.58760023 9.96450043 -0.61870003
v -5.60190010 9.88729954 -0.63180000
v -5.59969997 9.78890038 -0.64020002
v -5.62480021 9.88720036 -0.60829997
v -5.62300014 9.78769970 -0.61809999
v -5.61399984 9.96590042 -0.59390002
v -5.60290003 10.03030014 -0.58660001
v -5.59210014 10.08850002 -0.58149999
v -5.63570023 10.03460026 -0.57040000
v -5.64709997 9.96910000 -0.57920003
v -5.40889978 10.31340027 -0.64039999
v -5.34770012 10.39910030 -0.62699997
v -5.36229992 10.36170006 -0.52710003
v -5.29519987 10.45199966 -0.50449997
v -5.27899981 10.50129986 -0.60949999
v -5.21350002 10.64179993 -0.56529999
v -5.27600002 10.54220009 -0.70510000
v -5.20959997 10.66199970 -0.68889999
v -5.27969980 10.57530022 -0.78310001
v -5.21070004 10.68400002 -0.77929997
v -5.33370018 10.46710014 -0.79409999
v -5.33260012 10.50030041 -0.86430001
v -5.29379988 10.60820007 -0.85250002
v -5.34219980 10.43669987 -0.71710002
v -5.39930010 10.34899998 -0.72670001
v -5.38969994 10.37609959 -0.80220002
v -5.37949991 10.40470028 -0.87320000
v -5.38829994 10.44289970 -0.94069999
v -5.34759998 10.53629971 -0.93019998
v -5.45419979 10.32600021 -0.80350000
v -5.22259998 10.71020031 -0.85619998
v -5.13149977 10.79599953 -0.77910000
v -5.14230013 10.81779957 -0.85900003
v -5.06890011 10.93690014 -0.84509999
v -5.05900002 10.91240025 -0.76910001
v -5.17189980 10.84850025 -0.92409998
v -5.09940004 10.96700001 -0.90840000
v -5.25050020 10.74219990 -0.91880000
v -5.13469982 10.78479958 -0.69110000
v -5.31419992 10.63969994 -0.91549999
v -5.34910011 10.67189980 -0.96399999
v -5.28940010 10.77519989 -0.96660000
v -5.13700008 10.78999996 -0.59920001
v -5.11479998 10.81250000 -0.51539999
v -5.17240000 10.70839977 -0.45960000
v -5.11679983 10.74199963 -0.38080001
v -5.14230013 10.67059994 -0.30180001
v -5.20679998 10.62430000 -0.37490001
v -5.25059986 10.55070019 -0.45109999
v -5.30469990 10.40369987 -0.39910001
v -5.36380005 10.33170033 -0.42500001
v -5.26779985 10.48770046 -0.34999999
v -5.22069979 10.55790043 -0.28549999
v -5.28660011 10.44369984 -0.25520000
v -5.22860003 10.50809956 -0.20090000
v -5.14949989 10.60809994 -0.22200000
v -5.15710020 10.56260014 -0.14630000
v -5.07299995 10.82820034 -0.44260001
v -5.01730013 10.83279991 -0.38190001
v -5.04589987 10.76119995 -0.32150000
v -4.97090006 10.91720009 -0.41929999
v -5.01770020 10.93140030 -0.48089999
v -4.91720009 11.01930046 -0.43669999
v -4.95639992 11.05720043 -0.50910002
v -5.04759979 10.92599964 -0.54650003
v -4.98339987 11.05490017 -0.57929999
v -4.96540022 10.82769966 -0.34670001
v -4.96430016 10.78090000 -0.29490000
v -4.92049980 10.88350010 -0.35870001
v -5.05579996 10.69719982 -0.25060001
v -5.05789995 10.64190006 -0.17790000
v -4.96570015 10.73359966 -0.22390001
v -4.96829987 10.68780041 -0.15140000
v -5.06589985 10.60130024 -0.10750000
v -4.97569990 10.64439964 -0.08370000
v -5.06339979 10.89939976 -0.69069999
v -5.05999994 10.90880013 -0.61729997
v -4.99749994 11.01519966 -0.64219999
v -5.01469994 10.98099995 -0.68889999
v -5.00199986 11.01650047 -0.74339998
v -4.96369982 11.10529995 -0.70380002
v -4.93580008 11.21450043 -0.65270001
v -4.90600014 11.22599983 -0.53359997
v -4.88889980 11.40670013 -0.60380000
v -4.91370010 11.39729977 -0.68640000
v -4.95489979 11.28009987 -0.75319999
v -4.93680000 11.41370010 -0.75870001
v -4.97069979 11.16510010 -0.78060001
v -5.51310015 10.29880047 -0.76510000
v -5.54239988 10.30550003 -0.77859998
v -5.48719978 10.25479984 -0.23260000
v -5.44649982 10.24930000 -0.26069999
v -5.46619987 10.23499966 -0.17919999
v -5.49420023 10.22290039 -0.18320000
v -5.46600008 10.14809990 -0.14300001
v -5.50190020 10.14610004 -0.15610000
v -5.51550007 10.26249981 -0.21660000
v -5.52580023 10.22340012 -0.18160000
v -5.49809980 10.23099995 -0.26820001
v -5.46700001 10.21300030 -0.30039999
v -5.51719999 10.19260025 -0.28650001
v -5.49209976 10.17809963 -0.32010001
v -5.41480017 10.25150013 -0.34840000
v -5.45209980 10.21259975 -0.36480001
v -5.48369980 10.17380047 -0.37239999
v -5.49189997 10.17739964 -0.42690000
v -5.45839977 10.21980000 -0.43709999
v -5.51130009 10.12370014 -0.42019999
v -5.50699997 10.12339973 -0.37329999
v -5.51420021 10.12839985 -0.32699999
v -5.53480005 10.13879967 -0.28920001
v -5.56339979 10.15260029 -0.26190001
v -5.54570007 10.20810032 -0.26530001
v -5.52659988 10.24969959 -0.25319999
v -5.52939987 10.06849957 -0.32499999
v -5.52190018 10.06330013 -0.37000000
v -5.55079985 10.07810020 -0.28659999
v -5.54220009 10.06799984 -0.45510000
v -5.52939987 10.12969971 -0.45800000
v -5.52519989 10.06299973 -0.41549999
v -5.55859995 10.00259972 -0.44960001
v -5.54320002 9.99860001 -0.40869999
v -5.41629982 10.26420021 -0.43979999
v -5.36850023 10.30140018 -0.32830000
v -5.32060003 10.36470032 -0.30090001
v -5.39650011 10.28849983 -0.24050000
v -5.33879995 10.33790016 -0.21619999
v -5.55429983 10.26720047 -0.24410000
v -5.54460001 10.27439976 -0.20570000
v -5.58090019 10.28499985 -0.23800001
v -5.57369995 10.28719997 -0.19650000
v -5.60370016 10.30860043 -0.23240000
v -5.60020018 10.30319977 -0.18560000
v -5.62389994 10.33259964 -0.16680001
v -5.63819981 10.26449966 -0.24810000
v -5.60690022 10.24160004 -0.24360000
v -5.63390017 10.18649960 -0.24150001
v -5.57560015 10.22399998 -0.24980000
v -5.65539980 10.39809990 -0.13620000
v -5.68380022 10.53859997 -0.12700000
v -5.67490005 10.42090034 -0.06730000
v -5.67329979 10.54819965 -0.04690000
v -5.67939997 10.31169987 -0.04820000
v -5.66639996 10.29559994 -0.09470000
v -5.64580011 10.27589989 -0.12870000
v -5.62139988 10.25640011 -0.15290000
v -5.63600016 10.18000031 -0.11790000
v -5.65969992 10.19069958 -0.08970000
v -5.60820007 10.16860008 -0.14070000
v -5.59189987 10.24149990 -0.16769999
v -5.55859995 10.23200035 -0.17490000
v -5.57460022 10.15909958 -0.15400000
v -5.58760023 10.06750011 -0.13620000
v -5.62260008 10.07540035 -0.11850000
v -5.59140015 9.96570015 -0.10990000
v -5.63219976 9.96850014 -0.09950000
v -5.54820013 10.06050014 -0.14309999
v -5.55100012 9.96380043 -0.10870000
v -5.53830004 10.15139961 -0.15820000
v -5.47039986 10.05690002 -0.11310000
v -5.43370008 10.15550041 -0.10940000
v -5.44369984 10.06200027 -0.07670000
v -5.41769981 10.16100025 -0.05730000
v -5.43240023 10.06960011 -0.03120000
v -5.41890001 10.17150021 -0.00360000
v -5.43580008 10.07909966 0.01540000
v -5.45679998 10.08930016 0.05630000
v -5.44299984 10.18500042 0.04280000
v -5.45989990 9.98939991 0.07560000
v -5.44299984 9.98139954 0.03620000
v -5.42749977 9.86769962 0.01570000
v -5.44059992 9.97399998 -0.00640000
v -5.42850018 9.87520027 0.06070000
v -5.43429995 9.75940037 0.07960000
v -5.43300009 9.75209999 0.03870000
v -5.44960022 9.64449978 0.09630000
v -5.45050001 9.63799953 0.06200000
v -5.46110010 9.65060043 0.12860000
v -5.45060015 9.76599979 0.11730000
v -5.43030024 9.54259968 0.11810000
v -5.43090010 9.53429985 0.07830000
v -5.44670010 9.55060005 0.15369999
v -5.44579983 9.74510002 -0.00060000
v -5.44250011 9.86100006 -0.02620000
v -5.46080017 9.63169956 0.02890000
v -5.47109985 9.73970032 -0.03290000
v -5.46950006 9.85579967 -0.06060000
v -5.48099995 9.62650013 0.00090000
v -5.45160007 9.96780014 -0.04790000
v -5.44990015 9.88220024 0.10010000
v -5.47840023 9.77079964 0.14810000
v -5.48449993 9.88679981 0.12670000
v -5.52449989 9.88879967 0.14010000
v -5.51620007 9.77299976 0.16490000
v -5.49100018 9.99670029 0.10680000
v -5.53189993 10.00179958 0.12630001
v -5.47510004 9.96290016 -0.08330000
v -5.51119995 9.96179962 -0.10320000
v -5.50729990 10.05640030 -0.13510001
v -5.49259996 10.09869957 0.08500000
v -5.48409986 10.19789982 0.07230000
v -5.43790007 10.27709961 0.02300000
v -5.47660017 10.29319954 0.05400000
v -5.45699978 10.38360023 0.04700000
v -5.50159979 10.40299988 0.05700000
v -5.52309990 10.30690002 0.06330000
v -5.53189993 10.20750046 0.08030000
v -5.57770014 10.21269989 0.07020000
v -5.56930017 10.31589985 0.04660000
v -5.54799986 10.41839981 0.03570000
v -5.45590019 10.48849964 0.07030000
v -5.41109991 10.45909977 0.07210000
v -5.37190008 10.43190002 0.04240000
v -5.42110014 10.36470032 0.01520000
v -5.40959978 10.26089954 -0.02090000
v -5.40980005 10.25310040 -0.07700000
v -5.36770010 10.32859993 -0.07520000
v -5.39069986 10.34529972 -0.02530000
v -5.42640018 10.26179981 -0.14880000
v -5.35120010 10.32299995 -0.13850001
v -5.53539991 10.10630035 0.10220000
v -5.57789993 10.00329971 0.12920000
v -5.58209991 10.11069965 0.10370000
v -5.62620020 10.11100006 0.08730000
v -5.62309980 10.00189972 0.11880000
v -5.61850023 10.21399975 0.04840000
v -1.34529996 1.13349998 -0.69110000
v -1.36220002 1.17170000 -0.60170001
v -1.37759995 1.03429997 -0.52380002
v -1.37170005 0.93879998 -0.61900002
v -1.38240004 0.92299998 -0.40910000
v -1.40040004 1.10150003 -0.44380000
v -1.38479996 1.00670004 -0.34119999
v -1.42309999 1.16359997 -0.36010000
v -1.40919995 1.07420003 -0.26589999
v -1.39690006 0.98900002 -0.16590001
v -1.45430005 1.12870002 -0.19610000
v -1.44729996 1.04809999 -0.10230000
v -1.51110005 1.17560005 -0.13910000
v -1.51020002 1.10099995 -0.05110000
v -1.45940006 1.21679997 -0.28290001
v -1.51289999 1.25779998 -0.22100000
v -1.39059997 1.21739995 -0.51690000
v -1.42490005 1.26569998 -0.43320000
v -1.39269996 1.35090005 -0.56309998
v -1.42890000 1.38479996 -0.48179999
v -1.46360004 1.31250000 -0.35319999
v -1.51339996 1.35029995 -0.28690001
v -1.46959996 1.42110002 -0.40279999
v -1.51540005 1.45330000 -0.33419999
v -1.36590004 1.32330000 -0.64440000
v -1.38619995 1.47739995 -0.66729999
v -1.40960002 1.49430001 -0.59100002
v -1.37660003 1.46599996 -0.74080002
v -1.35339999 1.30439997 -0.72500002
v -1.44190001 1.51670003 -0.51310003
v -1.47979999 1.54219997 -0.43709999
v -1.46060002 1.65400004 -0.53340000
v -1.49559999 1.67060006 -0.46129999
v -1.43110001 1.63909996 -0.60740000
v -1.56869996 1.21940005 -0.09360000
v -1.57219994 1.15149999 -0.01020000
v -1.62909997 1.24899995 -0.06710000
v -1.63580000 1.18840003 0.01430000
v -1.56680000 1.29429996 -0.17110001
v -1.62119997 1.32130003 -0.13760000
v -1.61600006 1.40069997 -0.19960000
v -1.56630003 1.37820005 -0.23710001
v -1.67670000 1.33560002 -0.12090000
v -1.68789995 1.26540005 -0.05410000
v -1.66779995 1.41250002 -0.17980000
v -1.73140001 1.33920002 -0.11770000
v -1.74419999 1.27610004 -0.04840000
v -1.71980000 1.41630006 -0.17340000
v -1.56439996 1.47660005 -0.28250000
v -1.61290002 1.49280000 -0.24540000
v -1.56729996 1.58319998 -0.31750000
v -1.61329997 1.59449995 -0.27900001
v -1.52240002 1.56589997 -0.37000000
v -1.69649994 1.21280003 0.02860000
v -1.64579999 1.12160003 0.09620000
v -1.58109999 1.08290005 0.07300000
v -1.65160000 1.05439997 0.18230000
v -1.58679998 1.01549995 0.15809999
v -1.65110004 0.98549998 0.27430001
v -1.58650005 0.94700003 0.24920000
v -1.53069997 0.96030003 0.12170000
v -1.51830006 1.02970004 0.03520000
v -1.53050005 0.90060002 0.21960001
v -1.70669997 1.15110004 0.11200000
v -1.71449995 1.08399999 0.19960000
v -1.77470005 1.10560000 0.20890000
v -1.76559997 1.17349994 0.12060000
v -1.75489998 1.23109996 0.03590000
v -1.45290005 0.97310001 -0.01010000
v -1.39549994 0.90930003 -0.06290000
v -1.36199999 0.76920003 -0.00120000
v -1.35669994 0.83789998 -0.12010000
v -1.41480005 0.83969998 0.04170000
v -1.33399999 0.68779999 -0.04850000
v -1.33860004 0.75770003 -0.17710000
v -1.34459996 0.63090003 0.07930000
v -1.38010001 0.71429998 0.11790000
v -1.34809995 0.54030001 0.03700000
v -1.33870006 0.59820002 -0.09120000
v -1.35230005 0.58450001 0.20360000
v -1.38709998 0.67189997 0.24110000
v -1.43299997 0.78479999 0.15320000
v -1.42910004 0.74650002 0.27430001
v -1.35650003 0.43660000 0.27390000
v -1.35679996 0.48789999 0.15830000
v -1.35710001 0.54000002 0.32480001
v -1.38900006 0.62930000 0.36530000
v -1.37969995 0.50279999 -0.11900000
v -1.38180006 0.55140001 -0.24130000
v -1.34360003 0.66189998 -0.22090000
v -1.45019996 0.46540001 -0.35940000
v -1.39510000 0.59850001 -0.35960001
v -1.44980001 0.43970001 -0.24470000
v -1.44809997 0.40509999 -0.13100000
v -1.35940003 0.72740000 -0.34299999
v -1.38929999 0.45190001 0.00250000
v -1.45140004 0.36390001 -0.01790000
v -1.39359999 0.39730000 0.11910000
v -1.44490004 0.31110001 0.09180000
v -1.36230004 0.92119998 -0.23450001
v -1.34819996 0.83550000 -0.29809999
v -1.47379994 0.90200001 0.08210000
v -1.47990000 0.84899998 0.18850000
v -1.46370006 0.81260002 0.30440000
v -1.45350003 0.77069998 0.42320001
v -1.42190003 0.70539999 0.39620000
v -1.41970003 0.66180003 0.51670003
v -1.45309997 0.72689998 0.54320002
v -1.50300002 0.81500000 0.44520000
v -1.50559998 0.77160001 0.56199998
v -1.51310003 0.85829997 0.32980001
v -1.37699997 0.58819997 0.48629999
v -1.43620002 0.61360002 0.62650001
v -1.38789999 0.53619999 0.59530002
v -1.46389997 0.68620002 0.65789998
v -1.39600003 0.81349999 -0.46250001
v -1.39520001 0.65520000 -0.48030001
v -1.39900005 0.72630000 -0.61760002
v -1.43260002 0.51289999 -0.62400001
v -1.44579995 0.49100000 -0.47749999
v -1.49100006 0.31840000 -0.57040000
v -1.50549996 0.33399999 -0.46120000
v -1.40499997 0.62910002 -0.76690000
v -1.38750005 0.78759998 -0.75360000
v -1.39839995 0.50480002 -0.81550002
v -1.42709994 0.39449999 -0.72160000
v -1.47200000 0.25979999 -0.66759998
v -1.58940005 0.21580000 -0.45359999
v -1.50979996 0.33140001 -0.35299999
v -1.60270000 0.23060000 -0.35080001
v -1.57019997 0.18780001 -0.55330002
v -1.35490000 0.95679998 -0.76300001
v -1.34230006 1.12800002 -0.78969997
v -1.36880004 0.98019999 -0.87650001
v -1.36699998 1.13600004 -0.88160002
v -1.35880005 1.29719996 -0.80470002
v -1.38409996 1.45899999 -0.81099999
v -1.38610005 1.29649997 -0.88120002
v -1.41040003 1.45410001 -0.87830001
v -1.42130005 1.14970005 -0.96410000
v -1.43529999 1.29890001 -0.95389998
v -1.49510002 1.16270006 -1.03610003
v -1.50080001 1.30239999 -1.02170002
v -1.57099998 1.17250001 -1.10239995
v -1.57060003 1.30630004 -1.08539999
v -1.45430005 1.44990003 -0.94419998
v -1.51119995 1.44669998 -1.00909996
v -1.57270002 1.44540000 -1.07200003
v -1.63230002 1.44620001 -1.12919998
v -1.63499999 1.31029999 -1.14400005
v -1.63849998 1.17970002 -1.16359997
v -1.51970005 1.59249997 -0.99900001
v -1.46959996 1.59889996 -0.93640000
v -1.42920005 1.60570002 -0.87550002
v -1.57410002 1.58819997 -1.06180000
v -1.52260005 1.73810005 -0.99080002
v -1.47650003 1.74520004 -0.92989999
v -1.57210004 1.73230004 -1.05410004
v -1.49849999 1.02999997 -1.05040002
v -1.57560003 1.04470003 -1.12170005
v -1.64359999 1.05369997 -1.18690002
v -1.69729996 1.18509996 -1.21689999
v -1.70379996 1.05879998 -1.24290001
v -1.76069999 1.06120002 -1.28460002
v -1.71130002 0.93199998 -1.27450001
v -1.77180004 0.93120003 -1.31250000
v -1.64870000 0.92900002 -1.21710002
v -1.75179994 1.18910003 -1.25969994
v -1.57980001 0.92040002 -1.14750004
v -1.50450003 0.90359998 -1.06980002
v -1.50220001 0.78259999 -1.09780002
v -1.57620001 0.79949999 -1.18120003
v -1.64610004 0.80659997 -1.25619996
v -1.42170000 1.00759995 -0.97180003
v -1.43270004 0.87519997 -0.98240000
v -1.39129996 0.83539999 -0.87550002
v -1.40550005 0.70200002 -0.88959998
v -1.43780005 0.75120002 -1.00240004
v -1.39649999 0.58350003 -0.92510003
v -1.42649996 0.63559997 -1.03540003
v -1.40400004 1.61210001 -0.81440002
v -1.39810002 1.61860001 -0.74940002
v -1.40900004 1.62720001 -0.68000001
v -1.41970003 1.77209997 -0.68699998
v -1.44319999 1.78209996 -0.61610001
v -1.42159998 1.91579998 -0.69090003
v -1.44780004 1.92449999 -0.62000000
v -1.40730000 1.90810001 -0.75639999
v -1.40730000 1.76400006 -0.75379997
v -1.42030001 2.06040001 -0.69120002
v -1.44799995 2.06760001 -0.61949998
v -1.48420000 2.07369995 -0.54610002
v -1.48140001 1.93270004 -0.54750001
v -1.47389996 1.79289997 -0.54390001
v -1.41659999 2.20670009 -0.68610001
v -1.44439995 2.21199989 -0.61299998
v -1.40139997 2.20099998 -0.75260001
v -1.40509999 2.05360007 -0.75639999
v -1.41059995 1.90170002 -0.81620002
v -1.41209996 1.75779998 -0.81580001
v -1.43710005 1.75189996 -0.87309998
v -1.43390000 1.89559996 -0.87150002
v -2.37140012 0.39660001 -0.28360000
v -2.34089994 0.48249999 -0.48190001
v -2.35829997 0.35949999 -0.45840001
v -2.37829995 0.31510001 -0.29339999
v -2.35570002 0.27360001 -0.44180000
v -2.38170004 0.24210000 -0.29330000
v -2.32080007 0.27540001 -0.58530003
v -2.31590009 0.19599999 -0.56330001
v -2.34640002 0.19900000 -0.42829999
v -2.29349995 0.25799999 -0.72479999
v -2.29999995 0.17360000 -0.69940001
v -2.28169990 0.15260001 -0.83840001
v -2.27480006 0.24320000 -0.86280000
v -2.23850012 0.23819999 -0.99330002
v -2.25180006 0.34509999 -0.88810003
v -2.21840000 0.34700000 -1.01400006
v -2.22199988 0.45919999 -0.91630000
v -2.18919992 0.46610001 -1.03369999
v -2.19280005 0.58050001 -0.94709998
v -2.15680003 0.59200001 -1.05079997
v -2.25200009 0.46210000 -0.79000002
v -2.22429991 0.57940000 -0.83639997
v -2.25440001 0.59030002 -0.72149998
v -2.22930002 0.70859998 -0.78810000
v -2.20749998 0.70209998 -0.88429999
v -2.29099989 0.47290000 -0.65249997
v -2.24189997 0.72970003 -0.69389999
v -2.28329992 0.61500001 -0.60579997
v -2.17429996 0.70859998 -0.97829998
v -2.20939994 0.83370000 -0.92909998
v -2.17149997 0.84509999 -1.00890005
v -2.22799993 0.83569998 -0.84539998
v -2.13120008 0.72500002 -1.06550002
v -2.11319995 0.60769999 -1.14450002
v -2.08220005 0.74430001 -1.14400005
v -2.14759994 0.47760001 -1.13999999
v -2.03800011 0.76209998 -1.21490002
v -2.06940007 0.62379998 -1.22790003
v -2.06130004 0.88599998 -1.14310002
v -2.01410007 0.90340000 -1.20239997
v -2.11820006 0.86489999 -1.07969999
v -2.27710009 0.35280001 -0.75349998
v -2.31480002 0.36440000 -0.61269999
v -2.17379999 0.35420001 -1.12800002
v -2.18829989 0.24140000 -1.11129999
v -2.24440002 0.14229999 -0.97329998
v -2.25939989 0.07750000 -0.81209999
v -2.27760005 0.10300000 -0.67350000
v -2.22810006 0.06060000 -0.95080000
v -2.19039989 0.14240000 -1.09449995
v -2.13100004 0.14620000 -1.20179999
v -2.13170004 0.24850000 -1.21510005
v -2.12140012 0.36410001 -1.22679996
v -2.10060000 0.49059999 -1.23290002
v -2.06240010 0.37329999 -1.30760002
v -2.04959989 0.50190002 -1.30850005
v -2.02609992 0.63760000 -1.29680002
v -1.99109995 0.50950003 -1.36609995
v -1.99559999 0.38000000 -1.37010002
v -1.97660005 0.64609998 -1.34909999
v -2.29419994 0.12800001 -0.54079998
v -2.31730008 0.13650000 -0.41060001
v -2.23119998 0.04980000 -0.64719999
v -2.24880004 0.07630000 -0.51630002
v -2.16939998 0.01220000 -0.61970001
v -2.18659997 0.04070000 -0.48930001
v -2.09060001 -0.00060000 -0.59009999
v -2.10899997 0.02590000 -0.46000001
v -1.97669995 -0.01900000 -0.68030000
v -2.00049996 0.01040000 -0.55629998
v -2.06870008 -0.02830000 -0.72049999
v -1.87800002 0.01070000 -0.63590002
v -1.90279996 0.04100000 -0.52050000
v -1.77620006 0.05860000 -0.59590000
v -1.79990005 0.08630000 -0.48830000
v -2.01950002 0.03570000 -0.42940000
v -1.92190003 0.06450000 -0.40009999
v -1.81949997 0.11030000 -0.37650001
v -1.84630001 -0.01050000 -0.74750000
v -1.94430006 -0.03450000 -0.80030000
v -2.03500009 -0.04320000 -0.84670001
v -2.12709999 0.04410000 -0.33090001
v -2.20630002 0.05530000 -0.36140001
v -2.03719997 0.05550000 -0.30129999
v -2.14860010 -0.01470000 -0.75430000
v -2.21269989 0.02140000 -0.78420001
v -2.11520004 -0.03370000 -0.88620001
v -2.18199992 0.00040000 -0.92089999
v -2.26970005 0.08900000 -0.38850001
v -2.28839993 0.08480000 -0.25659999
v -2.22390008 0.06030000 -0.23019999
v -2.24289989 0.04630000 -0.09390000
v -2.14470005 0.05260000 -0.20000000
v -2.16030002 0.05460000 -0.06440000
v -2.05270004 0.06450000 -0.17100000
v -2.06680012 0.07440000 -0.03780000
v -2.31259990 0.05860000 -0.12070000
v -2.26209998 0.03790000 0.04480000
v -2.33820009 0.03750000 0.01910000
v -2.17449999 0.05460000 0.07270000
v -2.33629990 0.12580000 -0.27640000
v -2.39420009 0.14399999 -0.14880000
v -2.37010002 0.17749999 -0.28909999
v -2.36360002 0.09500000 -0.14000000
v -2.40289998 0.19990000 -0.14760000
v -2.39229989 0.25920001 -0.13940001
v -2.37360001 0.32400000 -0.12480000
v -2.35710001 0.39620000 -0.09880000
v -2.36039996 0.47200000 -0.24290000
v -2.33759999 0.56330001 -0.39289999
v -2.27029991 0.71899998 -0.42570001
v -2.28870010 0.66460001 -0.51190001
v -2.31349993 0.63239998 -0.31740001
v -2.24219990 0.76539999 -0.60490000
v -2.22399998 0.87849998 -0.67850000
v -2.23160005 0.85140002 -0.76179999
v -2.19630003 1.03079998 -0.65359998
v -2.21900010 1.00520003 -0.73329997
v -2.20659995 0.91420001 -0.59320003
v -2.22860003 0.81000000 -0.51709998
v -2.23049998 0.98680001 -0.81120002
v -2.23099995 0.77440000 -0.33899999
v -2.26149988 0.69400001 -0.23950000
v -2.19989991 0.85990000 -0.42690000
v -2.33640003 0.55059999 -0.18910000
v -2.29229999 0.62699997 -0.12600000
v -2.20560002 0.76010001 -0.15970001
v -2.23099995 0.69720000 -0.05800000
v -2.17919993 0.77350003 0.01350000
v -2.25489998 0.64099997 0.04950000
v -2.21390009 0.72430003 0.11460000
v -2.29480004 0.55710000 -0.00960000
v -2.15549994 0.83279997 -0.08030000
v -2.33360004 0.47610000 -0.05980000
v -2.34389997 0.41810000 0.06690000
v -2.31940007 0.50629997 0.10880000
v -2.37360001 0.34240001 0.03580000
v -2.40890002 0.28140000 0.01320000
v -2.44009995 0.22530000 -0.00340000
v -2.48950005 0.20750000 0.13150001
v -2.46259999 0.26470000 0.14430000
v -2.42799997 0.32300001 0.16429999
v -2.39689994 0.39210001 0.18990000
v -2.48270011 0.31270000 0.29449999
v -2.45070004 0.37729999 0.31619999
v -2.36770010 0.47389999 0.22560000
v -2.41520000 0.44909999 0.34819999
v -2.50880003 0.25189999 0.28060001
v -2.52320004 0.29910001 0.42980000
v -2.54740000 0.23459999 0.41819999
v -2.52819991 0.19220001 0.27160001
v -2.56369996 0.17060000 0.40910000
v -2.45370007 0.16660000 -0.01280000
v -2.49460006 0.14760000 0.12729999
v -2.52519989 0.13259999 0.26800001
v -2.47029996 0.09360000 0.13169999
v -2.49390006 0.08290000 0.27149999
v -2.43950009 0.10880000 -0.01190000
v -1.71599996 11.01459980 -0.64359999
v -1.78160000 10.85849953 -0.51859999
v -1.81659997 10.94799995 -0.38560000
v -1.74380004 11.15110016 -0.52999997
v -1.79600000 10.62959957 -0.56160003
v -1.83539999 10.69849968 -0.40570000
v -1.74179995 10.76900005 -0.64899999
v -1.75329995 10.55270004 -0.70800000
v -1.69770002 10.67889977 -0.77789998
v -1.84259999 10.49050045 -0.49820000
v -1.87829995 10.53999996 -0.33790001
v -1.87259996 10.75870037 -0.21960001
v -1.90929997 10.56490040 -0.16859999
v -1.88409996 10.35700035 -0.45410001
v -1.91620004 10.39599991 -0.29409999
v -1.84759998 10.30280018 -0.61360002
v -1.80320001 10.42650032 -0.65399998
v -1.75619996 10.35420036 -0.80400002
v -1.80180001 10.23910046 -0.76719999
v -1.69579995 10.27719975 -0.94150001
v -1.74020004 10.16959953 -0.90679997
v -1.70459998 10.47070026 -0.84979999
v -1.64400005 10.38580036 -0.98180002
v -1.64730000 10.58759975 -0.90679997
v -1.58599997 10.49510002 -1.03009999
v -1.61720002 10.19760036 -1.05900002
v -1.65960002 10.09710026 -1.02470005
v -1.51960003 10.11789989 -1.14890003
v -1.55929995 10.02449989 -1.11380005
v -1.56669998 10.29889965 -1.09630001
v -1.47249997 10.21199989 -1.18620002
v -1.77540004 10.06280041 -0.87570000
v -1.84010005 10.12539959 -0.73740000
v -1.69200003 9.99730015 -0.99190003
v -1.88680005 10.18200016 -0.58370000
v -1.92170000 10.22900009 -0.42370000
v -1.95669997 10.10509968 -0.40169999
v -1.98479998 10.13420010 -0.24150001
v -1.95099998 10.26200008 -0.26409999
v -1.97370005 10.27600002 -0.10650000
v -2.00530005 10.14669991 -0.08530000
v -1.94250000 10.41269970 -0.13300000
v -1.98880005 9.98429966 -0.38409999
v -2.01749992 10.01049995 -0.22340000
v -1.92069995 10.06350040 -0.56099999
v -1.94850004 9.94680023 -0.54210001
v -1.93149996 10.54310036 0.00460000
v -1.95819998 10.40460014 0.02560000
v -1.93579996 10.51329994 0.16110000
v -1.95930004 10.38549995 0.17450000
v -1.92460001 10.48550034 0.30390000
v -1.94640005 10.36450005 0.31430000
v -1.91369998 10.64060020 0.15580000
v -1.90680003 10.68820000 -0.00900000
v -1.90190005 10.60509968 0.29929999
v -1.89260006 10.76099968 0.16580001
v -1.89230001 10.81490040 0.01760000
v -1.87779999 10.72179985 0.30180001
v -1.96819997 10.24279976 0.32890001
v -1.94159997 10.22609997 0.46000001
v -1.92190003 10.34469986 0.44630000
v -1.89919996 10.20779991 0.58289999
v -1.88100004 10.32479954 0.57020003
v -1.96019995 10.10620022 0.47520000
v -1.91520000 10.08909988 0.59680003
v -1.99020004 10.12100029 0.34529999
v -1.98319995 10.25920010 0.19120000
v -2.00819993 10.13449955 0.20880000
v -2.01360011 10.14490032 0.06530000
v -1.98529994 10.27250004 0.04630000
v -1.90020001 10.46199989 0.43599999
v -1.87720001 10.57789993 0.43000001
v -1.83840001 10.55469990 0.55290002
v -1.86080003 10.44040012 0.56010002
v -1.79990005 11.17420006 -0.37239999
v -1.84169996 11.02530003 -0.27460000
v -1.84739995 11.09210014 -0.19130000
v -1.82179999 11.19789982 -0.26830000
v -1.82340002 11.21660042 -0.20140000
v -1.83430004 11.16030025 -0.13320000
v -1.86489999 10.99790001 -0.07970000
v -1.84259999 11.09389973 -0.03390000
v -1.84539998 11.03540039 0.08170000
v -1.87230003 10.92770004 0.05050000
v -1.87450004 10.89560032 -0.13940001
v -1.86800003 10.87549973 0.18279999
v -1.83949995 10.98700047 0.20250000
v -1.81110001 11.19410038 -0.00130000
v -1.80610001 11.24890041 -0.10320000
v -1.81330001 11.14229965 0.10870000
v -1.79970002 11.29500008 -0.19640000
v -1.79009998 11.31459999 -0.29249999
v -1.77100003 11.34879971 -0.07990000
v -1.76559997 11.39750004 -0.18320000
v -1.73510003 11.44939995 -0.05650000
v -1.73000002 11.50430012 -0.16320001
v -1.73959994 11.39509964 0.04990000
v -1.77540004 11.29650021 0.02510000
v -1.75370002 11.43529987 -0.28970000
v -1.76209998 11.32689953 -0.40349999
v -1.72340000 11.46640015 -0.40079999
v -1.67939997 10.90439987 -0.75139999
v -1.63460004 10.80270004 -0.86420000
v -1.58379996 10.70390034 -0.97790003
v -1.52230000 10.60519981 -1.08940005
v -1.44560003 10.50469971 -1.18929994
v -1.45490003 10.71669960 -1.16270006
v -1.37800002 10.60980034 -1.25020003
v -1.37769997 10.82750034 -1.24930000
v -1.30219996 10.71450043 -1.32070005
v -1.51569998 10.82069969 -1.06589997
v -1.43570006 10.93570042 -1.16919994
v -1.56169999 10.92370033 -0.96910000
v -1.47770000 11.04150009 -1.08749998
v -1.59870005 11.02980042 -0.87589997
v -1.50839996 11.14890003 -1.00839996
v -1.37940001 11.15279961 -1.20620000
v -1.40779996 11.26049995 -1.13750005
v -1.62530005 11.14369965 -0.78960001
v -1.33949995 11.04450035 -1.27489996
v -1.28520000 10.93270016 -1.34000003
v -1.22329998 11.14179993 -1.36969995
v -1.21270001 10.81470013 -1.39510000
v -1.21360004 10.59829998 -1.37740004
v -1.28880000 10.50080013 -1.32079995
v -1.11469996 10.48139954 -1.41489995
v -1.18869996 10.39220047 -1.36950004
v -1.25440001 10.30300045 -1.32650006
v -1.07939994 10.28919983 -1.39020002
v -1.14289999 10.20839977 -1.35360003
v -0.96539998 10.19859982 -1.38059998
v -1.02540004 10.12510014 -1.34949994
v -1.00759995 10.36970043 -1.42639995
v -0.89819998 10.27120018 -1.41020000
v -1.19910002 10.12819958 -1.31700003
v -1.31320000 10.21479988 -1.28610003
v -1.35590005 10.40320015 -1.27010000
v -1.41750002 10.30690002 -1.22590005
v -1.02980006 10.56799984 -1.46029997
v -1.12639999 10.69219971 -1.43640006
v -0.93159997 10.64850044 -1.50059998
v -0.92610002 10.44810009 -1.46070004
v -0.83340001 10.52180004 -1.48950005
v -0.81879997 10.71920013 -1.52779996
v -0.72899997 10.58829975 -1.50779998
v -1.50880003 10.40110016 -1.13880002
v -1.63759995 11.27299976 -0.71509999
v -1.62329996 11.42210007 -0.67729998
v -1.60220003 11.56190014 -0.64560002
v -1.52160001 11.63379955 -0.77609998
v -1.58190000 11.69099998 -0.61299998
v -1.50800002 11.75419998 -0.73460001
v -1.56840003 11.81289959 -0.57789999
v -1.49619997 11.87049961 -0.69330001
v -1.41489995 11.92800045 -0.80599999
v -1.48730004 11.98490047 -0.65280002
v -1.40840006 12.03549957 -0.76279998
v -1.55530000 11.93050003 -0.54079998
v -1.60950005 11.87520027 -0.43059999
v -1.62140000 11.75920010 -0.46419999
v -1.64260006 11.63679981 -0.49439999
v -1.68879998 11.59360027 -0.38159999
v -1.66340005 11.71100044 -0.35460001
v -1.68820000 11.66329956 -0.24640000
v -1.71790004 11.55319977 -0.27200001
v -1.65240002 11.82019997 -0.32390001
v -1.66999996 11.76220036 -0.21740000
v -1.69869995 11.60470009 -0.13860001
v -1.67170000 11.50329971 -0.51859999
v -1.70550001 11.34980011 -0.53280002
v -1.55460000 12.04850006 -0.50230002
v -1.48619998 12.10039997 -0.61390001
v -1.56459999 12.17199993 -0.46200001
v -1.49240005 12.21969986 -0.57660002
v -1.60880005 11.98989964 -0.39370000
v -1.62170005 12.10999966 -0.35110000
v -1.40890002 12.25599957 -0.68970001
v -1.40639997 12.14430046 -0.72390002
v -1.41390002 12.37129974 -0.66100001
v -1.50300002 12.34560013 -0.54220003
v -1.58200002 12.30659962 -0.41900000
v -1.31739998 12.17910004 -0.82720000
v -1.42369998 11.81989956 -0.85229999
v -3.88420010 13.43369961 -0.32170001
v -3.80450010 13.53629971 -0.36860001
v -3.95729995 13.61030006 -0.39230001
v -4.00839996 13.51580048 -0.35080001
v -4.11390018 13.58139992 -0.38200000
v -4.06580019 13.67039967 -0.41920000
v -4.15189981 13.72089958 -0.45440000
v -4.20440006 13.63449955 -0.41859999
v -4.22270012 13.76200008 -0.50770003
v -4.10739994 13.79559994 -0.48089999
v -4.16970015 13.83479977 -0.53590000
v -3.99900007 13.81659985 -0.46349999
v -4.06860018 13.86349964 -0.49550000
v -4.02950001 13.74870014 -0.44780001
v -4.12419987 13.90229988 -0.55159998
v -4.16330004 13.92949963 -0.63020003
v -4.21470022 13.86270046 -0.61440003
v -4.27740002 13.79059982 -0.58480000
v -4.32030010 13.80539989 -0.68110001
v -4.25080013 13.88249969 -0.71020001
v -4.35500002 13.80360031 -0.79100001
v -4.28399992 13.89060020 -0.81970000
v -4.37629986 13.78170013 -0.90960002
v -4.30810022 13.87849998 -0.93860000
v -4.22270012 13.97070026 -0.83499998
v -4.24420023 13.97119999 -0.95529997
v -4.19439983 13.95269966 -0.72530001
v -4.39559984 13.71450043 -0.64279997
v -4.34689999 13.70390034 -0.54640001
v -4.42950010 13.70619965 -0.75379997
v -4.11889982 14.00170040 -0.63249999
v -4.14949989 14.02910042 -0.72820002
v -4.08059978 13.97200012 -0.55510002
v -4.28280020 13.67619991 -0.47090000
v -4.41620016 13.60099983 -0.50660002
v -4.34530020 13.57559967 -0.43140000
v -4.26100016 13.53509998 -0.37880000
v -4.40579987 13.46329975 -0.39309999
v -4.31769991 13.42500019 -0.33980000
v -4.48089981 13.48639965 -0.46950001
v -4.03130007 13.93029976 -0.49849999
v -3.99309993 14.00030041 -0.48890001
v -4.03520012 14.04769993 -0.54729998
v -3.97059989 13.87930012 -0.46520001
v -3.94199991 13.94410038 -0.45089999
v -3.89840007 13.82699966 -0.44790000
v -3.91669989 13.76739979 -0.44639999
v -3.81080008 13.77890015 -0.43770000
v -3.81920004 13.72229958 -0.43619999
v -3.93490005 13.69760036 -0.42750001
v -3.82019997 13.64949989 -0.41450000
v -3.87680006 13.88780022 -0.43050000
v -3.84789991 13.95940018 -0.38820001
v -3.90829992 14.01860046 -0.41549999
v -3.95169997 14.07769966 -0.46280000
v -3.73180008 13.99149990 -0.31040001
v -3.80699992 14.04609966 -0.32370001
v -3.77010012 13.90620041 -0.37630001
v -3.79520011 13.83689976 -0.41970000
v -3.86509991 14.10620022 -0.35900000
v -3.98799992 14.13129997 -0.52660000
v -4.07439995 14.08619976 -0.62430000
v -4.02610016 14.18159962 -0.60710001
v -4.05819988 14.22859955 -0.71030003
v -3.97469997 14.28369999 -0.58029997
v -4.00360012 14.34080029 -0.69069999
v -3.94000006 14.22399998 -0.49110001
v -3.91980004 14.38959980 -0.54650003
v -3.94210005 14.45149994 -0.66649997
v -3.88980007 14.32579994 -0.44520000
v -4.12529993 14.15289974 -0.83740002
v -4.10650015 14.12199974 -0.72259998
v -4.07350016 14.26509953 -0.83010000
v -4.01580000 14.38300037 -0.81720001
v -3.90630007 14.16580009 -0.41700000
v -3.80900002 14.20769978 -0.29570001
v -3.85450006 14.26580048 -0.36050001
v -3.75029993 14.14980030 -0.25420001
v -3.79469991 14.37800026 -0.30739999
v -3.74280000 14.32219982 -0.23790000
v -3.67980003 14.26640034 -0.19210000
v -4.16760015 13.48149967 -0.34160000
v -4.22279978 13.37259960 -0.30320001
v -4.27699995 13.25730038 -0.27070001
v -4.17959976 13.19320011 -0.24690001
v -4.12270021 13.30609989 -0.27500001
v -4.06519985 13.41429996 -0.31029999
v -3.95289993 13.33170033 -0.28279999
v -4.01730013 13.22539997 -0.25209999
v -3.83660007 13.23470020 -0.26830000
v -3.90879989 13.13290024 -0.24240001
v -3.80310011 13.03579998 -0.26080000
v -3.97930002 13.02770042 -0.22470000
v -3.88140011 12.93519974 -0.24540000
v -4.08010006 13.11569977 -0.22960000
v -3.72410011 13.13350010 -0.28529999
v -4.23549986 13.07730007 -0.22800000
v -4.14219999 13.00399971 -0.21650000
v -4.32919979 13.13819981 -0.24670000
v -3.75929999 13.33010006 -0.30239999
v -3.64179993 13.22609997 -0.31860000
v -3.54469991 13.13420010 -0.38090000
v -3.46090007 13.22859955 -0.42330000
v -3.55310011 13.31260014 -0.35929999
v -3.62719989 13.04020023 -0.34570000
v -3.67210007 13.41510010 -0.34180000
v -4.37209988 13.30760002 -0.30540001
v -4.51189995 13.21990013 -0.33210000
v -4.42280006 13.18579960 -0.27849999
v -4.46169996 13.34370041 -0.35920000
v -4.55649996 13.09440041 -0.31299999
v -4.47009993 13.06219959 -0.26010001
v -4.63049984 13.11450005 -0.39390001
v -4.58830023 13.23999977 -0.41180000
v -4.66720009 12.99040031 -0.38389999
v -4.59700012 12.96959972 -0.30230001
v -4.71920013 13.00319958 -0.48899999
v -4.68410015 13.12409973 -0.49869999
v -4.64370012 13.24740028 -0.51510000
v -4.51529980 12.93929958 -0.24930000
v -4.63600016 12.84739971 -0.29920000
v -4.56090021 12.81869984 -0.24490000
v -4.70179987 12.86960030 -0.38080001
v -4.53870010 13.36489964 -0.43740001
v -4.59490013 13.37119961 -0.53839999
v -4.53649998 13.49289989 -0.56809998
v -4.37979984 13.01780033 -0.23119999
v -4.43009996 12.89840031 -0.22229999
v -4.34689999 12.84609985 -0.21370000
v -4.29080009 12.96090031 -0.21780001
v -4.26760006 12.78260040 -0.21420000
v -4.20440006 12.89229965 -0.21210000
v -4.19180012 12.71049976 -0.22290000
v -4.12020016 12.81459999 -0.21619999
v -4.33389997 12.67650032 -0.21930000
v -4.26580000 12.61040020 -0.23320000
v -4.40609980 12.73419952 -0.21269999
v -4.48260021 12.78149986 -0.21789999
v -4.53889990 12.66720009 -0.21670000
v -4.46990013 12.62510014 -0.21290000
v -4.60900021 12.70110035 -0.24529999
v -3.70440006 13.62950039 -0.41589999
v -3.66860008 13.55360031 -0.38659999
v -3.60619998 13.61960030 -0.42190000
v -3.58579993 13.57299995 -0.40390000
v -3.53069997 13.60429955 -0.42649999
v -3.48749995 13.54650021 -0.41670001
v -3.45819998 13.39420033 -0.40360001
v -3.37940001 13.48320007 -0.45249999
v -3.56839991 13.47529984 -0.37680000
v -3.41799998 13.61079979 -0.45950001
v -3.32680011 13.56869984 -0.49849999
v -3.29360008 13.64700031 -0.52389997
v -3.26419997 13.52989960 -0.56599998
v -3.23049998 13.62030029 -0.59140003
v -3.23550010 13.50100040 -0.65270001
v -3.19779992 13.59860039 -0.67699999
v -3.26510000 13.71930027 -0.52899998
v -3.19790006 13.70409966 -0.59930003
v -3.23359990 13.79199982 -0.51800001
v -3.16179991 13.78619957 -0.59340000
v -3.19429994 13.86940002 -0.49290001
v -3.11859989 13.86999989 -0.57580000
v -3.14429998 13.95279980 -0.45640001
v -3.06539989 13.95680046 -0.54850000
v -3.06730008 13.87170029 -0.67079997
v -3.01040006 13.96409988 -0.65020001
v -3.11579990 13.78110027 -0.68370003
v -3.32999992 13.79790020 -0.46200001
v -3.35750008 13.73379993 -0.48050001
v -3.29380012 13.87069988 -0.42590001
v -3.15849996 13.69060040 -0.68660003
v -3.14140010 13.68220043 -0.78460002
v -3.09159994 13.77970028 -0.78380001
v -3.18799996 13.58440018 -0.77410001
v -3.38310003 13.67399979 -0.48060000
v -3.50580001 13.64659977 -0.44690001
v -3.60450006 13.66740036 -0.43880001
v -3.59529996 13.71420002 -0.44209999
v -3.48499990 13.69559956 -0.45680001
v -3.27690005 13.39430046 -0.61339998
v -3.27090001 13.37530041 -0.71749997
v -3.23079991 13.48349953 -0.75129998
v -3.33209991 13.28170013 -0.56639999
v -3.31520009 13.25909996 -0.67869997
v -3.36949992 13.13490009 -0.77410001
v -3.32380009 13.25459957 -0.80199999
v -3.37109995 13.14140034 -0.64319998
v -3.28509998 13.36989975 -0.83240002
v -3.35809994 13.26469994 -0.92979997
v -3.31900001 13.37749958 -0.95319998
v -3.39849997 13.14620018 -0.90730000
v -3.40089989 13.17090034 -0.52260000
v -3.47690010 13.06669998 -0.48370001
v -3.43939996 13.02939987 -0.61129999
v -3.42880011 13.01790047 -0.74830002
v -3.30890012 13.43019962 -0.52209997
v -3.37750006 13.32670021 -0.47099999
v -3.24399996 13.47739983 -0.86019999
v -3.19630003 13.58020020 -0.88040000
v -3.27399993 13.48449993 -0.97450000
v -3.22129989 13.58950043 -0.99019998
v -3.71169996 13.68920040 -0.43410000
v -3.70740008 13.74020004 -0.43520001
v -3.69540000 13.79450035 -0.41800001
v -3.67409992 13.86060047 -0.37720001
v -3.56189990 13.82660007 -0.39309999
v -3.58200002 13.76480007 -0.42840001
v -3.46600008 13.74709988 -0.44940001
v -3.44309998 13.80720043 -0.42219999
v -3.52990007 13.90270042 -0.33510000
v -3.41000009 13.87930012 -0.37380001
v -3.36209989 13.96440029 -0.31160000
v -3.24559999 13.95269966 -0.37689999
v -3.48090005 13.99440002 -0.26440001
v -3.63980007 13.94209957 -0.31360000
v -0.88749999 19.46719933 -0.35879999
v -0.92369998 19.47389984 -0.35859999
v -0.89130002 19.49530029 -0.28099999
v -0.85180002 19.51409912 -0.27880001
v -0.96509999 19.49169922 -0.35670000
v -0.93210000 19.51539993 -0.27750000
v -0.94260001 19.49449921 -0.18960001
v -0.90979999 19.50589943 -0.18840000
v -0.96840000 19.50160027 -0.26440001
v -0.92960000 19.45940018 -0.20670000
v -0.96280003 19.45630074 -0.26260000
v -0.91780001 19.41580009 -0.21590000
v -0.96480000 19.40830040 -0.25740001
v -0.95749998 19.34280014 -0.26030001
v -0.90820003 19.34810066 -0.19610000
v -0.97920001 19.29039955 -0.28760001
v -0.93449998 19.26790047 -0.24500000
v -0.92909998 19.29870033 -0.23210000
v -0.89789999 19.29360008 -0.18730000
v -0.89090002 19.28310013 -0.12460000
v -0.87430000 19.30080032 -0.13590001
v -0.90619999 19.26210022 -0.18300000
v -0.91289997 19.23369980 -0.18030000
v -0.90170002 19.26539993 -0.11480000
v -0.88650000 19.24080086 -0.10460000
v -0.88849998 19.20450020 -0.17410000
v -0.90030003 19.18269920 -0.24280000
v -0.93500000 19.21990013 -0.26080000
v -0.89980000 19.32410049 -0.07870000
v -0.89240003 19.33460045 -0.09330000
v -0.87860000 19.34449959 -0.11070000
v -0.88819999 19.32729912 -0.14940000
v -0.88330001 19.37450027 -0.16850001
v -0.87819999 19.41780090 -0.17140000
v -0.87940001 19.35740089 -0.13660000
v -0.87230003 19.39489937 -0.13630000
v -0.90429997 19.43910027 -0.15130000
v -0.99000001 19.23290062 -0.30520001
v -0.98890001 19.16320038 -0.31420001
v -0.94700003 19.16309929 -0.29280001
v -1.00989997 19.16020012 -0.34720001
v -0.99049997 19.07950020 -0.32480001
v -0.97070003 19.09169960 -0.30300000
v -1.00510001 19.06710052 -0.34570000
v -1.02260005 19.15229988 -0.37770000
v -0.96090001 19.01189995 -0.28459999
v -0.93739998 19.03089905 -0.26910001
v -0.97530001 18.99539948 -0.30120000
v -1.01520002 19.23929977 -0.34909999
v -1.01160002 19.30820084 -0.33419999
v -1.00440001 19.32019997 -0.38010001
v -1.01520002 19.23929977 -0.38990000
v -0.93870002 19.10580063 -0.28770000
v -0.91549999 19.15810013 -0.27930000
v -0.90219998 19.12159920 -0.27289999
v -0.91469997 19.05830002 -0.25729999
v -0.88639998 19.08329964 -0.25450000
v -1.00179994 19.36479950 -0.31119999
v -0.99559999 19.38769913 -0.35409999
v -0.99290001 19.40550041 -0.29370001
v -0.98540002 19.43460083 -0.31479999
v -0.99809998 19.47430038 -0.33239999
v -1.01849997 19.41480064 -0.38100001
v -0.92350000 19.45420074 -0.12800001
v -0.90429997 19.46699905 -0.11080000
v -0.90420002 19.39649963 -0.09700000
v -0.90340000 19.39789963 -0.07500000
v -0.87610000 19.46459961 -0.10440000
v -0.87500000 19.49489975 -0.18830000
v -0.84670001 19.50889969 -0.17309999
v -0.85130000 19.57550049 -0.22010000
v -0.84600002 19.54350090 -0.13370000
v -0.85920000 19.63159943 -0.16810000
v -0.85089999 19.58329964 -0.08680000
v -0.86189997 19.68959999 -0.11470000
v -0.85240000 19.62820053 -0.03370000
v -0.84480000 19.51740074 -0.01380000
v -0.84560001 19.54990005 0.04190000
v -0.84289998 19.49119949 -0.05690000
v -0.86320001 19.60880089 -0.29240000
v -0.85890001 19.54439926 -0.33989999
v -0.87080002 19.67539978 -0.24380000
v -0.85030001 19.47209930 -0.08830000
v -0.85939997 19.39240074 -0.04180000
v -0.84200001 19.40559959 -0.01060000
v -0.88459998 19.39389992 -0.05840000
v -0.89050001 19.30649948 -0.06090000
v -0.86629999 19.28280067 -0.04310000
v -0.84829998 19.21680069 -0.10190000
v -0.83990002 19.21059990 -0.04970000
v -0.81230003 19.16309929 -0.09420000
v -0.82349998 19.12439919 -0.10260000
v -0.84560001 19.13809967 -0.10490000
v -0.83929998 19.15959930 -0.09400000
v -0.78259999 19.12299919 -0.09870000
v -0.79540002 19.10549927 -0.09220000
v -0.80610001 19.13299942 -0.16120000
v -0.78280002 19.09359932 -0.13210000
v -0.84490001 19.17840004 -0.17440000
v -0.85500002 19.16850090 -0.07040000
v -0.85839999 19.30690002 0.00140000
v -0.84810001 19.22699928 -0.00940000
v -0.88529998 19.39739990 -0.11590000
v -0.99830002 19.43009949 -0.41000000
v -1.01569998 19.34239960 -0.43750000
v -1.02859998 19.33370018 -0.40849999
v -1.02100003 19.24379921 -0.44659999
v -1.03250003 19.24139977 -0.41900000
v -1.01400006 19.14279938 -0.43239999
v -1.03059995 19.14500046 -0.40689999
v -0.98949999 19.24510002 -0.45620000
v -0.98310000 19.14640045 -0.44260001
v -0.94840002 19.15209961 -0.44340000
v -0.92610002 19.06480026 -0.41220000
v -0.95740002 19.05999947 -0.40189999
v -0.98519999 19.05540085 -0.39039999
v -0.92009997 18.98509979 -0.35249999
v -0.94880003 18.98069954 -0.34040001
v -0.88959998 18.98480034 -0.37020001
v -0.90840000 19.15640068 -0.45460001
v -0.95260000 19.24609947 -0.45109999
v -0.91070002 19.24810028 -0.45699999
v -0.88980001 19.06719971 -0.43329999
v -0.98070002 19.34090042 -0.44330001
v -0.95870000 19.42270088 -0.41319999
v -0.94230002 19.33629990 -0.43650001
v -0.92030001 19.41329956 -0.40830001
v -1.00419998 19.05750084 -0.37000000
v -0.97009999 18.98329926 -0.32260001
v -0.94340003 18.94280052 -0.25560001
v -0.93779999 18.92379951 -0.27329999
v -0.91350001 18.91659927 -0.28950000
v -0.86769998 19.48119926 -0.38600001
v -0.88499999 19.41460037 -0.42030001
v -0.90130001 19.33629990 -0.44459999
v -0.86790001 19.25429916 -0.49120000
v -0.86409998 19.34499931 -0.47999999
v -0.82950002 19.26569939 -0.55879998
v -0.83249998 19.36260033 -0.54710001
v -0.86040002 19.43009949 -0.45899999
v -0.84179997 19.45520020 -0.52770001
v -0.86159998 19.50760078 -0.43050000
v -0.85420001 19.54179955 -0.50120002
v -0.86629999 19.57959938 -0.39500001
v -0.86360002 19.62389946 -0.46869999
v -0.87300003 19.65139961 -0.35589999
v -0.87140000 19.70459938 -0.43230000
v -0.84439999 19.67539978 -0.56559998
v -0.85180002 19.76449966 -0.52789998
v -0.87650001 19.78709984 -0.39109999
v -0.85630000 19.85320091 -0.48400000
v -0.87889999 19.72649956 -0.31290001
v -0.81930000 19.48760033 -0.62230003
v -0.83399999 19.58359909 -0.59750003
v -0.78740001 19.52219963 -0.72990000
v -0.80199999 19.62750053 -0.70639998
v -0.74019998 19.55489922 -0.83999997
v -0.75319999 19.66990089 -0.81699997
v -0.81190002 19.72879982 -0.67420000
v -0.76179999 19.78079987 -0.78399998
v -0.80309999 19.38689995 -0.63889998
v -0.76920003 19.41309929 -0.74390000
v -0.79110003 19.28219986 -0.64730000
v -0.73670000 19.18549919 -0.74199998
v -0.78179997 19.17490005 -0.64550000
v -0.75169998 19.30030060 -0.74809998
v -0.82429999 19.16609955 -0.55830002
v -0.86400002 19.16080093 -0.48940000
v -0.84930003 19.06749916 -0.47409999
v -0.81129998 19.06579971 -0.54390001
v -0.85720003 18.98139954 -0.40020001
v -0.82309997 18.97489929 -0.44679999
v -0.78890002 18.96619987 -0.51670003
v -0.76859999 19.06699944 -0.63020003
v -0.72060001 19.07049942 -0.72350001
v -0.66600001 19.07309914 -0.81720001
v -0.68559998 19.19389915 -0.84119999
v -0.60000002 19.07349968 -0.90490001
v -0.62150002 19.19879913 -0.93480003
v -0.70410001 19.31579971 -0.85229999
v -0.64130002 19.32699966 -0.95109999
v -0.69940001 18.95770073 -0.69239998
v -0.74769998 18.96050072 -0.60170001
v -0.64319998 18.95579910 -0.78160000
v -0.83600003 19.09339905 -0.10240000
v -0.79890001 19.07099915 -0.10240000
v -0.82440001 19.04689980 -0.09370000
v -0.84729999 19.06310081 -0.08440000
v -0.80849999 19.03709984 -0.11980000
v -0.83969998 19.01370049 -0.10750000
v -0.85470003 19.01880074 -0.15600000
v -0.81430000 19.05209923 -0.15800001
v -0.84939998 19.01329994 -0.06430000
v -0.86089998 18.95829964 -0.11840000
v -0.84850001 18.93420029 -0.08800000
v -0.87629998 18.91790009 -0.13480000
v -0.86500001 18.88750076 -0.11890000
v -0.89579999 18.90229988 -0.16900000
v -0.88069999 18.93980026 -0.15620001
v -0.89569998 18.93600082 -0.18580000
v -0.87360001 18.97349930 -0.15899999
v -0.89999998 18.98310089 -0.21540000
v -0.84350002 19.08410072 -0.21300000
v -0.87900001 19.03280067 -0.21160001
v -0.86739999 19.14290047 -0.23450001
v -0.91329998 18.93280029 -0.21160001
v -0.92940003 18.96349907 -0.24160001
v -0.91780001 18.90929985 -0.21160001
v -0.91079998 18.88229942 -0.22020000
v -0.88309997 18.86890030 -0.23270001
v -0.88679999 18.86940002 -0.16490000
v -0.85790002 18.84900093 -0.17230000
v -0.83600003 18.85630035 -0.11740000
v -0.82260001 18.84189987 -0.18030000
v -0.80760002 18.82889938 -0.13249999
v -0.77560002 18.77709961 -0.10000000
v -0.81680000 18.88349915 -0.06010000
v -0.80519998 18.86039925 0.03050000
v -0.83020002 18.95199966 0.05740000
v -0.84100002 18.97710037 -0.01370000
v -0.85479999 19.05909920 0.02430000
v -0.85860002 19.08300018 -0.02450000
v -0.84560001 19.03770065 0.09040000
v -0.79979998 18.84840012 0.11590000
v -0.77420002 18.75639915 0.02230000
v -0.77550000 18.76119995 0.11970000
v -0.81730002 18.93009949 0.13869999
v -0.79280001 18.82150078 -0.17749999
v -0.79909998 18.82859993 -0.24670000
v -0.84399998 18.86540031 -0.24010000
v -0.76230001 18.72150040 -0.18730000
v -0.84480000 18.90859985 -0.31900001
v -0.88000000 18.91839981 -0.30070001
v -0.86049998 19.10849953 -0.06090000
v -0.85869998 19.12700081 -0.09180000
v -0.85670000 19.16440010 -0.03320000
v -0.85650003 19.15279961 0.00860000
v -0.85149997 19.22800064 0.03530000
v -0.85250002 19.31690025 0.04900000
v -0.85250002 19.32439995 0.10940000
v -0.84299999 19.44330025 0.09870000
v -0.84090000 19.42259979 0.03530000
v -0.85750002 19.22400093 0.09010000
v -0.85750002 19.13890076 0.05940000
v -0.85460001 19.12350082 0.12690000
v -0.85909998 19.21629906 0.16260000
v -0.81910002 19.41419983 0.32870001
v -0.79310000 19.51580048 0.38389999
v -0.80390000 19.58779907 0.28659999
v -0.83270001 19.47480011 0.20400000
v -0.81650001 19.67469978 0.19859999
v -0.76760000 19.68210030 0.36530000
v -0.77990001 19.76199913 0.28290001
v -0.72380000 19.76799965 0.44839999
v -0.73490000 19.84930038 0.36950001
v -0.72170001 19.68980026 0.52800000
v -0.67470002 19.75900078 0.61070001
v -0.67350000 19.84449959 0.53399998
v -0.61390001 19.90900040 0.61849999
v -0.61790001 19.81520081 0.69199997
v -0.68120003 19.93120003 0.45680001
v -0.69669998 20.01569939 0.37880000
v -0.75029999 19.92970085 0.28999999
v -0.71319997 20.09639931 0.29699999
v -0.76630002 20.00769997 0.20870000
v -0.79530001 19.84210014 0.20160000
v -0.82910001 19.75749969 0.11430000
v -0.80989999 19.91939926 0.11990000
v -0.84160000 19.83379936 0.03230000
v -0.78039998 20.08250046 0.12490000
v -0.82300001 19.99349976 0.03770000
v -0.85229999 19.90570068 -0.04780000
v -0.83899999 19.59700012 0.11640000
v -0.84829998 19.68400002 0.03250000
v -0.85740000 19.75559998 -0.04900000
v -0.72649997 20.17250061 0.21070001
v -0.73619998 20.24419975 0.12140000
v -0.79079998 20.15430069 0.03900000
v -0.66079998 20.39349937 0.09190000
v -0.73490000 20.30890083 0.02810000
v -0.66769999 20.33359909 0.19520000
v -0.66430002 20.26289940 0.29269999
v -0.78930002 20.22120094 -0.04990000
v -0.65249997 20.18359947 0.38339999
v -0.57220000 20.26189995 0.45890000
v -0.63520002 20.09709930 0.46669999
v -0.55980003 20.16900063 0.54799998
v -0.57810003 20.34309959 0.35900000
v -0.62040001 20.00519943 0.54430002
v -0.54750001 20.06739998 0.62650001
v -0.45359999 20.11260033 0.69099998
v -0.46320000 20.22389984 0.61210001
v -0.35650000 20.26609993 0.66000003
v -0.34970000 20.14699936 0.74000001
v -0.47029999 20.32159996 0.51510000
v -0.35949999 20.36680031 0.55489999
v -0.54060000 19.96030045 0.69599998
v -0.44830000 19.99620056 0.75690001
v -0.54180002 19.85700035 0.76200002
v -0.45030001 19.88619995 0.81830001
v -0.68610001 19.68219948 0.68279999
v -0.62690002 19.73209953 0.75760001
v -0.72689998 19.61870003 0.60479999
v -0.76139998 19.60759926 0.45070001
v -0.75760001 19.54120064 0.53590000
v -0.78109998 19.45330048 0.47979999
v -0.73960000 19.48159981 0.61059999
v -0.75340003 19.39629936 0.57110000
v -0.69809997 19.43659973 0.66769999
v -0.69470000 19.33939934 0.66750002
v -0.65369999 19.42029953 0.70160002
v -0.63480002 19.36179924 0.71240002
v -0.63870001 19.25259972 0.75700003
v -0.59299999 19.30509949 0.76310003
v -0.73650002 19.24629974 0.63889998
v -0.67909998 19.17099953 0.74049997
v -0.77640003 19.30710030 0.53570002
v -0.69360000 19.50209999 0.70580000
v -0.71969998 19.55330086 0.66600001
v -0.80280000 19.36009979 0.43460000
v -0.81840003 19.26219940 0.39300001
v -0.79339999 19.21409988 0.49570000
v -0.83810002 19.30220032 0.29049999
v -0.68239999 19.61199951 0.73479998
v -0.62580001 19.66080093 0.80170000
v -0.66460001 19.55509949 0.76440001
v -0.61619997 19.60239983 0.82669997
v -0.63450003 19.51029968 0.77810001
v -0.59390002 19.55330086 0.83399999
v -0.56400001 19.51169968 0.82929999
v -0.59759998 19.47439957 0.78119999
v -0.65520000 19.46689987 0.73060000
v -0.61409998 19.44140053 0.74220002
v -0.62029999 19.41620064 0.71789998
v -0.55239999 19.44840050 0.76679999
v -0.52490002 19.48310089 0.80909997
v -0.50819999 19.41740036 0.74650002
v -0.57169998 19.41519928 0.74089998
v -0.53649998 19.38120079 0.76069999
v -0.48750001 19.46030045 0.77850002
v -0.50800002 19.54750061 0.87750000
v -0.53210002 19.59239960 0.88940001
v -0.47830001 19.51679993 0.84829998
v -0.55110002 19.64439964 0.88859999
v -0.55150002 19.70149994 0.86140001
v -0.45339999 19.61470032 0.93500000
v -0.46790001 19.67239952 0.94239998
v -0.43370000 19.56879997 0.91159999
v -0.36849999 19.61479950 0.97090000
v -0.37149999 19.67889977 0.98079997
v -0.37210000 19.57620049 0.93750000
v -0.46110001 19.72710037 0.91039997
v -0.36160001 19.73609924 0.95099998
v -0.45480001 19.79459953 0.87010002
v -0.54809999 19.77009964 0.82020003
v -0.35580000 19.80879974 0.91530001
v -0.84909999 19.32799911 0.19140001
v -0.84810001 19.19680023 0.25220001
v -0.82510000 19.16399956 0.34930000
v -0.79670000 19.11969948 0.44639999
v -0.76090002 19.06360054 0.53939998
v -0.79040003 19.02729988 0.39080000
v -0.75309998 18.97270012 0.47090000
v -0.77929997 18.93840027 0.33170000
v -0.74159998 18.88249969 0.39770001
v -0.70050001 18.81599998 0.45739999
v -0.70910001 18.90719986 0.54210001
v -0.73449999 18.79610062 0.32040000
v -0.69590002 18.72450066 0.37160000
v -0.77010000 18.85759926 0.26949999
v -0.76999998 18.79389954 0.20209999
v -0.73809999 18.71949959 0.23819999
v -0.79089999 18.84740067 0.17839999
v -0.79809999 18.90430069 0.21290000
v -0.80900002 18.98299980 0.25650001
v -0.74409997 18.66259956 0.14880000
v -0.70330000 18.56500053 0.19530000
v -0.69999999 18.63800049 0.28430000
v -0.74040002 18.62999916 0.05470000
v -0.69430000 18.50950050 0.10620000
v -0.65920001 18.73979950 0.51599997
v -0.65640002 18.64450073 0.42629999
v -0.61690003 18.65629959 0.57760000
v -0.61430001 18.55410004 0.48580000
v -0.65840000 18.55319977 0.33800000
v -0.61129999 18.46109962 0.39600000
v -0.66180003 18.83279991 0.60740000
v -0.65539998 18.92149925 0.69919997
v -0.71340001 18.99600029 0.62449998
v -0.63270003 19.01090050 0.77789998
v -0.70510000 19.08340073 0.69529998
v -0.59710002 19.10330009 0.82370001
v -0.55140001 18.94490051 0.84710002
v -0.49950001 19.04560089 0.89359999
v -0.59240001 18.84830093 0.76609999
v -0.75910002 19.15509987 0.59810001
v -0.61269999 18.75489998 0.67150003
v -0.56089997 18.68409920 0.73740000
v -0.52789998 18.78540039 0.82999998
v -0.57029998 18.57259941 0.64380002
v -0.81980002 19.07060051 0.30270001
v -0.84219998 19.10210037 0.21150000
v -0.83090001 19.01429939 0.17240000
v -2.09279990 15.64799976 -0.08950000
v -2.08109999 15.57559967 -0.19059999
v -2.04450011 15.54080009 -0.17110001
v -2.05150008 15.62489986 -0.05980000
v -2.08439994 15.52180004 -0.30070001
v -2.11199999 15.58539963 -0.20100001
v -2.10369992 15.52929974 -0.30399999
v -2.14240003 15.57709980 -0.20570000
v -2.12439990 15.52120018 -0.30520001
v -2.17379999 15.55370045 -0.20660000
v -2.14730000 15.49930000 -0.30410001
v -2.20679998 15.51749992 -0.20500000
v -2.17269993 15.46560001 -0.30129999
v -2.13299990 15.45569992 -0.40709999
v -2.11689997 15.47620010 -0.40900001
v -2.12709999 15.42300034 -0.51289999
v -2.11599994 15.44200039 -0.51459998
v -2.10780001 15.44970036 -0.51529998
v -2.10369992 15.48439980 -0.40939999
v -2.09279990 15.47900009 -0.40889999
v -2.08430004 15.45969963 -0.40900001
v -2.10220003 15.44519997 -0.51520002
v -2.06680012 15.49720001 -0.29890001
v -2.12630010 15.40180016 -0.61949998
v -2.14140010 15.39400005 -0.51050001
v -2.12800002 15.39270020 -0.72549999
v -2.15879989 15.35620022 -0.50790000
v -2.17919993 15.31060028 -0.50540000
v -2.17409992 15.38339996 -0.40059999
v -2.19899988 15.33419991 -0.39700001
v -2.15210009 15.42430019 -0.40419999
v -2.24140000 15.47039986 -0.20180000
v -2.20050001 15.42160034 -0.29750001
v -2.27810001 15.41390038 -0.19750001
v -2.23099995 15.36870003 -0.29319999
v -2.31699991 15.34930038 -0.19239999
v -2.26419997 15.30809975 -0.28870001
v -2.34249997 15.46879959 -0.11430000
v -2.38720012 15.40060043 -0.10910000
v -2.42470002 15.53170013 -0.04910000
v -2.47460008 15.46020031 -0.04460000
v -2.35870004 15.27779961 -0.18660000
v -2.43409991 15.32540035 -0.10240000
v -2.52620006 15.38210011 -0.03730000
v -2.29940009 15.52890015 -0.11780000
v -2.37579989 15.59539986 -0.05050000
v -2.25740004 15.57940006 -0.11920000
v -2.32660007 15.64999962 -0.04850000
v -2.22709990 15.27760029 -0.39350000
v -2.20289993 15.25800037 -0.50319999
v -2.23060012 15.19900036 -0.50150001
v -2.25889993 15.21440029 -0.39030001
v -2.30080009 15.24050045 -0.28410000
v -2.21589994 15.61859989 -0.11830000
v -2.27589989 15.69379997 -0.04340000
v -2.22270012 15.72360039 -0.03480000
v -2.28800011 15.81639957 0.02930000
v -2.35540009 15.77910042 0.01370000
v -2.17459989 15.64439964 -0.11430000
v -2.13350010 15.65470028 -0.10570000
v -2.16810012 15.73620033 -0.02220000
v -2.11549997 15.73139954 -0.00320000
v -2.21409988 15.83110046 0.04770000
v -2.26719999 15.94219971 0.10300000
v -2.37299991 15.92879963 0.07480000
v -2.31719995 16.07189941 0.14350000
v -2.48930001 16.07929993 0.09600000
v -2.17350006 15.93400002 0.12960000
v -2.19199991 16.05360031 0.17630000
v -2.14470005 15.82629967 0.06960000
v -2.45689988 15.87479973 0.04780000
v -2.41529989 15.72780037 0.00180000
v -2.47020006 15.66740036 -0.00560000
v -2.52320004 15.59980011 -0.00790000
v -2.57669997 15.52560043 -0.00510000
v -2.63470006 15.66919994 0.00360000
v -2.68899989 15.59300041 0.00360000
v -2.58089995 15.74129963 0.01130000
v -2.52370000 15.81019974 0.02630000
v -2.65219998 15.89210033 0.01930000
v -2.70530009 15.81219959 -0.00450000
v -2.58559990 15.97809982 0.05140000
v -2.06660008 15.71070004 0.02630000
v -2.00939989 15.59379959 -0.00330000
v -2.02189994 15.67730045 0.07040000
v -1.97099996 15.55480003 0.06410000
v -1.98199999 15.63249969 0.12480000
v -1.93610001 15.50510025 0.13100000
v -1.94579995 15.57750034 0.18490000
v -1.91400003 15.59259987 0.30350000
v -1.94949996 15.65939999 0.24190000
v -1.91129994 15.51560020 0.24869999
v -1.87909997 15.52289963 0.36899999
v -1.87609994 15.45049953 0.31510001
v -1.84259999 15.45349979 0.43630001
v -1.83800006 15.38580036 0.38280001
v -1.87010002 15.60270023 0.42510000
v -1.90470004 15.67759991 0.36010000
v -1.84220004 15.68659973 0.48080000
v -1.87769997 15.76729965 0.41600001
v -1.78980005 15.76669979 0.53170002
v -1.82770002 15.85410023 0.46830001
v -1.71730006 15.83570004 0.57560003
v -1.75559998 15.92819977 0.51400000
v -1.91709995 15.84570026 0.35479999
v -1.87030005 15.94009972 0.40610000
v -1.79999995 16.02099991 0.45109999
v -1.80569994 15.60729980 0.54629999
v -1.75129998 15.68159962 0.59410000
v -1.83459997 15.52849960 0.49190000
v -1.94180000 15.74979973 0.29929999
v -1.79330003 15.45759964 0.55809999
v -1.80180001 15.38669968 0.50340003
v -1.75339997 15.32400036 0.56849998
v -1.74339998 15.39060020 0.62150002
v -1.79550004 15.32349968 0.45019999
v -1.74710000 15.26490021 0.51580000
v -1.86670005 15.38640022 0.26539999
v -1.82770002 15.32540035 0.33340001
v -1.85599995 15.32950020 0.22080000
v -1.81690001 15.27099991 0.28870001
v -1.89129996 15.38770008 0.15290000
v -1.90209997 15.44750023 0.19790000
v -1.92470002 15.44139957 0.08390000
v -1.95879996 15.48519993 0.00940000
v -1.88250005 15.33430004 0.11470000
v -1.84780002 15.27770042 0.18130000
v -1.91450000 15.38570023 0.04780000
v -1.80920005 15.22010040 0.24830000
v -1.77279997 15.21469975 0.35609999
v -1.78400004 15.26690006 0.40090001
v -1.72329998 15.16170025 0.42179999
v -1.73469996 15.21189976 0.46660000
v -1.76569998 15.16419983 0.31540000
v -1.71720004 15.11120033 0.38139999
v -1.98810005 15.71920013 0.18590000
v -1.98399997 15.81490040 0.24470000
v -2.03449988 15.86890030 0.19790000
v -2.03220010 15.76850033 0.13750000
v -2.02220011 15.97700024 0.25060001
v -2.09619999 16.02260017 0.21010000
v -2.09649992 15.90900040 0.15979999
v -2.08389997 15.80469990 0.09850000
v -2.07540011 16.13960075 0.24690001
v -2.18650007 16.17849922 0.20760000
v -2.03349996 16.24959946 0.26690000
v -2.15860009 16.29610062 0.21600001
v -2.10870004 16.40760040 0.21080001
v -2.25530005 16.45619965 0.15260001
v -2.30329990 16.33569908 0.16900000
v -1.97039998 16.35420036 0.27540001
v -2.32559991 16.20849991 0.17190000
v -1.98909998 16.08720016 0.29380000
v -1.93260002 16.18829918 0.32580000
v -1.85679996 16.10950089 0.38800001
v -1.92240000 16.01939964 0.34729999
v -1.84609997 16.28529930 0.35159999
v -1.76540005 16.18939972 0.42460001
v -1.96399999 15.91709995 0.29910001
v -1.99810004 15.51280022 -0.08430000
v -1.97590005 15.44890022 -0.09570000
v -1.94550002 15.42609978 -0.02160000
v -1.96589994 15.39780045 -0.10890000
v -1.93789995 15.37510014 -0.04460000
v -1.90890002 15.33570004 0.01830000
v -1.87810004 15.28499985 0.08120000
v -1.84430003 15.22840023 0.14530000
v -1.80659997 15.17029953 0.21100000
v -1.84630001 15.17920017 0.11070000
v -1.80949998 15.11950016 0.17460001
v -1.87909997 15.23700047 0.04960000
v -1.90859997 15.28849983 -0.00850000
v -1.91349995 15.24230003 -0.03610000
v -1.88530004 15.18840027 0.01700000
v -2.00900006 15.48369980 -0.15740000
v -0.62650001 17.99110031 -0.03600000
v -0.57920003 18.06559944 0.04660000
v -0.64219999 18.23360062 -0.02690000
v -0.67989999 18.15719986 -0.16630000
v -0.69660002 18.41340065 -0.08300000
v -0.60740000 18.29680061 0.08880000
v -0.68470001 18.45669937 0.01620000
v -0.63470000 18.40019989 0.16720000
v -0.65460002 18.47279930 0.25110000
v -0.59780002 18.38409996 0.30910000
v -0.52789998 18.28700066 0.36100000
v -0.55309999 18.35829926 0.45269999
v -0.57309997 18.32110023 0.22900000
v -0.50209999 18.22579956 0.27540001
v -0.55500001 18.26440048 0.16980000
v -0.49680001 18.16749954 0.19920000
v -0.53119999 18.12630081 0.12480000
v -0.42870000 18.05170059 0.23930000
v -0.46340001 17.98620033 0.17230000
v -0.42490000 18.12150002 0.31709999
v -0.35859999 17.93790054 0.27700001
v -0.39520001 17.86100006 0.21460000
v -0.51650000 17.92219925 0.11310000
v -0.44859999 17.79330063 0.16509999
v -0.44610000 18.18750000 0.40459999
v -0.47839999 18.25289917 0.50290000
v -0.34670001 18.01869965 0.35299999
v -0.35940000 18.09259987 0.43900001
v -0.29969999 18.07399940 0.56840003
v -0.39250001 18.15130043 0.53420001
v -0.27000001 18.01070023 0.46980000
v -0.42330000 18.20450020 0.63300002
v -0.49739999 18.34410095 0.62470001
v -0.56440002 18.45280075 0.55000001
v -0.34740001 18.11829948 0.65869999
v -0.27350000 18.06719971 0.70749998
v -0.19460000 18.02339935 0.62169999
v -0.17730001 17.94989967 0.49910000
v -0.26510000 17.92499924 0.38319999
v -0.28130001 17.83239937 0.30770001
v -0.17890000 17.84959984 0.40920001
v -0.19450000 17.74320030 0.33329999
v -0.31659999 17.74559975 0.24789999
v -0.22310001 17.64380074 0.27430001
v -0.73220003 18.57539940 -0.13460000
v -0.73350000 18.60980034 -0.04330000
v -0.70999998 18.38409996 -0.19110000
v -0.69160002 18.24609947 -0.30000001
v -0.70459998 18.39970016 -0.29850000
v -0.67540002 18.27659988 -0.40450001
v -0.67619997 18.40800095 -0.39629999
v -0.69760001 18.13549995 -0.33730000
v -0.69590002 18.10000038 -0.26130000
v -0.72259998 18.02910042 -0.36820000
v -0.71579999 18.00130081 -0.28459999
v -0.68980002 18.15819931 -0.42809999
v -0.72310001 18.04940033 -0.45670000
v -0.67400002 18.16580009 -0.52310002
v -0.71410000 18.05830002 -0.55040002
v -0.64870000 18.28199959 -0.50129998
v -0.69929999 17.97559929 -0.19410001
v -0.74239999 17.85580063 -0.23210000
v -0.71259999 17.79109955 -0.14520000
v -0.66530001 17.88610077 -0.09400000
v -0.57169998 17.85689926 0.05410000
v -0.62080002 17.78370094 -0.00480000
v -0.64270002 18.52820015 -0.48930001
v -0.63810003 18.40509987 -0.48899999
v -0.68570000 18.53759956 -0.40200001
v -0.59710002 18.39649963 -0.57819998
v -0.61479998 18.27709961 -0.59359998
v -0.54740000 18.50569916 -0.65770000
v -0.55119997 18.38590050 -0.66240001
v -0.59660000 18.51709938 -0.57539999
v -0.49730000 18.37439919 -0.73850000
v -0.51599997 18.25539970 -0.75770003
v -0.57120001 18.26770020 -0.68000001
v -0.49190000 18.49460030 -0.73220003
v -0.56000000 18.62240028 -0.66990000
v -0.61220002 18.63330078 -0.58819997
v -0.65969998 18.64550018 -0.50300002
v -0.71799999 18.54420090 -0.31380001
v -0.70190001 18.65889931 -0.41880000
v -0.73430002 18.67320061 -0.33890000
v -0.75279999 18.69109917 -0.26339999
v -0.73189998 18.55190086 -0.22420000
v -0.72630000 18.76829910 -0.44620001
v -0.75680000 18.78520012 -0.37220001
v -0.77880001 18.80459976 -0.30840001
v -0.31990001 18.58029938 0.98049998
v -0.32679999 18.52869987 0.95490003
v -0.30210000 18.56399918 0.95779997
v -0.28909999 18.58550072 0.97939998
v -0.28860000 18.54560089 0.95999998
v -0.27900001 18.56270027 0.95950001
v -0.28569999 18.57390022 0.95899999
v -0.26449999 18.52960014 0.98470002
v -0.25850001 18.55820084 0.97939998
v -0.23010001 18.51210022 1.02339995
v -0.22229999 18.54899979 1.01510000
v -0.17020001 18.54059982 1.05750000
v -0.17890000 18.49860001 1.06719995
v -0.22620000 18.57760048 1.00689995
v -0.26660001 18.57929993 0.97689998
v -0.16940001 18.57279968 1.04250002
v -0.09670000 18.53849983 1.09490001
v -0.10200000 18.49360085 1.10520005
v -0.23680000 18.46439934 1.01979995
v -0.18400000 18.44779968 1.06029999
v -0.24550000 18.40769958 1.00860000
v -0.18780001 18.38949966 1.04540002
v -0.19390000 18.32029915 1.03040004
v -0.26120001 18.34009933 0.98930001
v -0.30350000 18.39179993 0.96079999
v -0.28310001 18.44179916 0.97740000
v -0.27270001 18.48999977 0.98400003
v -0.10430000 18.44300079 1.09490001
v -0.10430000 18.38859940 1.07410002
v 0.00000000 18.53800011 1.10730004
v 0.00010000 18.57609940 1.08550000
v -0.09690000 18.57329941 1.07550001
v 0.00000000 18.59860039 1.09660006
v -0.04450000 18.59670067 1.09080005
v -0.00000000 18.60729980 1.11580002
v -0.11780000 18.59950066 1.07819998
v -0.05970000 18.61179924 1.11389995
v -0.13970000 18.62470055 1.10520005
v 0.00000000 18.49290085 1.11960006
v -0.18950000 18.59560013 1.04719996
v -0.24910000 18.59410095 1.01230001
v -0.22030000 18.61409950 1.06200004
v -0.28180000 18.60519981 1.01929998
v -0.31880000 18.61860085 1.01909995
v -0.35589999 18.57530022 0.97409999
v -0.39250001 18.57379913 0.95550001
v -0.40189999 18.48600006 0.90899998
v -0.36530000 18.50530052 0.94050002
v -0.35760000 18.41990089 0.92360002
v -0.32539999 18.45509911 0.94859999
v -0.39350000 18.39229965 0.87879997
v -0.42879999 18.57850075 0.92079997
v -0.43860000 18.47660065 0.85979998
v -0.35580000 18.63579941 1.00969994
v -0.39080000 18.65810013 0.98729998
v -0.29990000 18.51269913 0.96060002
v -0.30430001 18.47299957 0.95980000
v -1.71080005 12.26369953 -0.12140000
v -1.67719996 12.42230034 -0.22020000
v -1.64789999 12.24650002 -0.29740000
v -1.68280005 12.14260006 -0.19480000
v -1.65840006 12.03059959 -0.24830000
v -1.67400002 11.93949986 -0.14890000
v -1.69669998 12.03120041 -0.10180000
v -1.69920003 11.92290020 -0.01220000
v -1.67840004 11.84570026 -0.05200000
v -1.67420006 11.75759983 0.04560000
v -1.69529998 11.82460022 0.07870000
v -1.66989994 11.68369961 0.14520000
v -1.68680000 11.74310017 0.17260000
v -1.66910005 11.69340038 0.01870000
v -1.66840005 11.62539959 0.12170000
v -1.66970003 11.77169991 -0.08350000
v -1.66649997 11.85219955 -0.18600000
v -1.67729998 11.69340038 -0.11170000
v -1.67970002 11.62349987 -0.00660000
v -1.68169999 11.56050014 0.09860000
v -1.70309997 11.54249954 -0.03180000
v -1.70690000 11.48419952 0.07450000
v -1.64690006 11.92430019 -0.28900000
v -1.66680002 11.62769985 0.24490000
v -1.67970002 11.68319988 0.26699999
v -1.70249999 11.74230003 0.29359999
v -1.71410000 11.80939960 0.20890000
v -1.71130002 11.75430012 0.38029999
v -1.72409999 11.80340004 0.32960001
v -1.69340003 11.70310020 0.37120000
v -1.68710005 11.69859982 0.44670001
v -1.71060002 11.77519989 0.43329999
v -1.67120004 11.71010017 0.52450001
v -1.69620001 11.80659962 0.50230002
v -1.66700006 11.62759972 0.44440001
v -1.64929998 11.62310028 0.52929997
v -1.67420006 11.64529991 0.35749999
v -1.73090005 11.85799980 0.38800001
v -1.73850000 11.88220024 0.25900000
v -1.72379994 11.89980030 0.12350000
v -1.74880004 11.98270035 0.18359999
v -1.74730003 11.95530033 0.32550001
v -1.75629997 12.06620026 0.25870001
v -1.72880006 12.00809956 0.04090000
v -1.75230002 12.09879971 0.11100000
v -1.66349995 11.58819962 0.34150001
v -1.65559995 11.56180000 0.43419999
v -1.63499999 11.54489994 0.52319998
v -1.59490001 11.53359985 0.60579997
v -1.63170004 11.47169971 0.51169997
v -1.58710003 11.45139980 0.59609997
v -1.65590000 11.49730015 0.42019999
v -1.61350000 11.62419987 0.60960001
v -1.66559994 11.52980042 0.32420000
v -1.68099999 11.46500015 0.30540001
v -1.66900003 11.42829990 0.40410000
v -1.68330002 11.50809956 0.20320000
v -1.66799998 11.57139969 0.22440000
v -1.72580004 12.12969971 -0.03900000
v -1.74730003 12.22640038 0.04330000
v -1.73280001 12.36369991 -0.01950000
v -1.75680006 12.18729973 0.19520000
v -1.74870002 12.31579971 0.13760000
v -1.73710001 12.26459980 0.28690001
v -1.72630000 12.39190006 0.23690000
v -1.70899999 12.52299976 0.19430000
v -1.73259997 12.45040035 0.08740000
v -1.71130002 12.59109974 0.04660000
v -1.68820000 12.65769958 0.16020000
v -1.71060002 12.51369953 -0.07530000
v -1.68309999 12.45180035 0.33620000
v -1.66589999 12.57999992 0.29899999
v -1.69529998 12.32600021 0.38020000
v -1.73989999 12.14120007 0.34290001
v -1.73350000 12.02280045 0.40250000
v -1.69690001 12.07890034 0.48320001
v -1.70050001 12.20189953 0.43000001
v -1.68340003 11.95699978 0.53450000
v -1.71780002 11.91069984 0.45910001
v -1.60109997 12.45880032 -0.37689999
v -1.51310003 12.47850037 -0.51450002
v -1.41880000 12.48999977 -0.64050001
v -1.31640005 12.49440002 -0.75440001
v -1.31620002 12.38700008 -0.77090001
v -1.31610000 12.28160000 -0.79549998
v -1.21050000 12.39299965 -0.86739999
v -1.09829998 12.38920021 -0.94790000
v -1.09029996 12.48270035 -0.93559998
v -1.20650005 12.49199963 -0.85360003
v -1.08430004 12.57890034 -0.93080002
v -1.20319998 12.59259987 -0.84810001
v -1.08060002 12.67730045 -0.93349999
v -1.20039999 12.69369984 -0.85110003
v -1.31560004 12.60249996 -0.74739999
v -1.31340003 12.70919991 -0.75010002
v -0.96030003 12.56089973 -0.99419999
v -0.96899998 12.46599960 -0.99910003
v -1.42040002 12.60910034 -0.63099998
v -1.51769996 12.61390018 -0.50190002
v -1.51479995 12.74170017 -0.50309998
v -1.41869998 12.72469997 -0.63290000
v -1.31060004 12.81359959 -0.76190001
v -1.41419995 12.83510017 -0.64569998
v -1.50709999 12.86030006 -0.51679999
v -1.60479999 12.61830044 -0.36399999
v -1.59809995 12.76179981 -0.36649999
v -1.58650005 12.89039993 -0.38159999
v -1.63810003 12.92420006 -0.25790000
v -1.62570000 13.04950047 -0.28560001
v -1.57490003 13.00800037 -0.40920001
v -1.65240002 12.78600025 -0.24050000
v -1.49919999 12.97130013 -0.54250002
v -1.66579998 12.62670040 -0.22980000
v -1.40939999 12.94099998 -0.66860002
v -1.30830002 12.91580009 -0.78189999
v -1.40699995 13.04419994 -0.70069999
v -1.30780005 13.01739979 -0.80909997
v -1.49440002 13.07759953 -0.57950002
v -1.56649995 13.22430038 -0.50419998
v -1.49450004 13.18169975 -0.62660003
v -1.56729996 13.11800003 -0.45060000
v -1.40830004 13.14710045 -0.74089998
v -1.31040001 13.11989975 -0.84289998
v -1.41380000 13.25170040 -0.78799999
v -1.31599998 13.22500038 -0.88260001
v -1.20290005 13.09959984 -0.92940003
v -1.19900000 12.99639988 -0.90140003
v -1.20920002 13.20600033 -0.96230000
v -1.19770002 12.89509964 -0.87879997
v -1.19840002 12.79450035 -0.86170000
v -1.69210005 12.67650032 -0.10210000
v -1.67470002 12.82759953 -0.12130000
v -1.65939999 12.96689987 -0.14300001
v -1.67219996 12.88000011 -0.00400000
v -1.65820003 13.01780033 -0.02870000
v -1.65090001 12.93410015 0.11100000
v -1.63929999 13.07120037 0.08540000
v -1.64830005 13.09669971 -0.17270000
v -1.65040004 13.14990044 -0.06070000
v -1.65090001 13.27630043 -0.10350000
v -1.64419997 13.21899986 -0.21400000
v -1.64880002 13.33500004 -0.26840001
v -1.66040003 13.39690018 -0.15860000
v -1.64139998 13.33619976 0.00790000
v -1.65760005 13.46109962 -0.04940000
v -1.61689997 13.39620018 0.12170000
v -1.64110005 13.52690029 0.05980000
v -1.67760003 13.51210022 -0.22400001
v -1.68069994 13.57950020 -0.11610000
v -1.70790005 13.69219971 -0.18910000
v -1.69980001 13.62259960 -0.29699999
v -1.67229998 13.64879990 -0.01120000
v -1.70650005 13.76329994 -0.08680000
v -1.66190004 13.44610023 -0.33430001
v -1.63540006 13.20569992 0.05220000
v -1.60570002 13.25879955 0.16650000
v -1.55760002 13.15960026 0.31180000
v -1.55929995 13.30430031 0.28439999
v -1.60590005 13.12049961 0.19870000
v -1.57439995 13.45569992 0.24310000
v -1.61230004 13.59549999 0.16940001
v -1.65429997 13.72109985 0.08980000
v -1.57360005 13.67490005 0.27779999
v -1.63039994 13.80119991 0.18430001
v -1.50279999 13.52050018 0.38890001
v -1.61870003 13.16590023 -0.32620001
v -1.62020004 13.27589989 -0.38049999
v -1.63020003 13.38239956 -0.44749999
v -1.57330000 13.32989979 -0.56650001
v -1.50039995 13.28649998 -0.68140000
v -1.58570004 13.43799973 -0.63470000
v -1.51080000 13.39490032 -0.74180001
v -1.60150003 13.55119991 -0.70590001
v -1.52409995 13.50920010 -0.80589998
v -1.66320002 13.60229969 -0.59920001
v -1.64479995 13.49050045 -0.52249998
v -1.42279994 13.36060047 -0.84039998
v -1.61459994 12.98260021 0.22340000
v -1.56420004 13.02009964 0.33280000
v -1.50950003 12.90839958 0.45280001
v -1.49940002 13.04310036 0.43740001
v -1.57599998 12.88409996 0.35200000
v -1.42089999 13.05049992 0.53380001
v -1.41289997 13.18360043 0.52660000
v -1.49290001 13.18280029 0.42300001
v -1.43019998 12.91959953 0.54530001
v -1.34099996 12.92080021 0.62720001
v -1.33179998 13.04590034 0.61809999
v -1.32249999 13.17029953 0.61519998
v -1.31190002 13.29389954 0.62050003
v -1.40590000 13.32069969 0.52509999
v -1.49230003 13.33409977 0.40750000
v -1.22720003 13.14910030 0.68720001
v -1.23759997 13.03310013 0.68870002
v -1.14460003 13.01690006 0.74809998
v -1.13310003 13.12510014 0.74580002
v -1.24679995 12.91450024 0.69730002
v -1.15390003 12.90530014 0.75730002
v -1.52199996 12.77690029 0.47139999
v -1.44110000 12.79069996 0.56150001
v -1.59099996 12.75109959 0.37329999
v -1.53600001 12.64879990 0.49489999
v -1.45290005 12.66429996 0.58279997
v -1.60749996 12.62150002 0.39969999
v -1.35060000 12.79549980 0.64209998
v -1.25500000 12.79409981 0.71190000
v -1.36020005 12.67109966 0.66189998
v -1.26180005 12.67310047 0.73119998
v -1.62890005 12.84589958 0.24529999
v -1.64690006 12.71150017 0.26920000
v -1.66779995 12.79549980 0.13400000
v -1.69050002 12.73680019 0.01870000
v -5.35729980 10.98219967 0.08130000
v -5.38180017 11.05910015 -0.00970000
v -5.47569990 10.91860008 -0.04080000
v -5.44519997 10.89200020 0.04270000
v -5.55039978 10.79640007 -0.07530000
v -5.51259995 10.78310013 -0.00440000
v -5.59740019 10.67300034 -0.03030000
v -5.54449987 10.65550041 0.02180000
v -5.46939993 10.75699997 0.05970000
v -5.55469990 10.53310013 0.02730000
v -5.49130011 10.62880039 0.07080000
v -5.60939980 10.54440022 -0.00600000
v -5.59670019 10.42829990 0.01020000
v -5.64330006 10.42990017 -0.02240000
v -5.65269995 10.31939983 -0.00710000
v -5.61089993 10.31939983 0.02010000
v -5.65500021 10.21290016 0.02140000
v -5.66309977 10.10820007 0.05910000
v -5.66069984 9.99740028 0.09170000
v -5.68149996 9.99120045 0.05150000
v -5.68559980 10.10239983 0.02010000
v -5.69430017 10.09570026 -0.02290000
v -5.68720007 9.98519993 0.00840000
v -5.68100023 10.20810032 -0.01430000
v -5.67859983 10.19960022 -0.05590000
v -5.63950014 9.88099957 0.11160000
v -5.60580015 9.88589954 0.13510001
v -5.62500000 9.76379967 0.13130000
v -5.59280014 9.76840019 0.15080000
v -5.66239977 9.87520027 0.07810000
v -5.64879990 9.75790024 0.10210000
v -5.50190020 10.51189995 0.05730000
v -5.42780018 10.59420013 0.09150000
v -5.31599998 10.66440010 0.13490000
v -5.40469980 10.71370029 0.10610000
v -5.38360023 10.55949974 0.09200000
v -5.29629993 10.61019993 0.12160000
v -5.64359999 10.68270016 -0.09560000
v -5.50869989 10.91730022 -0.12470000
v -5.54199982 10.91230011 -0.19980000
v -5.44040012 11.04150009 -0.11340000
v -5.47399998 11.02690029 -0.19769999
v -5.42420006 11.14589977 -0.21640000
v -5.38189983 11.16479969 -0.13910000
v -5.32910013 11.19670010 -0.05920000
v -5.50290012 11.01329994 -0.27910000
v -5.50040007 11.12590027 -0.37189999
v -5.46479988 11.13449955 -0.29280001
v -5.39060020 10.84200001 0.10170000
v -5.33069992 10.78549957 0.15760000
v -5.26999998 10.84459972 0.21410000
v -5.32089996 10.91440010 0.15360001
v -5.25139999 10.97430038 0.20850000
v -5.21369982 10.89009953 0.27270001
v -5.21729994 10.76790047 0.26879999
v -5.16720009 10.79899979 0.31979999
v -5.13280010 10.91419983 0.29409999
v -5.10150003 10.81709957 0.34619999
v -5.13609982 10.70079994 0.37239999
v -5.07870007 10.70940018 0.39269999
v -5.09810019 10.58609962 0.38339999
v -5.05679989 10.58650017 0.39539999
v -5.13329983 10.57870007 0.35600001
v -5.18300009 10.67949963 0.32910001
v -5.03200006 10.82139969 0.35670000
v -5.02110004 10.70569992 0.39019999
v -5.04879999 10.92230034 0.30100000
v -5.16130018 11.00469971 0.23690000
v -5.17770004 11.08880043 0.17120001
v -5.27269983 11.05459976 0.13699999
v -5.27680016 11.14179993 0.06830000
v -5.18200016 11.17749977 0.11090000
v -5.06739998 11.01850033 0.24930000
v -5.08120012 11.10229969 0.18470000
v -5.25489998 10.72500038 0.20080000
v -5.21239996 10.65380001 0.27610001
v -5.15789986 10.56659985 0.31959999
v -5.12769985 10.45829964 0.35380000
v -5.10830021 10.46380043 0.38519999
v -5.13899994 10.45100021 0.31970000
v -5.17539978 10.55150032 0.28180000
v -5.22879982 10.62769985 0.22470000
v -5.25409985 11.24160004 0.00740000
v -5.28359985 11.31229973 -0.10840000
v -5.22179985 11.34130001 -0.05330000
v -5.15530014 11.35999966 -0.01710000
v -5.13409996 11.45320034 -0.08270000
v -5.19129992 11.44400024 -0.11120000
v -5.24809980 11.42860031 -0.15490000
v -5.33739996 11.28689957 -0.17490000
v -5.38800001 11.27149963 -0.24349999
v -5.40730000 11.40130043 -0.33059999
v -5.43510008 11.26249981 -0.31259999
v -5.35979986 11.40569973 -0.26780000
v -5.30520010 11.41479969 -0.20819999
v -5.31920004 11.54580021 -0.28680000
v -5.26929998 11.54810047 -0.23170000
v -5.21400023 11.68319988 -0.24800000
v -5.26009989 11.68910027 -0.29830000
v -5.29650021 11.69550037 -0.35740000
v -5.36199999 11.54940033 -0.34490001
v -5.23549986 11.83819962 -0.36520001
v -5.20170021 11.83189964 -0.30019999
v -5.15439987 11.81929970 -0.25020000
v -5.21560001 11.55319977 -0.18480000
v -5.16330004 11.67720032 -0.20900001
v -5.16050005 11.55690002 -0.15030000
v -5.11390018 11.67119980 -0.17850000
v -5.39169979 11.55570030 -0.40779999
v -5.44500017 11.40190029 -0.39600000
v -5.32200003 11.70219994 -0.42190000
v -5.25390005 11.83850002 -0.43880001
v -5.32259989 11.69629955 -0.49500000
v -5.39779997 11.55480003 -0.47799999
v -5.25869989 11.83189964 -0.51859999
v -5.46110010 11.40250015 -0.46750000
v -5.46910000 11.25529957 -0.38710001
v -5.49720001 11.25419998 -0.46129999
v -5.10699987 11.55560017 -0.13070001
v -5.07480001 11.45059967 -0.07600000
v -5.05539989 11.54640007 -0.12920000
v -5.01459980 11.43910027 -0.08690000
v -5.00549984 11.53090000 -0.14290000
v -5.01090002 11.35540009 -0.01700000
v -5.08409977 11.36240005 -0.00800000
v -5.08860016 11.27579975 0.06090000
v -5.17199993 11.26770020 0.04840000
v -5.08860016 11.18739986 0.12250000
v -5.00549984 11.26869965 0.04820000
v -4.99770021 11.18270016 0.11150000
v -4.98549986 11.10109997 0.17910001
v -4.95639992 11.41959953 -0.11420000
v -4.94269991 11.33520031 -0.04860000
v -4.90500021 11.39589977 -0.15300000
v -4.88210011 11.31149960 -0.08850000
v -4.83850002 11.27939987 -0.13699999
v -4.86810017 11.36550045 -0.20260000
v -4.86549997 11.22620010 -0.02230000
v -4.81669998 11.19460011 -0.06610000
v -4.92939997 11.25059986 0.01690000
v -4.91650009 11.48729992 -0.20600000
v -4.95769978 11.51109982 -0.16800000
v -5.06599998 11.66180038 -0.16249999
v -5.02010012 11.64809990 -0.16150001
v -4.97559977 11.63049984 -0.17389999
v -4.92399979 11.73180008 -0.17690000
v -4.96640015 11.75430012 -0.15770000
v -5.01240015 11.77460003 -0.16100000
v -5.05810022 11.79090023 -0.18170001
v -4.99100018 11.90579987 -0.19270000
v -4.94689989 11.88449955 -0.17540000
v -5.10489988 11.80490017 -0.21269999
v -5.03669977 11.92570019 -0.22080000
v -4.92059994 12.01640034 -0.20600000
v -4.87699986 11.99170017 -0.18960001
v -4.90380001 11.86050034 -0.17399999
v -4.83489990 11.96479988 -0.18840000
v -4.86329985 11.83430004 -0.19190000
v -4.88710022 11.70790005 -0.21170001
v -4.82770014 11.80620003 -0.22770000
v -4.79510021 11.93500042 -0.20810001
v -4.68419981 11.99730015 -0.25780001
v -4.72329998 12.03439999 -0.22180000
v -4.75850010 11.90229988 -0.24400000
v -4.76459980 12.06770039 -0.20039999
v -4.85500002 11.68070030 -0.25670001
v -4.93389988 11.60929966 -0.19870000
v -4.89930010 11.58469963 -0.23819999
v -4.87879992 11.55760002 -0.29499999
v -4.83549976 11.65279961 -0.31830001
v -4.79680014 11.77530003 -0.27520001
v -4.77519989 11.74380016 -0.33770001
v -5.03639984 10.43210030 0.17450000
v -5.06230021 10.52929974 0.10740000
v -4.98120022 10.52480030 0.12110000
v -4.98719978 10.43929958 0.18020000
v -4.92189980 10.53639984 0.13850001
v -4.94080019 10.44849968 0.19080000
v -4.90030003 10.45919991 0.20640001
v -4.88040018 10.55449963 0.16590001
v -4.85120010 10.57310009 0.19939999
v -4.87260008 10.47399998 0.23420000
v -4.85690022 10.48970032 0.26719999
v -4.83099985 10.59109974 0.23600000
v -4.79740000 10.68500042 0.19939999
v -4.79740000 10.71109962 0.24220000
v -4.83220005 10.61170006 0.27440000
v -4.77220011 10.77709961 0.15140000
v -4.77089977 10.80980015 0.19530000
v -4.82180023 10.66259956 0.15899999
v -4.79839993 10.74769974 0.11010000
v -4.85589981 10.63959980 0.12310000
v -4.83479977 10.71819973 0.07320000
v -4.81920004 10.78870010 0.01060000
v -4.78509998 10.82689953 0.04820000
v -4.85729980 10.74590015 -0.02640000
v -4.87449980 10.68330002 0.03700000
v -4.89979982 10.61579990 0.09230000
v -4.76020002 10.86429977 0.08830000
v -4.75519991 10.90439987 0.13100000
v -4.75969982 10.94439983 0.01100000
v -4.76060009 10.98980045 0.05110000
v -4.77740002 10.94340038 0.17190000
v -4.79230022 10.84319973 0.23520000
v -4.78539991 11.03129959 0.09120000
v -4.77689981 10.89879990 -0.02790000
v -4.76789999 11.02210045 -0.07400000
v -4.77390003 11.07030010 -0.03280000
v -4.77960014 10.97029972 -0.11280000
v -4.85160017 10.63469982 0.30870000
v -4.82140017 10.73950005 0.27849999
v -4.85640001 10.76790047 0.31119999
v -4.83599997 10.87409973 0.26530001
v -4.82530022 10.97579956 0.20469999
v -4.89029980 11.00220013 0.23170000
v -4.83290005 11.06459999 0.12800001
v -4.89979982 11.08950043 0.15950000
v -4.80270004 11.11130047 0.00880000
v -4.85080004 11.14369965 0.04870000
v -4.91580009 11.16870022 0.08520000
v -4.97389984 11.01659966 0.24609999
v -4.96670008 10.91849995 0.30140001
v -4.89319992 10.90120029 0.28999999
v -4.90299988 10.79440022 0.34029999
v -4.92350006 10.67809963 0.35839999
v -4.88380003 10.65769958 0.33620000
v -4.97310019 10.57250023 0.39190000
v -4.93639994 10.55889988 0.37630001
v -4.96789980 10.69559956 0.38159999
v -4.96339989 10.81439972 0.35699999
v -4.90350008 10.54279995 0.35620001
v -4.87620020 10.52490044 0.33149999
v -4.85890007 10.50669956 0.30120000
v -4.88520002 10.40950012 0.36039999
v -4.86460018 10.39309978 0.33210000
v -4.87659979 10.29629993 0.40439999
v -4.86390018 10.27729988 0.36960000
v -4.90220022 10.20149994 0.47369999
v -4.87839985 10.18430042 0.44440001
v -4.89870024 10.31389999 0.43509999
v -4.91139984 10.42469978 0.38380000
v -4.86880016 10.16489983 0.40900001
v -4.86199999 10.37590027 0.29740000
v -4.86229992 10.25829983 0.33230001
v -4.87790012 10.35980034 0.26440001
v -4.90509987 10.34500027 0.23710001
v -4.90730000 10.22620010 0.27030000
v -4.94430017 10.21560001 0.25500000
v -4.94129992 10.33300018 0.21870001
v -4.98280001 10.32489967 0.21340001
v -4.98409986 10.20989990 0.25440001
v -5.02390003 10.32129955 0.22059999
v -5.02330017 10.20720005 0.26230001
v -4.98659992 10.09090042 0.27419999
v -5.03070021 10.08780003 0.27730000
v -4.98780012 9.98610020 0.31979999
v -5.03109980 9.98400021 0.32470000
v -4.94439983 9.99339962 0.32620001
v -4.94430017 10.09869957 0.28360000
v -5.06290007 10.20479965 0.27010000
v -5.06040001 10.32009983 0.23510000
v -5.09289980 10.32129955 0.25650001
v -5.10080004 10.20510006 0.28569999
v -5.06979990 10.43140030 0.19589999
v -5.09700012 10.43470001 0.22330000
v -5.07259989 10.08850002 0.29150000
v -5.10949993 10.09270000 0.31590000
v -5.07049990 9.98709965 0.34029999
v -5.10540009 9.99330044 0.36330000
v -4.90929985 10.11139965 0.30610001
v -4.88469982 10.12740040 0.33700001
v -4.87729979 10.24050045 0.29679999
v -4.87169981 10.14560032 0.37250000
v -4.86549997 10.04269981 0.41200000
v -4.87849998 10.02239990 0.37560001
v -4.86569977 10.06389999 0.44900000
v -4.90570021 10.00520039 0.34490001
v -4.88780022 9.93579960 0.42770001
v -4.91289997 9.91819954 0.40079999
v -4.94969988 9.90880013 0.38389999
v -4.95330000 10.58300018 0.06140000
v -4.99359989 10.59500027 -0.02550000
v -4.92420006 10.63949966 0.00240000
v -5.02279997 10.55220032 0.03280000
v -5.08080006 10.56550026 -0.04830000
v -5.10020018 10.53180027 -0.00010000
v -5.17859983 10.50669956 -0.03440000
v -5.16419983 10.52630043 -0.08500000
v -5.24590015 10.46039963 -0.07060000
v -5.23570013 10.47550011 -0.12920000
v -5.19659996 10.49899960 0.01250000
v -5.26650000 10.46510029 -0.02210000
v -5.28350019 10.46710014 0.02600000
v -5.22139978 10.51669979 0.04890000
v -5.31559992 10.39640045 -0.04910000
v -5.29769993 10.39229965 -0.10710000
v -5.34100008 10.41170025 -0.00070000
v -5.13059998 10.52729988 0.04950000
v -5.15789986 10.54580021 0.08480000
v -5.10699987 10.51039982 0.13869999
v -5.31260014 10.49160004 0.06090000
v -5.24730015 10.53870010 0.08050000
v -5.18200016 10.56270027 0.11580000
v -5.27390003 10.56809998 0.10690000
v -5.34709978 10.52810001 0.07870000
v -5.20639992 10.57559967 0.15009999
v -5.28919983 10.40740013 -0.17590000
v -4.90439987 10.69620037 -0.06040000
v -4.89629984 10.74650002 -0.12940000
v -4.89150000 10.79240036 -0.20530000
v -4.84719992 10.80300045 -0.09910000
v -4.84100008 10.85680008 -0.18040000
v -4.89970016 10.84000015 -0.28299999
v -4.85029984 10.91460037 -0.26719999
v -4.87020016 10.96770000 -0.35969999
v -4.80900002 10.85270023 -0.06430000
v -4.80569983 10.91559982 -0.14870000
v -4.81610012 10.98410034 -0.23970000
v -4.79150009 11.04590034 -0.20350000
v -0.56639999 17.03149986 0.31140000
v -0.37459999 16.99830055 0.33649999
v -0.39320001 17.10009956 0.26620001
v -0.55250001 17.10269928 0.25600001
v -0.46830001 17.16489983 0.22220001
v -0.56519997 17.16629982 0.20580000
v -0.45109999 17.23850060 0.18970001
v -0.57099998 17.23699951 0.15500000
v -0.67379999 17.17070007 0.18269999
v -0.68889999 17.11330032 0.23410000
v -0.77869999 17.17749977 0.15480000
v -0.81300002 17.12490082 0.20430000
v -0.85500002 17.06539917 0.25099999
v -0.71910000 17.05060005 0.28360000
v -0.76730001 16.98100090 0.33080000
v -0.62370002 16.95949936 0.36420000
v -0.82249999 16.90430069 0.37560001
v -0.90490001 16.99679947 0.29470000
v -0.95910001 16.91819954 0.33600000
v -0.98290002 17.07690048 0.21100000
v -1.03820002 17.00819969 0.25250000
v -1.10699999 17.08720016 0.16300000
v -1.16880000 17.01840019 0.20280001
v -1.04550004 17.14590073 0.11880000
v -0.93059999 17.13540077 0.16590001
v -1.09549999 16.92910004 0.29120001
v -1.01390004 16.83099937 0.37619999
v -1.15310001 16.84059906 0.32900000
v -0.87769997 16.81949997 0.41839999
v -1.23130000 16.93889999 0.23930000
v -1.29429996 16.84980011 0.27489999
v -1.20879996 16.74419975 0.36770001
v -1.06610000 16.73640060 0.41670001
v -1.35640001 16.75250053 0.31209999
v -0.68690002 16.88330078 0.41209999
v -0.62400001 16.77610016 0.49419999
v -0.55790001 16.85180092 0.44890001
v -0.74640000 16.80159950 0.45690000
v -0.51779997 16.74169922 0.53140002
v -0.44880000 16.80550003 0.48930001
v -0.57239997 16.67049980 0.57099998
v -0.67890000 16.69440079 0.53700000
v -0.79920000 16.71380043 0.50019997
v -0.43430001 16.69869995 0.56800002
v -0.36610001 16.74670029 0.53219998
v -0.47810000 16.92309952 0.39840001
v -0.36510000 16.86109924 0.44369999
v -0.28610000 16.78660011 0.49270001
v -0.88129997 17.18630028 0.11840000
v -0.83789998 17.23150063 0.07050000
v -0.75500000 17.22890091 0.10110000
v -0.81029999 17.26749992 0.03310000
v -0.75349998 17.28170013 0.04390000
v -0.92140001 17.24480057 0.02410000
v -0.98369998 17.19729996 0.07120000
v -1.01520002 17.26070023 -0.03450000
v -1.08809996 17.20910072 0.01450000
v -0.94239998 17.31830025 -0.07310000
v -1.03069997 17.34819984 -0.13490000
v -1.11220002 17.27899933 -0.09850000
v -0.85990000 17.29080009 -0.01310000
v -1.19159997 17.22319984 -0.04920000
v -1.15900004 17.15690041 0.06280000
v -0.79589999 17.33410072 -0.02090000
v -0.68279999 17.30130005 0.06340000
v -0.66780001 17.23180008 0.12750000
v -0.60759997 17.32480049 0.08990000
v -0.60270000 17.46339989 0.04930000
v -0.66509998 17.42009926 0.01370000
v -0.52840000 17.35289955 0.12370000
v -0.73049998 17.37730026 -0.00940000
v -0.32850000 17.16740036 0.23600000
v -0.25350001 17.07799911 0.27730000
v -0.18990000 17.13129997 0.25720000
v -0.18760000 17.01729965 0.31290001
v 0.00000000 17.07970047 0.28549999
v 0.00000000 16.93799973 0.34959999
v -0.13420001 16.92309952 0.36620000
v -0.26320001 16.90410042 0.39750001
v -0.19679999 16.81410027 0.45379999
v -0.09910000 16.82719994 0.42429999
v -0.15830000 16.71710014 0.51359999
v -0.07920000 16.72470093 0.48940000
v -0.00000000 16.61689949 0.55170000
v -0.00000000 16.72699928 0.48030001
v -0.06910000 16.61599922 0.55870003
v -0.00000000 16.50390053 0.62379998
v -0.06560000 16.50370026 0.62919998
v -0.06630000 16.39010048 0.69859999
v -0.13230000 16.50279999 0.64370000
v -0.13390000 16.39089966 0.70940000
v -0.13880000 16.61240005 0.57760000
v -0.00000000 16.38960075 0.69450003
v -0.23630001 16.70050049 0.54579997
v -0.21040000 16.60390091 0.60299999
v -0.00000000 16.83230019 0.41240001
v 0.00000000 17.27860069 0.24460000
v -0.18780001 17.23049927 0.23630001
v -0.18490000 17.38129997 0.23010001
v -0.28080001 17.32810020 0.21619999
v -0.38870001 17.43899918 0.18539999
v -0.45850000 17.39529991 0.15670000
v -0.36849999 17.29100037 0.20090000
v -0.54610002 17.51000023 0.09360000
v -0.61650002 17.61739922 0.01890000
v -0.67129999 17.56089973 -0.02840000
v -0.56430000 17.67469978 0.07240000
v -0.48850000 17.55830002 0.13720000
v -0.29170001 17.22260094 0.22660001
v -0.31850001 17.49060059 0.20760000
v -0.14110000 17.46870041 0.25180000
v -0.26339999 17.55909920 0.23250000
v -0.11610000 17.56649971 0.29220000
v 0.00000000 17.53380013 0.29830000
v 0.00000000 17.42040062 0.25880000
v -0.42600000 17.61070061 0.17170000
v -0.36600000 17.67169952 0.20360000
v 0.00000000 17.65690041 0.35760000
v -0.00000000 17.78409958 0.43239999
v -0.00000000 17.90340042 0.51160002
v -0.08540000 17.91440010 0.50880003
v -0.08990000 17.80109978 0.42640001
v -0.09980000 17.68079948 0.35139999
v -1.70609999 16.39529991 0.37580001
v -1.64080000 16.25819969 0.46169999
v -1.48769999 16.29290009 0.51099998
v -1.59609997 16.14399910 0.52969998
v -1.46710002 16.18000031 0.57069999
v -1.56120002 16.03849983 0.59079999
v -1.44560003 16.07360077 0.62750000
v -1.33770001 16.30990028 0.55760002
v -1.33420002 16.20149994 0.61159998
v -1.49839997 16.41270065 0.44839999
v -1.32990003 16.42099953 0.50340003
v -1.30180001 16.53310013 0.45400000
v -1.46500003 16.53479958 0.39710000
v -1.64279997 16.54249954 0.32929999
v -1.81219995 16.57679939 0.24710000
v -1.88639998 16.46220016 0.27450001
v -1.96630001 16.62439919 0.17100000
v -2.04139996 16.51689911 0.19660001
v -2.10899997 16.67989922 0.10010000
v -2.18869996 16.57110023 0.12940000
v -2.23550010 16.73730087 0.02200000
v -2.32299995 16.62529945 0.05500000
v -2.13759995 16.84049988 -0.01390000
v -2.01979995 16.78160095 0.06680000
v -1.88450003 16.72649956 0.13920000
v -1.73699999 16.68300056 0.21250001
v -1.79690003 16.82180023 0.10450000
v -1.65550005 16.78470039 0.17710000
v -1.57640004 16.65929985 0.28680000
v -1.50670004 16.76429939 0.24830000
v -1.41470003 16.64780045 0.35229999
v -1.25969994 16.64139938 0.40900001
v -1.11310005 16.63590050 0.45870000
v -1.01279998 16.52750015 0.54720002
v -0.97479999 16.62919998 0.50300002
v -1.15209997 16.53120041 0.50319999
v -0.92919999 16.72710037 0.46039999
v -1.18030000 16.42420006 0.55059999
v -1.04219997 16.42370033 0.59299999
v -0.91250002 16.41970062 0.63169998
v -0.88220000 16.52099991 0.58690000
v -0.81440002 16.31130028 0.70999998
v -0.78990000 16.41209984 0.66570002
v -0.93589997 16.31719971 0.67710000
v -0.83410001 16.21039963 0.75470001
v -0.95319998 16.21520042 0.72280002
v -1.06280005 16.31940079 0.64020002
v -1.07609999 16.21629906 0.68779999
v -0.75999999 16.51099968 0.62210000
v -0.67430001 16.40360069 0.69510001
v -0.64639997 16.49990082 0.65240002
v -0.69840002 16.30400085 0.73860002
v -1.19630003 16.31739998 0.60030001
v -1.20319998 16.21260071 0.65079999
v -1.20379996 16.10969925 0.70020002
v -1.08379996 16.11529922 0.73509997
v -1.32509995 16.09650040 0.66420001
v -1.53100002 15.93879986 0.64810002
v -1.42460001 15.97290039 0.68169999
v -1.62950003 15.89309978 0.61339998
v -1.66579998 15.98980045 0.55390000
v -1.70879996 16.08930016 0.49129999
v -1.59480000 15.80080032 0.67019999
v -1.50209999 15.84449959 0.70240003
v -1.55890000 15.71409988 0.72469997
v -1.47300005 15.75650024 0.75440001
v -1.52100003 15.63339996 0.77730000
v -1.44260001 15.67490005 0.80379999
v -1.40359998 15.87779999 0.73339999
v -1.38240004 15.78909969 0.78250003
v -1.36059999 15.70709991 0.82849997
v -1.59389997 15.58320045 0.74710000
v -1.54659998 15.50930023 0.80030000
v -1.48029995 15.55869961 0.82730001
v -1.63829994 15.66219997 0.69190001
v -1.40999997 15.60060024 0.85009998
v -1.67949998 15.74660015 0.63499999
v -1.70829999 15.60099983 0.65429997
v -1.31359994 15.99619961 0.71509999
v -1.20079994 16.01029968 0.74830002
v -1.30120003 15.90120029 0.76400000
v -1.19630003 15.91539955 0.79460001
v -0.32229999 19.10429955 0.98339999
v -0.21340001 19.15029907 1.03670001
v -0.23960000 19.22620010 0.97039998
v -0.33660001 19.20369911 0.92979997
v -0.23330000 19.02449989 1.07500005
v -0.15910000 19.06909943 1.13269997
v -0.08260000 19.11479950 1.19860005
v -0.12870000 19.12630081 1.13279998
v -0.09750000 19.03870010 1.22770000
v -0.09910000 19.23130035 1.11500001
v -0.15040000 19.19709969 1.07190001
v -0.04230000 19.15130043 1.21650004
v -0.05100000 19.26709938 1.14240003
v -0.16620000 19.27339935 1.00769997
v -0.11210000 19.32600021 1.05180001
v -0.17880000 19.33279991 0.94540000
v -0.25540000 19.28260040 0.91189998
v -0.18900000 19.38030052 0.88440001
v -0.27309999 19.33340073 0.86629999
v -0.23989999 19.44280052 0.85310000
v -0.30680001 19.38850021 0.84640002
v -0.17340000 19.49850082 0.94980001
v -0.13910000 19.44720078 0.95829999
v -0.12750000 19.39640045 0.99940002
v -0.36050001 19.32340050 0.85780001
v -0.37860000 19.37730026 0.84030002
v -0.33690000 19.42569923 0.81010002
v -0.37970001 19.41049957 0.80589998
v -0.29769999 19.44790077 0.81480002
v -0.34500000 19.26510048 0.88169998
v -0.44250000 19.22050095 0.87709999
v -0.43500000 19.28030014 0.85020000
v -0.43930000 19.33530045 0.83859998
v -0.05980000 19.36949921 1.08360004
v -0.07060000 19.44790077 1.03890002
v 0.00000000 19.16130066 1.22739995
v -0.00000000 19.28249931 1.15429997
v 0.00000000 19.38769913 1.09490001
v 0.00000000 19.46750069 1.05110002
v -0.07940000 19.50000000 1.01730001
v 0.00000000 19.51849937 1.03390002
v -0.03470000 19.07159996 1.28840005
v -0.04860000 19.03820038 1.29130006
v 0.00000000 19.06270027 1.30490005
v -0.00000000 19.01329994 1.31840003
v -0.00000000 18.97800064 1.30750000
v -0.00010000 18.93740082 1.27110004
v -0.05620000 18.99500084 1.28639996
v -0.09850000 18.99189949 1.23989999
v -0.06390000 18.94930077 1.24629998
v -0.13990000 19.00349998 1.19120002
v -0.11340000 18.96899986 1.21130002
v -0.12380000 18.96240044 1.17089999
v -0.17839999 18.98419952 1.14030004
v -0.12860000 18.94869995 1.12880003
v -0.19180000 18.94020081 1.10099995
v -0.16540000 18.88719940 1.09739995
v -0.12200000 18.91679955 1.11029994
v -0.23909999 18.83029938 1.07739997
v -0.28670001 18.92980003 1.03980005
v -0.06630000 18.94210052 1.17859995
v -0.08040000 18.94129944 1.14010000
v -0.39210001 18.99379921 0.96280003
v -0.46840000 18.88769913 0.91020000
v -0.39430001 18.83180046 0.97070003
v -0.34880000 18.76790047 1.01730001
v -0.32249999 18.71199989 1.04630005
v -0.42500001 18.68939972 0.94650000
v -0.29380000 18.67200089 1.06130004
v -0.22280000 18.69879913 1.10669994
v -0.25970000 18.63969994 1.06719995
v -0.19230001 18.65850067 1.11249995
v -0.15590000 18.71610069 1.14269996
v -0.13440000 18.67749977 1.15069997
v -0.24010000 18.75009918 1.09420002
v -0.16840000 18.75779915 1.12989998
v -0.15200000 18.80710030 1.11969995
v -0.07270000 18.69219971 1.17410004
v -0.08380000 18.73019981 1.16429996
v -0.05660000 18.75419998 1.15639997
v -0.00000000 18.72629929 1.17089999
v -0.00000000 18.75049973 1.15559995
v -0.00000000 18.69569969 1.18180001
v -0.11440000 18.75749969 1.14830005
v -0.07880000 18.78459930 1.14059997
v -0.09900000 18.64609909 1.14750004
v -0.05570000 18.66160011 1.17139995
v -0.05110000 18.62689972 1.14440000
v -0.03760000 18.64159966 1.16419995
v -0.46619999 18.59410095 0.86830002
v -0.47679999 18.48080063 0.79430002
v -0.50970000 18.62870026 0.80430001
v -0.51959997 18.50329971 0.71550000
v -0.46869999 18.73340034 0.89170003
v -0.46270001 18.35470009 0.73740000
v -0.42879999 18.37240028 0.81720001
v -0.37239999 18.30150032 0.86900002
v -0.40509999 18.27300072 0.80159998
v -0.42460001 18.24090004 0.72479999
v -0.45829999 19.14179993 0.90259999
v -0.56180000 19.19050026 0.83249998
v -0.52890003 19.25659943 0.81950003
v -0.50650001 19.30920029 0.80710000
v -0.55879998 19.34569931 0.76279998
v -0.59439999 19.38419914 0.72649997
v -0.49759999 19.35540009 0.80290002
v -0.48629999 19.39550018 0.79130000
v -0.44220001 19.38559914 0.82130003
v -0.41870001 19.43619919 0.79200000
v -0.46329999 19.43040085 0.77640003
v -0.44610000 19.49029922 0.80779999
v -0.40750000 19.54430008 0.87680000
v -0.38190001 19.51160049 0.83510000
v -0.36309999 19.46579933 0.80449998
v -0.00000000 18.81990051 1.12899995
v -0.00000000 18.78019905 1.13890004
v 0.00000000 18.66589928 1.17920005
v 0.00000000 18.86400032 1.15110004
v -0.00010000 18.89609909 1.21229994
v -0.03470000 18.90259933 1.20700002
v -0.04250000 18.88369942 1.15199995
v -0.05810000 18.83149910 1.13010001
v -0.33500001 19.55570030 0.92379999
v -0.29460001 19.51429939 0.87080002
v -0.26949999 19.60309982 0.99900001
v -0.26269999 19.68110085 1.00769997
v -0.25459999 19.73909950 0.98379999
v -0.25209999 19.81850052 0.95150000
v -0.24699999 19.92189980 0.89770001
v -0.35069999 19.90570068 0.86350000
v -0.34660000 20.02199936 0.80269998
v -0.24040000 20.04220009 0.83639997
v -0.13169999 19.94490051 0.90869999
v -0.12530001 20.05990028 0.85079998
v -0.12230000 20.18560028 0.78750002
v -0.23960000 20.17160034 0.77359998
v -0.24130000 20.29299927 0.68870002
v -0.12170000 20.30610085 0.70139998
v 0.00000000 20.06669998 0.85009998
v 0.00000000 20.18939972 0.78860003
v 0.00000000 19.95700073 0.90570003
v -0.13550000 19.84390068 0.96210003
v -0.13470000 19.76250076 1.00349998
v 0.00000000 19.72920036 1.02409995
v 0.00000000 19.78610039 0.99800003
v -0.13560000 19.70599937 1.02579999
v 0.00000000 19.86230087 0.95499998
v -0.13450000 19.64999962 1.04419994
v 0.00000000 19.67930031 1.03789997
v -0.00000000 19.56719971 1.03970003
v 0.00000000 19.62890053 1.04289997
v -0.11730000 19.59609985 1.04200006
v -0.09740000 19.54490089 1.02579999
v -0.21730000 19.54910088 0.97200000
v -0.31840000 19.47620010 0.81879997
v -0.25929999 18.14710045 0.93529999
v -0.18930000 18.15040016 1.00399995
v -0.20060000 18.23649979 1.01839995
v -0.28510001 18.24939919 0.95109999
v -0.08870000 18.09009933 1.01989996
v -0.10040000 18.15900040 1.04859996
v -0.16610000 18.08480072 0.97619998
v -0.07420000 18.04680061 0.97240001
v -0.13689999 18.04459953 0.93839997
v -0.00000000 18.09390068 1.03320003
v -0.00000000 18.16519928 1.06149995
v -0.10540000 18.24300003 1.05659997
v -0.10440000 18.32349968 1.05780005
v 0.00000000 18.25079918 1.06599998
v -0.00000000 18.04870033 0.98259997
v 0.00000000 18.33139992 1.06480002
v -0.00000000 18.39389992 1.08399999
v 0.00000000 18.44440079 1.10850000
v -0.06390000 18.02960014 0.90939999
v -0.11160000 18.02949905 0.90149999
v -0.18200000 18.04439926 0.87309998
v -0.12940000 18.03000069 0.83890003
v -0.06700000 18.02899933 0.82499999
v -0.00000000 18.03030014 0.82099998
v -0.00000000 18.03070068 0.91229999
v -0.07530000 18.02389908 0.72060001
v -0.00000000 18.02350044 0.71399999
v -0.15410000 18.03019905 0.74220002
v -0.22290000 18.04940033 0.78939998
v -0.27419999 18.08489990 0.83300000
v -0.22589999 18.08200073 0.90840000
v -0.32080001 18.10409927 0.76999998
v -0.08580000 17.99379921 0.60920000
v -0.00000000 17.98749924 0.60560000
v -0.30930001 18.13859940 0.86309999
v -0.34029999 18.21430016 0.87169999
v -0.33370000 18.33799934 0.92690003
v -0.34000000 18.13809967 0.81089997
v -0.37149999 18.19029999 0.80379999
v -0.37369999 18.15660095 0.73689997
v -2.51410007 0.04740000 1.10739994
v -2.48600006 0.04830000 1.03170002
v -2.44000006 0.08840000 1.08010006
v -2.47440004 0.06450000 1.12419999
v -2.45099998 0.09770000 1.13469994
v -2.40479994 0.11470000 1.11240005
v -2.44250011 0.12840000 1.14129996
v -2.40750003 0.13940001 1.12549996
v -2.45729995 0.05670000 1.18690002
v -2.48740005 0.01880000 1.17799997
v -2.47530007 0.03070000 1.24609995
v -2.50929999 0.00050000 1.24489999
v -2.53900003 0.00190000 1.16919994
v -2.55690002 0.06120000 1.09870005
v -2.55800009 0.05840000 1.01520002
v -2.62199998 0.06760000 1.16830003
v -2.57870007 0.10100000 1.09669995
v -2.59060001 0.02280000 1.16610003
v -2.63269997 0.05510000 1.24370003
v -2.60669994 0.01390000 1.24510002
v -2.60570002 0.03130000 1.30869997
v -2.63059998 0.06270000 1.29929996
v -2.63919997 0.09100000 1.28740001
v -2.64129996 0.09960000 1.24629998
v -2.62969995 0.11980000 1.17690003
v -2.56609988 0.01240000 1.30700004
v -2.56040001 0.04400000 1.34889996
v -2.59750009 0.05870000 1.35070002
v -2.56010008 -0.00880000 1.24479997
v -2.62899995 0.08220000 1.34089994
v -2.59120011 0.14780000 1.10140002
v -2.60150003 0.19830000 1.11099994
v -2.58739996 0.21980000 1.01839995
v -2.60349989 0.16560000 1.00730002
v -2.60039997 0.10420000 1.00680006
v -2.59369993 0.17659999 0.90109998
v -2.60330009 0.10870000 0.90380001
v -2.57069993 0.23480000 0.91729999
v -2.62649989 0.16769999 1.18929994
v -2.59400010 0.24779999 1.12730002
v -2.56450009 0.26780000 1.03880000
v -2.61669993 0.21070001 1.20529997
v -2.57520008 0.04510000 0.91409999
v -2.52749991 0.00730000 0.80820000
v -2.50990009 0.01530000 0.92589998
v -2.58340001 0.04650000 0.79780000
v -2.60109997 0.11260000 0.79170001
v -2.45989990 0.06870000 1.25049996
v -2.48350000 0.04980000 1.30050004
v -2.49460006 0.02620000 1.28590000
v -2.44779992 0.09680000 1.19299996
v -2.44860005 0.13150001 1.19459999
v -2.43889999 0.15279999 1.14629996
v -2.43650007 0.17800000 1.14320004
v -2.40890002 0.16190000 1.12779999
v -2.40560007 0.18390000 1.12580001
v -2.40280008 0.13300000 1.15999997
v -2.40660000 0.16050000 1.16030002
v -2.40490007 0.18760000 1.15999997
v -2.44889998 0.19589999 1.18599999
v -2.44959998 0.16350000 1.19169998
v -2.43429995 0.20590000 1.13160002
v -2.39879990 0.20850000 1.11899996
v -2.45729995 0.10780000 1.25230002
v -2.47659993 0.12320000 1.30960000
v -2.47690010 0.08690000 1.30890000
v -2.46110010 0.14360000 1.24969995
v -2.50589991 0.07260000 1.35599995
v -2.51850009 0.03950000 1.33350003
v -2.52410007 0.01330000 1.29809999
v -2.54929996 0.07470000 1.37370002
v -2.49729991 0.10850000 1.36489999
v -2.48320007 0.15570000 1.30789995
v -2.50169992 0.14390001 1.36380005
v -2.46259999 0.17730001 1.24810004
v -2.38790011 0.10740000 1.15919995
v -2.41339993 0.11850000 1.19659996
v -2.39569998 0.08630000 1.19570005
v -2.40350008 0.07010000 1.23529994
v -2.36050010 0.06720000 1.20099998
v -2.36840010 0.04960000 1.23940003
v -2.35719991 0.08840000 1.16589999
v -2.36630011 0.08740000 1.12320006
v -2.31299996 0.07570000 1.13800001
v -2.30990005 0.08750000 1.18069994
v -2.23799992 0.06780000 1.16219997
v -2.23539996 0.10990000 1.20529997
v -2.28449988 0.09040000 1.23399997
v -2.31920004 0.07000000 1.21519995
v -2.29959989 0.07120000 1.26689994
v -2.32969999 0.05230000 1.25100005
v -2.28119993 0.10010000 1.28480005
v -2.26690006 0.12850000 1.25399995
v -2.20400000 0.11320000 1.25639999
v -2.12319994 0.07310000 1.24670005
v -2.12089992 0.08280000 1.28129995
v -2.06290007 0.09200000 1.28400004
v -2.01640010 0.07040000 1.28260005
v -2.02810001 0.05180000 1.22039998
v -2.13709998 0.05580000 1.19260001
v -2.25149989 0.04310000 1.10510004
v -2.32969999 0.04600000 1.09029996
v -2.26990008 0.02490000 1.03260005
v -2.34859991 0.02790000 1.02230000
v -2.15479994 0.04570000 1.12520003
v -2.17540002 0.03750000 1.04760003
v -2.38860011 0.06680000 1.07809997
v -2.41540003 0.04170000 1.01719999
v -2.36899996 0.01410000 0.93570000
v -2.29099989 0.01490000 0.94290000
v -2.43930006 0.01240000 0.93180001
v -2.37709999 0.03800000 1.28480005
v -2.40910006 0.05970000 1.28110003
v -2.41210008 0.05220000 1.33759999
v -2.38380003 0.03680000 1.34169996
v -2.34019995 0.03940000 1.29489994
v -2.35249996 0.03690000 1.34949994
v -2.31250000 0.05870000 1.30809999
v -2.32620001 0.05340000 1.36099994
v -2.29469991 0.08610000 1.32299995
v -2.30960011 0.08050000 1.37419999
v -2.39770007 -0.00190000 1.40110004
v -2.35529995 0.00500000 1.40999997
v -2.32430005 0.03160000 1.42170000
v -2.43750000 0.01650000 1.39680004
v -2.46269989 0.05220000 1.39810002
v -2.42980003 0.08150000 1.33930004
v -2.48140001 0.07300000 1.47590005
v -2.46919990 0.09380000 1.40559995
v -2.47119999 0.03650000 1.47160006
v -2.43969989 0.11600000 1.34440005
v -2.46840000 0.13290000 1.41550004
v -2.44420004 0.15170000 1.35249996
v -2.48569989 0.10680000 1.48699999
v -2.46770000 0.04040000 1.52859998
v -2.44610000 0.00400000 1.47210002
v -2.44180012 0.01370000 1.53410006
v -2.47979999 0.06470000 1.52209997
v -2.42429996 0.09400000 1.28419995
v -2.43129992 0.12940000 1.29009998
v -2.42700005 0.14030001 1.24269998
v -2.42140007 0.10480000 1.23759997
v -2.43379998 0.16450000 1.29789996
v -2.42580009 0.17500000 1.24899995
v -2.53539991 0.26060000 0.68480003
v -2.57130003 0.19220001 0.67549998
v -2.58249998 0.18310000 0.79130000
v -2.54209995 0.25510001 0.80809999
v -2.59060001 0.12420000 0.67100000
v -2.56320000 0.21050000 0.55140001
v -2.53889990 0.27970001 0.56250000
v -2.50399995 0.33329999 0.70310003
v -2.51009989 0.34950000 0.58170003
v -2.49180007 0.36340001 0.44870001
v -2.58139992 0.14420000 0.54329997
v -2.57139993 0.08150000 0.53869998
v -2.58019996 0.06020000 0.67089999
v -2.53430009 0.01590000 0.67650002
v -2.47070003 -0.00650000 0.68559998
v -2.45919991 -0.00750000 0.81860000
v -2.47110009 0.00120000 0.54720002
v -2.53320003 0.03090000 0.53979999
v -2.55830002 0.10740000 0.40310001
v -2.52060008 0.05600000 0.40450001
v -2.45989990 0.02510000 0.41260001
v -2.38569999 0.00620000 0.42469999
v -2.39459991 -0.01250000 0.55839998
v -2.44090009 0.04940000 0.28049999
v -2.37199998 0.03310000 0.29460001
v -2.44840002 0.42690000 0.47999999
v -2.41420007 0.50080001 0.52380002
v -2.38080001 0.52920002 0.39430001
v -2.36630011 0.56760001 0.58090001
v -2.33909988 0.60390002 0.45400000
v -2.30710006 0.62410003 0.63690001
v -2.28209996 0.66320002 0.51440001
v -2.21469998 0.71200001 0.57090002
v -2.23720002 0.66640002 0.68760002
v -2.24670005 0.70920002 0.39789999
v -2.30320001 0.64590001 0.33350000
v -2.17120004 0.74790001 0.45780000
v -2.13660002 0.74419999 0.62300003
v -2.15569997 0.68440002 0.73009998
v -2.24359989 0.62739998 0.80860001
v -2.16070008 0.62900001 0.83829999
v -2.30780005 0.58260000 0.76050001
v -2.37919998 0.54470003 0.71100003
v -2.36179996 0.50520003 0.83260000
v -2.30730009 0.55479997 0.88400000
v -2.43790007 0.49020001 0.65820003
v -2.43280005 0.46860000 0.78530002
v -2.34400010 0.56580001 0.27270001
v -2.25740004 0.68330002 0.22110000
v -2.30029988 0.60180002 0.15910000
v -2.16039991 0.79530001 0.18220000
v -2.19849992 0.74739999 0.28690001
v -2.47129989 0.41740000 0.61339998
v -2.48359990 0.41010001 0.73720002
v -2.52049994 0.33620000 0.81169999
v -2.49309993 0.40939999 0.85159999
v -2.40660000 0.42910001 0.89499998
v -2.38709998 0.40180001 1.00419998
v -2.34529996 0.45789999 1.06029999
v -2.34980011 0.47639999 0.94940001
v -2.46090007 0.37779999 0.94999999
v -2.53649998 0.29359999 0.88520002
v -2.51789999 0.33980000 0.90509999
v -2.54679990 0.28320000 0.95190001
v -2.51329994 0.32690001 0.98570001
v -2.45390010 0.34930000 1.03460002
v -2.52979994 0.30599999 1.06669998
v -2.46320009 0.30590001 1.09660006
v -2.38829994 0.38180000 1.11160004
v -2.38649988 0.32679999 1.12160003
v -2.44409990 0.27720001 1.11099994
v -2.38779998 0.29420000 1.12090003
v -2.38700008 0.34160000 1.18680000
v -2.36660004 0.37869999 1.20519996
v -2.39580011 0.30689999 1.17340004
v -2.39820004 0.27550000 1.16340005
v -2.38879991 0.26470000 1.11629999
v -2.40289998 0.31230000 1.22920001
v -2.38619995 0.34450001 1.24849999
v -2.40989995 0.28020000 1.21440005
v -2.39969993 0.24640000 1.15820003
v -2.39249992 0.23530000 1.11409998
v -2.43479991 0.25650001 1.11510003
v -2.43330002 0.23199999 1.12360001
v -2.35050011 0.36939999 1.27079999
v -2.31310010 0.40189999 1.23199999
v -2.29719996 0.35380000 1.27400005
v -2.34470010 0.44710001 1.16460001
v -2.26099992 0.31840000 1.24670005
v -2.25390005 0.37490001 1.22019994
v -2.29889989 0.30790001 1.31260002
v -2.27690005 0.27390000 1.28040004
v -2.33480000 0.34349999 1.32490003
v -2.38310003 0.34070000 1.31019998
v -2.40610003 0.30919999 1.28980005
v -2.38319993 0.33829999 1.37679994
v -2.32839990 0.31630000 1.38290000
v -2.41610003 0.30649999 1.35319996
v -2.47659993 0.28270000 1.17939997
v -2.51650000 0.30230001 1.17139995
v -2.51889992 0.24290000 1.23819995
v -2.55229998 0.24240001 1.23020005
v -2.55010009 0.19020000 1.29250002
v -2.57730007 0.19499999 1.28929996
v -2.48760009 0.23940000 1.24670005
v -2.46120000 0.25600001 1.17600000
v -2.52430010 0.18490000 1.29620004
v -2.46849990 0.21030000 1.24800003
v -2.45230007 0.22820000 1.18019998
v -2.50040007 0.17739999 1.30330002
v -2.57080007 0.18539999 1.35239995
v -2.59780002 0.18179999 1.34689999
v -2.58249998 0.18610001 1.39520001
v -2.59999990 0.16230001 1.39030004
v -2.62080002 0.16550000 1.33959997
v -2.60730004 0.13530000 1.37460005
v -2.60389996 0.18979999 1.28219998
v -2.59039998 0.23950000 1.22230005
v -2.62269998 0.16840000 1.27040005
v -2.56410003 0.28459999 1.14870000
v -1.24349999 11.15260029 0.86839998
v -1.13709998 11.07789993 0.91630000
v -1.07319999 11.16219997 0.93959999
v -1.18710005 11.27480030 0.89020002
v -1.03980005 10.99390030 0.94700003
v -1.18970001 10.99279976 0.90520000
v -1.09220004 10.92220020 0.93879998
v -1.23619998 10.90390015 0.90020001
v -1.13970006 10.84340000 0.93620002
v -1.27909994 10.80980015 0.90090001
v -1.18280005 10.75669956 0.93750000
v -1.31850004 10.71090031 0.90950000
v -1.22090006 10.66289997 0.94510001
v -1.35270000 10.60770035 0.92449999
v -1.25240004 10.56359959 0.95959997
v -1.13030005 10.61579990 0.97520000
v -1.15670002 10.52299976 0.98860002
v -1.27709997 10.45969963 0.97860003
v -1.17509997 10.42269993 1.00639999
v -1.38090003 10.50100040 0.94279999
v -1.45459998 10.65100002 0.88050002
v -1.48450005 10.54189968 0.89600003
v -1.55350006 10.69040012 0.82239997
v -1.58430004 10.57960033 0.83440000
v -1.50909996 10.43080044 0.91170001
v -1.40359998 10.39150047 0.96139997
v -1.60990000 10.46749973 0.84660000
v -1.41900003 10.75720024 0.86690003
v -1.51730001 10.79889965 0.81180000
v -1.37870002 10.85939980 0.85769999
v -1.47669995 10.90349960 0.80360001
v -1.29579997 10.35219955 0.99830002
v -1.18780005 10.31719971 1.02530003
v -1.30939996 10.24190044 1.01569998
v -1.19550002 10.20820045 1.04270005
v -1.42120004 10.27999973 0.97740000
v -1.31809998 10.12979984 1.02939999
v -1.19889998 10.09710026 1.05659997
v -1.43449998 10.16720009 0.99000001
v -1.08130002 10.29199982 1.04439998
v -1.07669997 10.39550018 1.02680004
v -1.08210003 10.18410015 1.06079996
v -1.05180001 10.57269955 0.99790001
v -1.06830001 10.49100018 1.01040006
v -1.01590002 10.63889980 0.98979998
v -1.09350002 10.69989967 0.96749997
v -0.99760002 10.54080009 1.01080000
v -0.95690000 10.57219982 1.00639999
v -0.90630001 10.61340046 0.99650002
v -0.97039998 10.69880009 0.98140001
v -0.85939997 10.51749992 1.01250005
v -0.92220002 10.48890018 1.02219999
v -0.99059999 10.47539997 1.02240002
v -0.98409998 10.38370037 1.03849995
v -1.04970002 10.77540016 0.96289998
v -1.00189996 10.84210014 0.96039999
v -1.33580005 10.95779991 0.85530001
v -1.43460000 11.00419998 0.79970002
v -1.29130006 11.05379963 0.85900003
v -1.39349997 11.10179996 0.80010003
v -1.35590005 11.19869995 0.80339998
v -1.45650005 11.23330021 0.73290002
v -1.48889995 11.13980007 0.73089999
v -1.54250002 11.26159954 0.65689999
v -1.43649995 11.32559967 0.73610002
v -1.52390003 11.34840012 0.66360003
v -1.32920003 11.30150032 0.80849999
v -1.57280004 11.17039967 0.65179998
v -1.52760005 11.04259968 0.73119998
v -1.56830001 10.94079971 0.73409998
v -1.60800004 10.83460045 0.73949999
v -1.68620002 10.86419964 0.64969999
v -1.72230005 10.75430012 0.65359998
v -1.64440000 10.72490025 0.74680001
v -1.78160000 10.77939987 0.54589999
v -1.74699998 10.88939953 0.54629999
v -1.79040003 10.91510010 0.43579999
v -1.71130002 10.99699974 0.54960001
v -1.75769997 11.02400017 0.44440001
v -1.64810002 10.97119999 0.64819998
v -1.82219994 10.80430031 0.43020001
v -1.75419998 10.64280033 0.65930003
v -1.67610002 10.61340046 0.75550002
v -1.81239998 10.66769981 0.54820001
v -1.60940003 11.07349968 0.64889997
v -1.67560005 11.10029984 0.55559999
v -1.72469997 11.12870026 0.45559999
v -1.64100003 11.19769955 0.56379998
v -1.69180000 11.22710037 0.46900001
v -1.75769997 11.16300011 0.35120001
v -1.78989995 11.05700016 0.33539999
v -1.72469997 11.26189995 0.36880001
v -0.97960001 11.06060028 0.96619999
v -0.98460001 11.23130035 0.98290002
v -0.90730000 11.12199974 0.99919999
v -0.89620000 10.95689964 0.97869998
v -0.83389997 11.01049995 1.00619996
v -0.76080000 11.06509972 1.04200006
v -0.82319999 11.18120003 1.03830004
v -0.88679999 11.29430008 1.02750003
v -0.72430003 11.23980045 1.07620001
v -0.77710003 11.35439968 1.06610000
v -0.60970002 11.29819965 1.11249995
v -0.65469998 11.41399956 1.10210001
v -0.44530001 11.23099995 1.15260005
v -0.47970000 11.35620022 1.14859998
v -0.56739998 11.17739964 1.11800003
v -0.51929998 11.47630024 1.13960004
v -0.56760001 11.58689976 1.12709999
v -0.70139998 11.52400017 1.08770001
v -0.36809999 11.54479980 1.16460001
v -0.42930001 11.65559959 1.15269995
v -0.33210000 11.41139984 1.17349994
v -0.30660000 11.27729988 1.17709994
v -0.14460000 11.16959953 1.18859994
v -0.15549999 11.31009960 1.18809998
v -0.28510001 11.14280033 1.17690003
v -0.41429999 11.10229969 1.15250003
v -0.16940001 11.45779991 1.18330002
v -0.52819997 11.05270004 1.11909997
v -0.67269999 11.12119961 1.08060002
v -0.62419999 10.99919987 1.08060002
v -0.38720000 10.97140026 1.14859998
v -0.49250001 10.92539978 1.11539996
v -0.57940000 10.87489986 1.07700002
v -0.82840002 11.46510029 1.04980004
v -0.87540001 11.57250023 1.02960002
v -0.99730003 11.51739979 0.98820001
v -0.94679999 11.40590000 1.00909996
v -0.91850001 11.67759991 1.00800002
v -1.04190004 11.62730026 0.96759999
v -1.06040001 11.34350014 0.95709997
v -1.11290002 11.46350002 0.93720001
v -1.15719998 11.57950020 0.92070001
v -0.74730003 11.62899971 1.07029998
v -0.61619997 11.68959999 1.11129999
v -0.79000002 11.73069954 1.05089998
v -0.66030002 11.78699970 1.09280002
v -0.70240003 10.94610023 1.04149997
v -0.76670003 10.89589977 1.00750005
v -0.64910001 10.82520008 1.03910005
v -0.70690000 10.77890015 1.00730002
v -0.82230002 10.84850025 0.98320001
v -0.75830001 10.73649979 0.98559999
v -0.95120001 10.90170002 0.96380001
v -0.87320000 10.80179977 0.97189999
v -0.80729997 10.69610023 0.97790003
v -0.70550001 10.62230015 0.99030000
v -0.75419998 10.58650017 0.98699999
v -0.66329998 10.50730038 0.99779999
v -0.71240002 10.47459984 0.99930000
v -0.80449998 10.55140018 0.99779999
v -0.76499999 10.44260025 1.01400006
v -0.85610002 10.65540028 0.98420000
v -0.82599998 10.41300011 1.03020000
v -0.67720002 10.36100006 1.01209998
v -0.62709999 10.39229965 1.00530005
v -0.63990003 10.24660015 1.02359998
v -0.58829999 10.27799988 1.01110005
v -0.73329997 10.33030033 1.02980006
v -0.70090002 10.21660042 1.04400003
v -0.61530000 10.54179955 1.01300001
v -0.65630001 10.66040039 1.00890005
v -0.57950002 10.42459965 1.01590002
v -0.92229998 10.75269985 0.97340000
v -1.22679996 11.41940022 0.87489998
v -1.33910000 11.41170025 0.80599999
v -1.26489997 11.54100037 0.86549997
v -1.36530006 11.52210045 0.80549997
v -1.30420005 11.66180038 0.85790002
v -1.40059996 11.63980007 0.80440003
v -1.23370004 11.81739998 0.89160001
v -1.34089994 11.78880024 0.84579998
v -1.19809997 11.69639969 0.90670002
v -1.11570001 11.85070038 0.93140000
v -1.08190000 11.73779964 0.94900000
v -0.98890001 11.88710022 0.96880001
v -0.95719999 11.78180027 0.98720002
v -0.82720000 11.82999992 1.03149998
v -0.85839999 11.92860031 1.01400006
v -0.72780001 11.97080040 1.05560005
v -0.69770002 11.88029957 1.07350004
v -0.59700000 12.00920010 1.08309996
v -0.56870002 11.92809963 1.10099995
v -0.44319999 11.97029972 1.11189997
v -0.46860000 12.04160023 1.09500003
v -0.48580000 12.11069965 1.08140004
v -0.61690003 12.08800030 1.06830001
v -0.35850000 12.12759972 1.08290005
v -0.34470001 12.06659985 1.09459996
v -0.32429999 12.00430012 1.11010003
v -0.53160000 11.84309959 1.12000000
v -0.40860000 11.89560032 1.12989998
v -0.48510000 11.75310040 1.13779998
v -0.36190000 11.81669998 1.14649999
v -0.74989998 12.05980015 1.04059994
v -0.88249999 12.02740002 0.99949998
v -0.89749998 12.12749958 0.98769999
v -0.76310003 12.14910030 1.02939999
v -1.01370001 11.99450016 0.95319998
v -1.02929997 12.10369968 0.93930000
v -1.14090002 11.96630001 0.91369998
v -1.25909996 11.94180012 0.87360001
v -1.36580002 11.92010021 0.82709998
v -1.27460003 12.06709957 0.85219997
v -1.38230002 12.05220032 0.80280000
v -1.27989995 12.19040012 0.82749999
v -1.38950002 12.18140030 0.77429998
v -1.27699995 12.31120014 0.80140001
v -1.38709998 12.30589962 0.74349999
v -1.37880003 12.42710018 0.71300000
v -1.47689998 12.41870022 0.64080000
v -1.48570001 12.29609966 0.67600000
v -1.27129996 12.43120003 0.77649999
v -1.48660004 12.16919994 0.71149999
v -1.16009998 12.20069981 0.87510002
v -1.15880001 12.31869984 0.85549998
v -1.15559995 12.08329964 0.89480001
v -1.03520000 12.21500015 0.92600000
v -1.03509998 12.33080006 0.91270000
v -1.47770000 12.03689957 0.74500000
v -1.57050002 12.15009975 0.64010000
v -1.56019998 12.01830006 0.67979997
v -1.46060002 11.90170002 0.77389997
v -1.54219997 11.88449955 0.71399999
v -1.43700004 11.76790047 0.79460001
v -1.51719999 11.75310040 0.73750001
v -1.48559999 11.62979984 0.74650002
v -1.58570004 11.74059963 0.67290002
v -1.55789995 11.62629986 0.68220001
v -1.61090004 11.86450005 0.64760000
v -1.43750000 11.41969967 0.73909998
v -1.45589995 11.51910019 0.74409997
v -1.52119994 11.43430042 0.67119998
v -1.53390002 11.52480030 0.67900002
v -1.59270000 11.37129974 0.58480000
v -1.61170006 11.28779984 0.57370001
v -1.66209996 11.31669998 0.48330000
v -1.64090002 11.39729977 0.49779999
v -1.69340003 11.35060024 0.38670000
v -1.70770001 11.38949966 0.28520000
v -1.74049997 11.30160046 0.26400000
v -1.64579999 0.52029997 1.20270002
v -1.67910004 0.53340000 1.12409997
v -1.74389994 0.46079999 1.18350005
v -1.70350003 0.47099999 1.21899998
v -1.74559999 0.40759999 1.22930002
v -1.79700005 0.41450000 1.23769999
v -1.78629994 0.35679999 1.25670004
v -1.82900000 0.36910000 1.31480002
v -1.71089995 0.41960001 1.28120005
v -1.67589998 0.47389999 1.27989995
v -1.62000000 0.50870001 1.28030002
v -1.65880001 0.46619999 1.35450006
v -1.60220003 0.48230001 1.36280000
v -1.66499996 0.46570000 1.45910001
v -1.59979999 0.46650001 1.47270000
v -1.73179996 0.41310000 1.55149996
v -1.66569996 0.42399999 1.56990004
v -1.71659994 0.43430001 1.44410002
v -1.74749994 0.39379999 1.42620003
v -1.70500004 0.42989999 1.35239995
v -1.73099995 0.38339999 1.34840000
v -1.73479998 0.36510000 1.28579998
v -1.76160002 0.34930000 1.41159999
v -1.74319994 0.33680001 1.34309995
v -1.75530005 0.31930000 1.29020000
v -1.76549995 0.37580001 1.51999998
v -1.77079999 0.32069999 1.61109996
v -1.72210002 0.32580000 1.62000000
v -1.79789996 0.29510000 1.58570004
v -1.77699995 0.33829999 1.49430001
v -1.72220004 0.27640000 1.70130002
v -1.66810000 0.29150000 1.70760000
v -1.66559994 0.31630000 1.61769998
v -1.75629997 0.24470000 1.68990004
v -1.59770000 0.40630001 1.57420003
v -1.60440004 0.31259999 1.62810004
v -1.54540002 0.28900000 1.62750006
v -1.53209996 0.38150001 1.57550001
v -1.48580003 0.26269999 1.63129997
v -1.46749997 0.35290000 1.57130003
v -1.41659999 0.30770001 1.54729998
v -1.43429995 0.36919999 1.45179999
v -1.46910000 0.42449999 1.47449994
v -1.42820001 0.22970000 1.63349998
v -1.53310001 0.45010000 1.47829998
v -1.54649997 0.26390001 1.71650004
v -1.48940003 0.23029999 1.72479999
v -1.60710001 0.28580001 1.71109998
v -1.54159999 0.47920001 1.36689997
v -1.54980004 0.51450002 1.27230000
v -1.56480002 0.54329997 1.18190002
v -1.47969997 0.49590001 1.25839996
v -1.47599995 0.53250003 1.15629995
v -1.48839998 0.45190001 1.36029994
v -1.45239997 0.40720001 1.34549999
v -1.42879999 0.44859999 1.24210000
v -1.42690003 0.46450001 1.13010001
v -1.43270004 0.34830001 1.32470000
v -1.41600001 0.30599999 1.42330003
v -1.40859997 0.37909999 1.22290003
v -1.57609999 0.55140001 1.09019995
v -1.64189994 0.58620000 1.00650001
v -1.54890001 0.59359998 0.99040002
v -1.60099995 0.64700001 0.90189999
v -1.51349998 0.62589997 0.88069999
v -1.56070006 0.68519998 0.78839999
v -1.48490000 0.65069997 0.76770002
v -1.46329999 0.54970002 0.83870000
v -1.45070004 0.57440001 0.73159999
v -1.47539997 0.53539997 0.94709998
v -1.72340000 0.57169998 1.00689995
v -1.75909996 0.50660002 1.10300004
v -1.68750000 0.64130002 0.90850002
v -1.48599994 0.52859998 1.05229998
v -1.44079995 0.45190001 1.01989996
v -1.43850005 0.44800001 0.90649998
v -1.80340004 0.31630000 1.28740001
v -1.83019996 0.31720001 1.33829999
v -1.83029997 0.27239999 1.35179996
v -1.81070006 0.27460000 1.30550003
v -1.78009999 0.23570000 1.30939996
v -1.76919997 0.27620000 1.29929996
v -1.81389999 0.23140000 1.32379997
v -1.82780004 0.22340000 1.36420000
v -1.83060002 0.17170000 1.37000000
v -1.81970000 0.18780001 1.33169997
v -1.84580004 0.11490000 1.36740005
v -1.83340001 0.15109999 1.41499996
v -1.85329998 0.09420000 1.40799999
v -1.85210001 0.12899999 1.46329999
v -1.87140000 0.07950000 1.45309997
v -1.86699998 0.10220000 1.51830006
v -1.89030004 0.06460000 1.50559998
v -1.85220003 0.10760000 1.59679997
v -1.86080003 0.06080000 1.58519995
v -1.85590005 0.14810000 1.52620006
v -1.84689999 0.18140000 1.46720004
v -1.88660002 0.01860000 1.57229996
v -1.92369998 0.04280000 1.49530005
v -1.90799999 0.04370000 1.44140005
v -1.89820004 0.05060000 1.39409995
v -1.83560002 0.20800000 1.41330004
v -1.84679997 0.26140001 1.40670002
v -1.85520005 0.23240000 1.46889997
v -1.89470005 0.06100000 1.35150003
v -1.96430004 0.05120000 1.38300002
v -1.99090004 0.07840000 1.33109999
v -2.01040006 0.08610000 1.38199997
v -2.02130008 0.11430000 1.33729994
v -2.00270009 0.06970000 1.42990005
v -1.95829999 0.04030000 1.43270004
v -1.87950003 0.06090000 1.31770003
v -1.82930005 0.13440000 1.33500004
v -1.80809999 0.10200000 1.30789995
v -1.79879999 0.15570000 1.30690002
v -1.91480005 0.03660000 1.25030005
v -1.80649996 0.05120000 1.27489996
v -1.78799999 0.19720000 1.31130004
v -1.76359999 0.20559999 1.34640002
v -1.75979996 0.24670000 1.34700000
v -1.76170003 0.16720000 1.33710003
v -1.75310004 0.29069999 1.34469998
v -1.76209998 0.25279999 1.40279996
v -1.76730001 0.30050001 1.40629995
v -1.75320005 0.20710000 1.39900005
v -1.74510002 0.16450000 1.39129996
v -1.74259996 0.14870000 1.46089995
v -1.76390004 0.19260000 1.46599996
v -1.79390001 0.15310000 1.54449999
v -1.77639997 0.10130000 1.53830004
v -1.71710002 0.10690000 1.45539999
v -1.74829996 0.04840000 1.53429997
v -1.73090005 0.12450000 1.37919998
v -1.78110003 0.23880000 1.47189999
v -1.80649996 0.24800000 1.56900001
v -1.78600001 0.28860000 1.48049998
v -1.80260003 0.20010000 1.55630004
v -1.85020006 0.30489999 1.40480006
v -1.86140001 0.27980000 1.47420001
v -1.86670005 0.32130000 1.48599994
v -1.86140001 0.27770001 1.55939996
v -1.85420001 0.23800001 1.54630005
v -1.85529995 0.34599999 1.40779996
v -1.85699999 0.40529999 1.34169996
v -1.87119997 0.38100001 1.42270005
v -1.89209998 0.42989999 1.36099994
v -1.90030003 0.40580001 1.43490005
v -1.83329999 0.44040000 1.26730001
v -1.87670004 0.46730000 1.29229999
v -1.93330002 0.44270000 1.37030005
v -1.93550003 0.41690001 1.43830001
v -1.92859995 0.48710001 1.30939996
v -1.87290001 0.35910001 1.50530005
v -1.89880002 0.39219999 1.52020001
v -1.87909997 0.30770001 1.57889998
v -1.88989997 0.24290000 1.64830005
v -1.87129998 0.21680000 1.63320005
v -1.89740002 0.20890000 1.73029995
v -1.87979996 0.17850000 1.71780002
v -1.86570001 0.14790000 1.70469999
v -1.85710001 0.18810000 1.62290001
v -1.89680004 0.15050000 1.78680003
v -1.88390005 0.11830000 1.76960003
v -1.91079998 0.18590000 1.80250001
v -1.92309999 0.25889999 1.65390003
v -1.93139994 0.22970000 1.73280001
v -1.95969999 0.26339999 1.65419996
v -1.96599996 0.24290000 1.73440003
v -1.95120001 0.33680001 1.59179997
v -1.91209996 0.32969999 1.59019995
v -1.85099995 0.19400001 1.53579998
v -1.85210001 0.15099999 1.61010003
v -1.80050004 0.47189999 1.18879998
v -1.84430003 0.50870001 1.21229994
v -1.82270002 0.52469999 1.10950005
v -1.87170005 0.56639999 1.12960005
v -1.90050006 0.53780001 1.22909999
v -1.94060004 0.58370000 1.13240004
v -1.96930003 0.53469998 1.22290003
v -1.98039997 0.60549998 1.01370001
v -1.99880004 0.55750000 1.11360002
v -1.91229999 0.62669998 1.03129995
v -2.05290008 0.48120001 1.17579997
v -2.01710010 0.50739998 1.19739997
v -2.04270005 0.52890003 1.08910000
v -2.09910011 0.50440001 1.17530000
v -2.09809995 0.54909998 1.08130002
v -2.15939999 0.51539999 1.15890002
v -2.15770006 0.54860002 1.06229997
v -2.10229993 0.60829997 0.98180002
v -2.16129994 0.58819997 0.95200002
v -2.03859997 0.58170003 0.98900002
v -2.03099990 0.44470000 1.25230002
v -2.07870007 0.43169999 1.23350000
v -2.11820006 0.46980000 1.25119996
v -1.95869994 0.66339999 0.91259998
v -2.02600002 0.64150000 0.88830000
v -1.88650000 0.67430001 0.92750001
v -1.98959994 0.46129999 1.29910004
v -1.97090006 0.42680001 1.36730003
v -2.01239991 0.39809999 1.31309998
v -1.99249995 0.39300001 1.36420000
v -2.04119992 0.38850001 1.27359998
v -1.85010004 0.59469998 1.02170002
v -1.82490003 0.64499998 0.91740000
v -1.79579997 0.56050003 1.00240004
v -1.76090002 0.62720001 0.90520000
v -1.79530001 0.70450002 0.81680000
v -1.72399998 0.69410002 0.80790001
v -1.64419997 0.69669998 0.80180001
v -1.64849997 0.06510000 1.26800001
v -1.63520002 0.05700000 1.35780001
v -1.70340002 0.08800000 1.35469997
v -1.72940004 0.06520000 1.27040005
v -1.62249994 0.04650000 1.45079994
v -1.55620003 0.06170000 1.35769999
v -1.55060005 0.04560000 1.45299995
v -1.48570001 0.10520000 1.36430001
v -1.47549999 0.06250000 1.45560002
v -1.41059995 0.10690000 1.46399999
v -1.43369997 0.16769999 1.37609994
v -1.49090004 0.12500000 1.27440000
v -1.44000006 0.19800000 1.28470004
v -1.48880005 0.12680000 1.18640006
v -1.44250000 0.21259999 1.19309998
v -1.41719997 0.29879999 1.20580006
v -1.42270005 0.27759999 1.30270004
v -1.38440001 0.29650000 1.10689998
v -1.39059997 0.38690001 1.11269999
v -1.39719999 0.36980000 0.99890000
v -1.37839997 0.27370000 0.99180001
v -1.40709996 0.19540000 1.10140002
v -1.38520002 0.17000000 0.99430001
v -1.38709998 0.35980001 0.88200003
v -1.36039996 0.25409999 0.87269998
v -1.40799999 0.23830000 1.39540005
v -1.38049996 0.17460001 1.48549998
v -1.38549995 0.10540000 1.59370005
v -1.40929997 0.04210000 1.57389998
v -1.39289999 0.24140000 1.51559997
v -1.39300001 0.16970000 1.61530006
v -1.44280005 0.01830000 1.70150006
v -1.49890006 -0.01340000 1.68149996
v -1.47220004 0.00230000 1.55830002
v -1.41270006 0.07110000 1.71980000
v -1.45669997 0.09730000 1.09909999
v -1.56229997 0.07020000 1.26919997
v -1.55579996 0.05080000 1.18400002
v -1.64839995 0.01380000 1.18309999
v -1.74249995 0.00360000 1.18400002
v -1.63370001 -0.02350000 1.08169997
v -1.53330004 0.01390000 1.09440005
v -1.73640001 -0.02560000 1.07579994
v -1.42659998 0.06900000 0.99540001
v -1.50370002 -0.00950000 0.98610002
v -1.47319996 -0.02210000 0.85820001
v -1.39610004 0.04890000 0.86890000
v -1.45210004 -0.01400000 0.71300000
v -1.37520003 0.05220000 0.72299999
v -1.57889998 -0.05150000 0.84340000
v -1.55610001 -0.04880000 0.70700002
v -1.60689998 -0.04380000 0.96770000
v -1.35619998 0.14610000 0.87290001
v -1.33490002 0.14579999 0.73580003
v -1.34029996 0.25540000 0.75010002
v -1.54859996 -0.01490000 1.54700005
v -1.63689995 -0.03860000 1.65180004
v -1.62689996 -0.01480000 1.53900003
v -1.56589997 -0.03010000 1.66470003
v -1.65129995 -0.02950000 1.75979996
v -1.58940005 -0.02350000 1.77110004
v -1.70599997 -0.02730000 1.64260006
v -1.69790006 0.00490000 1.53380001
v -1.71229994 -0.01940000 1.74829996
v -1.76510000 0.01030000 1.72780001
v -1.75969994 0.01140000 1.63610005
v -1.78929996 0.04590000 1.70570004
v -1.78849995 0.06310000 1.63530004
v -1.80069995 0.11180000 1.64150000
v -1.79960001 0.07560000 1.73109996
v -1.80480003 0.15420000 1.65439999
v -1.80250001 0.11590000 1.75769997
v -1.77240002 0.03970000 1.79209995
v -1.77339995 0.08460000 1.83280003
v -1.79240000 0.15459999 1.77059996
v -1.76660001 0.12989999 1.84940004
v -1.72350001 0.06060000 1.87259996
v -1.71850002 0.10940000 1.89230001
v -1.72150004 0.01240000 1.82749999
v -1.66410005 0.00090000 1.84189999
v -1.68089998 0.06900000 1.45060003
v -1.60630000 -0.00090000 1.84609997
v -1.60800004 0.04100000 1.89450002
v -1.66779995 0.04650000 1.89209998
v -1.54569995 0.03430000 1.87059999
v -1.53359997 0.08430000 1.89209998
v -1.60189998 0.09120000 1.91429996
v -1.53340006 0.13789999 1.89339995
v -1.59909999 0.14080000 1.91520000
v -1.65699995 0.14500000 1.91700006
v -1.66299999 0.09690000 1.91279995
v -1.60280001 0.18619999 1.90310001
v -1.65300000 0.18820000 1.90550005
v -1.54439998 0.18680000 1.88170004
v -1.46329999 0.07290000 1.83140004
v -1.46420002 0.13220000 1.83659995
v -1.41530001 0.13079999 1.73130000
v -1.48329997 0.18780001 1.82819998
v -1.44780004 0.18250000 1.73140001
v -1.48819995 0.02270000 1.81060004
v -1.53250003 -0.00790000 1.78690004
v -1.56079996 0.00440000 1.84189999
v -1.74460006 0.10520000 1.29740000
v -1.75250006 0.13360000 1.31610000
v -2.28220010 0.19290000 1.31540000
v -2.29670000 0.20090000 1.35950005
v -2.29229999 0.15840000 1.34990001
v -2.26810002 0.16040000 1.30429995
v -2.30530000 0.11560000 1.38740003
v -2.28909993 0.12150000 1.34039998
v -2.30590010 0.15390000 1.39919996
v -2.30410004 0.10450000 1.44519997
v -2.30500007 0.14280000 1.45659995
v -2.27539992 0.13110000 1.30050004
v -2.24309993 0.13910000 1.28199995
v -2.24320006 0.11370000 1.31289995
v -2.25920010 0.14320000 1.35270000
v -2.24769998 0.09830000 1.35119998
v -2.24799991 0.09200000 1.39619994
v -2.21409988 0.05770000 1.35169995
v -2.21869993 0.05540000 1.39719999
v -2.16359997 0.04320000 1.36360002
v -2.17479992 0.04340000 1.40660000
v -2.24009991 0.09060000 1.44739997
v -2.21650004 0.06400000 1.44749999
v -2.18479991 0.05640000 1.45389998
v -2.15149999 0.05280000 1.32990003
v -2.10759997 0.07270000 1.35259998
v -2.12030005 0.06260000 1.38300002
v -2.20749998 0.06990000 1.31400001
v -2.13610005 0.06300000 1.42060006
v -2.25959992 0.13460000 1.40030003
v -2.26099992 0.18570000 1.35430002
v -2.28419995 0.23080000 1.31050003
v -2.29789996 0.25970000 1.36160004
v -2.25819993 0.23410000 1.34570003
v -2.26489997 0.17680000 1.40569997
v -2.25309992 0.12630001 1.45299995
v -2.26069999 0.16490000 1.46249998
v -2.20280004 0.08980000 1.28380001
v -2.14000010 0.07020000 1.30299997
v -2.09669995 0.08840000 1.32780004
v -2.07850003 0.11780000 1.34119999
v -2.08410001 0.10250000 1.30630004
v -2.07229996 0.12830000 1.31659997
v -2.08489990 0.10700000 1.36749995
v -2.30879998 0.06700000 1.43379998
v -2.31809998 0.05330000 1.49969995
v -2.31349993 0.08980000 1.50979996
v -2.33439994 0.01850000 1.48749995
v -2.33439994 0.07490000 1.57159996
v -2.34439993 0.04370000 1.55830002
v -2.38360000 0.04170000 1.59469998
v -2.37319994 0.06820000 1.61150002
v -2.41700006 0.07700000 1.62210000
v -2.42499995 0.05260000 1.60399997
v -2.46320009 0.05650000 1.56719995
v -2.43379998 0.03170000 1.57599998
v -2.45830011 0.07700000 1.59300005
v -2.39660001 0.01860000 1.56949997
v -2.40669990 -0.00020000 1.52900004
v -2.48060012 0.08430000 1.54509997
v -2.47889996 0.10760000 1.55859995
v -2.45180011 0.10010000 1.60940003
v -2.47049999 0.13130000 1.57260001
v -2.36750007 0.09920000 1.62150002
v -2.40879989 0.10570000 1.63080001
v -2.37019992 0.13030000 1.62320006
v -2.40300012 0.13390000 1.63269997
v -2.37380004 0.15290000 1.62030005
v -2.39439988 0.16110000 1.63000000
v -2.34279990 0.13990000 1.58749998
v -2.36019993 0.16610000 1.58910000
v -2.33179998 0.10810000 1.58210003
v -2.44190001 0.12480000 1.61909997
v -2.43020010 0.15070000 1.62539995
v -2.36019993 0.01580000 1.53900003
v -2.36479998 -0.00800000 1.47630000
v -2.37689996 -0.00050000 1.51849997
v -2.40709996 -0.01270000 1.47259998
v -2.31469989 0.12580000 1.51940000
v -2.32319999 0.15970001 1.52900004
v -2.34489989 0.18570000 1.53499997
v -2.30979991 0.18099999 1.46819997
v -2.32780004 0.21439999 1.47749996
v -2.37089992 0.20160000 1.53989995
v -2.38470006 0.18179999 1.59480000
v -2.35630012 0.23350000 1.48269999
v -2.30660009 0.19460000 1.41219997
v -0.82709998 13.92529964 0.98860002
v -0.92879999 14.06760025 0.94749999
v -1.03349996 13.88370037 0.88540000
v -0.92890000 13.79389954 0.93339998
v -1.10090005 13.73550034 0.83340001
v -0.99900001 13.66510010 0.88239998
v -1.16020000 13.94369984 0.81110001
v -1.20969999 13.79889965 0.76349998
v -1.31200004 13.86380005 0.67640001
v -1.34590006 13.73130035 0.62709999
v -1.24810004 13.66569996 0.71560001
v -1.43439996 13.80819988 0.52660000
v -1.40400004 13.93550014 0.58050001
v -1.27409995 14.00090027 0.72299999
v -1.37249994 14.06389999 0.62900001
v -1.23629999 14.14280033 0.76400000
v -1.34210002 14.19410038 0.67089999
v -1.21019995 14.28240013 0.79710001
v -1.31770003 14.32149982 0.70649999
v -1.19400001 14.41079998 0.82349998
v -1.30050004 14.44019985 0.73629999
v -1.40890002 14.37360001 0.61830002
v -1.39129996 14.48419952 0.65130001
v -1.43169999 14.25559998 0.57999998
v -1.37829995 14.58399963 0.67890000
v -1.45599997 14.63290024 0.60280001
v -1.47080004 14.53899956 0.57179999
v -1.28900003 14.54669952 0.76020002
v -1.48899996 14.43550014 0.53560001
v -1.18390000 14.52519989 0.84280002
v -1.28120005 14.64070034 0.77859998
v -1.17789996 14.62629986 0.85670000
v -1.06029999 14.52309990 0.92060000
v -1.05690002 14.63220024 0.93070000
v -1.06760001 14.40050030 0.90630001
v -1.08019996 14.26060009 0.88459998
v -1.10510004 14.10200024 0.85519999
v -0.92439997 14.26369953 0.96390003
v -0.92170000 14.41409969 0.97790003
v -0.91990000 14.54209995 0.98680001
v -0.76490003 14.45310020 1.03269994
v -0.76889998 14.57859993 1.03410006
v -0.75690001 14.31410027 1.02859998
v -1.48529994 14.01630020 0.48449999
v -1.45809996 14.13529968 0.53560001
v -1.55739999 14.10410023 0.39300001
v -1.53369999 14.21420002 0.44650000
v -1.51250005 13.89949989 0.42699999
v -1.46550000 13.67609978 0.46610001
v -1.37370002 13.60089970 0.57800001
v -1.54139996 13.78450012 0.36050001
v -1.58109999 13.99720001 0.33309999
v -1.62170005 14.19649982 0.30720001
v -1.64189994 14.09749985 0.24540000
v -1.60119998 14.29889965 0.36309999
v -1.51030004 14.32569981 0.49399999
v -1.58010006 14.40250015 0.41360000
v -1.66050005 14.38759995 0.28520000
v -1.64059997 14.48400021 0.33840001
v -1.55929995 14.50450039 0.45879999
v -1.62049997 14.57880020 0.38679999
v -1.27620006 13.54039955 0.67159998
v -1.14540005 13.60569954 0.78509998
v -1.04600000 13.54629993 0.83579999
v -0.91030002 13.59200001 0.91689998
v -0.95639998 13.48750019 0.87279999
v -0.84399998 13.70160007 0.96660000
v -0.77550000 13.60970020 0.99129999
v -0.83730000 13.51990032 0.94270003
v -0.88069999 13.43280029 0.90189999
v -0.72329998 13.51939964 1.00919998
v -0.64539999 13.58580017 1.05970001
v -0.69250000 13.69629955 1.04279995
v -0.78219998 13.45139980 0.96249998
v -0.75250000 13.80830002 1.01880002
v -0.63609999 13.89649963 1.06889999
v -0.68769997 14.02369976 1.04600000
v -0.73830003 14.16199970 1.02800000
v -1.07830000 13.43649960 0.79710001
v -0.98820001 13.38879967 0.83770001
v -1.10160005 13.33230019 0.76880002
v -1.01139998 13.29380035 0.81320000
v -0.93140000 13.26150036 0.85299999
v -1.02960002 13.19900036 0.79960001
v -0.94910002 13.17370033 0.84390002
v -1.04460001 13.10179996 0.79589999
v -0.96460003 13.08259964 0.84320003
v -1.11909997 13.22980022 0.75209999
v -0.90990001 13.34729958 0.87210000
v -0.86140001 13.23919964 0.89279997
v -0.84450001 13.31639957 0.90490001
v -0.87690002 13.15660000 0.88859999
v -1.19840002 13.37390041 0.71270001
v -1.17600000 13.48690033 0.74360001
v -1.29789996 13.41740036 0.63779998
v -1.39750004 13.46430016 0.53560001
v -0.00120000 14.98349953 1.09889996
v -0.05980000 14.99779987 1.10000002
v -0.10680000 14.96170044 1.09800005
v -0.00100000 14.88969994 1.09109998
v -0.21980000 14.92780018 1.09759998
v -0.14669999 15.03489971 1.10829997
v -0.24670000 15.01519966 1.11609995
v -0.16230001 15.11639977 1.11930001
v -0.25850001 15.10849953 1.13580000
v -0.36420000 14.99969959 1.13080001
v -0.34930000 14.89970016 1.10099995
v -0.49559999 14.98910046 1.13890004
v -0.48740000 14.87539959 1.10370004
v -0.47520000 14.76889992 1.08109999
v -0.32830000 14.80249977 1.08490002
v -0.31279999 14.70129967 1.08019996
v -0.16020000 14.73349953 1.07969999
v -0.17710000 14.83889961 1.08620000
v -0.15120000 14.62730026 1.08190000
v -0.30120000 14.59449959 1.08580005
v -0.00010000 14.64000034 1.07980001
v -0.00040000 14.75259972 1.08070004
v -0.14430000 14.51119995 1.09080005
v -0.00000000 14.52260017 1.08570004
v 0.00000000 14.38809967 1.09500003
v -0.13720000 14.37580013 1.10329998
v -0.29020000 14.47560024 1.09749997
v -0.27750000 14.34239960 1.11150002
v -0.46370000 14.66230011 1.07620001
v -0.45260000 14.55049992 1.08179998
v -0.60720003 14.50189972 1.06500006
v -0.59520000 14.37320042 1.07050002
v -0.44000000 14.42809963 1.09210002
v -0.42320001 14.29479980 1.10290003
v -0.57520002 14.23509979 1.07560003
v -0.26249999 14.19579983 1.12460005
v -0.40090001 14.15480042 1.11549997
v -0.54320002 14.09829998 1.08899999
v -0.61559999 14.62069988 1.06149995
v -0.62370002 14.73470020 1.06770003
v -0.77370000 14.69760036 1.04030001
v -0.64230001 14.98060036 1.13650000
v -0.63380003 14.85120010 1.09730005
v -0.62019998 15.11299992 1.15919995
v -0.48949999 15.10589981 1.16190004
v -0.36840001 15.10490036 1.15310001
v -0.36309999 15.21119976 1.16120005
v -0.47520000 15.22080040 1.16740000
v -0.45699999 15.33240032 1.15610003
v -0.56650001 15.35190010 1.14699996
v -0.59310001 15.23639965 1.16190004
v -0.35179999 15.31729984 1.15419996
v -0.25960001 15.20619965 1.14489996
v -0.16620000 15.20499992 1.12559998
v -0.81999999 14.97360039 1.12109995
v -0.78750002 14.82089996 1.07239997
v -0.93199998 14.76920033 1.01800001
v -0.92030001 14.65810013 0.99430001
v -1.06299996 14.73200035 0.94779998
v -1.19330001 14.80130005 0.89520001
v -1.17879999 14.71700001 0.87190002
v -1.08879995 14.82590008 0.97780001
v -0.96920002 14.87969971 1.06060004
v -0.94379997 15.06499958 1.11909997
v -1.04120004 14.97179985 1.07579994
v -0.75650001 15.13259983 1.14590001
v -0.87449998 15.18420029 1.13010001
v -0.07900000 15.12370014 1.11189997
v -0.07170000 15.05099964 1.10570002
v -0.00110000 15.12539959 1.11059999
v -0.00120000 15.05169964 1.10539997
v -0.00090000 15.20670033 1.11230004
v -0.00060000 15.29300022 1.10860002
v -0.00040000 15.38119984 1.09889996
v -0.08150000 15.20629978 1.11459994
v -0.08040000 15.29419994 1.11140001
v -0.16350000 15.29819965 1.12370002
v -0.07680000 15.38430023 1.10220003
v -0.15629999 15.39309978 1.11259997
v -0.90009999 12.34510040 0.97109997
v -0.89179999 12.48460007 0.96660000
v -1.03680003 12.45349979 0.89740002
v -1.15760005 12.43859959 0.83569998
v -1.16110003 12.55799961 0.81339997
v -1.26680005 12.55179977 0.75330001
v -1.36940002 12.54829979 0.68550003
v -1.46510005 12.54049969 0.60930002
v -1.55019999 12.52390003 0.52440000
v -1.56289995 12.40100002 0.55970001
v -1.62329996 12.49510002 0.43270001
v -1.63600004 12.37080002 0.47189999
v -1.64300001 12.24680042 0.51620001
v -1.57099998 12.27750015 0.59909999
v -1.64119995 12.12100029 0.56320000
v -1.16299999 12.67539978 0.79159999
v -1.05599999 12.57089996 0.87159997
v -1.06850004 12.68200016 0.84689999
v -0.95420003 12.59990025 0.92650002
v -0.98310000 12.69789982 0.89719999
v -0.91579998 12.72319984 0.93790001
v -0.88059998 12.65450001 0.96619999
v -0.87239999 12.74569988 0.96439999
v -0.83300000 12.71450043 0.99100000
v -0.80629998 12.78839970 0.99930000
v -0.86460000 12.80389977 0.96079999
v -0.78619999 12.87419987 0.99930000
v -0.85240000 12.88430023 0.95450002
v -0.73430002 12.76490021 1.03680003
v -0.71109998 12.85929966 1.04030001
v -0.83800000 12.97280025 0.94690001
v -0.76870000 12.96599960 0.99500000
v -0.69250000 12.95730019 1.03890002
v -0.92280000 12.80109978 0.92100000
v -0.91740000 12.88819981 0.90820003
v -0.76550001 12.67590046 1.02540004
v -0.67330003 12.64389992 1.05750000
v -0.64630002 12.74100018 1.06840003
v -0.81320000 12.58839989 1.00279999
v -0.70719999 12.54810047 1.04159999
v -0.99129999 12.79380035 0.87599999
v -1.07140005 12.79020023 0.82639998
v -0.98780000 12.89099979 0.86030000
v -1.06669998 12.89659977 0.81059998
v -1.16050005 12.79109955 0.77230000
v -1.05719995 13.00090027 0.80010003
v -0.97790003 12.98799992 0.84920001
v -0.76700002 12.24149990 1.02230000
v -0.76160002 12.34049988 1.01999998
v -0.90280002 12.23130035 0.97820002
v -0.74510002 12.44769955 1.02429998
v -0.61330003 12.42700005 1.05850005
v -0.59119999 12.52169991 1.06990004
v -0.48629999 12.41300011 1.07770002
v -0.47229999 12.50290012 1.08739996
v -0.36179999 12.40270042 1.08630002
v -0.35299999 12.48890018 1.09590006
v -0.34259999 12.58339977 1.10580003
v -0.45649999 12.59889984 1.09770000
v -0.54689997 12.71959972 1.09140003
v -0.56790000 12.61880016 1.08190000
v -0.44100001 12.70110035 1.10660005
v -0.42690000 12.80910015 1.11350000
v -0.52890003 12.82489967 1.09790003
v -0.32150000 12.79549980 1.12199998
v -0.33180001 12.68579960 1.11459994
v -0.62470001 12.84210014 1.07379997
v -0.51400000 12.93420029 1.10179996
v -0.60729998 12.94639969 1.07509995
v -0.41479999 12.92210007 1.11880004
v -0.23440000 12.47889996 1.09850001
v -0.22810000 12.57199955 1.10860002
v -0.23950000 12.39529991 1.08850002
v -0.11920000 12.39080048 1.08790004
v -0.11680000 12.47280025 1.09840000
v -0.24270000 12.32110023 1.07990003
v -0.12060000 12.31869984 1.07840002
v -0.00000000 12.31779957 1.07760000
v -0.12090000 12.25520039 1.07159996
v -0.00000000 12.25510025 1.07029998
v -0.11960000 12.19820023 1.06900001
v 0.00000000 12.19909954 1.06710005
v -0.24349999 12.25500011 1.07439995
v -0.24130000 12.19509983 1.07330000
v -0.00000000 12.38920021 1.08739996
v -0.36739999 12.32470036 1.07879996
v -0.49529999 12.32929993 1.07120001
v -0.00000000 12.47070026 1.09809995
v -0.11390000 12.56509972 1.10880005
v -0.00000000 12.56270027 1.10850000
v -0.00010000 12.66469955 1.11810005
v -0.11060000 12.66720009 1.11819994
v -0.62660003 12.33460045 1.05260003
v -0.63139999 12.24800014 1.05250001
v -0.49860001 12.25199986 1.06930006
v -0.49559999 12.18000031 1.07260001
v -0.62830001 12.16670036 1.05789995
v -0.36640000 12.18929958 1.07630002
v -0.23559999 12.13889980 1.07780004
v -0.36919999 12.25419998 1.07509995
v -0.40470001 9.74020004 0.99970001
v -0.54509997 9.73390007 1.05770004
v -0.53880000 9.60630035 1.04550004
v -0.40930000 9.59679985 0.98339999
v -0.54380000 9.48700047 1.02880001
v -0.41949999 9.47719955 0.96460003
v -0.28549999 9.65820026 0.89249998
v -0.30180001 9.56130028 0.88309997
v -0.23100001 9.52830029 0.74980003
v -0.31680000 9.46000004 0.86690003
v -0.24660000 9.44359970 0.73740000
v -0.33340001 9.35630035 0.84509999
v -0.26400000 9.35060024 0.72000003
v -0.28279999 9.25129986 0.69859999
v -0.24280000 9.25629997 0.55489999
v -0.22510000 9.34910011 0.57110000
v -0.22650000 9.26389980 0.39410001
v -0.26089999 9.15769958 0.53630000
v -0.24160001 9.16930008 0.37990001
v -0.27930000 9.05710030 0.51690000
v -0.25709999 9.07180023 0.36449999
v -0.29620001 8.95820045 0.49730000
v -0.27280000 8.97529984 0.34810001
v -0.26480001 8.98700047 0.18770000
v -0.24969999 9.08129978 0.20020001
v -0.24079999 9.17619991 0.04450000
v -0.23570000 9.17609978 0.21200000
v -0.25569999 9.08469963 0.03490000
v -0.27140000 8.99359989 0.02490000
v -0.28850001 8.88140011 0.33010000
v -0.28040001 8.89480019 0.17389999
v -0.31189999 8.86340046 0.47490001
v -0.33890000 8.94419956 0.62559998
v -0.32190001 9.04510021 0.65030003
v -0.30270001 9.14830017 0.67479998
v -0.36950001 9.14420033 0.79180002
v -0.35110000 9.25059986 0.81950003
v -0.38630000 9.03909969 0.76349998
v -0.40040001 8.93669987 0.73500001
v -0.40910000 8.83810043 0.70679998
v -0.35190001 8.84700012 0.60060000
v -0.47960001 8.93610001 0.82510000
v -0.48199999 8.83600044 0.79579997
v -0.47110000 9.03989983 0.85530001
v -0.21179999 9.35140038 0.40610000
v -0.19780000 9.42899990 0.41530001
v -0.20890000 9.43270016 0.58389997
v -0.19450000 9.50539970 0.59259999
v -0.18490000 9.49510002 0.42170000
v -0.21160001 9.35400009 0.23310000
v -0.20000000 9.43039989 0.24079999
v -0.18880001 9.49559975 0.24620000
v -0.22330000 9.26840019 0.22330000
v -0.22690000 9.26630020 0.05370000
v -0.21420000 9.35219955 0.06210000
v -0.24500000 9.26319981 -0.11140000
v -0.26060000 9.17539978 -0.11920000
v -0.23000000 9.34850025 -0.10420000
v -0.44580001 9.25450039 0.91380000
v -0.43220001 9.36439991 0.94099998
v -0.55170000 9.37269974 1.00699997
v -0.67400002 9.49300003 1.06540000
v -0.67900002 9.38049984 1.04709995
v -0.68300003 9.27079964 1.02530003
v -0.55980003 9.26189995 0.98140001
v -0.68510002 9.16310024 1.00150001
v -0.56720001 9.15349960 0.95389998
v -0.45940000 9.14640045 0.88480002
v -0.80530000 9.27989960 1.04999995
v -0.80460000 9.38790035 1.06710005
v -0.80250001 9.49800014 1.08140004
v -0.92619997 9.29030037 1.06330001
v -0.92890000 9.39700031 1.07620001
v -0.93000001 9.50549984 1.08690000
v -0.67040002 9.60830021 1.07850003
v -0.67470002 9.72700024 1.08620000
v -0.80350000 9.72340012 1.09720004
v -0.80080003 9.60980034 1.09169996
v -0.21550000 9.60239983 0.75669998
v -0.19700000 9.66049957 0.75830001
v -0.25409999 9.72850037 0.88970000
v -0.33610001 9.81999969 0.97880000
v -0.22660001 9.77719975 0.88690001
v -0.29400000 9.87139988 0.97000003
v -0.20299999 9.81159973 0.88749999
v -0.26269999 9.90769958 0.96969998
v -0.36739999 9.97780037 1.00530005
v -0.41400000 9.93560028 1.01569998
v -0.48289999 10.05109978 1.02160001
v -0.43579999 10.08679962 1.01320004
v -0.33070001 10.01270008 1.00639999
v -0.39520001 10.11970043 1.01960003
v -0.54089999 10.16469955 1.01680005
v -0.59549999 10.13189983 1.03410006
v -0.54269999 10.01490021 1.04149997
v -0.49399999 10.19719982 1.01370001
v -0.48100001 9.88910007 1.03699994
v -0.14420000 9.76060009 0.76230001
v -0.18040000 9.83660030 0.89170003
v -0.16190000 9.73630047 0.75959998
v -0.17900001 9.70400047 0.75849998
v -0.15510000 9.65719986 0.60130000
v -0.14219999 9.68949986 0.60259998
v -0.16800000 9.61699963 0.60009998
v -0.12790000 9.71549988 0.60420001
v -0.11060000 9.73569965 0.60600001
v -0.12400000 9.77859974 0.76609999
v -0.11250000 9.72350025 0.43450001
v -0.12870000 9.70020008 0.43340001
v -0.14110000 9.67119980 0.43189999
v -0.23420000 9.93529987 0.97640002
v -0.15549999 9.85490036 0.89859998
v -0.20370001 9.95650005 0.98790002
v -0.09960000 9.79119968 0.77029997
v -0.12590000 9.86769962 0.90679997
v -0.16720000 9.97259998 1.00170004
v -0.29660001 10.04220009 1.01779997
v -0.26010001 10.06739998 1.03559995
v -0.18120000 9.56690025 0.59770000
v -0.17309999 9.55070019 0.42570001
v -0.16869999 9.59840012 0.25270000
v -0.16220000 9.59749985 0.42829999
v -0.17839999 9.55099964 0.24990000
v -0.15180001 9.63720036 0.43020001
v -0.15940000 9.63949966 0.25520000
v -0.17350000 9.60970020 0.07990000
v -0.16429999 9.65349960 0.08210000
v -0.18150000 9.62129974 -0.08970000
v -0.16960000 9.66919994 -0.08930000
v -0.15369999 9.69130039 0.08430000
v -0.14950000 9.67549992 0.25770000
v -0.15580000 9.71030045 -0.08950000
v -0.18250000 9.55900002 0.07740000
v -0.19230001 9.49950027 0.07410000
v -0.58029997 9.86369991 1.06799996
v -0.69340003 9.84700012 1.08889997
v -0.81480002 9.83810043 1.09790003
v -0.93339998 9.72640038 1.09819996
v -0.94069999 9.83860016 1.09770000
v -1.06439996 9.73859978 1.09150004
v -1.06889999 9.85009956 1.08969998
v -1.06169999 9.62790012 1.08969998
v -0.93070000 9.61530018 1.09449995
v -1.19389999 9.64869976 1.07659996
v -1.19579995 9.76029968 1.07640004
v -1.19780004 9.87250042 1.07319999
v -1.07449996 9.96210003 1.08399999
v -1.19930005 9.98490047 1.06680000
v -1.32589996 9.78979969 1.05060005
v -1.32539999 9.90330029 1.04610002
v -1.45260000 9.82390022 1.01300001
v -1.44939995 9.93869972 1.00709999
v -1.32309997 10.01669979 1.03929996
v -1.44360006 10.05329990 0.99959999
v -0.95109999 9.95100021 1.09280002
v -0.83179998 9.95230007 1.09340000
v -0.96219999 10.06280041 1.08369994
v -1.07949996 10.07369995 1.07430005
v -0.85070002 10.06509972 1.08430004
v -1.32539999 9.67660046 1.05309999
v -1.32350004 9.56400013 1.05379999
v -1.19079995 9.53789997 1.07449996
v -1.05910003 9.51830006 1.08480000
v -1.05519998 9.41020012 1.07749999
v -1.18550003 9.42889977 1.07060003
v -1.31860006 9.45320034 1.05299997
v -1.45070004 9.48159981 1.02240002
v -1.45369995 9.59430027 1.02059996
v -1.45379996 9.70899963 1.01750004
v -0.72060001 9.96469975 1.08440006
v -0.74959999 10.07919979 1.07500005
v -0.66369998 10.10260010 1.05669999
v -0.62239999 9.98610020 1.06589997
v -0.77679998 10.19190025 1.06200004
v -0.86830002 10.17630005 1.07159996
v -0.97170001 10.17310047 1.07079995
v -0.97869998 10.28090000 1.05530000
v -0.88370001 10.28559971 1.05639994
v -0.80110002 10.30350018 1.04690003
v -0.89950001 10.39109993 1.03960001
v -2.10159993 0.39300001 1.29190004
v -2.15179992 0.43740001 1.30509996
v -2.18050003 0.47569999 1.22819996
v -2.19939995 0.41260001 1.26400006
v -2.20149994 0.43120000 1.18480003
v -2.20020008 0.36710000 1.21609998
v -2.22210002 0.35810000 1.29059994
v -2.19650006 0.39640000 1.33260000
v -2.21250010 0.30800000 1.24409997
v -2.26609993 0.43830001 1.17670000
v -2.20309997 0.47250000 1.11860001
v -2.27810001 0.48030001 1.09710002
v -2.21210003 0.50790000 1.01909995
v -2.29959989 0.52670002 1.00049996
v -2.23329997 0.57859999 0.92339998
v -2.23589993 0.26620001 1.28530002
v -2.24329996 0.31369999 1.32659996
v -2.25799990 0.28330001 1.37769997
v -2.24790001 0.33000001 1.40820003
v -2.26230001 0.26400000 1.43579996
v -2.26020002 0.31240001 1.46060002
v -2.26559997 0.21950001 1.41480005
v -2.26559997 0.20440000 1.47640002
v -2.27399993 0.24519999 1.49500000
v -2.27690005 0.28799999 1.51999998
v -2.26799989 0.23370001 1.57690001
v -2.29010010 0.21250001 1.56099999
v -2.28990006 0.17720000 1.54180002
v -2.20180011 0.35370001 1.42999995
v -2.17459989 0.37599999 1.39010000
v -2.22849989 0.35710001 1.36479998
v -2.13809991 0.38769999 1.34940004
v -2.13140011 0.35409999 1.39090002
v -2.11159992 0.35069999 1.34739995
v -2.15429997 0.35049999 1.43659997
v -2.22709990 0.35179999 1.48469996
v -2.19099998 0.30919999 1.54890001
v -2.17070007 0.35440001 1.49559999
v -2.23799992 0.31029999 1.54170001
v -2.08999991 0.34580001 1.30400002
v -2.04679990 0.34590000 1.28250003
v -2.08290005 0.31050000 1.30939996
v -2.04909992 0.30820000 1.28849995
v -2.02290010 0.35470000 1.31570005
v -2.02659988 0.31590000 1.32120001
v -2.04809999 0.27399999 1.29890001
v -2.03029990 0.27950001 1.33029997
v -2.02859998 0.28320000 1.37259996
v -2.02150011 0.32049999 1.36689997
v -2.03040004 0.27939999 1.42260003
v -2.02360010 0.31750000 1.42279994
v -2.01169991 0.35299999 1.42540002
v -2.00900006 0.35690001 1.36329997
v -1.99479997 0.38530001 1.43009996
v -2.03690004 0.34439999 1.49389994
v -2.04539990 0.30630001 1.48529994
v -2.02099991 0.38119999 1.50530005
v -2.04789996 0.26519999 1.48080003
v -2.03390002 0.24529999 1.37839997
v -2.03509998 0.23970000 1.42429996
v -2.03990006 0.20700000 1.38380003
v -2.04069996 0.19830000 1.42760003
v -2.03259993 0.24410000 1.33920002
v -2.03620005 0.20930000 1.34669995
v -2.04159999 0.16740000 1.38559997
v -2.04040003 0.15520000 1.42890000
v -2.03830004 0.17550001 1.34899998
v -2.04539990 0.22310001 1.47979999
v -2.04119992 0.18040000 1.48199999
v -2.06690001 0.19360000 1.54869998
v -2.06960011 0.23370001 1.55190003
v -2.05850005 0.15360001 1.54789996
v -2.04480004 0.23960000 1.30509996
v -2.07520008 0.24230000 1.31550002
v -2.07119989 0.21060000 1.32159996
v -2.04530001 0.20880000 1.31669998
v -2.06830001 0.18120000 1.32579994
v -2.04699993 0.18020000 1.32360005
v -2.08039999 0.21410000 1.35010004
v -2.07649994 0.18120000 1.35200000
v -2.07419991 0.14890000 1.34860003
v -2.06859994 0.15410000 1.32280004
v -2.04520011 0.15530001 1.31389999
v -2.04640007 0.13200000 1.30420005
v -2.08119988 0.18040000 1.38100004
v -2.07789993 0.14380001 1.37650001
v -2.08620000 0.21619999 1.38129997
v -2.09439993 0.21510001 1.41849995
v -2.08800006 0.17720000 1.41489995
v -2.08489990 0.13800000 1.40840006
v -2.08279991 0.24820000 1.34759998
v -2.07809997 0.27649999 1.31239998
v -2.08629990 0.28369999 1.34590006
v -2.09540009 0.31760001 1.34700000
v -0.19040000 11.62860012 1.17180002
v -0.29629999 11.73159981 1.16009998
v -0.20710000 11.81429958 1.15419996
v -0.25900000 11.87489986 1.14279997
v -0.12130000 11.76900005 1.15960002
v -0.00020000 11.62469959 1.17509997
v -0.00010000 11.75879955 1.16100001
v -0.09100000 11.85890007 1.14510000
v 0.00000000 11.85589981 1.14460003
v -0.08990000 11.92630005 1.12890005
v 0.00010000 11.92910004 1.12679994
v 0.00010000 11.99040031 1.10819995
v -0.09700000 11.98600006 1.11119998
v -0.15620001 11.86660004 1.14559996
v -0.17399999 11.91380024 1.13460004
v -0.19440000 11.97070026 1.11870003
v -0.29629999 11.93990040 1.12709999
v -0.10510000 12.04119968 1.09420002
v -0.21230000 12.02810001 1.10210001
v 0.00010000 12.04529953 1.09109998
v 0.00000000 12.09669971 1.07749999
v -0.00070000 11.17879963 1.19159997
v -0.00060000 11.32110023 1.19070005
v -0.00040000 11.46899986 1.18589997
v -3.86299992 13.17910004 -1.48039997
v -3.78290009 13.15089989 -1.41480005
v -3.83839989 13.03579998 -1.38800001
v -3.93670011 13.06770039 -1.45410001
v -3.88280010 12.91759968 -1.35930002
v -3.75300002 13.01019955 -1.30589998
v -3.80019999 12.89210033 -1.27919996
v -3.70449996 13.12730026 -1.33169997
v -3.65149999 13.24289989 -1.35479999
v -3.72110009 13.26500034 -1.43959999
v -3.65170002 13.38070011 -1.45710003
v -3.59150004 13.35779953 -1.37179995
v -3.58400011 13.22049999 -1.25709999
v -3.63150001 13.10429955 -1.23450005
v -3.51819992 13.19589996 -1.14929998
v -3.56380010 13.07919979 -1.12709999
v -3.47210002 13.30970001 -1.16820002
v -3.53209996 13.33450031 -1.27489996
v -3.41199994 13.28499985 -1.05299997
v -3.45400000 13.16959953 -1.03299999
v -3.36739993 13.39579964 -1.07159996
v -3.42090011 13.42029953 -1.18320000
v -3.50070000 13.05189991 -1.01129997
v -3.44950008 13.02740002 -0.88499999
v -3.55769992 12.93669987 -0.98699999
v -3.61470008 12.96269989 -1.10200000
v -3.51410007 12.91399956 -0.86070001
v -3.52519989 13.47280025 -1.38020003
v -3.47379994 13.44690037 -1.28639996
v -3.36299992 13.52910042 -1.19319999
v -3.40960002 13.55809975 -1.29110003
v -3.29900002 13.63780022 -1.19669998
v -3.34060001 13.66860008 -1.28929996
v -3.45460010 13.58749962 -1.38039994
v -3.38150001 13.70030022 -1.37559998
v -3.57680011 13.49890041 -1.46389997
v -3.63269997 13.52849960 -1.53559995
v -3.71449995 13.40709972 -1.52839994
v -3.79209995 13.29059982 -1.50829995
v -3.67910004 12.98670006 -1.20889997
v -3.73119998 12.87010002 -1.18210006
v -3.79150009 12.75660038 -1.15530002
v -3.85339999 12.77659988 -1.25250006
v -3.67409992 12.84899998 -1.07519996
v -3.74219990 12.73929977 -1.04869998
v -3.81760001 12.63350010 -1.02390003
v -3.86039996 12.64729977 -1.12890005
v -3.70079994 12.72089958 -0.93489999
v -3.78230000 12.61900043 -0.91180003
v -3.62520003 12.82639980 -0.96069998
v -3.91589999 12.66539955 -1.22500002
v -3.98790002 12.69270039 -1.30480003
v -3.93079996 12.80270004 -1.33260000
v -4.05429983 12.58710003 -1.27600002
v -3.98720002 12.55900002 -1.19760001
v -3.93689990 12.54230022 -1.10420001
v -4.02010012 12.83570004 -1.38940001
v -3.97480011 12.94629955 -1.41700006
v -3.93109989 13.21669960 -1.52559996
v -3.86260009 13.32299995 -1.55799997
v -3.93729997 13.35929966 -1.58480000
v -4.00750017 13.24339962 -1.54579997
v -4.01319981 13.40439987 -1.58749998
v -4.08510017 13.28769970 -1.54840004
v -4.15670013 13.33889961 -1.52600002
v -4.08559990 13.45429993 -1.56309998
v -4.07849979 13.62360001 -1.53869998
v -4.00909996 13.57730007 -1.59119999
v -4.15059996 13.50380039 -1.51150000
v -3.93330002 13.52830029 -1.61609995
v -3.93000007 13.70440006 -1.60409999
v -3.85010004 13.65670013 -1.62810004
v -4.00479984 13.74790001 -1.55280006
v -4.13910007 13.66549969 -1.46440005
v -4.20739985 13.55029964 -1.43780005
v -4.21980000 13.39130020 -1.47689998
v -4.27489996 13.44169998 -1.40509999
v -4.14940023 13.17609978 -1.50919998
v -4.22359991 13.23069954 -1.48989999
v -4.28919983 13.12810040 -1.46080005
v -4.21560001 13.07250023 -1.47880006
v -4.35220003 13.02750015 -1.43710005
v -4.27720022 12.97200012 -1.45459998
v -4.13579988 13.01980019 -1.47319996
v -4.19519997 12.91959953 -1.44910002
v -4.06220007 13.12290001 -1.50259995
v -4.28719997 13.28569984 -1.44350004
v -4.35330009 13.18430042 -1.41620004
v -3.85599995 13.48139954 -1.61230004
v -3.78209996 13.44060040 -1.58179998
v -3.77069998 13.60869980 -1.62320006
v -3.69700003 13.56499958 -1.59080005
v -3.76999998 13.78359985 -1.62899995
v -3.68820000 13.73560047 -1.62269998
v -3.61400008 13.69019985 -1.58870006
v -3.98009992 13.13269997 -1.49730003
v -4.02150011 13.05230045 -1.47150004
v -4.06150007 12.97089958 -1.44990003
v -4.11009979 12.87279987 -1.42630005
v -0.13940001 9.92129993 -0.68699998
v -0.13810000 9.99650002 -0.84160000
v -0.08400000 10.01570034 -0.80339998
v -0.08030000 9.95129967 -0.64690000
v -0.19720000 9.93070030 -0.81169999
v -0.19970000 9.98419952 -0.90630001
v -0.26339999 9.89009953 -0.83710003
v -0.27169999 9.96420002 -0.96039999
v -0.14150000 10.06709957 -0.96219999
v -0.20360000 10.05020046 -1.00580001
v -0.20960000 10.12150002 -1.09650004
v -0.14730000 10.14060020 -1.06369996
v -0.22020000 10.19859982 -1.17809999
v -0.15570000 10.22000027 -1.15199995
v -0.09810000 10.23740005 -1.13129997
v -0.09230000 10.15740013 -1.03929996
v -0.10590000 10.32600021 -1.21080005
v -0.16810000 10.30739975 -1.22979999
v -0.23720001 10.28359985 -1.25230002
v -0.28990000 10.17570019 -1.20679998
v -0.31119999 10.25629997 -1.27520001
v -0.36129999 10.15400028 -1.23570001
v -0.38609999 10.22710037 -1.29560006
v -0.27849999 10.10229969 -1.13390005
v -0.35170001 10.08720016 -1.17490005
v -0.18520001 10.40470028 -1.29820001
v -0.26159999 10.37860012 -1.31959999
v -0.34310001 10.34729958 -1.33959997
v -0.11630000 10.42440033 -1.27880001
v -0.05550000 10.43690014 -1.26489997
v -0.05060000 10.33800030 -1.19799995
v -0.04690000 10.24899960 -1.11819994
v -0.06190000 10.54559994 -1.31879997
v 0.00030000 10.55000019 -1.31260002
v 0.00030000 10.44110012 -1.25979996
v -0.12989999 10.53289986 -1.33510005
v 0.00040000 10.34220028 -1.19340003
v -0.20700000 10.51249981 -1.35710001
v -0.23340000 10.63000011 -1.40489995
v -0.29319999 10.48480034 -1.37960005
v -0.33129999 10.60169983 -1.43099999
v -0.14720000 10.65040016 -1.37810004
v -0.04400000 10.16889954 -1.02450001
v -0.08780000 10.08409977 -0.93169999
v -0.04160000 10.09619999 -0.91450000
v 0.00070000 10.17300034 -1.01960003
v 0.00100000 10.10070038 -0.90899998
v 0.00160000 10.03470039 -0.77810001
v -0.03950000 10.02970028 -0.78399998
v 0.00050000 10.25310040 -1.11360002
v -0.27399999 10.03289986 -1.05350006
v -0.35960001 9.95730019 -1.03989995
v -0.35260001 10.02250004 -1.11010003
v -0.45159999 9.96160030 -1.11740005
v -0.43470001 10.02219963 -1.16820002
v -0.54629999 9.97889996 -1.18789995
v -0.51800001 10.03619957 -1.22459996
v -0.64420003 10.01140022 -1.25090003
v -0.60360003 10.06890011 -1.27919996
v -0.68349999 9.95090008 -1.22119999
v -0.57679999 9.91889954 -1.15090001
v -0.47340000 9.89929962 -1.06739998
v -0.42469999 10.08040047 -1.21619999
v -0.49360001 10.08759975 -1.25680006
v -0.37120000 9.89050007 -0.96710002
v -0.50029999 9.83619976 -1.02730000
v -0.39700001 9.82369995 -0.91790003
v -0.30149999 9.81519985 -0.78450000
v -0.19069999 9.85960007 -0.65380001
v -0.11000000 9.87040043 -0.47250000
v -0.14720000 9.82950020 -0.46259999
v -0.09460000 9.83090019 -0.27689999
v -0.12360000 9.80160046 -0.27460000
v -0.22820000 9.80060005 -0.62300003
v -0.17820001 9.78419971 -0.44800001
v -0.25709999 9.74479961 -0.60009998
v -0.20340000 9.73649979 -0.43500000
v -0.28090000 9.68879986 -0.58459997
v -0.22450000 9.68550014 -0.42550001
v -0.24270000 9.62950039 -0.41949999
v -0.30149999 9.62959957 -0.57470000
v -0.37930000 9.63059998 -0.71920002
v -0.32120001 9.56550026 -0.56900001
v -0.40079999 9.56579971 -0.71100003
v -0.34040001 9.49619961 -0.56639999
v -0.42109999 9.49709988 -0.70609999
v -0.25960001 9.56719971 -0.41659999
v -0.27689999 9.49800014 -0.41610000
v -0.49620000 9.57040024 -0.83910000
v -0.47350001 9.63539982 -0.84920001
v -0.35659999 9.69219971 -0.73220003
v -0.44940001 9.69849968 -0.86369997
v -0.18770000 9.68000031 -0.25940001
v -0.20310000 9.62769985 -0.25690001
v -0.16990000 9.72589970 -0.26370001
v -0.14880000 9.76630020 -0.26920000
v -0.13860001 9.74510002 -0.08990000
v -0.21730000 9.56809998 -0.25639999
v -0.19270000 9.56569958 -0.09100000
v -0.33140001 9.75220013 -0.75250000
v -0.42390001 9.76039982 -0.88529998
v -0.52819997 9.77350044 -0.99769998
v -0.55519998 9.71049976 -0.97680002
v -0.11710000 9.77340031 -0.08980000
v -0.09160000 9.79500008 -0.08830000
v -0.06340000 9.85179996 -0.27300000
v -0.06330000 9.80970001 -0.08510000
v -0.03240000 9.86410046 -0.26859999
v -0.03320000 9.81799984 -0.08200000
v -0.07020000 9.89760017 -0.46190000
v -0.03450000 9.91310024 -0.45289999
v -0.09600000 9.76519966 0.09170000
v -0.12040000 9.74790001 0.08910000
v -0.06750000 9.77550030 0.09430000
v -0.13970000 9.72299957 0.08660000
v -0.13720000 9.70650005 0.26010001
v -0.11980000 9.73089981 0.26220000
v -0.03760000 9.96809959 -0.62840003
v 0.00190000 9.97350025 -0.62300003
v 0.00220000 9.91819954 -0.44970000
v 0.00230000 9.86810017 -0.26679999
v 0.00230000 9.82069969 -0.08070000
v -2.25399995 6.18120003 -0.47070000
v -2.23950005 6.19199991 -0.58389997
v -2.25230002 6.06720018 -0.59759998
v -2.26130009 6.04879999 -0.45490000
v -2.27320004 5.93260002 -0.64410001
v -2.21910000 6.08790016 -0.71960002
v -2.23959994 5.95660019 -0.76139998
v -2.16070008 6.10769987 -0.82700002
v -2.18140006 5.97739983 -0.86699998
v -2.07929993 6.12410021 -0.91740000
v -2.09999990 5.99399996 -0.95620000
v -1.99960005 6.00540018 -1.02530003
v -1.97889996 6.13560009 -0.98740000
v -1.95920002 6.25909996 -0.95760000
v -1.84350002 6.26590014 -1.00230002
v -1.86500001 6.14200020 -1.03340006
v -1.76540005 6.01520014 -1.09159994
v -1.88600004 6.01179981 -1.07089996
v -1.74380004 6.14429998 -1.05330002
v -1.90730000 5.87669992 -1.11539996
v -2.02290010 5.86950016 -1.07140005
v -1.78540003 5.88140011 -1.13559997
v -1.66229999 5.88630009 -1.13320005
v -1.64339995 6.01789999 -1.08770001
v -1.62170005 6.14400005 -1.04700005
v -1.92960000 5.73740005 -1.16690004
v -2.04809999 5.72800016 -1.12419999
v -1.95070004 5.59289980 -1.22090006
v -2.07080007 5.58109999 -1.17750001
v -2.15159988 5.71260023 -1.05669999
v -2.12479997 5.85659981 -1.00380003
v -2.17479992 5.56300020 -1.10899997
v -1.80470002 5.74359989 -1.18630004
v -1.82330000 5.60050011 -1.24140000
v -1.67890000 5.74970007 -1.18480003
v -1.69459999 5.60720015 -1.24070001
v -2.20700002 5.83860016 -0.91600001
v -2.26580000 5.81720018 -0.81260002
v -1.72049999 6.26690006 -1.02030003
v -1.82009995 6.38350010 -0.97729999
v -1.69509995 6.38189983 -0.99290001
v -1.78450000 6.49240017 -0.95880002
v -1.65810001 6.48619986 -0.97060001
v -1.57060003 6.37300014 -0.98170000
v -1.59739995 6.26289988 -1.01139998
v -1.48020005 6.25500011 -0.97770000
v -1.50430000 6.14200020 -1.01639998
v -1.45299995 6.35790014 -0.94540000
v -1.53340006 6.47060013 -0.95639998
v -1.62080002 6.57929993 -0.95400000
v -1.49759996 6.55940008 -0.93769997
v -1.74679995 6.58979988 -0.94620001
v -1.90540004 6.48950005 -0.92119998
v -1.93840003 6.37739992 -0.93529999
v -2.04329991 6.36420012 -0.86940002
v -2.06119990 6.24630022 -0.88880002
v -2.01430011 6.47830009 -0.86009997
v -1.86960006 6.58979988 -0.91390002
v -1.98210001 6.58080006 -0.85879999
v -2.14400005 6.22889996 -0.79990000
v -2.12960005 6.34609985 -0.78310001
v -2.10529995 6.46110010 -0.77939999
v -2.07870007 6.56489992 -0.78439999
v -2.17350006 6.44010019 -0.68550003
v -2.15479994 6.54479980 -0.69569999
v -2.13459992 6.64349985 -0.71069998
v -2.05100012 6.66149998 -0.79420000
v -2.11389995 6.73769999 -0.72820002
v -2.02349997 6.75260019 -0.80690002
v -2.19740009 6.62449980 -0.61760002
v -2.18519998 6.72170019 -0.63770002
v -2.20880008 6.52430010 -0.59969997
v -2.21889997 6.42000008 -0.58620000
v -2.19070005 6.32730007 -0.68360001
v -2.22869992 6.30999994 -0.57990003
v -1.94920003 6.67509985 -0.86260003
v -1.83410001 6.68130016 -0.91140002
v -1.91779995 6.76319981 -0.86919999
v -1.80190003 6.76620007 -0.91240001
v -1.71159995 6.67789984 -0.93860000
v -1.67960000 6.76039982 -0.93559998
v -2.20379996 6.20979977 -0.69610000
v -2.24799991 6.29769993 -0.47790000
v -2.25410008 6.29489994 -0.38540000
v -2.25460005 6.19269991 -0.37340000
v -2.25349998 6.29689980 -0.30370000
v -2.24990010 6.19810009 -0.28610000
v -2.25300002 6.10739994 -0.35990000
v -2.24250007 6.08729982 -0.26370001
v -2.24460006 6.40409994 -0.48830000
v -2.25620008 6.39449978 -0.39780000
v -2.28399992 5.90240002 -0.52010000
v -2.30620003 5.72690010 -0.46599999
v -2.27740002 5.85489988 -0.40459999
v -2.31259990 5.76380014 -0.58090001
v -2.25740004 5.80579996 -0.29840001
v -2.23480010 5.91610003 -0.23590000
v -2.25460005 5.97770023 -0.33809999
v -2.22049999 6.01359987 -0.17010000
v -2.20530009 5.86700010 -0.14139999
v -2.19079995 5.96369982 -0.08260000
v -2.16560006 5.82810020 -0.05140000
v -2.15170002 5.92749977 0.00290000
v -2.11560011 5.79629993 0.03440000
v -2.10299993 5.89890003 0.08660000
v -2.13649988 5.68959999 -0.01540000
v -2.18700004 5.72279978 -0.10440000
v -2.22700000 5.76119995 -0.19890000
v -2.16400003 5.57760000 -0.06140000
v -2.21370006 5.61059999 -0.15449999
v -2.25399995 5.64720011 -0.25319999
v -2.05609989 5.76840019 0.11570000
v -2.04620004 5.87349987 0.16869999
v -2.04020000 5.97930002 0.22180000
v -2.09640002 6.00099993 0.13850001
v -1.98319995 5.84800005 0.24879999
v -1.97889996 5.95559978 0.30620000
v -1.98920000 5.74189997 0.19230001
v -2.07520008 5.66009998 0.06700000
v -2.00489998 5.63259983 0.14250000
v -2.10240006 5.54750013 0.02370000
v -2.02999997 5.51919985 0.09960000
v -2.18400002 6.05369997 -0.02390000
v -2.14490008 6.02430010 0.05660000
v -2.21359992 6.09420013 -0.10100000
v -2.17910004 6.14849997 0.03020000
v -2.13890004 6.12589979 0.10740000
v -2.08890009 6.10750008 0.18799999
v -2.28550005 5.68660021 -0.35690001
v -2.31629992 5.56050014 -0.41010001
v -2.28390002 5.52589989 -0.30309999
v -2.31469989 5.39860010 -0.34740001
v -2.34750009 5.42829990 -0.45710000
v -2.33730006 5.59390020 -0.52170002
v -2.36789989 5.45590019 -0.57069999
v -2.34299994 5.62370014 -0.63720000
v -2.30040002 5.79300022 -0.69889998
v -2.32929993 5.64900017 -0.75389999
v -2.29349995 5.67150021 -0.86629999
v -2.35540009 5.50110006 -0.80390000
v -2.31760001 5.52129984 -0.91649997
v -2.37159991 5.48000002 -0.68720001
v -2.37800002 5.35099983 -0.84700000
v -2.39730000 5.33319998 -0.72979999
v -2.39619994 5.31360006 -0.61229998
v -2.42140007 5.16800022 -0.64760000
v -2.42030001 5.18400002 -0.76599997
v -2.39840007 5.19910002 -0.88400000
v -2.33759999 5.36889982 -0.96030003
v -2.23429990 5.69280005 -0.96910000
v -2.25760007 5.54199982 -1.02010000
v -2.19239998 5.40990019 -1.15509999
v -2.27600002 5.38859987 -1.06500006
v -2.08800006 5.42899990 -1.22409999
v -2.10179996 5.27299976 -1.26170003
v -2.20650005 5.25460005 -1.19350004
v -2.29220009 5.23400021 -1.10399997
v -0.08760000 15.81400013 0.98549998
v -0.09070000 15.68550014 1.03180003
v -0.00000000 15.70100021 1.02310002
v -0.00000000 15.81429958 0.98259997
v -0.05070000 15.62040043 1.04859996
v -0.00010000 15.62209988 1.04659998
v -0.00010000 15.54959965 1.06620002
v -0.06190000 15.55589962 1.06719995
v -0.00020000 15.46829987 1.08449996
v -0.07080000 15.47319984 1.08679998
v -0.14500000 15.48810005 1.09329998
v -0.24270000 15.40610027 1.12639999
v -0.22840001 15.50619984 1.10270000
v -0.12670000 15.58349991 1.06690001
v -0.21080001 15.60729980 1.07159996
v -0.17760000 15.82629967 0.98879999
v -0.08300000 15.93260002 0.93709999
v -0.16740000 15.93999958 0.94099998
v -0.07820000 16.04789925 0.88429999
v -0.15770000 16.05290031 0.88910002
v -0.14850000 16.16559982 0.83289999
v -0.07350000 16.16209984 0.82690001
v -0.14010000 16.27829933 0.77280003
v -0.06930000 16.27610016 0.76480001
v -0.21480000 16.28109932 0.78219998
v -0.22700000 16.17060089 0.83910000
v -0.24020000 16.06019974 0.89310002
v -0.29660001 16.28389931 0.78810000
v -0.31200001 16.17620087 0.84090000
v -0.20550001 16.39130020 0.72310001
v -0.28410000 16.39060020 0.73420000
v -0.20220000 16.49970055 0.66280001
v -0.27810001 16.49379921 0.68030000
v -0.38650000 16.28680038 0.78719997
v -0.40430000 16.18210030 0.83620000
v -0.37079999 16.38969994 0.73820001
v -0.32820001 16.06859970 0.89179999
v -0.34459999 15.96189976 0.93989998
v -0.42240000 16.07729912 0.88400000
v -0.44029999 15.97329998 0.92970002
v -0.52249998 16.08609962 0.86989999
v -0.54089999 15.98439980 0.91380000
v -0.50349998 16.18860054 0.82450002
v -0.25380000 15.95040035 0.94340003
v -0.36120000 15.85610008 0.98479998
v -0.26789999 15.84109974 0.99010003
v -0.45820001 15.87040043 0.97270000
v -0.28340000 15.73340034 1.03390002
v -0.18990000 15.71259975 1.03330004
v -0.00000000 16.27519989 0.76160002
v -0.00000000 16.16080093 0.82429999
v -0.00000000 16.04619980 0.88220000
v -0.00000000 15.93070030 0.93510002
v -2.11030006 15.54209995 -1.20860004
v -2.10809994 15.60750008 -1.29089999
v -2.12579989 15.55399990 -1.20679998
v -2.12759995 15.62059975 -1.28820002
v -2.10039997 15.68690014 -1.36479998
v -2.12490010 15.70009995 -1.36129999
v -2.08459997 15.77820015 -1.43069994
v -2.11490011 15.78999996 -1.42649996
v -2.07669997 15.66800022 -1.37240005
v -2.05509996 15.76070023 -1.43869996
v -2.02469993 15.86569977 -1.49600005
v -2.06119990 15.88119984 -1.48819995
v -1.98829997 15.98279953 -1.54310000
v -1.94449997 15.96290016 -1.55410004
v -2.03259993 15.99569988 -1.53620005
v -2.09870005 15.89019966 -1.48399997
v -2.15089989 15.70839977 -1.36249995
v -2.14650011 15.79660034 -1.42620003
v -2.13759995 15.89290047 -1.48259997
v -2.17919993 15.79889965 -1.42960000
v -1.60619998 15.69729996 -1.70190001
v -1.52989995 15.74059963 -1.73310006
v -1.60200000 15.75969982 -1.71280003
v -1.54910004 15.81019974 -1.73350000
v -1.68760002 17.31679916 -1.04400003
v -1.83000004 17.27090073 -1.01380002
v -1.86510003 17.31100082 -0.88819999
v -1.96669996 17.21969986 -0.98970002
v -1.99940002 17.24869919 -0.85720003
v -2.10479999 17.17370033 -0.97149998
v -2.13590002 17.19429970 -0.83029997
v -1.88310003 17.32589912 -0.75749999
v -2.01250005 17.25650024 -0.72229999
v -2.00570011 17.24640083 -0.58939999
v -2.14660001 17.19680023 -0.68860000
v -2.13689995 17.18330002 -0.55119997
v -1.98090005 17.22109985 -0.46180001
v -2.10870004 17.15550041 -0.42089999
v -2.27010012 17.11610031 -0.51560003
v -2.23900008 17.08359909 -0.38119999
v -2.06419992 17.11730003 -0.29929999
v -2.18939996 17.04120064 -0.25780001
v -1.94099998 17.18449974 -0.34150001
v -2.39669991 17.03310013 -0.48429999
v -2.36409998 16.99740028 -0.34500000
v -2.28180003 17.13540077 -0.65869999
v -2.40939999 17.05780029 -0.63319999
v -2.27250004 17.13909912 -0.80720001
v -2.40199995 17.06920052 -0.78750002
v -2.52130008 16.98450089 -0.77160001
v -2.52629995 16.96610069 -0.61229998
v -2.49640012 16.98609924 -0.93040001
v -2.37319994 17.06189919 -0.94209999
v -2.24180007 17.12409973 -0.95599997
v -2.05520010 17.12849998 -1.10539997
v -2.19289994 17.08670044 -1.09770000
v -1.91750002 17.16580009 -1.11510003
v -1.78120005 17.20459938 -1.13139999
v -1.86150002 17.09110069 -1.23130000
v -1.72700000 17.11790085 -1.24100006
v -1.81140006 17.00119972 -1.33739996
v -1.99759996 17.06189919 -1.22800004
v -2.13470006 17.02759933 -1.22630000
v -2.27040005 16.98480034 -1.22449994
v -2.32719994 17.03459930 -1.09010005
v -2.07859993 16.95359993 -1.34089994
v -2.21239996 16.91640091 -1.34210002
v -2.03169990 16.86569977 -1.43809998
v -2.16059995 16.83309937 -1.44110000
v -2.34209991 16.86669922 -1.34150004
v -2.40079999 16.92880058 -1.22140002
v -2.28640008 16.78739929 -1.44180000
v -2.45440006 16.96850014 -1.08260000
v -1.94400001 16.98139954 -1.33870006
v -1.90320003 16.88629913 -1.43320000
v -1.73500001 16.49850082 -1.59469998
v -1.81710005 16.51440048 -1.58870006
v -1.88580000 16.64859962 -1.55739999
v -1.90170002 16.52099991 -1.59010005
v -1.93019998 16.39060020 -1.60280001
v -2.00580001 16.38879967 -1.60739994
v -1.98920000 16.51849937 -1.59749997
v -1.98539996 16.64399910 -1.56710005
v -1.99890006 16.76259995 -1.51450002
v -1.88580000 16.77179909 -1.50469995
v -2.11890006 16.73670006 -1.52030003
v -2.09069991 16.62709999 -1.57760000
v -2.07999992 16.50600052 -1.60909998
v -2.17700005 16.47929955 -1.61780000
v -2.20090008 16.59370041 -1.58399999
v -2.23839998 16.69599915 -1.52310002
v -2.35500002 16.64109993 -1.52250004
v -2.31100011 16.54540062 -1.58669996
v -2.27659988 16.43820000 -1.62360001
v -2.08480000 16.37689972 -1.61539996
v -2.16720009 16.35359955 -1.62450004
v -2.09649992 16.24449921 -1.60259998
v -2.16709995 16.22410011 -1.60800004
v -2.02889991 16.25449944 -1.59819996
v -1.85710001 16.38310051 -1.60370004
v -1.78639996 16.36630058 -1.61099994
v -1.84179997 16.22929955 -1.60850000
v -1.90219998 16.24650002 -1.59990001
v -1.89549994 16.09230042 -1.58860004
v -1.94710004 16.11059952 -1.57869995
v -1.96430004 16.25499916 -1.59679997
v -1.99969995 16.12109947 -1.57340002
v -2.05430007 16.12330055 -1.57210004
v -2.07809997 16.00130081 -1.53299999
v -1.84399998 16.06640053 -1.60350001
v -1.79190004 16.03350067 -1.62310004
v -0.28950000 18.08200073 -0.92890000
v -0.38490000 18.10280037 -0.89870000
v -0.36579999 18.22500038 -0.86790001
v -0.27590001 18.20870018 -0.89520001
v -0.17860000 18.32489967 -0.87849998
v -0.26800001 18.33650017 -0.87120003
v -0.35380000 18.34910011 -0.84570003
v -0.47119999 18.12220001 -0.84969997
v -0.44729999 18.24090004 -0.82179999
v -0.54420000 18.13969994 -0.78369999
v -0.60250002 18.15379906 -0.70469999
v -0.64579999 18.16309929 -0.61669999
v -0.43149999 18.36190033 -0.80110002
v -0.34990001 18.47349930 -0.83789998
v -0.42609999 18.48380089 -0.79350001
v -0.35450000 18.59609985 -0.84840000
v -0.43230000 18.60390091 -0.80400002
v -0.36790001 18.71419907 -0.88129997
v -0.44940001 18.71999931 -0.83490002
v -0.50089997 18.61260033 -0.74339998
v -0.52200001 18.72660065 -0.77300000
v -0.26580000 18.46409988 -0.86309999
v -0.26960000 18.58930016 -0.87500000
v -0.17780000 18.45599937 -0.87010002
v -0.08900000 18.31559944 -0.87140000
v -0.00000000 18.44829941 -0.85549998
v -0.08890000 18.45030022 -0.86320001
v -0.00000000 18.58040047 -0.87709999
v -0.09040000 18.58099937 -0.88209999
v -0.00000000 18.70409966 -0.92589998
v -0.00000000 18.81970024 -0.99479997
v -0.00000000 18.93790054 -1.06529999
v -0.09880000 18.81999969 -0.99330002
v -0.10410000 18.93820000 -1.06219995
v -0.09380000 18.70429993 -0.92699999
v -0.18070000 18.58399963 -0.88470000
v -0.18740000 18.70590019 -0.92420000
v -2.76029992 16.30859947 -1.50380003
v -2.67230010 16.40710068 -1.50940001
v -2.57360005 16.49629974 -1.51460004
v -2.73020005 16.47649956 -1.42920005
v -2.62989998 16.57220078 -1.43359995
v -2.78390002 16.52899933 -1.32780004
v -2.68610001 16.63159943 -1.33239996
v -2.81990004 16.37179947 -1.42460001
v -2.87109995 16.41909981 -1.32379997
v -2.89650011 16.25970078 -1.41740000
v -2.94709992 16.30319977 -1.31809998
v -2.97909999 16.33040047 -1.19719994
v -2.90569997 16.44650078 -1.20000005
v -2.82389998 16.55909920 -1.20290005
v -2.85299993 16.57290077 -1.06180000
v -2.92960000 16.45980072 -1.06029999
v -2.94639993 16.46220016 -0.90920001
v -2.99819994 16.34490013 -1.06050003
v -3.00990009 16.34880066 -0.91159999
v -2.87479997 16.57480049 -0.90939999
v -2.73280001 16.66729927 -1.20760000
v -2.76869988 16.68370056 -1.06519997
v -3.01149988 16.18239975 -1.30939996
v -3.04399991 16.21010017 -1.19270003
v -3.06250000 16.05920029 -1.29630005
v -3.09850001 16.08609962 -1.18379998
v -3.09999990 15.93799973 -1.28069997
v -3.14229989 15.96109962 -1.16980004
v -3.16050005 15.98429966 -1.04620004
v -3.17440009 15.84130001 -1.15429997
v -3.20230007 15.86219978 -1.03180003
v -3.12310004 15.82639980 -1.26610005
v -3.11269999 16.10680008 -1.05589998
v -3.05920005 16.22750092 -1.05990005
v -3.06579995 16.23430061 -0.91460001
v -3.11599994 16.11779976 -0.91560000
v -2.52169991 16.65640068 -1.43760002
v -2.46700001 16.57460022 -1.51970005
v -2.57960010 16.72340012 -1.33609998
v -2.46499991 16.80229950 -1.33930004
v -2.40709996 16.72820091 -1.44029999
v -2.52200007 16.85610008 -1.21700001
v -2.57089996 16.88610077 -1.07550001
v -2.60809994 16.89599991 -0.92129999
v -2.70749998 16.79439926 -0.91490000
v -2.72390008 16.78219986 -0.75199997
v -2.62859988 16.88759995 -0.75980002
v -2.67540002 16.78960037 -1.06959999
v -2.63260007 16.76770020 -1.21210003
v -2.41860008 16.48310089 -1.58319998
v -2.21099997 15.79880047 -1.43620002
v 0.00000000 12.80130005 -0.98809999
v -0.00000000 12.93910027 -0.97979999
v 0.00000000 12.66320038 -1.00020003
v -1.08770001 13.08629990 -0.99790001
v -1.09539998 13.19449997 -1.02479994
v -1.10399997 13.30690002 -1.05589998
v -1.11220002 13.42510033 -1.09089994
v -0.99610001 13.42290020 -1.12450004
v -1.00269997 13.54749966 -1.15869999
v -1.00709999 13.67819977 -1.19860005
v -0.89010000 13.68029976 -1.20940006
v -1.12450004 13.68140030 -1.17420006
v -1.11919999 13.54990005 -1.13010001
v -1.23360002 13.55889988 -1.08650005
v -1.24039996 13.69079971 -1.13569999
v -1.34329998 13.57509995 -1.02810001
v -1.35220003 13.70709991 -1.08299994
v -1.33360004 13.45110035 -0.97600001
v -1.22560000 13.43430042 -1.04120004
v -1.21710002 13.31700039 -0.99970001
v -1.32420003 13.33479977 -0.92720002
v -1.44579995 13.59910011 -0.95599997
v -1.45720005 13.73069954 -1.01680005
v -1.53849995 13.63140011 -0.87190002
v -1.43400002 13.47579956 -0.89679998
v -1.35990000 13.84549999 -1.14100003
v -1.46780002 13.86900043 -1.07889998
v -1.24570000 13.82870007 -1.18949997
v -1.12800002 13.81840038 -1.22399998
v -1.00919998 13.81369972 -1.24520004
v -1.12950003 13.95849991 -1.28040004
v -1.00929999 13.95209980 -1.29949999
v -1.24930000 13.97010040 -1.24820006
v -1.12899995 14.09869957 -1.34280002
v -1.00720000 14.09070015 -1.36119998
v -0.89130002 13.81410027 -1.25360000
v -0.89039999 13.95040035 -1.30639994
v -5.39620018 10.70259953 -0.99339998
v -5.33760023 10.80749989 -0.99580002
v -5.26770020 10.91870022 -0.99949998
v -5.21509981 10.88329983 -0.97210002
v -5.14440012 10.99989986 -0.95529997
v -5.19899988 11.03419971 -0.98269999
v -5.32469988 10.95100021 -1.00450003
v -5.25869989 11.06649971 -0.98949999
v -5.20340014 11.17730045 -0.95660001
v -5.14419985 11.14789963 -0.94830000
v -5.10410023 11.25790024 -0.91409999
v -5.15929985 11.28509998 -0.92460001
v -5.07079983 11.36509991 -0.88730001
v -5.11850023 11.39159966 -0.90350002
v -5.16960001 11.41919994 -0.90539998
v -5.11850023 11.52420044 -0.90050000
v -5.07110023 11.49580002 -0.89800000
v -5.21479988 11.31130028 -0.91700000
v -5.02799988 11.46969986 -0.88260001
v -5.02740002 11.33969975 -0.85820001
v -5.05159998 11.23029995 -0.88709998
v -5.08909988 11.11750031 -0.92129999
v -5.26289988 11.20390034 -0.94510001
v -5.32000017 11.22749996 -0.92079997
v -5.26819992 11.33609962 -0.89770001
v -5.31949997 11.09399986 -0.97549999
v -5.37860012 11.11680031 -0.94830000
v -5.04090023 11.08699989 -0.87709999
v -5.00850010 11.05469990 -0.81500000
v -5.00449991 11.20139980 -0.84310001
v -4.98880005 11.31420040 -0.81480002
v -4.96239996 11.42969990 -0.81300002
v -4.99209976 11.44750023 -0.85380000
v -4.90780020 11.53339958 -0.83969998
v -4.93440008 11.54570007 -0.87930000
v -4.89029980 11.53190041 -0.78820002
v -4.86600018 11.64070034 -0.91259998
v -4.83760023 11.62829971 -0.87370002
v -4.97020006 11.56779957 -0.90600002
v -4.90409994 11.66380024 -0.93900001
v -5.39209986 9.94849968 -1.04670000
v -5.39120007 9.95800018 -1.08539999
v -5.35769987 9.86870003 -1.06949997
v -5.35699987 9.87979984 -1.11189997
v -5.40829992 9.93570042 -1.01199996
v -5.37440014 9.85490036 -1.03110003
v -5.36460018 9.78489971 -1.05669999
v -5.34969997 9.79769993 -1.09389997
v -5.36759996 9.72700024 -1.08440006
v -5.35659981 9.73960018 -1.11870003
v -5.38980007 9.71539974 -1.05429995
v -5.39080000 9.77180004 -1.02670002
v -5.42220020 9.70709991 -1.03489995
v -5.42679977 9.76019955 -1.00960004
v -5.40420008 9.68019962 -1.08280003
v -5.38829994 9.68929958 -1.11119998
v -5.38100004 9.70199966 -1.14180005
v -5.38040018 9.72169971 -1.17240000
v -5.41090012 9.68220043 -1.15919995
v -5.40959978 9.70359993 -1.18820000
v -5.44199991 9.67220020 -1.17260003
v -5.43839979 9.69320011 -1.20039999
v -5.41709995 9.67010021 -1.13199997
v -5.44890022 9.66040039 -1.14750004
v -5.41639996 9.74650002 -1.20840001
v -5.38399982 9.76010036 -1.19490004
v -5.35620022 9.75599957 -1.15289998
v -5.36499977 9.77530003 -1.17519999
v -5.42269993 9.67940044 -1.06070006
v -5.44490004 9.66909981 -1.07110000
v -5.42880011 9.66269970 -1.10430002
v -5.45669985 9.70069981 -1.03939998
v -5.46570015 9.75199986 -1.01240003
v -5.47030020 9.66619968 -1.08840001
v -5.45860004 9.65620041 -1.11930001
v -5.49259996 9.66730022 -1.10000002
v -5.49510002 9.65849972 -1.12639999
v -5.48460007 9.69999981 -1.05980003
v -5.50430012 9.70160007 -1.08589995
v -5.40259981 9.84049988 -1.00129998
v -5.44080019 9.82820034 -0.98710001
v -5.43419981 9.92240047 -0.98449999
v -5.46990013 9.91129971 -0.97359997
v -5.48099995 9.82019997 -0.99199998
v -5.50699997 9.90349960 -0.97680002
v -5.51650000 9.81499958 -1.00839996
v -5.54129982 9.89729977 -0.98989999
v -5.54050016 9.81490040 -1.03810000
v -5.49819994 9.75000000 -1.03199995
v -5.34859991 9.80980015 -1.13370001
v -5.36390018 9.81900024 -1.16869998
v -5.59289980 9.93490028 -0.43079999
v -5.57789993 9.93130016 -0.39579999
v -5.60360003 9.84309959 -0.42609999
v -5.58990002 9.84169960 -0.39039999
v -5.60890007 9.73519993 -0.42260000
v -5.59429979 9.73530006 -0.38589999
v -5.62690020 9.84650040 -0.45559999
v -5.63439989 9.73680019 -0.45269999
v -5.66970015 9.74090004 -0.46840000
v -5.65579987 9.62609959 -0.43200001
v -5.63189983 9.62430000 -0.40630001
v -5.61429977 9.62339973 -0.37470001
v -5.66200018 9.51920033 -0.38980001
v -5.65080023 9.51869965 -0.36269999
v -5.59240007 9.73709965 -0.34650001
v -5.60879993 9.62450027 -0.33829999
v -5.58400011 9.84220028 -0.35220000
v -5.64879990 9.51990032 -0.30570000
v -5.64580011 9.51889992 -0.33450001
v -5.61840010 9.62790012 -0.30270001
v -5.60349989 9.74110031 -0.30960000
v -5.65229988 9.42179966 -0.40040001
v -5.67309999 9.42370033 -0.42809999
v -5.67880011 9.52029991 -0.41389999
v -5.70170021 9.52229977 -0.43160000
v -5.68559980 9.62889957 -0.44920000
v -5.70109987 9.42650032 -0.44830000
v -5.65520000 9.34130001 -0.36780000
v -5.66820002 9.34280014 -0.39690000
v -5.63920021 9.42059994 -0.36880001
v -5.68760014 9.34469986 -0.42230001
v -5.71910000 9.63249969 -0.45490000
v -5.70709991 9.74650002 -0.47029999
v -5.74300003 9.75150013 -0.46419999
v -5.77600002 9.75549984 -0.45019999
v -5.80520010 9.75850010 -0.42950001
v -5.78420019 9.63899994 -0.43770000
v -5.81099987 9.64150047 -0.41659999
v -5.75290012 9.63609982 -0.45100001
v -5.72980022 9.52480030 -0.44020000
v -5.76000023 9.52729988 -0.43889999
v -5.56659985 9.92940044 -0.35769999
v -5.56769991 9.93200016 -0.31680000
v -5.58769989 9.84510040 -0.31340000
v -5.60410023 9.85079956 -0.27720001
v -5.58640003 9.93949986 -0.28029999
v -5.63310003 9.85869980 -0.24879999
v -5.61700010 9.94900036 -0.25279999
v -5.62449980 9.74619961 -0.27810001
v -5.63859987 9.63189983 -0.27329999
v -5.66489983 9.63619995 -0.24990000
v -5.67770004 9.52420044 -0.25369999
v -5.65980005 9.52169991 -0.27840000
v -5.65229988 9.75199986 -0.25299999
v -5.70349979 9.52649975 -0.23520000
v -5.69610023 9.64029980 -0.23289999
v -5.68540001 9.75780010 -0.23510000
v -5.67609978 9.42560005 -0.24879999
v -5.65430021 9.42290020 -0.27289999
v -5.63910007 9.42109966 -0.30219999
v -5.67100000 9.86680031 -0.23320000
v -5.72300005 9.76290035 -0.22620000
v -5.71239996 9.87380028 -0.23310000
v -5.65600014 9.95880032 -0.23970000
v -5.69759989 9.96730042 -0.24169999
v -5.56780005 10.01290035 -0.28340000
v -5.59980011 10.02420044 -0.25670001
v -5.54470015 10.00349998 -0.31999999
v -5.53819990 9.99870014 -0.36420000
v -5.58179998 10.09109974 -0.25860000
v -5.61810017 10.10540009 -0.24079999
v -5.63770008 10.03600025 -0.23999999
v -5.59689999 10.16849995 -0.24410000
v -5.65850019 10.12049961 -0.23980001
v -5.67969990 10.04759979 -0.23920000
v -5.58680010 9.85499954 -0.07860000
v -5.54740000 9.85309982 -0.08690000
v -5.58559990 9.73499966 -0.05480000
v -5.54600000 9.73470020 -0.06100000
v -5.62160015 9.85709953 -0.06090000
v -5.64879990 9.85980034 -0.03370000
v -5.66790009 9.97259998 -0.07460000
v -5.67990017 10.08880043 -0.06280000
v -5.65360022 10.08240032 -0.09390000
v -5.68699980 9.97869968 -0.03500000
v -5.66769981 9.86369991 0.00010000
v -5.61940002 9.73690033 -0.03510000
v -5.64480019 9.74030018 -0.00680000
v -5.65730000 9.74549961 0.02860000
v -5.67170000 9.86929989 0.03930000
v -5.65850019 9.75160027 0.06590000
v -5.65150023 9.62329960 0.01240000
v -5.66599989 9.62919998 0.05110000
v -5.64569998 9.52169991 0.03330000
v -5.64739990 9.52900028 0.07270000
v -5.61899996 9.51720047 0.00370000
v -5.62130022 9.62010002 -0.01430000
v -5.58379984 9.61979961 -0.02510000
v -5.54619980 9.62129974 -0.02460000
v -5.54300022 9.51720047 -0.01250000
v -5.58150005 9.51710033 -0.00760000
v -5.50589991 9.73589993 -0.05430000
v -5.51079988 9.62310028 -0.01700000
v -5.50570011 9.85260010 -0.08350000
v -5.50299978 9.51720047 -0.01150000
v -5.46750021 9.52060032 0.00780000
v -5.61110020 9.43900013 0.02810000
v -5.58220005 9.43459988 0.00850000
v -5.58620024 9.36970043 0.03140000
v -5.60960007 9.37899971 0.05290000
v -5.58869982 9.31719971 0.05940000
v -5.61359978 9.32610035 0.07460000
v -5.58799982 9.28330040 0.09380000
v -5.61110020 9.29259968 0.09250000
v -5.59340000 9.27429962 0.12150000
v -5.62230015 9.28999996 0.11260000
v -5.62430000 9.33590031 0.09930000
v -5.55760002 9.31330013 0.05490000
v -5.55889988 9.28250027 0.09290000
v -5.52610016 9.31649971 0.06300000
v -5.53070021 9.29049969 0.10090000
v -5.55229998 9.36550045 0.02510000
v -5.51800013 9.36620045 0.03350000
v -5.62139988 9.38869953 0.07980000
v -5.62179995 9.44789982 0.05910000
v -5.62230015 9.39630032 0.10900000
v -5.62340021 9.45530033 0.09120000
v -5.62430000 9.34399986 0.12570000
v -5.54530001 9.43410015 0.00490000
v -5.50810003 9.43420029 0.01090000
v -5.48759985 9.37150002 0.05150000
v -5.47450018 9.43669987 0.02920000
v -4.87389994 11.12800026 -0.42719999
v -4.84689999 11.21230030 -0.38150001
v -4.87379980 11.31680012 -0.46059999
v -4.86390018 11.37660027 -0.38839999
v -4.83930016 11.27670002 -0.32130000
v -4.86929989 11.42280006 -0.31900001
v -4.84649992 11.32660007 -0.25990000
v -4.81389999 11.23779964 -0.19069999
v -4.80550003 11.18680000 -0.24490000
v -4.81110001 11.12580013 -0.29620001
v -4.78070021 11.10229969 -0.16080000
v -4.78719997 11.15320015 -0.11380000
v -4.83409977 11.05309963 -0.33690000
v -4.88630009 11.45880032 -0.25670001
v -4.86999989 11.52649975 -0.36570001
v -4.86339998 11.48849964 -0.44369999
v -4.83099985 11.59679985 -0.48359999
v -4.83139992 11.62670040 -0.39700001
v -4.77269983 11.66569996 -0.60500002
v -4.76620007 11.68959999 -0.51230001
v -4.84079981 11.56879997 -0.57150000
v -4.87050009 11.44729996 -0.52499998
v -4.85239983 11.54360008 -0.65319997
v -4.78599977 11.64799976 -0.68989998
v -4.87400007 11.53489971 -0.72560000
v -4.80600023 11.63949966 -0.76239997
v -4.76819992 11.71720028 -0.41999999
v -4.68790007 11.77499962 -0.53479999
v -4.68970013 11.79969978 -0.43830001
v -4.60599995 11.86060047 -0.55430001
v -4.60699987 11.88319969 -0.45510000
v -4.69560003 11.75650024 -0.63169998
v -4.61630011 11.84700012 -0.65439999
v -4.70109987 11.82989979 -0.35450000
v -1.54740000 0.14690000 -0.65009999
v -1.67209995 0.11330000 -0.56669998
v -1.64400005 0.07810000 -0.66509998
v -1.60909998 0.04070000 -0.76239997
v -1.52129996 0.10290000 -0.74750000
v -1.49530005 0.06570000 -0.85070002
v -1.57190001 0.00930000 -0.86409998
v -1.70580006 0.00250000 -0.79960001
v -1.66170001 -0.02190000 -0.90039998
v -1.53439999 -0.01760000 -0.96929997
v -1.46190000 0.03130000 -0.95429999
v -1.50370002 -0.02680000 -1.07379997
v -1.43589997 0.01900000 -1.05710006
v -1.42809999 0.03310000 -1.14649999
v -1.38960004 0.10120000 -1.14750004
v -1.39080000 0.09120000 -1.05760002
v -1.41139996 0.10250000 -0.95870000
v -1.43869996 0.14170000 -0.85879999
v -1.45640004 0.19480000 -0.76029998
v -1.39970005 0.22900000 -0.88720000
v -1.41520000 0.30320001 -0.80190003
v -1.38049996 0.18550000 -0.97289997
v -1.36399996 0.18020000 -1.06120002
v -1.36500001 0.25240001 -0.98879999
v -1.35560000 0.27360001 -1.05460000
v -1.36090004 0.37149999 -1.02090001
v -1.37020004 0.31079999 -0.93959999
v -1.36559999 0.30270001 -1.14600003
v -1.37619996 0.41679999 -1.11889994
v -1.36819994 0.19390000 -1.15359998
v -1.41260004 0.11300000 -1.22430003
v -1.40149999 0.20850000 -1.23730004
v -1.43309999 0.05510000 -1.20599997
v -1.48329997 -0.01080000 -1.16830003
v -1.58360004 -0.03920000 -1.10630000
v -1.55610001 -0.02540000 -1.20130002
v -1.66400003 -0.03830000 -1.14450002
v -1.63199997 -0.02590000 -1.23609996
v -1.53340006 0.01390000 -1.28820002
v -1.61020005 0.00790000 -1.32430005
v -1.47070003 0.03350000 -1.24259996
v -1.70439994 -0.04540000 -1.04920006
v -1.78869998 -0.04750000 -1.09650004
v -1.74220002 -0.03890000 -1.18239999
v -1.61839998 -0.03970000 -1.00419998
v -1.70840001 -0.02450000 -1.26619995
v -1.75349998 -0.04030000 -0.95039999
v -1.89849997 -0.04690000 -0.90820003
v -1.84340000 -0.05000000 -1.00580001
v -1.80350006 -0.02830000 -0.85110003
v -1.86839998 -0.04890000 -1.14260006
v -1.92840004 -0.05080000 -1.05840003
v -1.94169998 -0.03830000 -1.18990004
v -2.00449991 -0.03840000 -1.10640001
v -2.06419992 -0.03640000 -1.00479996
v -1.98660004 -0.04920000 -0.96030003
v -1.74479997 0.02890000 -0.69889998
v -1.69330001 0.14110000 -0.46450001
v -1.71169996 0.16390000 -0.35940000
v -1.72360003 0.17340000 -0.24980000
v -1.83399999 0.12510000 -0.26030001
v -1.72770000 0.16450000 -0.13650000
v -1.84089994 0.12150000 -0.13959999
v -1.72969997 0.14940000 -0.02090000
v -1.84930003 0.12370000 -0.01480000
v -1.95089996 0.09000000 -0.15040000
v -1.94000006 0.08800000 -0.27770001
v -1.96190000 0.09740000 -0.02010000
v -1.96430004 0.09350000 0.11360000
v -1.84770000 0.10760000 0.11220000
v -1.72459996 0.12410000 0.09520000
v -1.61420000 0.19700000 -0.02970000
v -1.61559999 0.22120000 -0.13760000
v -1.51830006 0.27020001 -0.03020000
v -1.51870000 0.30160001 -0.13730000
v -1.51010001 0.22740000 0.07540000
v -1.60300004 0.15710001 0.07520000
v -1.51709998 0.32359999 -0.24500000
v -1.61059999 0.23150000 -0.24519999
v -1.38440001 0.40210000 -0.87330002
v -1.37730002 0.47549999 -0.97189999
v -1.40160000 0.52620000 -1.07749999
v -1.45360005 0.55809999 -1.17659998
v -1.48580003 0.66769999 -1.13380003
v -1.48819995 0.45500001 -1.29830003
v -1.52149999 0.57279998 -1.26580000
v -1.42219996 0.44459999 -1.21399999
v -1.46360004 0.33219999 -1.31630003
v -1.40400004 0.32470000 -1.23580003
v -1.45560002 0.21100000 -1.31159997
v -1.52370000 0.20370001 -1.37740004
v -1.53880000 0.32550001 -1.38339996
v -1.52170002 0.09540000 -1.34790003
v -1.60150003 0.08390000 -1.39129996
v -1.60850000 0.19050001 -1.42480004
v -1.45910001 0.10810000 -1.28910005
v -1.69270003 0.07760000 -1.41180003
v -1.70490003 0.17739999 -1.44599998
v -1.69239998 0.00800000 -1.34809995
v -1.62769997 0.30970001 -1.42830002
v -1.65279996 0.43200001 -1.41559994
v -1.56550002 0.44949999 -1.36870003
v -1.76390004 0.53820002 -1.41830003
v -1.67900002 0.55610001 -1.39489996
v -1.74460006 0.41299999 -1.43540001
v -1.72409999 0.29290000 -1.44470000
v -1.59619999 0.57169998 -1.34319997
v -1.55630004 0.68449998 -1.22249997
v -1.62679994 0.68919998 -1.30270004
v -1.70169997 0.68049997 -1.35930002
v -1.77719998 0.66799998 -1.38759995
v -1.77960002 0.79949999 -1.34790003
v -1.71340001 0.80510002 -1.31420004
v -1.83109999 0.92900002 -1.32959998
v -1.84379995 0.79400003 -1.36039996
v -1.84969997 0.65820003 -1.39499998
v -1.84599996 0.52480000 -1.42130005
v -1.83469999 0.39829999 -1.43490005
v -1.91929996 0.38740000 -1.41310000
v -1.92270005 0.51580000 -1.40429997
v -1.91709995 0.65160000 -1.38240004
v -4.81990004 11.63000011 -0.82340002
v -4.74030018 11.72130013 -0.85869998
v -4.76079988 11.72089958 -0.91020000
v -4.79209995 11.73480034 -0.94980001
v -4.71589994 11.82940006 -0.99089998
v -4.68219995 11.81449986 -0.94819999
v -4.65910006 11.81320000 -0.89319998
v -4.72809982 11.73359966 -0.79530001
v -4.64589977 11.82499981 -0.82550001
v -4.63259983 11.83769989 -0.74580002
v -4.71169996 11.74450016 -0.71980000
v -4.55989981 11.91320038 -0.85460001
v -4.54740000 11.92580032 -0.76999998
v -4.53200006 11.93410015 -0.67479998
v -4.52150011 11.94589996 -0.57190001
v -4.44199991 12.01620007 -0.69379997
v -4.43330002 12.02880001 -0.58829999
v -4.34749985 12.09549999 -0.71149999
v -4.34170008 12.10970020 -0.60310000
v -4.45620012 12.00850010 -0.79290003
v -4.36040020 12.08860016 -0.81389999
v -4.43839979 12.05510044 -0.48559999
v -4.52390003 11.96949959 -0.47119999
v -4.46950006 11.99790001 -0.88209999
v -4.57490015 11.90320015 -0.92769998
v -4.48689985 11.99090004 -0.96060002
v -4.60020018 11.90600014 -0.98809999
v -4.51480007 11.99610043 -1.02680004
v -4.37510014 12.08110046 -0.90710002
v -4.39510012 12.07740021 -0.99040002
v -4.63660002 11.92269993 -1.03540003
v -4.75860023 11.85529995 -1.02079999
v -4.68249989 11.95069981 -1.06900001
v -4.80800009 11.88850021 -1.03919995
v -4.73509979 11.98550034 -1.09099996
v -4.88009977 11.79170036 -0.99210000
v -4.92969990 11.82400036 -1.00399995
v -4.85970020 11.92240047 -1.05239999
v -4.83279991 11.75969982 -0.97670001
v -4.94980001 11.69400024 -0.95330000
v -4.99830008 11.72570038 -0.96160001
v -5.04610014 11.75819969 -0.96190000
v -4.97790003 11.85560036 -1.00989997
v -5.06120014 11.62660027 -0.92360002
v -5.10860014 11.65869999 -0.91750002
v -5.01389980 11.59599972 -0.91990000
v -4.78999996 12.02079964 -1.10590005
v -4.72030020 12.11909962 -1.16159999
v -4.84259987 12.05510044 -1.11199999
v -4.77710009 12.15550041 -1.16700006
v -4.88850021 12.09049988 -1.10169995
v -4.82719994 12.19340038 -1.15489995
v -4.92530012 12.12759972 -1.07249999
v -4.86810017 12.23279953 -1.12360001
v -4.95240021 11.98910046 -1.04949999
v -4.98649979 12.02460003 -1.02160001
v -4.90929985 11.95489979 -1.05910003
v -4.71169996 12.25710011 -1.21930003
v -4.65019989 12.21819973 -1.21430004
v -4.76669979 12.29759979 -1.20529997
v -4.66120005 12.08230019 -1.14429998
v -4.60449982 12.04609966 -1.11759996
v -4.55450010 12.01550007 -1.07920003
v -4.58629990 12.17959976 -1.19449997
v -4.52470016 12.14150047 -1.16320002
v -2.17919993 0.95620000 -0.50400001
v -2.12829995 1.10309994 -0.48080000
v -2.16450000 1.06299996 -0.56950003
v -2.14299989 1.00390005 -0.41270000
v -2.19090009 1.16400003 -0.69069999
v -2.15429997 1.18529999 -0.61549997
v -2.18030000 1.31500006 -0.70440000
v -2.14660001 1.32760000 -0.63669997
v -2.21519995 1.14839995 -0.76410002
v -2.22359991 1.13839996 -0.83670002
v -2.19980001 1.30069995 -0.83840001
v -2.19919991 1.30649996 -0.77190000
v -2.17070007 1.46319997 -0.83440000
v -2.17740011 1.46920002 -0.77209997
v -2.15960002 1.62810004 -0.77740002
v -2.14930010 1.62020004 -0.83939999
v -2.11220002 1.76030004 -0.91829997
v -2.12509990 1.61129999 -0.90030003
v -2.13350010 1.77059996 -0.85290003
v -2.12030005 1.91600001 -0.86919999
v -2.10310006 1.90569997 -0.93910003
v -2.14289999 1.77970004 -0.78799999
v -2.12739992 1.92519999 -0.80019999
v -2.11199999 1.45120001 -0.95279998
v -2.14739990 1.45679998 -0.89389998
v -2.09330010 1.60280001 -0.96460003
v -2.08459997 1.75010002 -0.98799998
v -2.16689992 1.47510004 -0.70789999
v -2.15400004 1.63419998 -0.71340001
v -2.14100003 1.48249996 -0.64310002
v -2.13280010 1.63929999 -0.64819998
v -2.10170007 1.49380004 -0.57749999
v -2.09649992 1.64530003 -0.58260000
v -2.10430002 1.34689999 -0.56610000
v -2.13949990 1.78659999 -0.72229999
v -2.12089992 1.79110003 -0.65530002
v -2.18179989 1.29690003 -0.90149999
v -2.21510005 1.13450003 -0.90689999
v -2.18560004 1.13629997 -0.97130001
v -2.14619994 1.29519999 -0.95940000
v -2.13610005 1.14320004 -1.02730000
v -2.09929991 1.29659998 -1.01450002
v -2.07249999 1.44819999 -1.01520002
v -2.22919989 0.97759998 -0.88819999
v -2.20900011 0.97909999 -0.96270001
v -2.11350012 1.21490002 -0.53520000
v -2.08690000 1.14890003 -0.39300001
v -2.07130003 1.25259995 -0.45170000
v -2.04169989 1.19739997 -0.31220001
v -2.02659988 1.29380000 -0.37220001
v -2.05920005 1.37390006 -0.49090001
v -2.05550003 1.51080000 -0.50880003
v -2.00729990 1.53240001 -0.43880001
v -2.00130010 1.66639996 -0.44850001
v -2.05080009 1.65429997 -0.51580000
v -2.04010010 1.79700005 -0.52020001
v -1.99080002 1.80139995 -0.45289999
v -2.08610010 1.79390001 -0.58759999
v -2.01379991 1.40600002 -0.41530001
v -1.95710003 1.55499995 -0.37369999
v -1.95050001 1.67960000 -0.38519999
v -1.96539998 1.43789995 -0.34799999
v -1.97809994 1.33399999 -0.30410001
v -1.99609995 1.24699998 -0.24270000
v -1.92750001 1.36870003 -0.25070000
v -1.91390002 1.46500003 -0.29390001
v -1.94780004 1.29149997 -0.18840000
v -2.10039997 1.05610001 -0.32429999
v -2.05690002 1.11249995 -0.24259999
v -2.11599994 0.97340000 -0.24850000
v -2.07500005 1.03789997 -0.16599999
v -2.13520002 0.89929998 -0.16680001
v -2.09179997 0.97030002 -0.08580000
v -2.03049994 1.10210001 -0.09520000
v -2.01460004 1.17130005 -0.17170000
v -1.96599996 1.22329998 -0.11750000
v -1.97809994 1.15629995 -0.04280000
v -2.03870010 1.03320003 -0.01820000
v -2.10500002 0.90490001 -0.00430000
v -2.05279994 0.96990001 0.06290000
v -2.15939999 0.91399997 -0.33649999
v -2.18239999 0.83380002 -0.25220001
v -2.12779999 0.84649998 0.08440000
v -2.07690001 0.91259998 0.15070000
v -2.01999998 0.96329999 0.20790000
v -1.99940002 1.02440000 0.11870000
v -1.94770002 1.07029998 0.16249999
v -1.96389997 1.00520003 0.25440001
v -1.90429997 1.03209996 0.28650001
v -1.97860003 0.93660003 0.35240000
v -1.91170001 0.95539999 0.38389999
v -2.04069996 0.89899999 0.30340001
v -2.10360003 0.85500002 0.24670000
v -2.12949991 0.79320002 0.34880000
v -2.06180000 0.83350003 0.40490001
v -2.09800005 0.78619999 0.51319999
v -2.01780009 0.81029999 0.55690002
v -1.99290001 0.86760002 0.45269999
v -1.92079997 0.88040000 0.48199999
v -1.93859994 0.81220001 0.58120000
v -1.96889997 0.75739998 0.68510002
v -2.05290008 0.76999998 0.66659999
v -1.84829998 0.96460003 0.40270001
v -1.85590005 0.88859999 0.50050002
v -1.79139996 0.88679999 0.50540000
v -1.78439999 0.95700002 0.40329999
v -1.72340000 0.86989999 0.49489999
v -1.71870005 0.93830001 0.39080000
v -1.80690002 0.83039999 0.61150002
v -1.73909998 0.80830002 0.60119998
v -1.65890002 0.79839998 0.59020001
v -1.64760005 0.85280001 0.48030001
v -1.68770003 0.74890000 0.70109999
v -1.76559997 0.75730002 0.71069998
v -1.83210003 0.78450000 0.72130001
v -1.64849997 0.91460001 0.37310001
v -1.71720004 1.01349998 0.29330000
v -1.57920003 0.88489997 0.35139999
v -1.57120001 0.83700001 0.46430001
v -1.78020000 1.03410006 0.30460000
v -1.84290004 1.04349995 0.30440000
v -1.83449996 1.11249995 0.20680000
v -1.87349999 0.83060002 0.60460001
v -1.90190005 0.78340000 0.71149999
v -1.93139994 0.72219998 0.81160003
v -1.86020005 0.72990000 0.82550001
v -2.00289989 0.70550001 0.78960001
v -1.89300001 1.10150003 0.19190000
v -1.88279998 1.16729999 0.10450000
v -1.93610001 1.13520002 0.07710000
v -1.98699999 1.08910000 0.03580000
v -1.92540002 1.19710004 -0.00490000
v -1.87140000 1.22440004 0.02070000
v -1.85510004 1.27489996 -0.06000000
v -1.91069996 1.25670004 -0.08210000
v -1.89390004 1.32050002 -0.15240000
v -1.87500000 1.39320004 -0.21300000
v -1.83850002 1.33440006 -0.13110000
v -1.82210004 1.40730000 -0.18940000
v -1.81420004 1.23909998 0.03500000
v -1.80019999 1.28330004 -0.04800000
v -1.78530002 1.34210002 -0.11830000
v -1.82490003 1.17999995 0.11830000
v -3.55679989 12.96800041 -0.44880000
v -3.51570010 12.92479992 -0.58039999
v -3.49970007 12.90779972 -0.72180003
v -3.58870006 12.80690002 -0.83469999
v -3.57739997 12.80329990 -0.69499999
v -3.66989994 12.70479965 -0.80980003
v -3.66050005 12.70310020 -0.67119998
v -3.75640011 12.60649967 -0.78860003
v -3.74970007 12.60700035 -0.65300000
v -3.84850001 12.51210022 -0.77230000
v -3.84529996 12.51620007 -0.64120001
v -3.77119994 12.63259983 -0.51499999
v -3.86750007 12.54430008 -0.50929999
v -3.81629992 12.68229961 -0.39150000
v -3.91059995 12.59370041 -0.39179999
v -3.96900010 12.65839958 -0.30030000
v -4.05760002 12.56760025 -0.30919999
v -4.00579977 12.50839996 -0.39760000
v -3.88080001 12.75170040 -0.29719999
v -3.96670008 12.46049976 -0.50919998
v -3.68059993 12.72640038 -0.52899998
v -3.72519994 12.77490044 -0.40020001
v -3.94540000 12.43050003 -0.63429999
v -3.94619989 12.42280006 -0.75999999
v -3.86929989 12.52079964 -0.89249998
v -3.89930010 12.53160000 -1.00199997
v -3.98790002 12.43430042 -0.98250002
v -4.02080011 12.44190025 -1.08120000
v -4.08220005 12.34150028 -0.96480000
v -4.11100006 12.34609985 -1.05980003
v -3.96269989 12.42749977 -0.87629998
v -4.06090021 12.33860016 -0.86210001
v -3.59590006 12.82419968 -0.55159998
v -3.63890004 12.87069988 -0.41970000
v -3.70959997 12.94429970 -0.31909999
v -3.79390001 12.84729958 -0.30280000
v -3.96050000 12.83409977 -0.23950000
v -4.04960012 12.92099953 -0.21619999
v -4.04010010 12.73400021 -0.24190000
v -0.87250000 19.74510002 -0.19110000
v -0.87949997 19.80489922 -0.26380000
v -0.87250000 19.88820076 -0.20240000
v -0.87070000 19.95820045 -0.28270000
v -0.87739998 19.87150002 -0.34240001
v -0.85610002 19.94169998 -0.43200001
v -0.81709999 19.92029953 -0.58469999
v -0.81309998 20.01160049 -0.52710003
v -0.76050001 19.98649979 -0.68540001
v -0.75269997 20.08049965 -0.62110001
v -0.76410002 19.88649940 -0.74010003
v -0.81680000 19.82609940 -0.63370001
v -0.68589997 20.04820061 -0.78009999
v -0.69000000 19.94090080 -0.83880001
v -0.59799999 19.98679924 -0.92570001
v -0.59810001 19.86459923 -0.97409999
v -0.68980002 19.82690048 -0.88580000
v -0.48820001 19.75839996 -1.07980001
v -0.59410000 19.73699951 -1.00909996
v -0.49180001 19.89319992 -1.04709995
v -0.58609998 19.60519981 -1.03120005
v -0.67420000 19.58329964 -0.94360000
v -0.68419999 19.70730019 -0.92049998
v -0.48140001 19.62000084 -1.09870005
v -0.37560001 19.91239929 -1.10370004
v -0.37210000 19.77149963 -1.13230002
v -0.49230000 20.02289963 -0.99919999
v -0.37650001 20.04910088 -1.05719995
v -0.59480000 20.10190010 -0.86420000
v -0.48960000 20.14520073 -0.93489999
v -0.58759999 20.20750046 -0.78860003
v -0.48379999 20.25729942 -0.85380000
v -0.37450001 20.17799950 -0.98989999
v -0.37020001 20.29599953 -0.90399998
v -0.67769998 20.14719963 -0.70990002
v -0.74150002 20.16810036 -0.54790002
v -0.66479999 20.23579979 -0.62860000
v -0.57609999 20.30050087 -0.69950002
v -0.80580002 20.10000038 -0.46090001
v -0.85009998 20.02980042 -0.37040001
v -0.83560002 20.11639977 -0.29899999
v -0.79259998 20.18420029 -0.38659999
v -0.85460001 20.04610062 -0.21160001
v -0.77050000 20.26210022 -0.30630001
v -0.80970001 20.19980049 -0.22040001
v -0.72839999 20.24979973 -0.46810001
v -0.65120000 20.31609917 -0.54009998
v -0.63709998 20.38780022 -0.44569999
v -0.71130002 20.32369995 -0.38319999
v -0.77230000 20.28120041 -0.14010000
v -0.73809999 20.33370018 -0.22650000
v -0.66700000 20.42280006 -0.23190001
v -0.68849999 20.38479996 -0.29780000
v -0.69129997 20.40130043 -0.16159999
v -0.71799999 20.36199951 -0.06800000
v -0.82770002 20.13369942 -0.13230000
v -0.83160001 20.06500053 -0.04580000
v -0.85799998 19.97579956 -0.12819999
v -0.86570001 19.82159996 -0.12639999
v -0.81550002 18.89719963 -0.35769999
v -0.78860003 18.88279915 -0.41069999
v -0.75800002 18.86820030 -0.48140001
v -0.71859998 18.85680008 -0.56529999
v -0.67129999 18.84910011 -0.65380001
v -0.58520001 18.73390007 -0.69880003
v -0.63970000 18.74270058 -0.61619997
v -0.61540002 18.84339905 -0.73909998
v -0.54939997 18.83839989 -0.81639999
v -0.68660003 18.75399971 -0.52969998
v -0.57639998 18.95310020 -0.86369997
v -0.49800000 18.94890022 -0.93470001
v -0.47340000 18.83300018 -0.88249999
v -0.38789999 18.82789993 -0.93390000
v -0.40869999 18.94449997 -0.99070001
v -0.52039999 19.07159996 -0.98100001
v -0.54110003 19.20079994 -1.01590002
v -0.42789999 19.06920052 -1.04069996
v -0.44569999 19.20140076 -1.07879996
v -0.29480001 18.82360077 -0.96810001
v -0.27959999 18.70929909 -0.91060001
v -0.20810001 18.93919945 -1.05139995
v -0.19740000 18.82099915 -0.98619998
v -0.31070000 18.94120026 -1.02909994
v -0.50819999 17.73310089 0.12140000
v -0.67079997 17.71109962 -0.06120000
v -0.72820002 17.64100075 -0.10710000
v -0.79420000 17.57069969 -0.13820000
v -0.73269999 17.50379944 -0.06260000
v -0.79979998 17.44370079 -0.08220000
v -0.86860001 17.49810028 -0.15290000
v -0.87029999 17.38109970 -0.08730000
v -0.94880003 17.42329979 -0.15230000
v -1.01699996 17.46450043 -0.21750000
v -1.60570002 13.89500046 0.26480001
v -1.66199994 14.00339985 0.17620000
v -1.68099999 13.91609955 0.09780000
v -1.71280003 14.10929966 0.09300000
v -1.72739995 14.02509975 0.01520000
v -1.75960004 14.21319962 0.01370000
v -1.77049994 14.13070011 -0.06490000
v -1.77750003 14.05259991 -0.15050000
v -1.73769999 13.94680023 -0.07100000
v -1.77750003 13.97859955 -0.24320000
v -1.74189997 13.87240028 -0.16470000
v -1.73790002 13.80060005 -0.26600000
v -1.77010000 13.90699959 -0.34459999
v -1.81459999 14.08360004 -0.32300001
v -1.80330002 14.01560020 -0.42260000
v -1.84050000 14.12790012 -0.50089997
v -1.78400004 13.95170021 -0.53070003
v -1.75360000 13.83940029 -0.45269999
v -1.72549999 13.73069954 -0.37419999
v -1.70340002 13.66339970 -0.48690000
v -1.72669995 13.77670002 -0.56489998
v -1.75109994 13.89610004 -0.64060003
v -1.81529999 14.07149982 -0.60549998
v -1.88030005 14.24520016 -0.57590002
v -1.85020006 14.19470024 -0.67919999
v -1.81649995 14.15680027 -0.23010001
v -1.81219995 14.23429966 -0.14360000
v -1.80309999 14.31540012 -0.06310000
v -1.84440005 14.41650009 -0.13670000
v -1.69649994 13.83710003 0.00920000
v -1.69649994 14.19869995 0.16320001
v -1.74609995 14.29950047 0.08560000
v -1.78970003 14.39939976 0.01120000
v -1.72990000 14.38829994 0.15160000
v -1.77370000 14.48499966 0.07970000
v -1.71169996 14.47859955 0.21240000
v -1.75619996 14.57069969 0.14240000
v -1.69260001 14.56879997 0.26809999
v -1.73810005 14.65419960 0.19939999
v -1.78020000 14.73270035 0.12950000
v -1.79729998 14.65579987 0.07190000
v -1.81410003 14.57689953 0.00860000
v -1.83019996 14.49699974 -0.06080000
v -1.87020004 14.58959961 -0.13079999
v -1.85430002 14.66370010 -0.06030000
v -1.83770001 14.73709965 0.00390000
v -1.82099998 14.80869961 0.06190000
v -1.76359999 14.80679989 0.18130000
v -1.80490005 14.87759972 0.11390000
v -1.72010005 14.73419952 0.25049999
v -1.67359996 14.65680027 0.31880000
v -1.65579998 14.74040031 0.36420000
v -1.70330000 14.81029987 0.29650000
v -1.63950002 14.81750011 0.40419999
v -1.68820000 14.88099957 0.33739999
v -1.60179996 14.66899967 0.42989999
v -1.58529997 14.75199986 0.46759999
v -1.67929995 14.29189968 0.22700000
v -1.21469998 13.26229954 0.69440001
v -5.22139978 10.60200024 0.18460000
v -5.16050005 10.52289963 0.20420000
v -5.17670012 10.53540039 0.24220000
v -5.12379980 10.43729973 0.25150001
v -5.13880014 10.44340038 0.28459999
v -5.11889982 10.32509995 0.28529999
v -5.13539982 10.33090019 0.31970000
v -5.13100004 10.20960045 0.31459999
v -5.14919996 10.21669960 0.35280001
v -5.13990021 10.09920025 0.34810001
v -5.16090012 10.10750008 0.38710001
v -5.13469982 10.00119972 0.39250001
v -5.15320015 10.01220036 0.42820001
v -5.09700012 9.90690041 0.41870001
v -5.12309980 9.91749954 0.44459999
v -5.07399988 9.85009956 0.47790000
v -5.09689999 9.86130047 0.49869999
v -5.04110003 9.83539963 0.52230000
v -5.04720020 9.84370041 0.45980000
v -5.01739979 9.82960033 0.50319999
v -5.06510019 9.90050030 0.39860001
v -5.06120014 9.84430027 0.54060000
v -5.13910007 9.93309975 0.47530001
v -5.11390018 9.87740040 0.52260000
v -5.16569996 10.11709976 0.43030000
v -5.15719986 10.22490025 0.39440000
v -5.14919996 10.23299980 0.43579999
v -5.13380003 10.34449959 0.39460000
v -5.14109993 10.33769989 0.35720000
v -5.11040020 10.34829998 0.42410001
v -5.12419987 10.23859978 0.46970001
v -5.15740013 10.12730026 0.47260001
v -5.15310001 10.02579975 0.46570000
v -5.13800001 10.03839970 0.49739999
v -5.13390017 10.51739979 0.17030001
v -5.08139992 10.46650028 0.41090000
v -5.04659986 10.46529961 0.42539999
v -5.07959986 10.34869957 0.44400001
v -5.04479980 10.34529972 0.45310000
v -5.09089994 10.24160004 0.49529999
v -5.05359983 10.24289989 0.51630002
v -5.00909996 10.34000015 0.45609999
v -5.00920010 10.45940018 0.42480001
v -5.01100016 10.23939991 0.52509999
v -4.97219992 10.33419991 0.45690000
v -4.96969986 10.22939968 0.51510000
v -4.93400002 10.32619953 0.45179999
v -4.93389988 10.21630001 0.49640000
v -4.93919992 10.43939972 0.40540001
v -4.97270012 10.45100021 0.41880000
v -5.01469994 10.58129978 0.39590001
v -4.94420004 10.11450005 0.51609999
v -4.91279984 10.10109997 0.50070000
v -4.95170021 10.03960037 0.53810000
v -4.92329979 10.02509975 0.52609998
v -4.98390007 10.04930019 0.54430002
v -4.97879982 10.12450027 0.52609998
v -5.01590014 10.13140011 0.53119999
v -5.01779985 10.05469990 0.54650003
v -5.01700020 9.99650002 0.57200003
v -4.98659992 9.99100018 0.57059997
v -5.01490021 9.94519997 0.59539998
v -4.98820019 9.93910027 0.59469998
v -4.96199989 9.93060017 0.58990002
v -4.95749998 9.98159981 0.56540000
v -4.99030018 9.89360046 0.61479998
v -4.96479988 9.88549995 0.60729998
v -5.01410007 9.90190029 0.61619997
v -5.04090023 9.94670010 0.59359998
v -5.04699993 9.99790001 0.56980002
v -5.05149984 10.05700016 0.54430002
v -5.06599998 9.94200039 0.59119999
v -5.07649994 9.99409962 0.56480002
v -5.08379984 10.05459976 0.53619999
v -5.05439997 10.13650036 0.53320003
v -5.09359980 10.13790035 0.52670002
v -5.11280012 10.04819965 0.51980001
v -5.13149977 10.13519955 0.50739998
v -2.68339992 16.17499924 0.02410000
v -2.74659991 16.06469917 0.00210000
v -2.81340003 16.25449944 -0.10330000
v -2.87190008 16.14170074 -0.11870000
v -2.79929996 15.96479988 -0.02780000
v -2.83960009 15.87349987 -0.05740000
v -2.75460005 15.73490047 -0.01900000
v -2.87809992 15.79109955 -0.07900000
v -2.80599999 15.65779972 -0.02320000
v -2.92199993 15.71339989 -0.08990000
v -2.86170006 15.57880020 -0.01680000
v -2.97219992 15.63539982 -0.09360000
v -2.92350006 15.49720001 0.00470000
v -3.02880001 15.55189991 -0.08930000
v -2.98629999 15.40240002 0.01360000
v -3.09019995 15.46070004 -0.08150000
v -2.80559993 15.42679977 0.02610000
v -2.74580002 15.51239967 0.01100000
v -2.68899989 15.35990047 0.01460000
v -2.63179994 15.44550037 0.00250000
v -2.86750007 15.33489990 0.04620000
v -2.74769998 15.26910019 0.03060000
v -3.15420008 15.36349964 -0.07470000
v -3.17849994 15.50559998 -0.20580000
v -3.24270010 15.41110039 -0.19660001
v -3.11879992 15.59169960 -0.21290000
v -3.19230008 15.61760044 -0.34760001
v -3.24740005 15.53160000 -0.34310001
v -3.30999994 15.43959999 -0.33430001
v -3.11260009 15.20199966 0.01940000
v -3.04889989 15.30360031 0.01720000
v -3.21869993 15.26080036 -0.07070000
v -3.30730009 15.30879974 -0.18940000
v -3.06750011 15.67099953 -0.21400000
v -3.14610004 15.70300007 -0.34720001
v -3.20330000 15.73349953 -0.48500001
v -3.24670005 15.63729954 -0.48300001
v -3.10780001 15.79220009 -0.34180000
v -3.16450000 15.83390045 -0.48330000
v -3.02609992 15.75080013 -0.20710000
v -2.99070001 15.83619976 -0.19260000
v -3.07459998 15.88710022 -0.32910001
v -3.12879992 15.93809986 -0.47450000
v -3.19689989 15.86800003 -0.62580001
v -3.15569997 15.97920036 -0.62230003
v -3.21070004 15.88490009 -0.76670003
v -3.16400003 16.00020027 -0.76959997
v -3.11249995 16.09079933 -0.61210001
v -3.11610007 16.11400032 -0.76639998
v -3.09200001 16.04669952 -0.45820001
v -3.04220009 15.98970032 -0.30860001
v -2.92079997 16.03330040 -0.14330000
v -3.00270009 16.09880066 -0.28479999
v -2.95830011 15.93019962 -0.17020001
v -3.04800010 16.15769958 -0.43910000
v -2.95250010 16.21039963 -0.26449999
v -2.99530005 16.26889992 -0.42289999
v -2.89289999 16.32309914 -0.25209999
v -2.93510008 16.38050079 -0.41290000
v -2.75289989 16.37360001 -0.10190000
v -2.82699990 16.43799973 -0.24920000
v -2.58439994 16.43330002 0.01150000
v -2.68639994 16.49500084 -0.11100000
v -2.63820004 16.30470085 0.02430000
v -2.48589993 16.24069977 0.11760000
v -2.45199990 16.37809944 0.10590000
v -2.75510001 16.55509949 -0.25430000
v -2.79469991 16.60700035 -0.41229999
v -2.86829996 16.49300003 -0.40950000
v -2.61069989 16.61709976 -0.12790000
v -2.67510009 16.67320061 -0.26670000
v -2.43580008 16.68070030 -0.03810000
v -2.52309990 16.73679924 -0.15230000
v -2.51729989 16.55920029 -0.01000000
v -2.58389997 16.78899956 -0.28630000
v -3.01060009 16.31240082 -0.58829999
v -3.06450009 16.20190048 -0.59930003
v -3.01259995 16.33830070 -0.75269997
v -3.06669998 16.22660065 -0.75950003
v -2.95190001 16.44980049 -0.74860001
v -2.95070004 16.42309952 -0.58090001
v -2.88409996 16.56119919 -0.74669999
v -2.88389993 16.53420067 -0.57789999
v -2.80960011 16.64590073 -0.57929999
v -2.80850005 16.67250061 -0.74769998
v -2.79570007 16.68610001 -0.91109997
v -2.72630000 16.75699997 -0.58530003
v -2.63210011 16.86470032 -0.59619999
v -2.71250010 16.72100067 -0.42109999
v -2.61919999 16.83219910 -0.43619999
v -2.51340008 16.93709946 -0.45750001
v -2.47970009 16.89809990 -0.31299999
v -2.42219996 16.84910011 -0.18340001
v -2.30999994 16.95140076 -0.21910000
v -2.34050012 16.79439926 -0.07170000
v -2.23460007 16.89819908 -0.10850000
v -2.12089992 16.99040031 -0.14760000
v -2.03230000 16.93330002 -0.05190000
v -2.39619994 16.50519943 0.08350000
v -0.31189999 16.67519951 0.57789999
v -0.28500000 16.59020042 0.62750000
v -0.36100000 16.57519913 0.64459997
v -0.36039999 16.48749924 0.69019997
v -0.43070000 16.62199974 0.61960000
v -0.43590000 16.56649971 0.64940000
v -0.38029999 16.64629936 0.60399997
v -0.48609999 16.64450073 0.60009998
v -0.51719999 16.57480049 0.63580000
v -0.54240000 16.49020004 0.67580003
v -0.44800001 16.48509979 0.68919998
v -0.46480000 16.39100075 0.73299998
v -0.56590003 16.39590073 0.71810001
v -0.48400000 16.29089928 0.77850002
v -0.58810002 16.29680061 0.76190001
v -0.60869998 16.19580078 0.80629998
v -0.71920002 16.20339966 0.78270000
v -0.61350000 16.58979988 0.61100000
v -0.72350001 16.60569954 0.57920003
v -0.84460002 16.61960030 0.54310000
v -1.57430005 16.87929916 0.14320000
v -1.43570006 16.86120033 0.21280000
v -1.49520004 16.96649933 0.11110000
v -1.36539996 16.95009995 0.17910001
v -1.29630005 17.02949905 0.14470001
v -1.41910005 17.04490089 0.07860000
v -1.53330004 17.06909943 0.00530000
v -1.61749995 16.99340057 0.03710000
v -1.34440005 17.11280060 0.04210000
v -1.63199997 17.10619926 -0.07680000
v -1.72510004 17.03569984 -0.04260000
v -1.70650005 16.91020012 0.06970000
v -1.82360005 16.95919991 -0.00650000
v -1.92349994 16.87490082 0.03070000
v -1.92289996 17.01499939 -0.09150000
v -1.81459999 17.08699989 -0.13120000
v -1.88610005 17.13870049 -0.23080000
v -2.00279999 17.06959915 -0.18889999
v -1.71210003 17.15349960 -0.16869999
v -1.77579999 17.20380020 -0.27020001
v -1.26909995 17.17070007 -0.00080000
v -1.22800004 17.09819984 0.10650000
v -0.11320000 18.85580063 1.11580002
v -0.08160000 18.90150070 1.12179995
v 0.00000000 18.62100029 1.14370000
v -0.00000000 18.64060020 1.16670001
v -2.38479996 -0.00720000 0.82450002
v -2.39470005 -0.01350000 0.69430000
v -2.30579996 -0.00240000 0.70289999
v -2.30299997 0.00660000 0.82980001
v -2.20350003 0.03850000 0.71789998
v -2.20469999 0.03130000 0.84230000
v -2.08470011 0.06600000 0.73699999
v -2.08879995 0.04650000 0.85990000
v -2.08089995 0.06520000 0.61080003
v -2.19819999 0.03120000 0.59170002
v -2.19449997 0.03460000 0.46489999
v -2.07850003 0.05940000 0.48640001
v -2.30250001 -0.00660000 0.57300001
v -2.29579997 0.00560000 0.44270000
v -2.28900003 0.03530000 0.31450000
v -2.19160008 0.05310000 0.33780000
v -2.18460011 0.05290000 0.20690000
v -2.27780008 0.03640000 0.18140000
v -2.35809994 0.03200000 0.15889999
v -2.07699990 0.06990000 0.36170000
v -1.95150006 0.06630000 0.38020000
v -1.94970000 0.04190000 0.50370002
v -1.95959997 0.08860000 0.24869999
v -2.07730007 0.07510000 0.23160000
v -2.07529998 0.07610000 0.09780000
v -1.81540000 0.00060000 0.48580000
v -1.82449996 0.03930000 0.36340001
v -1.95420003 0.02760000 0.62320000
v -1.81449997 -0.01660000 0.60909998
v -1.68879998 0.03320000 0.32179999
v -1.67349994 -0.00480000 0.44700000
v -1.83809996 0.08530000 0.24050000
v -1.70969999 0.08470000 0.20900001
v -1.96159995 0.01830000 0.74309999
v -1.96840000 0.00870000 0.86290002
v -1.83690000 -0.03230000 0.85189998
v -1.82509995 -0.03230000 0.73110002
v -1.84379995 -0.03120000 0.96880001
v -1.96800005 -0.00010000 0.97869998
v -1.84140003 -0.01800000 1.08000004
v -1.72119999 -0.04150000 0.96039999
v -1.95350003 0.00850000 1.08210003
v -1.83519995 0.00610000 1.18159997
v -1.93789995 0.02420000 1.17050004
v -2.06660008 0.03350000 1.06700003
v -2.08480000 0.03510000 0.97350001
v -2.04719996 0.04280000 1.14810002
v -1.70169997 -0.04980000 0.84020001
v -1.68239999 -0.05660000 0.71259999
v -2.19700003 0.03130000 0.95620000
v -2.41260004 0.24820000 1.20630002
v -2.42109990 0.24190000 1.26069999
v -2.41630006 0.27559999 1.27219999
v -2.41470003 0.21560000 1.20379996
v -2.42389989 0.20829999 1.25380003
v -2.40249991 0.21670000 1.15859997
v -2.41680002 0.18320000 1.20229995
v -2.43400002 0.19910000 1.30710006
v -2.43129992 0.23379999 1.31780005
v -2.44650006 0.18730000 1.36389995
v -2.44359994 0.22210000 1.37829995
v -2.42639995 0.26969999 1.33270001
v -2.43829989 0.25720000 1.39579999
v -2.42470002 0.29150000 1.41949999
v -2.43869996 0.22080000 1.45990002
v -2.41520000 0.23459999 1.47239995
v -2.45630002 0.19890000 1.44449997
v -2.46460009 0.16869999 1.42879999
v -2.48239994 0.13699999 1.49960005
v -2.46539998 0.16040000 1.51199996
v -2.41810012 0.15109999 1.19949996
v -1.42509997 0.45989999 0.79879999
v -1.40520000 0.49030000 0.69700003
v -1.35300004 0.39289999 0.66020000
v -1.34300005 0.43990001 0.55170000
v -1.33539999 0.32570001 0.50059998
v -1.32920003 0.28020000 0.62349999
v -1.34370005 0.49380001 0.44139999
v -1.34689999 0.38150001 0.38600001
v -1.37979996 0.33770001 0.22920001
v -1.35810006 0.27610001 0.33930001
v -1.34039998 0.21850000 0.45910001
v -1.37339997 0.12430000 0.43020001
v -1.32850003 0.17140000 0.59329998
v -1.36730003 0.07920000 0.57260001
v -1.37150002 0.36570001 0.76999998
v -1.44389999 0.01460000 0.56339997
v -1.44819999 0.05630000 0.42060000
v -1.39610004 0.18390000 0.30620000
v -1.46609998 0.11120000 0.29260001
v -1.56449997 0.06160000 0.29750001
v -1.54920006 0.01500000 0.42559999
v -1.48780000 0.16930000 0.17870000
v -1.41929996 0.24650000 0.19509999
v -1.58580005 0.11240000 0.18320000
v -1.60459995 0.74769998 0.69220001
v -1.52310002 0.73199999 0.67860001
v -1.57739997 0.79250002 0.57849997
v -2.04839993 0.10880000 1.29470003
v -2.03340006 0.14390001 1.34389997
v -2.03329992 0.12630001 1.38409996
v -2.02940011 0.11080000 1.42920005
v -1.99580002 0.06290000 1.48269999
v -2.01859999 0.09860000 1.48090005
v -2.03970003 0.06980000 1.54470003
v -2.01780009 0.02900000 1.54630005
v -2.06299996 0.04560000 1.62240005
v -2.03789997 0.00670000 1.63059998
v -2.04859996 0.01360000 1.70930004
v -2.07780004 0.04540000 1.69120002
v -2.09389997 0.09910000 1.70029998
v -2.08730006 0.07540000 1.67600000
v -2.08349991 0.06730000 1.73950005
v -2.05119991 0.04040000 1.76220000
v -2.00850010 -0.00550000 1.72070003
v -2.01259995 0.02480000 1.77400005
v -1.99730003 -0.01960000 1.64040005
v -1.94780004 -0.02500000 1.65069997
v -1.96410000 -0.00630000 1.72870004
v -1.97230005 0.02410000 1.78090000
v -2.08340001 0.09550000 1.77030003
v -2.05089998 0.06940000 1.79589999
v -2.01279998 0.05680000 1.80610001
v -2.09349990 0.12880000 1.71220005
v -2.08529997 0.15719999 1.72430003
v -2.08270001 0.19320001 1.63689995
v -2.08540010 0.16060001 1.62899995
v -2.07110000 0.18380000 1.73280001
v -2.07010007 0.21980000 1.64390004
v -2.06529999 0.27329999 1.55729997
v -2.07760000 0.12530001 1.78919995
v -2.04780006 0.09790000 1.81889999
v -2.06360006 0.15380000 1.80030000
v -2.03800011 0.12560000 1.83200002
v -2.07920003 0.12530001 1.62430000
v -2.07229996 0.08720000 1.62030005
v -2.04900002 0.11290000 1.54550004
v -2.03209996 0.13950001 1.48070002
v -1.97920001 0.00070000 1.55139995
v -1.96120000 0.04290000 1.48769999
v -1.93050003 -0.00460000 1.56029999
v -1.90209997 -0.00490000 1.65960002
v -1.92240000 0.00850000 1.73319995
v -1.87150002 0.03300000 1.66620004
v -1.88909996 0.03680000 1.73000002
v -2.31040001 0.24010000 1.42630005
v -2.33419991 0.28439999 1.44210005
v -2.38700008 0.24060000 1.48070002
v -2.38310003 0.30669999 1.44060004
v -2.42549992 0.19570000 1.53260005
v -2.39980006 0.20540000 1.53910005
v -2.41330004 0.18750000 1.59580004
v -2.41700006 0.17270000 1.63090003
v -2.44140005 0.17800000 1.59239995
v -2.45959997 0.15539999 1.58410001
v -2.44639993 0.17970000 1.52320004
v -2.27990007 0.14060000 1.52649999
v -2.30419993 0.10830000 1.59309995
v -2.27270007 0.10340000 1.51349998
v -2.29620004 0.07180000 1.57980001
v -2.25640011 0.06900000 1.50610006
v -2.27649999 0.03800000 1.57260001
v -2.30509996 0.04680000 1.64699996
v -2.28690004 0.01460000 1.64400005
v -2.29920006 0.04510000 1.69809997
v -2.28090000 0.01820000 1.70319998
v -2.31180000 0.08180000 1.65390003
v -2.30599999 0.11070000 1.67289996
v -2.30570006 0.14080000 1.61220002
v -2.29290009 0.17039999 1.63230002
v -2.28130007 0.19870000 1.65090001
v -2.25379992 0.21529999 1.66219997
v -2.23869991 0.24150001 1.58560002
v -2.21959996 0.21969999 1.66630006
v -2.20639992 0.24330001 1.59179997
v -2.26370001 0.19740000 1.73409998
v -2.22839999 0.21040000 1.72140002
v -2.28509998 0.16670001 1.71640003
v -2.29259992 0.13779999 1.69309998
v -2.27909994 0.11080000 1.73010004
v -2.25679994 0.13530000 1.74170005
v -2.29699993 0.08720000 1.71099997
v -2.30640006 0.06960000 1.69079995
v -2.28010011 0.06270000 1.72940004
v -2.26200008 0.04030000 1.73670006
v -2.24230003 0.02110000 1.73679996
v -2.25559998 -0.00080000 1.70379996
v -2.22510004 0.00820000 1.73230004
v -2.22530007 -0.00830000 1.70480001
v -2.25699997 -0.00830000 1.64349997
v -2.21919990 -0.01470000 1.64629996
v -2.23909998 0.06360000 1.75460005
v -2.25850010 0.08610000 1.74720001
v -2.22059989 0.04100000 1.75500000
v -2.24519992 0.01450000 1.57169998
v -2.22989988 0.04250000 1.50460005
v -2.19449997 0.03310000 1.50960004
v -2.20720005 0.00770000 1.57599998
v -2.18249989 -0.00410000 1.65180004
v -2.16969991 0.01690000 1.58369994
v -2.15210009 0.01790000 1.65869999
v -2.13849998 0.03940000 1.59410000
v -2.15899992 0.04350000 1.51849997
v -2.12969995 0.06640000 1.52999997
v -2.15459991 0.06940000 1.46430004
v -2.12989998 0.09240000 1.47640002
v -2.11050010 0.09480000 1.43410003
v -2.09750009 0.13079999 1.44550002
v -2.11190009 0.12130000 1.48870003
v -2.11279988 0.09910000 1.54359996
v -0.50760001 13.96319962 1.10889995
v -0.37590000 14.01029968 1.13450003
v -0.35120001 13.86040020 1.15540004
v -0.47290000 13.82429981 1.13010001
v -0.32990000 13.70890045 1.16639996
v -0.44270000 13.68319988 1.14310002
v -0.21740000 13.72280025 1.17750001
v -0.23040000 13.88150024 1.16709995
v -0.31400001 13.56180000 1.16550004
v -0.20780000 13.57030010 1.17569995
v -0.10060000 13.42599964 1.17100000
v -0.10320000 13.57380009 1.17929995
v -0.20190001 13.42500019 1.16740000
v -0.00000000 13.42619991 1.17219996
v -0.00000000 13.57470036 1.18030000
v -0.00010000 13.73099995 1.18130004
v -0.00010000 13.89550018 1.16849995
v -0.00000000 14.06420040 1.13870001
v -0.10750000 13.72910023 1.18079996
v -0.11350000 13.89210033 1.16910005
v -0.00000000 13.28439999 1.16180003
v -0.00000000 13.14859962 1.15170002
v -0.10020000 13.14970016 1.15090001
v -0.09960000 13.28499985 1.16069996
v -0.24600001 14.04119968 1.14489996
v -0.12110000 14.05860043 1.14250004
v -0.12940000 14.22150040 1.11810005
v -0.19970000 13.28619957 1.15740001
v -0.30000001 13.28649998 1.14929998
v -0.30070001 13.15680027 1.14139998
v -0.20050000 13.15279961 1.14820004
v -0.30410001 13.42119980 1.15820003
v -0.41990000 13.54489994 1.14470005
v -0.40549999 13.41199970 1.13989997
v -0.39930001 13.28409958 1.13349998
v -0.39980000 13.16009998 1.12790000
v -0.49509999 13.27709961 1.10759997
v -0.49559999 13.16110039 1.10520005
v -0.50290000 13.39519978 1.11049998
v -0.20370001 13.02480030 1.14010000
v -0.10190000 13.02029991 1.14219999
v -0.30520001 13.03149986 1.13469994
v -0.31250000 12.91100025 1.12839997
v -0.40540001 13.03929996 1.12339997
v -0.20860000 12.90209961 1.13279998
v -0.10430000 12.89630032 1.13429999
v -0.21460000 12.78479958 1.12559998
v -0.10730000 12.77810001 1.12660003
v -0.00010000 13.01860046 1.14279997
v -0.00010000 12.89420033 1.13460004
v -0.00010000 12.77569962 1.12660003
v -0.58929998 13.76959991 1.09119999
v -0.55019999 13.64229965 1.10650003
v -0.52100003 13.51679993 1.11160004
v -0.61189997 13.47729969 1.06819999
v -0.59210002 13.37059975 1.07070005
v -0.68809998 13.43099976 1.01999998
v -0.66970003 13.34150028 1.02470005
v -0.74710000 13.38679981 0.97530001
v -0.73470002 13.31519985 0.97860003
v -0.78530002 13.35620022 0.94470000
v -0.78960001 13.30230045 0.93849999
v -0.82220000 13.38659954 0.92640001
v -0.79780000 13.22999954 0.93480003
v -0.73420000 13.23530006 0.98019999
v -0.74129999 13.14920044 0.98360002
v -0.80930001 13.14879990 0.93529999
v -0.75340003 13.05879974 0.98900002
v -0.82309997 13.06219959 0.93980002
v -0.89190000 13.06949997 0.89090002
v -0.66399997 13.24930000 1.02740002
v -0.66759998 13.15410042 1.03069997
v -0.58420002 13.26480007 1.07130003
v -0.58560002 13.15890026 1.07239997
v -0.50250000 13.04669952 1.10360003
v -0.59390002 13.05259991 1.07410002
v -0.67780000 13.05640030 1.03499997
v -0.25350001 15.30589962 1.14139998
v -0.33680001 15.42220020 1.13460004
v -0.43709999 15.44050026 1.13230002
v -0.31959999 15.52579975 1.10669994
v -0.41679999 15.54570007 1.10130000
v -0.30140001 15.62880039 1.07360005
v -0.39690000 15.64900017 1.06719995
v -0.49610001 15.66800022 1.05239999
v -0.37840000 15.75179958 1.02730000
v -0.47659999 15.76879978 1.01329994
v -0.59770000 15.68640041 1.03340006
v -0.57760000 15.78470039 0.99470001
v -0.68049997 15.79950047 0.97320002
v -0.70020002 15.70429993 1.01269996
v -0.72320002 15.60970020 1.05110002
v -0.62080002 15.58740044 1.06949997
v -0.80210000 15.72019958 0.98850000
v -0.82400000 15.62959957 1.02760005
v -0.85089999 15.53779984 1.05980003
v -0.75070000 15.51099968 1.08109999
v -0.92180002 15.64550018 0.99839997
v -0.94679999 15.55939960 1.03149998
v -0.90270001 15.73289967 0.96069998
v -0.64690000 15.48490047 1.10200000
v -0.78310001 15.40830040 1.10619998
v -0.67670000 15.37709999 1.12909997
v -0.54140002 15.46119976 1.12030005
v -0.51800001 15.56610012 1.08759999
v -0.78420001 15.81270027 0.94910002
v -0.55900002 15.88399982 0.95539999
v -0.66280001 15.89659977 0.93419999
v -0.76859999 15.90769958 0.91020000
v -0.64560002 15.99499989 0.89330000
v -0.75340003 16.00460052 0.86919999
v -0.00000000 14.23009968 1.11160004
v -0.22130001 12.67440033 1.11769998
v -2.10750008 0.32229999 1.38689995
v -2.09340000 0.28940001 1.38279998
v -2.08820009 0.25330001 1.38180006
v -2.09969997 0.25290000 1.42170000
v -2.10529995 0.24519999 1.46889997
v -2.10529995 0.28960001 1.42630005
v -2.11030006 0.28470001 1.47829998
v -2.11940002 0.32440001 1.43289995
v -2.12820005 0.32429999 1.48909998
v -2.14779997 0.29800001 1.54809999
v -2.11899996 0.26800001 1.53629994
v -2.10680008 0.23100001 1.52320004
v -2.10369992 0.20730001 1.46150005
v -2.09890008 0.16970000 1.45439994
v -2.10310006 0.19329999 1.51199996
v -2.10459995 0.15620001 1.50080001
v -2.14510012 0.22499999 1.59270000
v -2.12010002 0.20280001 1.58519995
v -2.15249991 0.19990000 1.66999996
v -2.13350010 0.17060000 1.65649998
v -2.11409998 0.14129999 1.64230001
v -2.11050010 0.17060000 1.57169998
v -2.15179992 0.13980000 1.71910000
v -2.13129997 0.11090000 1.70609999
v -2.16729999 0.17180000 1.73730004
v -2.17400002 0.23890001 1.59469998
v -2.18449998 0.21699999 1.67190003
v -2.19689989 0.20200001 1.74109995
v -1.96959996 0.40939999 1.43550003
v -1.98819995 0.40880001 1.51880002
v -1.94180000 0.40939999 1.52400005
v -1.98930001 0.33649999 1.58889997
v -2.02460003 0.32830000 1.58270001
v -1.99500000 0.26539999 1.65610003
v -2.02570009 0.25790000 1.65520000
v -2.05310011 0.30590001 1.57099998
v -2.05119991 0.24190000 1.65149999
v -2.03590012 0.23620000 1.74479997
v -2.00169992 0.24710000 1.74090004
v -2.04710007 0.17990001 1.80939996
v -2.03189993 0.21070001 1.82299995
v -2.06089997 0.21370000 1.74140000
v -1.99640000 0.23410000 1.81200004
v -1.96669996 0.19640000 1.84140003
v -1.99640000 0.16830000 1.84070003
v -2.01900005 0.14780000 1.83920002
v -0.82309997 15.29969978 1.12360001
v -0.71200001 15.26150036 1.14590001
v -0.92439997 15.34280014 1.09650004
v -0.88360000 15.44200039 1.08140004
v -0.97820002 15.47270012 1.05439997
v -1.01760006 15.38389969 1.06579995
v -1.06519997 15.49759960 1.02279997
v -1.10290003 15.41930008 1.03439999
v -1.14230001 15.51930046 0.99220002
v -1.17770004 15.45230007 1.00349998
v -1.14960003 15.34090042 1.03569996
v -1.06690001 15.29329967 1.06959999
v -1.04059994 15.13840008 1.09730005
v -0.97600001 15.24009991 1.10350001
v -1.12609994 15.20419979 1.06359994
v -1.11660004 15.05239964 1.06350005
v -1.13600004 14.91160011 1.00030005
v -1.19360006 14.99030018 1.00390005
v -1.19060004 15.12559986 1.03750002
v -1.25549996 15.06330013 0.99190003
v -1.20369995 15.26379967 1.02760005
v -1.22270000 15.38539982 1.00390005
v -1.27380002 15.31869984 0.99400002
v -1.26110005 15.19239998 1.00629997
v -1.31770003 15.13080025 0.97020000
v -1.32700002 15.25440025 0.97359997
v -1.37849998 15.19449997 0.94239998
v -1.28460002 15.43000031 0.97039998
v -1.33589995 15.37250042 0.95889997
v -1.33469999 15.47819996 0.93370003
v -1.38960004 15.42879963 0.91900003
v -1.23930001 15.48499966 0.97289997
v -1.28509998 15.52070045 0.94220001
v -1.11860001 15.58920002 0.96969998
v -1.19180000 15.59599972 0.94419998
v -1.20620000 15.53769970 0.96550000
v -1.25520003 15.59280014 0.92360002
v -1.24930000 15.55029964 0.94559997
v -1.31389999 15.57030010 0.90890002
v -1.26419997 15.65509987 0.89099997
v -1.33780003 15.63339996 0.87059999
v -1.18700004 15.66429996 0.91369998
v -1.10409999 15.66409969 0.93919998
v -1.27569997 15.72929955 0.85280001
v -1.18780005 15.74139977 0.87790000
v -1.28830004 15.81190014 0.81019998
v -1.19149995 15.82559967 0.83810002
v -1.37489998 15.53479958 0.89349997
v -1.03629994 15.57639980 0.99940002
v -1.01540005 15.65709972 0.96759999
v -1.00100005 15.74139977 0.93210000
v -0.88800001 15.82330036 0.92290002
v -0.99100000 15.82979965 0.89480001
v -1.09230006 15.83100033 0.86650002
v -1.09619999 15.74479961 0.90439999
v -0.98310000 15.92179966 0.85490000
v -1.09010005 15.92179966 0.82499999
v -0.87570000 15.91670036 0.88389999
v -0.00060000 11.03810024 1.18889999
v -0.00040000 10.89939976 1.17999995
v -0.13510001 11.03040028 1.18529999
v -0.12680000 10.89280033 1.17540002
v -0.26650000 11.00749969 1.17410004
v -0.25040001 10.87240028 1.16270006
v -0.36399999 10.83930016 1.13880002
v -0.46090001 10.79640007 1.10730004
v -0.43360001 10.66639996 1.09920001
v -0.34500000 10.70660019 1.12870002
v -0.41100001 10.53779984 1.09370005
v -0.50559998 10.62279987 1.06789994
v -0.47670001 10.49790001 1.06599998
v -0.60280001 10.70300007 1.03740001
v -0.56440002 10.58059978 1.03840005
v -0.53950000 10.74919987 1.07149994
v -0.53100002 10.45969963 1.03880000
v -0.49520001 10.34249973 1.03480005
v -0.44600001 10.37709999 1.06169999
v -0.54110003 10.30970001 1.01510000
v -0.38789999 10.41310024 1.08940005
v -0.31490001 10.44760036 1.11489999
v -0.32969999 10.57530022 1.12030005
v -0.35670000 10.29399967 1.07930005
v -0.29370001 10.32460022 1.10459995
v -0.40669999 10.26150036 1.05190003
v -0.31340000 10.17940044 1.06190002
v -0.26109999 10.20590019 1.08570004
v -0.35609999 10.15050030 1.03799999
v -0.22100000 10.47599983 1.13409996
v -0.22930001 10.60529995 1.14069998
v -0.11350000 10.49349976 1.14320004
v -0.11680000 10.62349987 1.14999998
v -0.10880000 10.36730003 1.13469994
v -0.20940000 10.35050011 1.12390006
v -0.23830000 10.73789978 1.15059996
v -0.12090000 10.75679970 1.16139996
v 0.00020000 10.62940025 1.15209997
v -0.00010000 10.76290035 1.16429996
v 0.00070000 10.49930000 1.14530003
v 0.00130000 10.37310028 1.13789999
v 0.00190000 10.24880028 1.12320006
v -0.10040000 10.24349976 1.11849999
v -4.33690023 12.87189960 -1.43130004
v -4.25290012 12.81980038 -1.42550004
v -4.39659977 12.77120018 -1.40509999
v -4.31290007 12.71990013 -1.39929998
v -4.45720005 12.66959953 -1.37489998
v -4.37589979 12.61999989 -1.36940002
v -4.47209978 12.82470036 -1.38849998
v -4.41289997 12.92679977 -1.41429996
v -4.47800016 12.98250008 -1.37220001
v -4.41699982 13.08399963 -1.39370000
v -4.53130007 13.03670025 -1.30700004
v -4.47109985 13.13869953 -1.32650006
v -4.40780020 13.23880005 -1.34749997
v -4.51700020 13.19050026 -1.24070001
v -4.45529985 13.29069996 -1.26090002
v -4.49900007 13.34029961 -1.16149998
v -4.43669987 13.44040012 -1.18789995
v -4.39090014 13.39009953 -1.28670001
v -4.55800009 13.23890018 -1.14110005
v -4.59480000 13.28260040 -1.02980006
v -4.53830004 13.38710022 -1.05120003
v -4.47739983 13.48980045 -1.07889998
v -4.34200001 13.33880043 -1.37360001
v -4.32469988 13.49069977 -1.31750000
v -4.37190008 13.54039955 -1.21940005
v -4.57520008 13.08800030 -1.22309995
v -4.63019991 12.98239994 -1.20449996
v -4.58830023 12.93179989 -1.28540003
v -4.53630018 12.87870026 -1.34800005
v -4.64260006 12.82419968 -1.26030004
v -4.68270016 12.87399960 -1.18270004
v -4.59250021 12.77280045 -1.32000005
v -4.61310005 13.13519955 -1.12450004
v -4.66510010 13.02869987 -1.10839999
v -4.53039980 12.72080040 -1.35880005
v -4.64760017 12.66510010 -1.28849995
v -4.58869982 12.61569977 -1.32599998
v -4.64729977 12.50949955 -1.29009998
v -4.51910019 12.56709957 -1.34179997
v -4.58230019 12.46370029 -1.30569994
v -4.44189978 12.51980019 -1.33640003
v -4.51020002 12.41919994 -1.30060005
v -4.70230007 12.55650043 -1.25349998
v -4.70669985 12.40320015 -1.25030005
v -4.75710011 12.44769955 -1.21480000
v -4.64659977 12.36009979 -1.26540005
v -4.22459984 12.67150021 -1.37479997
v -4.29059982 12.57209969 -1.34510005
v -4.16429996 12.77190018 -1.40170002
v -4.07390022 12.72929955 -1.36249995
v -4.13609982 12.62619972 -1.33430004
v -4.20590019 12.52610016 -1.30470002
v -4.28170013 12.42829990 -1.27349997
v -4.36119986 12.47360039 -1.31270003
v -4.36170006 12.33220005 -1.24020004
v -4.43510008 12.37549973 -1.27769995
v -4.51070023 12.27750015 -1.23880005
v -4.57989979 12.31849957 -1.26049995
v -4.44339991 12.23690033 -1.20379996
v -4.21000004 12.38799953 -1.21809995
v -4.29549980 12.29329967 -1.18820000
v -4.24270010 12.26609993 -1.12030005
v -4.15250015 12.35990047 -1.14579999
v -4.38310003 12.20040035 -1.15559995
v -4.33479977 12.17510033 -1.09280002
v -4.20499992 12.25380039 -1.03880000
v -4.06659985 12.45720005 -1.17120004
v -4.12890005 12.48569965 -1.24699998
v -0.03580000 9.78050041 0.09630000
v -0.06860000 9.75689983 0.26440001
v -0.03650000 9.76070023 0.26470000
v -0.03450000 9.75469971 0.43460000
v -0.06460000 9.75000000 0.43489999
v -0.06300000 9.75959969 0.60890001
v -0.03370000 9.76469994 0.60970002
v 0.00240000 9.75599957 0.43439999
v 0.00270000 9.76620007 0.60990000
v 0.00230000 9.76150036 0.26480001
v 0.00220000 9.78180027 0.09710000
v -0.03790000 9.80360031 0.77749997
v -0.07070000 9.79909992 0.77450001
v -0.04830000 9.88070011 0.92159998
v -0.09010000 9.87600040 0.91520000
v -0.08900000 9.75030041 0.60759997
v -0.09110000 9.74009991 0.43500000
v -0.09680000 9.74769974 0.26359999
v -0.12140000 9.98410034 1.01549995
v -0.15870000 10.10579967 1.07379997
v -0.06520000 9.99149990 1.02620006
v -0.08500000 10.11769962 1.08759999
v 0.00250000 10.12199974 1.09290004
v 0.00290000 9.99409962 1.03020000
v -0.19010000 10.22830009 1.10529995
v -0.21630000 10.08870029 1.05550003
v 0.00310000 9.88220024 0.92400002
v 0.00300000 9.80500031 0.77859998
v -2.23480010 6.15170002 -0.16990000
v -2.24379992 6.23040009 -0.20980000
v -2.22939992 6.21990013 -0.10460000
v -2.24110007 6.27080011 -0.15090001
v -2.20900011 6.17869997 -0.04200000
v -2.20790005 6.26739979 0.00790000
v -2.22939992 6.29339981 -0.05530000
v -2.20799994 6.36450005 0.05080000
v -2.17639995 6.24650002 0.07870000
v -2.17400002 6.34969997 0.12240000
v -2.13400006 6.22980022 0.15440001
v -2.12940001 6.33629990 0.19790000
v -2.08119988 6.21519995 0.23420000
v -2.07419991 6.32399988 0.27739999
v -2.06750011 6.43400002 0.31799999
v -2.12430000 6.44540024 0.23850000
v -2.00970006 6.31180000 0.36199999
v -2.00149989 6.42420006 0.40169999
v -2.05940008 6.54549980 0.35640001
v -1.99090004 6.53800011 0.43680000
v -2.04889989 6.65759993 0.39219999
v -1.97710001 6.65140009 0.46740001
v -1.91260004 6.53420019 0.51429999
v -1.89579999 6.64830017 0.53689998
v -1.92780006 6.41699982 0.48840001
v -1.93840003 6.29990005 0.45220000
v -2.01920009 6.20079994 0.31850001
v -1.95009995 6.18459988 0.40759999
v -2.11759996 6.55630016 0.27710000
v -2.10890007 6.66760015 0.31330001
v -2.15089989 6.78849983 0.26280001
v -2.15899992 6.67880011 0.23320000
v -2.09990001 6.77810001 0.34580001
v -2.03719997 6.76859999 0.42320001
v -2.16619992 6.56769991 0.19900000
v -2.17090011 6.45720005 0.16220000
v -2.20479989 6.57770014 0.12200000
v -2.20729995 6.46890020 0.08840000
v -2.03069997 6.08970022 0.27200001
v -1.96710002 6.06909990 0.35949999
v -1.90310001 6.04209995 0.44960001
v -1.87909997 6.16540003 0.49750000
v -1.83860004 6.01130009 0.53189999
v -1.80700004 6.14690018 0.57330000
v -1.86329997 6.28879976 0.54149997
v -1.78380001 6.28100014 0.60909998
v -1.84319997 5.89739990 0.46250001
v -1.75689995 5.88110018 0.51220000
v -1.75199997 5.99840021 0.58080000
v -1.91419995 5.92710018 0.38949999
v -1.72379994 6.13999987 0.61809999
v -2.23189998 6.38049984 -0.01610000
v -2.24679995 6.39569998 -0.07680000
v -2.24210000 6.32219982 -0.10660000
v -2.23410010 6.47919989 0.01720000
v -2.25230002 6.48710012 -0.05150000
v -2.25650001 6.58890009 -0.02900000
v -2.23460007 6.58489990 0.04610000
v -2.25920010 6.69490004 -0.00990000
v -2.23340011 6.69339991 0.07120000
v -2.20020008 6.68790007 0.15230000
v -2.19429994 6.79720020 0.17810000
v -2.23070002 6.80159998 0.09180000
v -2.22849989 6.90700006 0.10660000
v -2.18969989 6.90320015 0.19780000
v -2.14490008 6.89540005 0.28709999
v -2.22900009 7.00890017 0.11490000
v -2.26349998 7.00899982 0.01830000
v -2.26139998 6.90679979 0.01470000
v -2.18910003 7.00579977 0.21120000
v -2.26040006 6.80189991 0.00510000
v -2.28279996 6.79899979 -0.08270000
v -2.27749991 6.69350004 -0.09160000
v -2.27090001 6.58939981 -0.10380000
v -2.26309991 6.49069977 -0.11780000
v -2.25480008 6.40530014 -0.13100000
v -2.24869990 6.34700012 -0.14000000
v -2.24909997 6.32749987 -0.17820001
v -2.25790000 6.40019989 -0.18550000
v -2.25079989 6.30889988 -0.23379999
v -2.25929999 6.39330006 -0.24660000
v -2.27870011 6.58729982 -0.17919999
v -2.26819992 6.48869991 -0.18400000
v -2.29130006 6.68889999 -0.26050001
v -2.28080010 6.58589983 -0.25690001
v -2.28830004 6.69059992 -0.17479999
v -2.26970005 6.48640013 -0.25319999
v -2.26780009 6.48759985 -0.32850000
v -2.27690005 6.58790016 -0.33910000
v -2.28550005 6.69040012 -0.34999999
v -2.29670000 6.79549980 -0.17280000
v -2.30060005 6.79290009 -0.26589999
v -2.25950003 6.39069986 -0.31709999
v -2.26020002 6.49429989 -0.41180000
v -2.26469994 6.59509993 -0.42730001
v -2.23979998 6.60769987 -0.52130002
v -2.24239993 6.50670004 -0.50319999
v -2.23620009 6.70720005 -0.54110003
v -2.23189998 6.80539989 -0.56199998
v -2.17269993 6.81659985 -0.65880001
v -2.22690010 6.90320015 -0.58370000
v -2.16009998 6.91099977 -0.68070000
v -2.22079992 7.00269985 -0.60530001
v -2.14739990 7.00619984 -0.70200002
v -2.21289992 7.10230017 -0.62580001
v -2.13470006 7.10200024 -0.72170001
v -2.07430005 6.91989994 -0.76599997
v -2.05620003 7.01070023 -0.78439999
v -2.09369993 6.82929993 -0.74690002
v -1.97399998 6.92749977 -0.83520001
v -1.95249999 7.01399994 -0.84950000
v -2.03950000 7.10230017 -0.80140001
v -1.93299997 7.10190010 -0.86330003
v -2.26939988 7.10319996 -0.51940000
v -2.26379991 7.20450020 -0.53810000
v -2.20370007 7.20090008 -0.64490002
v -2.27250004 7.00080013 -0.49990001
v -2.30259991 7.00070000 -0.39160001
v -2.30320001 7.10489988 -0.40860000
v -2.30049992 7.20720005 -0.42600000
v -2.19339991 7.29899979 -0.66259998
v -2.10859990 7.29330015 -0.75599998
v -2.12179995 7.19759989 -0.73960000
v -2.25620008 7.30410004 -0.55589998
v -2.27290010 6.89830017 -0.48030001
v -2.27119994 6.79729986 -0.46160001
v -2.29290009 6.79320002 -0.36219999
v -2.29900002 6.89659977 -0.37580001
v -2.30800009 6.89750004 -0.27350000
v -2.31349993 7.00229979 -0.28439999
v -2.26839995 6.69640017 -0.44400001
v -2.24320006 5.49219990 -0.20050000
v -2.19379997 5.46040010 -0.10350000
v -2.13280010 5.43079996 -0.01520000
v -2.16199994 5.31059980 -0.05020000
v -2.22329998 5.33869982 -0.14150000
v -2.19000006 5.18690014 -0.08100000
v -2.25169992 5.21290016 -0.17510000
v -2.21479988 5.05970001 -0.10840000
v -2.27729988 5.08330011 -0.20430000
v -2.11380005 5.16139984 -0.00050000
v -2.08730006 5.28350019 0.02840000
v -2.05890012 5.40280008 0.06180000
v -2.00559998 5.25710011 0.09710000
v -1.97930002 5.37529993 0.13070001
v -1.94439995 5.11320019 0.12790000
v -1.92340004 5.23190022 0.15860000
v -2.02979994 5.13649988 0.06840000
v -1.90170002 5.34800005 0.19550000
v -1.82070005 5.32550001 0.24660000
v -1.80219996 5.43930006 0.29240000
v -1.88059998 5.46280003 0.23840000
v -1.83860004 5.21110010 0.20660000
v -1.95340002 5.49130011 0.16980000
v -1.85640001 5.09410000 0.17360000
v -1.87269998 4.97440004 0.14579999
v -1.96340001 4.99209976 0.10170000
v -2.05170012 5.01350021 0.04320000
v -2.13779998 5.03639984 -0.02600000
v -2.07080007 4.88789988 0.02050000
v -2.15790009 4.90840006 -0.04930000
v -2.23510003 4.92929983 -0.13310000
v -2.29769993 4.94990015 -0.23019999
v -2.32879996 5.10669994 -0.30860001
v -2.35010004 4.96980000 -0.33530000
v -2.30229998 5.23960018 -0.27779999
v -2.34459996 5.26609993 -0.38560000
v -2.37150002 5.12909985 -0.41790000
v -2.27320004 5.36819983 -0.24180000
v -2.37730002 5.29110003 -0.49720001
v -2.40380001 5.14970016 -0.53109998
v -2.42650008 5.00509977 -0.55989999
v -2.39400005 4.98829985 -0.44549999
v -2.44330001 5.01970005 -0.67750001
v -2.31220007 4.81320000 -0.25380000
v -2.36590004 4.82959986 -0.35890001
v -2.25020003 4.79580021 -0.15610000
v -2.25929999 4.65980005 -0.17829999
v -2.32240009 4.67399979 -0.27530000
v -2.37619996 4.68699980 -0.38000000
v -2.41009998 4.84450006 -0.46959999
v -2.44239998 4.85760021 -0.58459997
v -2.45840001 4.86920023 -0.70279998
v -2.45190001 4.70819998 -0.60560000
v -2.42020011 4.69840002 -0.49059999
v -2.46709991 4.71689987 -0.72369999
v -0.00000000 13.74349976 -1.08580005
v -0.00000000 13.87320042 -1.12849998
v -0.08660000 13.87209988 -1.13150001
v -0.08580000 14.00150013 -1.17949998
v -0.00000000 14.00279999 -1.17639995
v -0.17309999 13.99759960 -1.18900001
v -0.17450000 13.86830044 -1.14069998
v -0.00000000 14.13259983 -1.22689998
v -1.68239999 13.72049999 -0.67490000
v -1.61849999 13.67189980 -0.77780002
v -1.36629999 13.98740005 -1.20249999
v -0.88190001 14.22239971 -1.43350005
v -0.88739997 14.08699989 -1.36730003
v -0.77079999 14.08720016 -1.36240005
v -0.76450002 14.22109985 -1.42780006
v -0.65850002 14.09070015 -1.34860003
v -0.65179998 14.22309971 -1.41279995
v -0.66250002 13.95810032 -1.28960001
v -0.77440000 13.95269966 -1.30239999
v -0.55530000 13.96580029 -1.27040005
v -0.55119997 14.09679985 -1.32840002
v -0.55779999 13.83520031 -1.22060001
v -0.66460001 13.82600021 -1.23889995
v -0.45570001 13.84500027 -1.19869995
v -0.45320001 13.97459984 -1.24800003
v -0.35810000 13.85420036 -1.17630005
v -0.35589999 13.98349953 -1.22529995
v -0.45760000 13.71630001 -1.15830004
v -0.55900002 13.70629978 -1.17980003
v -0.66500002 13.69589996 -1.19749999
v -0.55949998 13.58110046 -1.14789999
v -0.45980000 13.59029961 -1.12670004
v -0.36000001 13.72529984 -1.13580000
v -0.26470000 13.86219978 -1.15649998
v -0.26269999 13.99149990 -1.20480001
v -0.35190001 14.11299992 -1.28020000
v -0.25940001 14.12090015 -1.25820005
v -0.34599999 14.24300003 -1.33829999
v -0.25450000 14.25080013 -1.31410003
v -0.44250000 14.23499966 -1.36500001
v -0.44909999 14.10459995 -1.30460000
v -0.17060000 14.12709999 -1.24129999
v -0.54430002 14.22789955 -1.39090002
v -0.53460002 14.35990047 -1.45330000
v -0.43340001 14.36639977 -1.42519999
v -0.64200002 14.35579967 -1.47710001
v -0.77600002 13.81849957 -1.25080001
v -0.77560002 13.68659973 -1.20829999
v -0.75510001 14.35459995 -1.49360001
v -0.74280000 14.48869991 -1.55519998
v -0.62940001 14.48960018 -1.53740001
v -0.52240002 14.49320030 -1.51230001
v -0.42210001 14.49919987 -1.48300004
v -0.33809999 14.37409973 -1.39639997
v -0.32820001 14.50640011 -1.45290005
v -0.24030000 14.51379967 -1.42519999
v -0.24810000 14.38169956 -1.37010002
v -0.31680000 14.64009953 -1.50689995
v -0.23130000 14.64739990 -1.47839999
v -0.16270000 14.38819981 -1.34920001
v -0.15730000 14.52029991 -1.40279996
v -0.15109999 14.65380001 -1.45519996
v -0.40889999 14.63329983 -1.53750002
v -0.50819999 14.62769985 -1.56719995
v -0.49239999 14.76319981 -1.61769998
v -0.39430001 14.76869965 -1.58819997
v -0.30410001 14.77540016 -1.55739999
v -0.77630001 15.29489994 -1.80630004
v -0.65549999 15.30340004 -1.80100000
v -0.65200001 15.44159985 -1.82130003
v -0.54070002 15.31159973 -1.78770006
v -0.53570002 15.45349979 -1.80869997
v -0.66479999 15.16619968 -1.77499998
v -0.78570002 15.16189957 -1.78030002
v -0.56470001 15.03289986 -1.72720003
v -0.55070001 15.17150021 -1.76040006
v -0.45960000 15.03779984 -1.70389998
v -0.44560000 15.17780018 -1.73860002
v -0.36379999 15.04409981 -1.67600000
v -0.34959999 15.18490028 -1.71210003
v -0.27700001 15.05140018 -1.64610004
v -0.26359999 15.19250011 -1.68280005
v -0.19870000 15.05860043 -1.61720002
v -0.18730000 15.19989967 -1.65369999
v -0.29080001 14.91250038 -1.60399997
v -0.37909999 14.90559959 -1.63429999
v -0.47589999 14.89980030 -1.66320002
v -0.21030000 14.91950035 -1.57519996
v -0.22120000 14.78250027 -1.52869999
v -0.17649999 15.34389973 -1.68350005
v -0.11140000 15.35050011 -1.65670002
v -0.11960000 15.20639992 -1.62849998
v -0.05810000 15.21080017 -1.61140001
v -0.05370000 15.35499954 -1.63810003
v -0.10410000 15.49759960 -1.67649996
v -0.04970000 15.50230026 -1.65540004
v -0.16720000 15.49069977 -1.70580006
v -0.25139999 15.33600044 -1.71360004
v -0.32879999 15.47369957 -1.76600003
v -0.24180000 15.48260021 -1.73730004
v -0.33750001 15.32789993 -1.74249995
v -0.12790000 15.06480026 -1.59290004
v -0.13630000 14.92570019 -1.55139995
v -0.06690000 14.93000031 -1.53550005
v -0.06250000 15.06910038 -1.57650006
v -0.43419999 15.31970024 -1.76779997
v -0.42750001 15.46399975 -1.78989995
v -0.65460002 15.58209991 -1.83560002
v -0.66299999 15.72539997 -1.84440005
v -0.92530000 15.79909992 -1.84560001
v -0.00000000 16.36590004 -1.59870005
v -0.00000000 16.23030090 -1.62380004
v -0.00000000 16.09040070 -1.64160001
v -0.00000000 15.94699955 -1.65230000
v -0.05000000 15.94629955 -1.66059995
v -0.00000000 15.80099964 -1.65639997
v -0.04770000 15.79969978 -1.66499996
v 0.00000000 15.65320015 -1.65419996
v -0.04700000 15.65139961 -1.66320002
v -0.09970000 15.64690018 -1.68659997
v -0.16220000 15.64029980 -1.71829998
v -0.16310000 15.79080009 -1.72109997
v -0.10050000 15.79629993 -1.68840003
v -0.17010000 15.94029999 -1.71570003
v -0.10510000 15.94410038 -1.68350005
v -0.23980001 15.78330040 -1.75530005
v -0.23770000 15.63220024 -1.75129998
v 0.00000000 15.50399971 -1.64769995
v 0.00000000 15.35659981 -1.63139999
v 0.00000000 15.21240044 -1.60520005
v -0.05310000 16.09029961 -1.64970005
v -2.25430012 16.31660080 -1.62829995
v -2.11129999 16.11680031 -1.57319999
v -2.12560010 15.99930000 -1.53209996
v -2.77040005 15.16020012 -1.65190005
v -2.82940006 15.04819965 -1.67680001
v -2.93169999 15.10060024 -1.69790006
v -2.87199998 15.21199989 -1.67040002
v -2.97020006 15.26140022 -1.65960002
v -3.03049994 15.15190029 -1.68859994
v -2.99519992 14.98729992 -1.72070003
v -3.09509993 15.04020023 -1.71249998
v -3.06130004 14.87419987 -1.73580003
v -3.16249990 14.92809963 -1.72860003
v -3.12949991 14.76259995 -1.74189997
v -3.23169994 14.81649971 -1.73510003
v -3.25690007 14.97959995 -1.68840003
v -3.18810010 15.09000015 -1.67209995
v -3.34089994 15.02630043 -1.61549997
v -3.27119994 15.13409996 -1.59990001
v -3.12249994 15.19909954 -1.64800000
v -3.20510006 15.23929977 -1.57679999
v -3.14479995 15.34070015 -1.54900002
v -3.06189990 15.30529976 -1.61899996
v -3.27789998 15.27060032 -1.47650003
v -3.21840000 15.36639977 -1.45140004
v -3.00850010 15.40730000 -1.58819997
v -3.09240007 15.43770027 -1.51929998
v -3.16720009 15.45759964 -1.42400002
v -3.34360003 15.17020035 -1.49759996
v -3.41319990 15.06599998 -1.51189995
v -2.91610003 15.36690044 -1.62899995
v -3.32739997 14.86859989 -1.69480002
v -3.41249990 14.91689968 -1.62140000
v -3.48460007 14.95899963 -1.51719999
v -3.48460007 14.80620003 -1.61619997
v -3.55629992 14.85009956 -1.51220000
v -3.47029996 14.64599991 -1.67349994
v -3.55609989 14.69460011 -1.59959996
v -3.39879990 14.75739956 -1.69000006
v -3.62730002 14.73939991 -1.49710000
v -3.54430008 14.99250031 -1.38660002
v -3.47469997 15.09640026 -1.38150001
v -3.52740002 15.11550045 -1.23099995
v -3.59349990 15.01420021 -1.23629999
v -3.61409998 14.88589954 -1.38300002
v -3.65960002 14.91009998 -1.23510003
v -3.19989991 14.65260029 -1.73810005
v -3.30220008 14.70569992 -1.73090005
v -3.37369990 14.59549999 -1.71539998
v -3.27230000 14.54389954 -1.72399998
v -3.44569993 14.48670006 -1.68959999
v -3.54110003 14.53540039 -1.64660001
v -3.34610009 14.43710041 -1.70029998
v -3.09750009 14.59879971 -1.71259999
v -3.02600002 14.70829964 -1.71630001
v -3.00000000 14.54529953 -1.65639997
v -2.92560005 14.65499973 -1.66009998
v -2.95749998 14.82019997 -1.71109998
v -2.85540009 14.76770020 -1.65600002
v -2.89190006 14.93400002 -1.69739997
v -2.78940010 14.88259983 -1.64440000
v -2.75979996 14.71879959 -1.57340002
v -2.75410008 14.56009960 -1.46700001
v -2.83310008 14.60449982 -1.57579994
v -2.67680001 14.67590046 -1.46689999
v -2.69540000 14.52540016 -1.34089994
v -2.61350012 14.64150047 -1.34389997
v -2.91170001 14.49409962 -1.57169998
v -2.83809996 14.44929981 -1.46220005
v -2.19980001 15.21160030 -0.84299999
v -2.20300007 15.19810009 -0.72930002
v -2.22950006 15.14019966 -0.73110002
v -2.21280003 15.19379997 -0.61510003
v -2.24219990 15.13269997 -0.61540002
v -2.26320004 15.13389969 -0.50029999
v -2.27769995 15.06540012 -0.61610001
v -2.30170012 15.06260014 -0.49950001
v -2.26209998 15.07629967 -0.73299998
v -2.30180001 15.00570011 -0.73519999
v -2.31999993 14.99149990 -0.61720002
v -2.36940002 14.91030025 -0.61930001
v -2.34890008 14.92759991 -0.73769999
v -2.40300012 14.84130001 -0.74110001
v -2.42519999 14.82100010 -0.62290001
v -2.48609996 14.72340012 -0.62919998
v -2.45490003 14.80700016 -0.50279999
v -2.51580000 14.70559978 -0.50809997
v -2.39790010 14.89990044 -0.50019997
v -2.46409988 14.74639988 -0.74629998
v -2.38590002 14.86550045 -0.85769999
v -2.33419991 14.94970036 -0.85530001
v -2.34649992 14.98480034 -0.49930000
v -2.29520011 15.14490032 -0.38749999
v -2.33680010 15.06939983 -0.38499999
v -2.34120011 15.16679955 -0.27959999
v -2.38599992 15.08720016 -0.27500001
v -2.40350008 15.20009995 -0.18030000
v -2.45190001 15.11670017 -0.17350000
v -2.43580008 15.00139999 -0.27070001
v -2.50399995 15.02740002 -0.16630000
v -2.49029994 14.90869999 -0.26679999
v -2.55970001 14.93120003 -0.15880001
v -2.43720007 14.89869976 -0.38180000
v -2.38409996 14.98760033 -0.38299999
v -2.49510002 14.80179977 -0.38220000
v -2.54859996 14.80780029 -0.26370001
v -2.61809993 14.82649994 -0.15120000
v -2.58979988 15.06540012 -0.07440000
v -2.64650011 14.96640015 -0.06230000
v -2.70429993 14.85859966 -0.04870000
v -2.76670003 14.74030018 -0.03810000
v -2.67860007 14.71160030 -0.14470001
v -2.80739999 14.90439987 0.03800000
v -2.87490010 14.78489971 0.04500000
v -2.74959993 15.01379967 0.01750000
v -2.69199991 15.11470032 -0.00020000
v -2.53530002 15.15769958 -0.08500000
v -2.63509989 15.20909977 -0.01510000
v -2.48340011 15.24429989 -0.09430000
v -2.57969999 15.29819965 -0.02740000
v -2.18849993 15.24899960 -0.61530000
v -2.43470001 14.84650040 -1.21819997
v -2.50029993 14.73349953 -1.21819997
v -2.57470012 14.61620045 -1.21399999
v -2.49020004 14.71280003 -1.09200001
v -2.56550002 14.59889984 -1.08690000
v -2.42429996 14.82170010 -1.09329998
v -2.43199992 14.79699993 -0.97390002
v -2.50020003 14.69219971 -0.97350001
v -2.44639993 14.77159977 -0.86019999
v -2.51559997 14.66899967 -0.86379999
v -2.53209996 14.64309978 -0.75489998
v -2.57870007 14.58240032 -0.97229999
v -2.59389997 14.56110001 -0.86949998
v -2.60669994 14.53419971 -0.76760000
v -2.55229998 14.61719990 -0.63990003
v -2.62310004 14.50549984 -0.65539998
v -2.68309999 14.42469978 -0.78380001
v -2.67610002 14.45289993 -0.87849998
v -2.69449997 14.39389992 -0.67409998
v -2.58109999 14.59560013 -0.51779997
v -2.65019989 14.48060036 -0.53259999
v -2.66429996 14.47309971 -0.97149998
v -2.65059996 14.48589993 -1.07930005
v -2.66009998 14.50109959 -1.20799994
v -2.96350002 15.50450039 -1.55669999
v -3.04929996 15.53069973 -1.48920000
v -3.12579989 15.54559994 -1.39690006
v -3.09509993 15.63179970 -1.37390006
v -3.23399997 15.46840000 -1.30560005
v -3.19420004 15.55200005 -1.28310001
v -3.34299994 15.39080048 -1.18830001
v -3.29419994 15.47290039 -1.16999996
v -3.28390002 15.38249969 -1.32930005
v -3.25510001 15.55399990 -1.15419996
v -3.22510004 15.63920021 -1.14489996
v -3.16479993 15.63650036 -1.26610005
v -3.23959994 15.74740028 -1.01999998
v -3.20009995 15.73400021 -1.14479995
v -3.27270007 15.64519978 -1.01559997
v -3.14289999 15.72659969 -1.26020002
v -3.25710011 15.76369953 -0.89080000
v -3.21180010 15.88059998 -0.90249997
v -3.16459990 15.99979973 -0.91200000
v -3.25629997 15.77009964 -0.75800002
v -3.30100012 15.65550041 -0.88249999
v -3.30649996 15.55560017 -1.01890004
v -3.34260011 15.55889988 -0.88020003
v -3.34640002 15.47369957 -1.02699995
v -3.38590002 15.47179985 -0.88270003
v -3.39499998 15.39260006 -1.03789997
v -3.43510008 15.38790035 -0.88830000
v -3.39989996 15.30459976 -1.20580006
v -3.45070004 15.30760002 -1.05040002
v -3.34209991 15.29230022 -1.35070002
v -3.48979998 15.30049992 -0.89609998
v -3.51099992 15.28339958 -0.74409997
v -3.45490003 15.37609959 -0.74010003
v -3.54649997 15.20750046 -0.90520000
v -3.56529999 15.18599987 -0.75129998
v -3.51029992 15.21679974 -1.06200004
v -3.40170002 15.46700001 -0.73949999
v -3.35139990 15.56070042 -0.74199998
v -3.33229995 15.55529976 -0.60850000
v -3.38770008 15.45979977 -0.60369998
v -3.44530010 15.36270046 -0.60159999
v -3.29740000 15.54549980 -0.47819999
v -3.28279996 15.65390015 -0.61530000
v -3.35640001 15.45189953 -0.47119999
v -3.30310011 15.66129971 -0.74839997
v -2.78390002 14.41450024 -1.33580005
v -2.84529996 14.28559971 -1.20439994
v -2.87599993 14.30959988 -1.33109999
v -2.75200009 14.39080048 -1.20360005
v -2.74230003 14.37639999 -1.07650006
v -2.83330011 14.27050018 -1.08580005
v -2.75099993 14.36499977 -0.97589999
v -2.83389997 14.25769997 -0.99070001
v -2.91380000 14.15170002 -1.01549995
v -2.92120004 14.16759968 -1.10539997
v -2.93770003 14.18490028 -1.21280003
v -2.96889997 14.20979977 -1.32949996
v -3.02670002 14.08640003 -1.22880006
v -3.05970001 14.11270046 -1.33309996
v -3.00449991 14.06589985 -1.13139999
v -3.05909991 13.93850040 -1.07050002
v -3.08290005 13.96269989 -1.15910006
v -2.98869991 14.04609966 -1.04419994
v -3.15779996 13.85610008 -1.18040001
v -3.19099998 13.88430023 -1.26919997
v -3.11100006 13.98709965 -1.24909997
v -3.12719989 13.82890034 -1.08910000
v -2.90700006 14.12950039 -0.93309999
v -2.97560000 14.02229977 -0.95730001
v -3.03959990 13.91370010 -0.97860003
v -3.14610004 14.01519966 -1.34280002
v -3.22790003 13.91460037 -1.35609996
v -3.27180004 13.94880009 -1.43990004
v -3.19120002 14.04930019 -1.43499994
v -3.32640004 13.98779964 -1.51600003
v -3.24860001 14.08940029 -1.51859999
v -3.34859991 13.84360027 -1.44840002
v -3.40050006 13.88140011 -1.52079999
v -3.30620003 13.80970001 -1.36810005
v -3.10579991 14.14690018 -1.43690002
v -3.01659989 14.24429989 -1.44449997
v -3.08019996 14.28730011 -1.54659998
v -3.16580009 14.18830013 -1.53050005
v -2.92639995 14.34440041 -1.45389998
v -2.99460006 14.38860035 -1.56149995
v -3.15849996 14.33590031 -1.62679994
v -3.07809997 14.43900013 -1.64470005
v -3.17199993 14.49149990 -1.69980001
v -3.24860001 14.38659954 -1.67879999
v -2.83349991 14.23729992 -0.91039997
v -2.75749993 14.31589985 -0.80239999
v -2.83100009 14.20790005 -0.82200003
v -2.75690007 14.34529972 -0.89170003
v -2.90289998 14.10179996 -0.84160000
v -2.96919990 13.99699974 -0.86170000
v -3.02990007 13.89200020 -0.87879997
v -2.97869992 13.97669983 -0.75690001
v -3.03800011 13.87790012 -0.77359998
v -3.08739996 13.78689957 -0.88929999
v -3.10159993 13.80449963 -0.99280000
v -2.91219997 14.07649994 -0.73640001
v -2.83899999 14.17840004 -0.71550000
v -2.94440007 14.05869961 -0.62470001
v -2.87069988 14.15629959 -0.59780002
v -2.76580000 14.28450012 -0.69440001
v -2.72129989 14.36740017 -0.55110002
v -2.79500008 14.25889969 -0.57270002
v -2.84920001 14.24100018 -0.44900000
v -2.92890000 14.14169979 -0.48089999
v -2.76970005 14.34860039 -0.42410001
v -0.10920000 19.06559944 -1.11960006
v -0.00000000 19.06539917 -1.12380004
v -0.00000000 19.20129967 -1.16750002
v 0.00000000 19.34269905 -1.19579995
v -0.00000000 19.48719978 -1.20860004
v -0.11830000 19.34269905 -1.19000006
v -0.12160000 19.48730087 -1.20210004
v 0.00000000 19.63380051 -1.20700002
v -0.00000000 19.78210068 -1.19739997
v -0.00000000 19.93140030 -1.17460001
v 0.00000000 20.07729912 -1.12689996
v -0.12700000 19.92950058 -1.16680002
v -0.12729999 20.07430077 -1.11950004
v -0.12549999 19.78129959 -1.19000006
v -0.12370000 19.63360023 -1.20000005
v -0.24620000 19.63240051 -1.17949998
v -0.25009999 19.77829933 -1.16820002
v -0.24180000 19.48690033 -1.18299997
v -0.23570000 19.34259987 -1.17320001
v -0.35089999 19.34169960 -1.14499998
v -0.35969999 19.48489952 -1.15240002
v -0.33930001 19.20159912 -1.12140000
v -0.46090001 19.33919907 -1.10109997
v -0.47279999 19.47979927 -1.10730004
v -0.55949998 19.33460045 -1.03600001
v -0.57499999 19.47039986 -1.04139996
v -0.22759999 19.20159912 -1.14769995
v -0.21820000 19.06629944 -1.10630000
v -0.32560000 19.06739998 -1.08140004
v -0.11410000 19.20140076 -1.16250002
v 0.00010000 10.91209984 -1.37890005
v 0.00010000 10.78839970 -1.37249994
v -0.07090000 10.66259956 -1.35800004
v 0.00020000 10.66670036 -1.35060000
v -0.54149997 10.52089977 -1.46480000
v -0.64340001 10.46809959 -1.46609998
v -0.56800002 10.36200047 -1.41670001
v -0.65120000 10.30910015 -1.41159999
v -0.73769999 10.40779972 -1.45580006
v -0.57639998 10.22719955 -1.36269999
v -0.50480002 10.27159977 -1.36350000
v -0.72610003 10.25059986 -1.39709997
v -0.82260001 10.34150028 -1.43620002
v -0.63880002 10.17640018 -1.35080004
v -0.69489998 10.11989975 -1.33060002
v -0.79329997 10.18770027 -1.37590003
v -0.74640000 10.05939960 -1.30579996
v -0.85369998 10.12189960 -1.35039997
v -0.79409999 9.99610043 -1.27909994
v -0.90829998 10.05430031 -1.32290006
v -0.83810002 9.93099976 -1.25290000
v -0.95779997 9.98530006 -1.29540002
v -0.72140002 9.88850021 -1.19309998
v -1.07900000 10.05109978 -1.31830001
v -1.00250006 9.91539955 -1.26900005
v -1.12679994 9.97690010 -1.28779995
v -0.87870002 9.86470032 -1.22819996
v -0.56169999 10.12100029 -1.30229998
v -0.51620001 10.16460037 -1.31519997
v -0.47720000 10.12629986 -1.27890003
v -0.45660001 10.19690037 -1.31040001
v -0.42760000 10.13640022 -1.26129997
v -0.42570001 10.31140041 -1.35500002
v -0.47810000 10.40919971 -1.41209996
v -0.43579999 10.56550026 -1.45210004
v -0.38499999 10.45020008 -1.39900005
v -1.68120003 13.55440044 -0.40849999
v -0.55960000 13.46269989 -1.12409997
v -0.46380001 13.46860027 -1.10370004
v -0.08450000 14.13109970 -1.23060000
v -0.00000000 14.26290035 -1.27880001
v -0.08270000 14.26140022 -1.28289998
v -0.08050000 14.39260006 -1.33570004
v -0.00000000 14.39400005 -1.33120000
v -0.07780000 14.52470016 -1.38829994
v -0.00000000 14.52630043 -1.38329995
v -0.07460000 14.65820026 -1.43990004
v 0.00000000 14.65979958 -1.43449998
v -0.14410000 14.78880024 -1.50520003
v -0.07100000 14.79319954 -1.48950005
v 0.00000000 14.79479980 -1.48380005
v 0.00000000 14.93169975 -1.52960002
v 0.00000000 15.07059956 -1.57079995
v -0.16710000 14.25720024 -1.29499996
v -5.22130013 11.44690037 -0.89590001
v -5.16629982 11.55379963 -0.89160001
v -5.26879978 11.47220039 -0.87000000
v -5.21049976 11.58230019 -0.87099999
v -5.30800009 11.49349976 -0.83139998
v -5.24770021 11.60799980 -0.83999997
v -5.34060001 11.51179981 -0.78680003
v -5.27899981 11.63099957 -0.80269998
v -5.30530024 11.65139961 -0.76099998
v -5.37109995 11.52900028 -0.74089998
v -5.31820011 11.66609955 -0.70810002
v -5.38940001 11.54069996 -0.68519998
v -5.26599979 11.79479980 -0.74860001
v -5.26550007 11.77939987 -0.81110001
v -5.32130003 11.67759991 -0.64340001
v -5.26079988 11.80729961 -0.67879999
v -5.39790010 11.54850006 -0.62019998
v -5.39960003 11.55249977 -0.54949999
v -5.32119989 11.68719959 -0.57020003
v -5.25890017 11.82040024 -0.60049999
v -5.20580006 11.94929981 -0.63230002
v -5.20310020 11.93099976 -0.71569997
v -5.20559978 11.96350002 -0.54290003
v -5.46470022 11.40400028 -0.54040003
v -5.45669985 11.40400028 -0.61189997
v -5.19850016 11.91059971 -0.78799999
v -5.18940020 11.88850021 -0.85000002
v -5.12809992 12.02029991 -0.82569999
v -5.10930014 11.99100018 -0.88669997
v -5.14080000 12.04650021 -0.75059998
v -5.08139992 12.15919971 -0.78399998
v -5.06479979 12.12959957 -0.86320001
v -5.04090023 12.09570026 -0.92710000
v -5.16550016 11.85929966 -0.89829999
v -5.23979998 11.75230026 -0.85829997
v -5.08430004 11.95860004 -0.93570000
v -5.19939995 11.72210026 -0.88690001
v -5.13049984 11.82619953 -0.93019998
v -5.15460014 11.69099998 -0.90429997
v -5.09079981 11.79209995 -0.95130002
v -5.02069998 11.88949966 -1.00039995
v -5.05509996 11.92459965 -0.97399998
v -5.53849983 9.82489967 -1.07459998
v -5.51280022 9.75609970 -1.06379998
v -5.51870012 9.76290035 -1.09599996
v -5.50719976 9.70689964 -1.11670005
v -5.50250006 9.71319962 -1.14549994
v -5.48920012 9.65970039 -1.16020000
v -5.47860003 9.67529964 -1.18700004
v -5.49179983 9.72229958 -1.17139995
v -5.46659994 9.69330025 -1.20299995
v -5.47480011 9.73139954 -1.19400001
v -5.44910002 9.73799992 -1.21220005
v -5.49840021 11.25860023 -0.61379999
v -5.50409985 11.25479984 -0.53810000
v -5.53900003 11.11909962 -0.53109998
v -5.53509998 11.12349987 -0.44960001
v -5.72060013 9.89229965 -0.59750003
v -5.71309996 9.78779984 -0.60900003
v -5.68310022 9.78689957 -0.59780002
v -5.68730021 9.88959980 -0.58759999
v -5.65110016 9.78689957 -0.60200000
v -5.65380001 9.88790035 -0.59210002
v -5.64449978 9.67689991 -0.61290002
v -5.61429977 9.67809963 -0.62470001
v -5.63969994 9.57219982 -0.62750000
v -5.61079979 9.57299995 -0.63770002
v -5.66599989 9.48670006 -0.63319999
v -5.63730001 9.48600006 -0.63550001
v -5.66919994 9.57149982 -0.62159997
v -5.66669989 9.42020035 -0.64579999
v -5.63990021 9.41950035 -0.64850003
v -5.69290018 9.48830032 -0.64020002
v -5.69920015 9.57040024 -0.62309998
v -5.67609978 9.67619991 -0.60850000
v -5.70739985 9.67520046 -0.61260003
v -5.73549986 9.67459965 -0.62769997
v -5.72620010 9.56989956 -0.63779998
v -5.71449995 9.49059963 -0.65679997
v -5.74450016 9.57110023 -0.66339999
v -5.72840023 9.49409962 -0.67989999
v -5.75540018 9.67469978 -0.65340000
v -5.69180012 9.42490005 -0.65780002
v -5.71439981 9.42930031 -0.67040002
v -5.66379976 9.37689972 -0.66450000
v -5.64470005 9.38749981 -0.66479999
v -5.63409996 9.38199997 -0.68169999
v -5.65500021 9.35770035 -0.69110000
v -5.62309980 9.38020039 -0.70370001
v -5.64690018 9.35299969 -0.71740001
v -5.61990023 9.42140007 -0.66600001
v -5.60419989 9.42360020 -0.68720001
v -5.61469984 9.38189983 -0.72530001
v -5.63920021 9.35470009 -0.73949999
v -5.67119980 9.34290028 -0.72850001
v -5.66270018 9.34469986 -0.75169998
v -5.68109989 9.34729958 -0.70169997
v -5.69119978 9.37409973 -0.67339998
v -5.71740007 9.37530041 -0.68150002
v -5.70520020 9.34459972 -0.71050000
v -5.61170006 9.48649979 -0.64960003
v -5.59189987 9.48830032 -0.67119998
v -5.58510017 9.57450008 -0.65590000
v -5.57539988 9.49040031 -0.69610000
v -5.56759977 9.57660007 -0.68339998
v -5.57060003 9.68200016 -0.67350000
v -5.58809996 9.67990017 -0.64490002
v -5.56699991 9.49390030 -0.72579998
v -5.59180021 9.42609978 -0.70990002
v -5.68300009 9.97329998 -0.57730001
v -5.67229986 10.04069996 -0.56900001
v -5.82350016 9.87699986 -0.41119999
v -5.82700014 9.76080036 -0.40009999
v -5.83069992 9.64330006 -0.38789999
v -5.83979988 9.64490032 -0.35310000
v -5.83830023 9.53059959 -0.38310000
v -5.84250021 9.53050041 -0.34660000
v -5.83500004 9.64620018 -0.31659999
v -5.83680010 9.53069973 -0.31029999
v -5.82590008 9.43560028 -0.34250000
v -5.82189989 9.43509960 -0.30939999
v -5.81139994 9.43449974 -0.27840000
v -5.81739998 9.36559963 -0.30910000
v -5.80830002 9.36439991 -0.28119999
v -5.82520008 9.30869961 -0.30750000
v -5.81559992 9.30650043 -0.28169999
v -5.79479980 9.43309975 -0.24980000
v -5.79020023 9.36139965 -0.25880000
v -5.76650000 9.43190002 -0.23410000
v -5.76690006 9.35779953 -0.24320000
v -5.77449989 9.29769993 -0.24930000
v -5.79759979 9.30259991 -0.26210001
v -5.82320023 9.53110027 -0.27640000
v -5.79979992 9.53090000 -0.24950001
v -5.83069992 9.25710011 -0.30720001
v -5.82119989 9.25549984 -0.28459999
v -5.83389997 9.25860023 -0.33199999
v -5.83890009 9.22550011 -0.32910001
v -5.83529997 9.21199989 -0.30970001
v -5.82800007 9.30920029 -0.33539999
v -5.82000017 9.20940018 -0.29170001
v -5.82180023 9.36590004 -0.33919999
v -5.82200003 9.36530018 -0.37059999
v -5.82399988 9.43579960 -0.37549999
v -5.82730007 9.30840015 -0.36489999
v -5.81909990 9.53050041 -0.41299999
v -5.81909990 9.43509960 -0.40889999
v -5.79059982 9.52919960 -0.43099999
v -5.79890013 9.43379974 -0.43610001
v -5.79899979 9.36019993 -0.42670000
v -5.81589985 9.36359978 -0.40130001
v -5.82299995 9.30589962 -0.39460000
v -5.80910015 9.30070019 -0.42170000
v -5.76809978 9.43169975 -0.45080000
v -5.77449989 9.35560036 -0.44580001
v -5.78179979 9.29409981 -0.43509999
v -5.74329996 9.35079956 -0.45190001
v -5.75360012 9.28629971 -0.44290000
v -5.73479986 9.42980003 -0.45480001
v -5.81869984 9.64700031 -0.28349999
v -5.79549980 9.64700031 -0.25549999
v -5.76620007 9.64589977 -0.23450001
v -5.76809978 9.52989960 -0.23729999
v -5.73579979 9.52869987 -0.23170000
v -5.73129988 9.64360046 -0.22630000
v -5.73540020 9.43099976 -0.22990000
v -5.70429993 9.42819977 -0.23440000
v -5.73990011 9.35369968 -0.23549999
v -5.71180010 9.34980011 -0.24130000
v -5.75979996 9.90789986 -0.79339999
v -5.74189997 9.79699993 -0.79490000
v -5.76480007 9.79360008 -0.77090001
v -5.72760010 9.68550014 -0.80110002
v -5.71150017 9.79979992 -0.80900002
v -5.69829988 9.68830013 -0.81349999
v -5.72440004 9.90929985 -0.80390000
v -5.68879986 9.90939999 -0.80519998
v -5.67829990 9.80160046 -0.81059998
v -5.72450018 10.00199986 -0.79780000
v -5.71169996 10.07619953 -0.78410000
v -5.64599991 9.80169964 -0.80199999
v -5.66709995 9.69009972 -0.81449997
v -5.69140005 9.58790016 -0.82639998
v -5.65999985 9.58870029 -0.82489997
v -5.65689993 9.50920010 -0.83520001
v -5.63110018 9.58829975 -0.81400001
v -5.62799978 9.50749969 -0.82590002
v -5.60470009 9.58730030 -0.79780000
v -5.60279989 9.50510025 -0.80870003
v -5.58190012 9.50189972 -0.78590000
v -5.63590002 9.69069958 -0.80739999
v -5.65780020 9.44859982 -0.83550000
v -5.63100004 9.44499969 -0.82720000
v -5.60949993 9.44229984 -0.80949998
v -5.68590021 9.50940037 -0.82889998
v -5.72189999 9.58549976 -0.81500000
v -5.70849991 9.50879955 -0.81140000
v -5.74459982 9.58170033 -0.79040003
v -5.75110006 9.68210030 -0.77869999
v -5.72469997 9.50679970 -0.78880000
v -5.56559992 9.88869953 0.14489999
v -5.55660009 9.77190018 0.16370000
v -5.55109978 9.65950012 0.18430001
v -5.51560020 9.65839958 0.17410000
v -5.54330015 9.56089973 0.21160001
v -5.50759983 9.56000042 0.19850001
v -5.48479986 9.65530014 0.15480000
v -5.47499990 9.55669975 0.17960000
v -5.50759983 9.47620010 0.20940000
v -5.47819996 9.47179985 0.19200000
v -5.51389980 9.40929985 0.22100000
v -5.53970003 9.47760010 0.21300000
v -5.54440022 9.41289997 0.21820000
v -5.56570005 9.47620010 0.19700000
v -5.57119989 9.41409969 0.20730001
v -5.55420017 9.36200047 0.22570001
v -5.57859993 9.36299992 0.21560000
v -5.52640009 9.35620022 0.22340000
v -5.55900002 9.33160019 0.22440000
v -5.57800007 9.32310009 0.21840000
v -5.59639978 9.36079979 0.19560000
v -5.59709978 9.31700039 0.20160000
v -5.59119987 9.41209984 0.18670000
v -5.58869982 9.47280025 0.17710000
v -5.58139992 9.55739975 0.20700000
v -5.61240005 9.55010033 0.18230000
v -5.60680008 9.46770000 0.15210000
v -5.60559988 9.40799999 0.16260000
v -5.63019991 9.54249954 0.14749999
v -5.58949995 9.65760040 0.18230000
v -5.62060022 9.65100002 0.15899999
v -5.48740005 9.40289974 0.20280001
v -5.46630001 9.39540005 0.17810000
v -5.45270014 9.46510029 0.16750000
v -5.45370007 9.38790035 0.14669999
v -5.43699980 9.45680046 0.13429999
v -5.48769999 9.34210014 0.18000001
v -5.47779989 9.33609962 0.15070000
v -5.50390005 9.34899998 0.20460001
v -5.43620014 9.44839954 0.09620000
v -5.45330000 9.38210011 0.11140000
v -5.44280005 9.52670002 0.04000000
v -5.44950008 9.44120026 0.05950000
v -5.46470022 9.37740040 0.07830000
v -5.47770023 9.34340000 0.09080000
v -5.49669981 9.32859993 0.07740000
v -5.47489977 9.33660030 0.11680000
v -5.50229979 9.30729961 0.11110000
v -5.53579998 9.28400040 0.13470000
v -5.50699997 9.30169964 0.14430000
v -5.51389980 9.30389977 0.17280000
v -5.52600002 9.30930042 0.19720000
v -5.55140018 9.28820038 0.18529999
v -5.54190016 9.28369999 0.16200000
v -5.57620001 9.27950001 0.17530000
v -5.56960011 9.27600002 0.15300000
v -5.58669996 9.28590012 0.19760001
v -5.56459999 9.29829979 0.20580000
v -5.54309988 9.31980038 0.21600001
v -5.56379986 9.27550030 0.12720001
v -5.59940004 9.27219963 0.14710000
v -5.56949997 9.49829960 -0.75700003
v -5.58489990 9.43509960 -0.76279998
v -5.59320021 9.43959999 -0.78820002
v -5.60449982 9.40869999 -0.78670001
v -5.61759996 9.40270042 -0.80030000
v -5.60459995 9.39750004 -0.76999998
v -5.62419987 9.37730026 -0.78289998
v -5.63180017 9.36200047 -0.76130003
v -5.65460014 9.35169983 -0.77469999
v -5.64569998 9.36750031 -0.79799998
v -5.68489981 9.34570026 -0.76209998
v -5.67649984 9.35229969 -0.78570002
v -5.70819998 9.34599972 -0.77350003
v -5.69880009 9.35739994 -0.79600000
v -5.73360014 9.36310005 -0.78189999
v -5.72109985 9.37430000 -0.80470002
v -5.73839998 9.39820004 -0.75070000
v -5.73519993 9.40310001 -0.77600002
v -5.73890018 9.36089993 -0.75459999
v -5.72559977 9.40919971 -0.79949999
v -5.70760012 9.38619995 -0.81639999
v -5.70919991 9.41279984 -0.81849998
v -5.72450018 9.45189953 -0.79390001
v -5.70879984 9.45349979 -0.81569999
v -5.73199987 9.44859982 -0.76859999
v -5.73460007 9.44470024 -0.74280000
v -5.73789978 9.50119972 -0.73430002
v -5.73360014 9.44019985 -0.71700001
v -5.73610020 9.49759960 -0.70630002
v -5.73680019 9.39290047 -0.72630000
v -5.73400021 9.50430012 -0.76230001
v -5.73839998 9.36369991 -0.73360002
v -5.71890020 9.33689976 -0.74849999
v -5.73229980 9.34599972 -0.71950001
v -5.69339991 9.34280014 -0.73850000
v -5.73220015 9.38440037 -0.70270002
v -5.66739988 9.36890030 -0.80970001
v -5.68970013 9.37790012 -0.81410003
v -5.66060019 9.40260029 -0.82880002
v -5.68520021 9.40950012 -0.82510000
v -5.68400002 9.45180035 -0.82660002
v -5.63660002 9.39999962 -0.81750000
v -5.60760021 9.38840008 -0.74779999
v -5.58449984 9.43010044 -0.73589998
v -1.69200003 1.31439996 -1.19529998
v -1.74430001 1.31819999 -1.23790002
v -1.78530002 1.45340002 -1.25349998
v -1.73699999 1.45089996 -1.22090006
v -1.79519999 1.32120001 -1.26830006
v -1.77550006 1.58940005 -1.24520004
v -1.72940004 1.58780003 -1.21080005
v -1.83410001 1.45519996 -1.27119994
v -1.82190001 1.59089994 -1.26660001
v -1.81180000 1.73070002 -1.26400006
v -1.76709998 1.72959995 -1.24039996
v -1.80449998 1.87390006 -1.26080000
v -1.76040006 1.87290001 -1.23670006
v -1.84370005 2.01990008 -1.26680005
v -1.79980004 2.01900005 -1.25759995
v -1.84870005 1.87500000 -1.26940000
v -1.75489998 2.01819992 -1.23399997
v -1.72210002 1.72860003 -1.20519996
v -1.71529996 1.87210000 -1.20150006
v -1.70790005 2.01729989 -1.19939995
v -1.66680002 1.87179995 -1.15910006
v -1.67429996 1.72819996 -1.16270006
v -1.65690005 2.01670003 -1.15740001
v -1.79659998 2.16470003 -1.25919998
v -1.74860001 2.16420007 -1.23650002
v -1.79410005 2.31229997 -1.26769996
v -1.74140000 2.31250000 -1.24640000
v -1.79240000 2.46329999 -1.28110003
v -1.73430002 2.46390009 -1.26119995
v -1.84430003 2.31250000 -1.27509999
v -1.84770000 2.46289992 -1.28699994
v -1.84259999 2.16540003 -1.26789999
v -1.69809997 2.16389990 -1.20210004
v -1.68659997 2.31279993 -1.21229994
v -1.88619995 2.02090001 -1.25989997
v -1.88670003 2.16650009 -1.26150000
v -1.89189994 1.87590003 -1.26040006
v -1.85749996 1.73179996 -1.27040005
v -1.90219998 1.73259997 -1.25820005
v -1.86919999 1.59200001 -1.26940000
v -1.91470003 1.59230006 -1.25240004
v -1.88300002 1.45589995 -1.26900005
v -1.84679997 1.32280004 -1.28120005
v -1.89660001 1.32260001 -1.27289999
v -1.92850006 1.45529997 -1.24629998
v -1.94420004 1.73310006 -1.22899997
v -1.95620000 1.59200001 -1.21749997
v -1.96790004 1.45360005 -1.20459998
v -1.68680000 1.44819999 -1.17879999
v -1.68089998 1.58650005 -1.16880000
v -1.62880003 1.58630002 -1.11940002
v -1.62370002 1.72909999 -1.11280000
v -1.61549997 1.87290001 -1.10899997
v -1.56420004 1.87670004 -1.04949999
v -1.51610005 1.88250005 -0.98619998
v -1.47150004 1.88919997 -0.92659998
v -1.45850003 2.03430009 -0.92640001
v -1.42509997 2.04080009 -0.87040001
v -1.48179996 2.17429996 -0.99140000
v -1.44239998 2.18140006 -0.92879999
v -1.50090003 2.02760005 -0.98680001
v -1.41439998 2.18820000 -0.86989999
v -1.54929996 2.02139997 -1.04980004
v -1.53069997 2.16790009 -1.05449998
v -1.51199996 2.31690001 -1.06299996
v -1.46319997 2.32329988 -0.99910003
v -1.58669996 2.16440010 -1.11150002
v -1.56959999 2.31369996 -1.11989999
v -1.60270000 2.01749992 -1.10819995
v -1.80550003 1.19140005 -1.28719997
v -1.85899997 1.19190001 -1.29470003
v -1.90849996 1.19050002 -1.27939999
v -1.94970000 1.18669999 -1.24269998
v -1.92050004 1.05809999 -1.28740001
v -1.96000004 1.05260003 -1.24609995
v -1.93659997 0.92309999 -1.30079997
v -1.97630000 0.91579998 -1.25699997
v -1.99689996 1.04260004 -1.19400001
v -1.98510003 1.17949998 -1.19120002
v -2.04410005 1.02730000 -1.13989997
v -2.02550006 1.16820002 -1.13349998
v -2.01220012 1.31009996 -1.13489997
v -1.97749996 1.31649995 -1.19500005
v -2.05220008 1.30229998 -1.07260001
v -2.07800007 1.15470004 -1.07889998
v -2.10479999 1.00849998 -1.08720005
v -1.99919999 0.77630001 -1.27600002
v -1.95640004 0.78500003 -1.32360005
v -1.94070005 1.32060003 -1.24319994
v -1.88740003 0.92659998 -1.32599998
v -1.87189996 1.06060004 -1.30869997
v -1.81710005 1.06159997 -1.30729997
v -1.90400004 0.78969997 -1.35270000
v -1.66199994 1.50230002 -0.22210000
v -1.66030002 1.60099995 -0.25330001
v -1.70819998 1.60319996 -0.24160001
v -1.71200001 1.50460005 -0.21470000
v -1.75580001 1.60210001 -0.24180000
v -1.76150000 1.50380003 -0.21490000
v -1.77209997 1.41770005 -0.17280000
v -1.81070006 1.49710000 -0.22780000
v -1.86170006 1.48459995 -0.25389999
v -1.85420001 1.58889997 -0.27759999
v -1.90520000 1.57439995 -0.31930000
v -1.80400002 1.59790003 -0.25200000
v -1.75349998 1.70819998 -0.25929999
v -1.79939997 1.70539999 -0.27079999
v -1.79700005 1.81889999 -0.28279999
v -1.75339997 1.82040000 -0.27020001
v -1.70790005 1.70899999 -0.25909999
v -1.70959997 1.82130003 -0.26980001
v -1.84770000 1.69990003 -0.29460001
v -1.84259999 1.81610000 -0.30630001
v -1.89240003 1.81200004 -0.33930001
v -1.89919996 1.69130003 -0.33180001
v -1.88469994 1.93519998 -0.34709999
v -1.83850002 1.93610001 -0.31510001
v -1.79600000 1.93680000 -0.29089999
v -1.66170001 1.70809996 -0.27219999
v -1.61650002 1.70480001 -0.29990000
v -1.62210000 1.82140005 -0.31240001
v -1.66530001 1.82179999 -0.28340000
v -1.67019999 1.94099998 -0.29120001
v -1.62930000 1.94319999 -0.32010001
v -1.67530000 2.06649995 -0.29449999
v -1.63600004 2.07089996 -0.32269999
v -1.71239996 1.93889999 -0.27720001
v -1.75450003 1.93750000 -0.27750000
v -1.75709999 2.05979991 -0.28000000
v -1.79760003 2.05879998 -0.29339999
v -1.71599996 2.06250000 -0.28009999
v -1.76259995 2.18820000 -0.27570000
v -1.80289996 2.18619990 -0.28810000
v -1.72130001 2.19269991 -0.27660000
v -1.68050003 2.19869995 -0.29159999
v -1.64110005 2.20499992 -0.31979999
v -1.64740002 2.34599996 -0.31420001
v -1.68780005 2.33829999 -0.28549999
v -1.72950006 2.33039999 -0.26879999
v -1.59089994 1.94400001 -0.36280000
v -1.59840000 2.07470012 -0.36379999
v -1.55470002 1.94280005 -0.41690001
v -1.56159997 2.07710004 -0.41620001
v -1.51820004 1.93910003 -0.47900000
v -1.54489994 1.81239998 -0.41090000
v -1.50880003 1.80340004 -0.47450000
v -1.53380001 1.68620002 -0.39600000
v -1.57389998 1.69770002 -0.34160000
v -1.58200002 1.81830001 -0.35580000
v -1.52339995 2.07710004 -0.47740000
v -1.48199999 2.21620011 -0.53850001
v -1.52390003 2.21760011 -0.47000000
v -1.47650003 2.36069989 -0.52420002
v -1.52139997 2.36139989 -0.45690000
v -1.43809998 2.35770011 -0.60000002
v -1.56480002 2.21539998 -0.41020000
v -1.60749996 2.35290003 -0.35270000
v -1.60319996 2.21079993 -0.35980001
v -1.56599998 2.35859990 -0.40009999
v -1.40620005 2.04719996 -0.81510001
v -1.40040004 2.19499993 -0.81269997
v -1.39250004 2.34439993 -0.80890000
v -1.39530003 2.34980011 -0.74529999
v -1.40320003 2.33789992 -0.87029999
v -1.39189994 2.48839998 -0.87190002
v -1.38250005 2.49440002 -0.80460000
v -1.38010001 2.63879991 -0.87379998
v -1.37070000 2.64389992 -0.80049998
v -1.41320002 2.48149991 -0.94010001
v -1.39999998 2.63269997 -0.94669998
v -1.43280005 2.62619996 -1.01830006
v -1.44710004 2.47410011 -1.00890005
v -1.48010004 2.62129998 -1.08510005
v -1.49500000 2.46799994 -1.07420003
v -1.41639996 2.77940011 -1.02660000
v -1.38409996 2.78410006 -0.95240003
v -1.36619997 2.78909993 -0.87500000
v -1.39559996 2.93420005 -1.03260005
v -1.36290002 2.93630004 -0.95639998
v -1.44470000 2.93359995 -1.10090005
v -1.46399999 2.77629995 -1.09449995
v -1.53760004 2.61929989 -1.14510000
v -1.55299997 2.46530008 -1.13230002
v -1.61399996 2.46460009 -1.18350005
v -1.62919998 2.31299996 -1.16929996
v -1.59930003 2.61899996 -1.19860005
v -1.42700005 2.33080006 -0.93360001
v -1.35790002 2.79299998 -0.79619998
v -1.35969996 2.79609990 -0.71539998
v -1.37339997 2.64790010 -0.72500002
v -1.37629998 2.79850006 -0.63279998
v -1.39030004 2.65059996 -0.64630002
v -1.34480000 2.94390011 -0.70660001
v -1.36090004 2.94569993 -0.62089998
v -1.34270000 2.94210005 -0.79140002
v -1.32550001 3.09170008 -0.69819999
v -1.34130001 3.09229994 -0.61019999
v -1.32179999 3.09179997 -0.78590000
v -1.40900004 2.80040002 -0.55150002
v -1.42100000 2.65249991 -0.56629997
v -1.46440005 2.65520000 -0.49039999
v -1.45500004 2.80360007 -0.47630000
v -1.42999995 2.50460005 -0.58289999
v -1.40190005 2.50239992 -0.66119999
v -1.47000003 2.50710011 -0.50660002
v -1.39419997 2.94799995 -0.53829998
v -1.44079995 2.95180011 -0.46210000
v -1.37469995 3.09480000 -0.52579999
v -1.42229998 3.09899998 -0.44780001
v -1.38590002 2.49909997 -0.73519999
v -1.41079998 2.35409999 -0.67570001
v -1.34790003 2.93950009 -0.87489998
v -1.33829999 3.09109998 -0.95649999
v -1.32410002 3.09109998 -0.87239999
v -1.29219997 3.24519992 -0.86839998
v -1.29079998 3.24270010 -0.77999997
v -1.29680002 3.23979998 -0.69019997
v -1.25179994 3.39730000 -0.77340001
v -1.26069999 3.39019990 -0.68229997
v -1.25349998 3.40459991 -0.86330003
v -1.30840003 3.25009990 -0.95359999
v -1.37269998 3.09270000 -1.03349996
v -1.34720004 3.25570011 -1.03040004
v -1.67089999 -0.03810000 0.57900000
v -1.54509997 -0.02610000 0.56349999
v -2.06010008 1.59630001 -1.03450000
v -2.05439997 1.74160004 -1.06099999
v -2.02729988 1.59280002 -1.10459995
v -2.02099991 1.73619998 -1.12909997
v -2.04879999 1.88650000 -1.08239996
v -2.01320004 1.88090003 -1.14540005
v -2.04469991 2.03230000 -1.09549999
v -2.07879996 1.89520001 -1.01129997
v -2.07550001 2.04040003 -1.02810001
v -2.09840012 2.04999995 -0.95630002
v -2.04600000 2.17890000 -1.10259998
v -2.07669997 2.18580008 -1.03810000
v -2.09850001 2.19390011 -0.96740001
v -2.10439992 2.33730006 -0.97359997
v -2.08369994 2.33089995 -1.04449999
v -2.09660006 2.47580004 -1.04949999
v -2.11669993 2.48029995 -0.97689998
v -2.11380005 2.34340000 -0.89810002
v -2.12520003 2.48460007 -0.89920002
v -2.14249992 2.62610006 -0.89740002
v -2.12439990 2.48740005 -0.81840003
v -2.14100003 2.62770009 -0.81360000
v -2.11409998 2.34770012 -0.82010001
v -2.13420010 2.62360001 -0.97799999
v -2.10980010 2.20169997 -0.89330000
v -2.11240005 2.05940008 -0.88360000
v -2.11389995 2.62129998 -1.05320001
v -2.08360004 2.61940002 -1.12140000
v -2.06660008 2.47180009 -1.11520004
v -2.13400006 2.76799989 -1.05449998
v -2.10260010 2.76859999 -1.12559998
v -2.15520000 2.76749992 -0.97659999
v -2.05340004 2.32540011 -1.10860002
v -2.03029990 2.46840000 -1.17270005
v -2.01710010 2.32089996 -1.16450000
v -2.00900006 2.17389989 -1.15849996
v -2.00749993 2.02699995 -1.15369999
v -1.96730006 2.02399993 -1.20079994
v -1.97370005 1.87810004 -1.19640005
v -1.96930003 2.17050004 -1.20459998
v -1.97749996 2.31750011 -1.21099997
v -1.93589997 2.31489992 -1.24640000
v -1.92869997 2.16820002 -1.23979998
v -1.92700005 2.02220011 -1.23679996
v -1.93320000 1.87679994 -1.23490000
v -1.98399997 1.73389995 -1.18560004
v -1.99339998 1.59179997 -1.16729999
v -2.00209999 1.45120001 -1.14760005
v -2.03559995 1.44860005 -1.08200002
v -2.16499996 0.99080002 -1.02989995
v -2.12520003 1.93239999 -0.73159999
v -2.10829997 1.93659997 -0.66189998
v -2.09489989 2.07540011 -0.66540003
v -2.11319995 2.07290006 -0.73820001
v -2.07310009 1.93729997 -0.59189999
v -2.05879998 2.07439995 -0.59359998
v -2.02550006 1.93610001 -0.52270001
v -2.01180005 2.07119989 -0.52340001
v -2.05130005 2.20930004 -0.59280002
v -2.08649993 2.21169996 -0.66640002
v -2.05439997 2.34419990 -0.58700001
v -2.08730006 2.34759998 -0.66299999
v -2.10590005 2.21129990 -0.74190003
v -2.11190009 2.20779991 -0.81779999
v -2.10649991 2.34910011 -0.74129999
v -2.09759998 2.48499990 -0.65490001
v -2.11599994 2.48740005 -0.73629999
v -2.06690001 2.48140001 -0.57639998
v -2.01340008 2.33979988 -0.51429999
v -2.02810001 2.47749996 -0.50230002
v -2.00699997 2.20510006 -0.52139997
v -2.11450005 2.62450004 -0.64380002
v -2.13229990 2.62709999 -0.72829998
v -2.08529997 2.62140012 -0.56279999
v -2.11700010 2.06730008 -0.81080002
v -1.96469998 2.19930005 -0.45190001
v -1.96630001 2.06699991 -0.45390001
v -1.92799997 2.19260001 -0.38859999
v -1.92659998 2.06270003 -0.39160001
v -1.88100004 2.06049991 -0.34999999
v -1.88559997 2.18829989 -0.34349999
v -1.83809996 2.05920005 -0.31760001
v -1.84300005 2.18650007 -0.31130001
v -1.93340003 1.93429995 -0.39060000
v -1.97710001 1.93480003 -0.45370001
v -1.94239998 1.80659997 -0.38900000
v -1.93799996 2.32669997 -0.38040000
v -1.97360003 2.33389997 -0.44459999
v -1.89820004 2.32170010 -0.33059999
v -1.95190001 2.46729994 -0.36930001
v -1.98870003 2.47280002 -0.43290001
v -1.91349995 2.46320009 -0.31659999
v -2.42459989 0.05120000 0.14219999
v -2.39870000 0.06370000 -0.00060000
v -2.08189988 0.72109997 0.77490002
v -2.09820008 0.66399997 0.87889999
v -2.13109994 -0.00510000 -1.04470003
v -2.06909990 -0.00430000 -1.15009999
v -2.17560005 0.05750000 -1.07589996
v -2.11299992 0.05960000 -1.18330002
v -2.00230002 -0.00220000 -1.23640001
v -2.04520011 0.06100000 -1.27409995
v -1.93289995 0.00020000 -1.30449998
v -1.88269997 -0.03260000 -1.25600004
v -1.88180006 0.06610000 -1.39460003
v -1.85829997 0.00260000 -1.34759998
v -1.96930003 0.06240000 -1.34700000
v -1.84039998 -0.02320000 -1.29929996
v -1.81640005 -0.04080000 -1.21700001
v -1.78320003 -0.02500000 -1.28779995
v -1.77610004 0.00610000 -1.35979998
v -1.78729999 0.07160000 -1.41540003
v -1.80400002 0.16689999 -1.44210005
v -1.89970005 0.15880001 -1.41530001
v -1.91030002 0.26859999 -1.41460001
v -1.81970000 0.27930000 -1.44029999
v -1.99329996 0.26130000 -1.36849999
v -1.98810005 0.15320000 -1.36650002
v -2.06389999 0.15000001 -1.29279995
v -2.06680012 0.25540000 -1.30110002
v -1.70990002 11.43340015 0.18060000
v -1.74319994 11.34580040 0.15700001
v -1.77849996 11.24720001 0.13320000
v -1.77479994 11.20279980 0.24290000
v -1.80799997 11.09669971 0.22250000
v -1.82120001 10.94719982 0.32150000
v -1.85070002 10.83539963 0.30980000
v -1.85140002 10.69200039 0.42820001
v -1.86989999 10.01290035 -0.71210003
v -1.89429998 9.90229988 -0.69000000
v -1.80250001 9.95689964 -0.84789997
v -1.82369995 9.85260010 -0.82230002
v -1.71720004 9.89809990 -0.96170002
v -1.73769999 9.79990005 -0.93460000
v -1.91589999 9.79440022 -0.67119998
v -1.84259999 9.75039959 -0.79990000
v -1.75590003 9.70320034 -0.91090000
v -1.63909996 9.74629974 -1.02610004
v -1.65769994 9.65460014 -1.00290000
v -1.52960002 9.69320011 -1.09490001
v -1.54849994 9.60639954 -1.07280004
v -1.41120005 9.64239979 -1.14049995
v -1.43050003 9.55959988 -1.12090003
v -1.67499995 9.56410027 -0.98189998
v -1.56630003 9.51980019 -1.05330002
v -1.58389997 9.43360043 -1.03590000
v -1.69219995 9.47449970 -0.96370000
v -1.70990002 9.38549995 -0.94800001
v -1.60189998 9.34749985 -1.02040005
v -1.46659994 9.39340019 -1.08770001
v -1.48459995 9.31000042 -1.07249999
v -1.44869995 9.47669983 -1.10350001
v -1.77339995 9.60820007 -0.89050001
v -1.79079998 9.51459980 -0.87320000
v -1.30560005 9.51560020 -1.14680004
v -1.32379997 9.43570042 -1.13150001
v -1.28610003 9.59480000 -1.16380000
v -1.50769997 9.78030014 -1.11930001
v -1.38919997 9.72469997 -1.16289997
v -1.26409996 9.67300034 -1.18320000
v -1.23800004 9.75039959 -1.20529997
v -1.10899997 9.70059967 -1.19889998
v -1.13440001 9.62679958 -1.18050003
v -1.07860005 9.77320004 -1.22010005
v -1.20650005 9.82680035 -1.23039997
v -0.97829998 9.65820026 -1.16960001
v -1.00269997 9.58720016 -1.15460002
v -0.94950002 9.72799969 -1.18680000
v -1.36290002 9.80650043 -1.18820000
v -1.33039999 9.88770008 -1.21619999
v -1.48109996 9.86740017 -1.14649999
v -1.44850004 9.95419979 -1.17729998
v -1.15620005 9.55179977 -1.16429996
v -1.17550004 9.47560024 -1.14940000
v -1.02390003 9.51480007 -1.14080000
v -1.04320002 9.44060040 -1.12800002
v -1.61769998 9.83870029 -1.05219996
v -1.59179997 9.93150043 -1.08140004
v -1.86080003 9.65050030 -0.78100002
v -1.93599999 9.68959999 -0.65539998
v -1.87860000 9.55280018 -0.76529998
v -1.80840003 9.42230034 -0.85810000
v -1.89660001 9.45699978 -0.75190002
v -1.91470003 9.36289978 -0.74010003
v -1.82659996 9.33100033 -0.84469998
v -1.72829998 9.29689980 -0.93400002
v -1.74720001 9.20860004 -0.92119998
v -1.84510005 9.24030018 -0.83249998
v -1.93280005 9.27000046 -0.72899997
v -1.86399996 9.15019989 -0.82120001
v -1.95109999 9.17780018 -0.71890002
v -1.76629996 9.12030029 -0.90910000
v -1.62039995 9.26159954 -1.00619996
v -1.63909996 9.17539978 -0.99250001
v -1.50310004 9.22620010 -1.05809999
v -1.52219999 9.14190006 -1.04509997
v -1.97350001 9.48869991 -0.63050002
v -1.95490003 9.58780003 -0.64190000
v -1.99170005 9.39190006 -0.62059999
v -2.05669999 9.41670036 -0.48859999
v -2.03760004 9.51630020 -0.49520001
v -2.00959992 9.29660034 -0.61189997
v -2.07430005 9.31900024 -0.48289999
v -2.10520005 9.43540001 -0.34529999
v -2.08529997 9.53769970 -0.34810001
v -2.12339997 9.33549976 -0.34320000
v -2.01740003 9.61859989 -0.50319999
v -2.06410003 9.64309978 -0.35260001
v -2.04130006 9.75249958 -0.35960001
v -1.99600005 9.72410011 -0.51340002
v -2.09649992 9.65989971 -0.19650000
v -2.07259989 9.77239990 -0.20070000
v -2.11800003 9.55169964 -0.19499999
v -1.97329998 9.83349991 -0.52630001
v -2.01659989 9.86629963 -0.37000000
v -2.04640007 9.88949966 -0.20940000
v -2.06410003 9.89929962 -0.05410000
v -2.03620005 10.02159977 -0.06770000
v -2.04159999 10.02009964 0.08200000
v -2.06750011 9.89789963 0.09560000
v -2.08870006 9.78059959 -0.04530000
v -2.08960009 9.77869987 0.10490000
v -2.03279996 10.01130009 0.22499999
v -2.05570006 9.88969994 0.23860000
v -2.01160002 9.99940014 0.36120000
v -1.97839999 9.98569965 0.49030000
v -2.03139997 9.87829971 0.37480000
v -1.99530005 9.86499977 0.50349998
v -2.07610011 9.77040005 0.24869999
v -2.04909992 9.75879955 0.38510001
v -2.01060009 9.74510002 0.51389998
v -1.94389999 9.84869957 0.62300003
v -1.95589995 9.72869968 0.63279998
v -2.02460003 9.62810040 0.52170002
v -1.96630001 9.61130047 0.64010000
v -2.06529999 9.64249992 0.39230001
v -1.93019998 9.96920013 0.61070001
v -1.85150003 10.06750011 0.70700002
v -1.86389995 9.94830036 0.71920002
v -1.87489998 9.82849979 0.73030001
v -2.11129999 9.66639996 -0.04120000
v -2.10969996 9.66370010 0.10960000
v -2.09369993 9.65470028 0.25459999
v -2.12840009 9.55270004 0.11020000
v -2.11050010 9.54290009 0.25639999
v -2.14630008 9.44509983 0.10820000
v -2.12590003 9.43439960 0.25470001
v -2.16389990 9.34070015 0.10470000
v -2.14089990 9.32890034 0.25090000
v -2.18030000 9.23869991 0.09990000
v -2.15590000 9.22599983 0.24600001
v -2.20050001 9.14620018 -0.05290000
v -2.19540000 9.13869953 0.09440000
v -2.18549991 9.24559975 -0.04910000
v -2.16910005 9.34669971 -0.04540000
v -2.16989994 9.12539959 0.24030000
v -2.09380007 9.42049980 0.39600000
v -2.10630012 9.31410027 0.39280000
v -2.11770010 9.21030045 0.38760000
v -2.15120006 9.45009995 -0.04240000
v -2.13689995 9.44680023 -0.19509999
v -2.15470004 9.34480000 -0.19589999
v -2.13179994 9.55640030 -0.04080000
v -2.07990003 9.52980042 0.39590001
v -2.03649998 9.51459980 0.52620000
v -1.97539997 9.49720001 0.64520001
v -2.04740000 9.40429974 0.52810001
v -1.98360002 9.38630009 0.64789999
v -1.80170000 10.41619968 0.67409998
v -1.82089996 10.30150032 0.68370003
v -1.74210000 10.27330017 0.78359997
v -1.72340000 10.38749981 0.77399999
v -1.70200002 10.50080013 0.76470000
v -1.63110006 10.35459995 0.85790002
v -1.77999997 10.52989960 0.66610003
v -1.52919996 10.31830025 0.92549998
v -1.64900005 10.24079990 0.86809999
v -1.54540002 10.20489979 0.93669999
v -1.75790000 10.15789986 0.79360002
v -1.66369998 10.12590027 0.87760001
v -1.83759999 10.18540001 0.69489998
v -1.77090001 10.04090023 0.80409998
v -1.67519999 10.00990009 0.88679999
v -1.55809999 10.09060001 0.94610000
v -1.56710005 9.97519970 0.95429999
v -1.78120005 9.92280006 0.81459999
v -1.68340003 9.89260006 0.89560002
v -1.78910005 9.80370045 0.82429999
v -1.68869996 9.77470016 0.90369999
v -1.36500001 10.12749958 -1.24779999
v -1.24860001 10.04829979 -1.28129995
v -1.29209995 9.96829987 -1.24740005
v -1.40980005 10.04080009 -1.21130002
v -1.16910005 9.90219975 -1.25829995
v -1.04270005 9.84480000 -1.24360001
v -0.91589999 9.79699993 -1.20620000
v -0.75739998 9.82439995 -1.16869998
v -0.79100001 9.75879955 -1.14849997
v -0.67000002 9.73029995 -1.07179999
v -0.69790000 9.66479969 -1.05690002
v -0.82169998 9.69190025 -1.13199997
v -0.63999999 9.79430008 -1.09179997
v -0.60860002 9.85709953 -1.11819994
v -0.58080000 9.64630032 -0.96230000
v -0.72289997 9.59850025 -1.04449999
v -0.84859997 9.62409973 -1.11800003
v -0.60450000 9.58080006 -0.95099998
v -0.62610000 9.51309967 -0.94230002
v -0.74529999 9.53050041 -1.03400004
v -0.87180001 9.55510044 -1.10529995
v -4.12039995 12.63609982 -0.25070000
v -4.20219994 12.54220009 -0.26289999
v -4.14669991 12.47990036 -0.32049999
v -4.34310007 12.51490021 -0.24330001
v -4.28569984 12.45289993 -0.27480000
v -4.47840023 12.47369957 -0.22740000
v -4.42220020 12.42199993 -0.24980000
v -4.40469980 12.57400036 -0.22440000
v -4.53730011 12.51809978 -0.21370000
v -4.55229998 12.37349987 -0.22730000
v -4.50080013 12.32849979 -0.25080001
v -4.62449980 12.27219963 -0.22300000
v -4.57730007 12.23250008 -0.24600001
v -4.67290020 12.30650043 -0.21359999
v -4.73979998 12.20189953 -0.20819999
v -4.69490004 12.17010021 -0.21359999
v -4.78550005 12.23060036 -0.22300000
v -4.72209978 12.33689976 -0.22499999
v -4.66029978 12.44519997 -0.22200000
v -4.71490002 12.47480011 -0.25400001
v -4.77190018 12.36550045 -0.25700000
v -4.60550022 12.41199970 -0.21460000
v -4.59880018 12.55529976 -0.21830000
v -4.66060019 12.58650017 -0.24890000
v -4.83309984 12.25850010 -0.25360000
v -4.88509989 12.28699970 -0.29480001
v -4.82480001 12.39400005 -0.30430001
v -4.77029991 12.50269985 -0.30689999
v -4.80760002 12.09749985 -0.19910000
v -4.65110016 12.13389969 -0.23570000
v -4.85169983 12.12440014 -0.21610001
v -4.36950016 12.36620045 -0.28259999
v -4.45179987 12.27869987 -0.28439999
v -4.32310009 12.31219959 -0.33520001
v -4.23559999 12.39540005 -0.33019999
v -4.10099983 12.42570019 -0.40509999
v -4.19469976 12.34440041 -0.41040000
v -4.28560019 12.26270008 -0.41069999
v -4.40810013 12.22749996 -0.33430001
v -4.53179979 12.18780041 -0.28020000
v -4.60909986 12.09329987 -0.27090001
v -4.57100010 12.04940033 -0.31930000
v -4.49060011 12.14000034 -0.32870001
v -4.37319994 12.17930031 -0.40560001
v -4.45800018 12.09350014 -0.39660001
v -4.35039997 12.13869953 -0.49770001
v -4.54099989 12.00559998 -0.38490000
v -4.64900017 11.95730019 -0.30599999
v -4.72580004 11.86649990 -0.29170001
v -4.62179995 11.91689968 -0.37029999
v -4.06629992 12.37979984 -0.51059997
v -4.04729986 12.34869957 -0.62930000
v -4.16419983 12.30010033 -0.51040000
v -4.14839983 12.26879978 -0.62360001
v -4.25909996 12.22010040 -0.50620002
v -4.24669981 12.18939972 -0.61500001
v -4.14930010 12.25559998 -0.73920000
v -4.24959993 12.17490005 -0.72680002
v -4.26160002 12.16950035 -0.83230001
v -4.16130018 12.25279999 -0.84799999
v -4.27780008 12.16520023 -0.92890000
v -4.30049992 12.16450024 -1.01629996
v -4.42619991 12.08549976 -1.06190002
v -4.46990013 12.10799980 -1.11960006
v -4.17959976 12.25189972 -0.94749999
v -4.04740000 12.33790016 -0.74970001
v -4.67649984 12.72889996 -0.30120000
v -4.72100019 12.61410046 -0.30480000
v -4.73799992 12.75240040 -0.38110000
v -4.77899981 12.63879967 -0.38100001
v -4.82980013 12.65820026 -0.47499999
v -4.78919983 12.77060032 -0.48050001
v -4.82600021 12.52840042 -0.37700000
v -4.87599993 12.54749966 -0.46470001
v -4.96210003 12.44200039 -0.54540002
v -4.92719984 12.43729973 -0.44870001
v -4.91319990 12.55550003 -0.56650001
v -4.93450022 12.55080032 -0.67500001
v -4.86730003 12.66810036 -0.58270001
v -4.88829994 12.66559982 -0.69679999
v -4.82509995 12.78050041 -0.59399998
v -4.75299978 12.88539982 -0.48400000
v -4.78630018 12.89330006 -0.60219997
v -4.75029993 13.00769997 -0.60990000
v -4.80159998 12.89089966 -0.72710001
v -4.76179981 13.00279999 -0.73790002
v -4.71430016 13.12450027 -0.62000000
v -4.72319984 13.11600018 -0.74900001
v -4.84380007 12.77890015 -0.71390003
v -4.89300013 12.64970016 -0.80970001
v -4.84639978 12.76379967 -0.83219999
v -4.80100012 12.87590027 -0.85030001
v -4.98210001 12.43459988 -0.64910001
v -4.94000006 12.53359985 -0.78299999
v -4.98729992 12.41629982 -0.75330001
v -4.97949982 12.38910007 -0.85180002
v -4.93120003 12.50539970 -0.88459998
v -5.03569984 12.29880047 -0.72219998
v -5.03160000 12.31729984 -0.62120003
v -5.02860022 12.27330017 -0.81779999
v -4.91020012 12.46840000 -0.97549999
v -4.95930004 12.35420036 -0.93910003
v -4.88320017 12.62110043 -0.91520000
v -4.86149979 12.58269978 -1.00969994
v -5.01359987 12.32670021 -0.52149999
v -5.08540010 12.20040035 -0.59359998
v -5.06860018 12.20940018 -0.49770001
v -5.14659977 12.06779957 -0.66210002
v -5.14569998 12.08419991 -0.56750000
v -5.08790016 12.18260002 -0.69150001
v -5.12909985 12.09080029 -0.47560000
v -4.98220015 12.32549953 -0.42899999
v -4.93790007 12.31180000 -0.35159999
v -4.87930012 12.42010021 -0.36700001
v -5.04059982 12.21039963 -0.40920001
v -5.10389996 12.09249973 -0.39140001
v -5.06430006 12.08329964 -0.32150000
v -4.99970007 12.20009995 -0.33530000
v -3.31609988 13.50310040 -1.08710003
v -3.25769997 13.61019993 -1.09669995
v -3.16280007 13.69579983 -0.99680001
v -3.19390011 13.71879959 -1.09800005
v -3.14319992 13.68280029 -0.89039999
v -3.23000002 13.74720001 -1.19250000
v -3.26760006 13.77779961 -1.28250003
v -4.46910000 13.60890007 -0.60350001
v -4.56890011 13.48359966 -0.68279999
v -4.50209999 13.59860039 -0.71600002
v -4.57870007 13.46119976 -0.80620003
v -4.51450014 13.57269955 -0.83730000
v -4.56729984 13.42829990 -0.93120003
v -4.50570011 13.53520012 -0.96060002
v -4.62290001 13.31919956 -0.90840000
v -4.67129993 13.20849991 -0.89120001
v -4.64620018 13.17619991 -1.01329994
v -4.69399977 13.06809998 -0.99879998
v -4.71479988 13.09749985 -0.87750000
v -4.74060011 12.95870018 -0.98350000
v -4.75729990 12.98680019 -0.86479998
v -4.78760004 12.84790039 -0.96520001
v -4.83519983 12.73540020 -0.94239998
v -4.76420021 12.80900002 -1.06780005
v -4.81300020 12.69649982 -1.04079998
v -4.71509981 12.91989994 -1.09010005
v -4.68240023 13.23089981 -0.76270002
v -4.63509989 13.34659958 -0.78140002
v -4.62669992 13.36439991 -0.65570003
v -4.67449999 13.24390030 -0.63480002
v -4.44080019 13.63980007 -0.99500000
v -4.41349983 13.59140015 -1.11179996
v -4.37489986 13.74250031 -1.03040004
v -4.34859991 13.69330025 -1.14579999
v -4.30980015 13.84490013 -1.06040001
v -4.28420019 13.79769993 -1.17509997
v -4.24189997 13.74950027 -1.27970004
v -4.30649996 13.64280033 -1.25179994
v -4.25850010 13.59549999 -1.34940004
v -4.19269991 13.70590019 -1.37619996
v -4.17889977 13.86139965 -1.29879999
v -4.12799978 13.82180023 -1.39370000
v -4.07060003 13.78579998 -1.48000002
v -4.22130013 13.90569973 -1.19490004
v -4.24620008 13.94750023 -1.07920003
v -4.18610001 14.05270004 -1.08630002
v -4.16139984 14.01809978 -1.20410001
v -4.18699980 14.06569958 -0.96100003
v -4.44619989 13.68000031 -0.87330002
v -4.11850023 13.97780037 -1.30890000
v -4.06489992 13.94110012 -1.40260005
v -4.00330019 13.90769958 -1.48629999
v -4.00360012 14.06140041 -1.40620005
v -3.93849993 14.02680016 -1.48870003
v -4.05980015 14.09770012 -1.31180000
v -4.10319996 14.13510036 -1.20490003
v -4.12729979 14.16349983 -1.08510005
v -4.00120020 14.21730042 -1.31219995
v -4.04309988 14.25339985 -1.20070004
v -4.06669998 14.27890015 -1.07949996
v -4.17259979 14.05449963 -0.83950001
v -4.13210011 14.16940022 -0.95990002
v -4.07490015 14.28349972 -0.95469999
v -4.00369978 14.39350033 -1.07430005
v -4.01350021 14.39960003 -0.94669998
v -3.94029999 14.50440025 -1.07159996
v -3.94880009 14.50949955 -0.93809998
v -3.95029998 14.49440002 -0.80159998
v -3.87500000 14.55500031 -0.64550000
v -3.88249993 14.59539986 -0.78810000
v -3.81080008 14.65450001 -0.63020003
v -3.82019997 14.69120026 -0.77840000
v -3.88450003 14.61229992 -0.93129998
v -3.87649989 14.61050034 -1.07239997
v -3.85459995 14.59119987 -1.20889997
v -3.91880012 14.48209953 -1.20169997
v -3.81410003 14.71350002 -1.07519996
v -3.79010010 14.69810009 -1.21860003
v -3.82360005 14.71109962 -0.92739999
v -3.76410007 14.78689957 -0.77209997
v -3.76609993 14.80949974 -0.92530000
v -3.75239992 14.75319958 -0.62110001
v -3.79769993 14.60560036 -0.49000001
v -3.85980010 14.49730015 -0.51419997
v -3.83330011 14.43630028 -0.40090001
v -3.77069998 14.55230045 -0.36690000
v -3.72790003 14.49890041 -0.26519999
v -3.67050004 14.44429970 -0.18900000
v -3.65840006 14.62160015 -0.23570000
v -3.70659995 14.66930008 -0.34509999
v -3.59590006 14.56820011 -0.15040000
v -3.73690009 14.71339989 -0.47639999
v -3.68129992 14.82030010 -0.46939999
v -3.69989991 14.85239983 -0.61619997
v -3.64730000 14.78439999 -0.33199999
v -3.98140001 14.36940002 -1.19889998
v -3.94199991 14.33399963 -1.31449997
v -3.88669991 14.29409981 -1.41610003
v -3.94460011 14.17920017 -1.40989995
v -3.87730002 14.14169979 -1.49310005
v -3.86459994 13.99020004 -1.55680001
v -3.80089998 14.10309982 -1.55960000
v -3.78279996 13.94900036 -1.60430002
v -3.71679997 14.06140041 -1.60479999
v -3.73979998 14.21240044 -1.56750000
v -3.65280008 14.16950035 -1.61099994
v -3.81870008 14.25349998 -1.50139999
v -3.82649994 14.40649986 -1.42830002
v -3.75760007 14.36320019 -1.51719999
v -3.88070011 14.44740009 -1.32229996
v -3.67680001 14.09420013 -0.23750000
v -3.60509992 14.20899963 -0.17050000
v -3.51659989 14.15120029 -0.17060000
v -3.43030000 14.26500034 -0.11170000
v -3.52169991 14.32649994 -0.11230000
v -3.60150003 14.38720036 -0.13800000
v -3.52040005 14.50780010 -0.09170000
v -3.52419996 14.68939972 -0.12050000
v -3.44210005 14.62720013 -0.05310000
v -3.45900011 14.80809975 -0.09700000
v -3.36999989 14.74600029 -0.02230000
v -3.30369997 14.86530018 -0.00000000
v -3.39890003 14.92560005 -0.08090000
v -3.26920009 14.67619991 0.02050000
v -3.19510007 14.79730034 0.04890000
v -3.34850001 14.55830002 -0.01740000
v -3.43379998 14.44260025 -0.06180000
v -3.24690008 14.49069977 -0.01550000
v -3.16000009 14.60620022 0.02620000
v -3.33800006 14.37810040 -0.06110000
v -3.07699990 14.72669983 0.05870000
v -2.99990010 14.84780025 0.07640000
v -2.95589995 14.66349983 0.02940000
v -3.04559994 14.54360008 -0.00070000
v -3.12400007 14.91679955 0.06450000
v -3.23950005 14.98270035 0.01280000
v -3.34030008 15.04119968 -0.07260000
v -3.17630005 15.09510040 0.01830000
v -3.28080010 15.15310001 -0.07000000
v -3.36859989 15.20079994 -0.18520001
v -3.42589998 15.08880043 -0.18470000
v -3.05719995 15.02989960 0.07130000
v -3.48040009 14.97430038 -0.18910000
v -3.53449988 14.85840034 -0.19930001
v -3.59430003 14.89770031 -0.32440001
v -3.54410005 15.01019955 -0.32030001
v -3.49250007 15.12230015 -0.31909999
v -3.59290004 14.74149990 -0.21480000
v -3.32690001 14.20660019 -0.13710000
v -3.23359990 14.31690025 -0.08620000
v -3.41210008 14.09799957 -0.19620000
v -3.58809996 14.04059982 -0.23970000
v -3.29690003 14.05980015 -0.24879999
v -3.21519995 14.16090012 -0.19200000
v -3.18330002 14.04230022 -0.32390001
v -3.10579991 14.13669968 -0.27320001
v -3.08279991 14.04109955 -0.41420001
v -3.00929999 14.13409996 -0.37210000
v -3.12290001 14.26599979 -0.14160000
v -3.01679993 14.23649979 -0.22750001
v -3.02629995 14.37570000 -0.09730000
v -2.92129993 14.34309959 -0.18750000
v -2.92569995 14.23219967 -0.33340001
v -2.83710003 14.33839989 -0.30140001
v -3.13890004 14.42860031 -0.04090000
v -2.93000007 14.49120045 -0.06080000
v -3.00180006 14.04740047 -0.51539999
v -0.56250000 20.38050079 -0.60000002
v -0.55010003 20.44960022 -0.49219999
v -0.45190001 20.50289917 -0.52530003
v -0.53950000 20.50320053 -0.37419999
v -0.44470000 20.55369949 -0.39469999
v -0.62180001 20.44400024 -0.34459999
v -0.61449999 20.47279930 -0.23690000
v -0.53479999 20.53120041 -0.24550000
v -0.44229999 20.58169937 -0.25479999
v -0.34290001 20.62879944 -0.11330000
v -0.33980000 20.62150002 -0.26320001
v -0.44670001 20.58580017 -0.11200000
v -0.34079999 20.59339905 -0.40950000
v -0.23040000 20.65259933 -0.27190000
v -0.23100001 20.62490082 -0.42179999
v -0.23459999 20.57970047 -0.56559998
v -0.34630001 20.54700089 -0.54909998
v -0.23989999 20.51670074 -0.70370001
v -0.35499999 20.48430061 -0.68110001
v -0.24490000 20.42919922 -0.82880002
v -0.36359999 20.40040016 -0.80100000
v -0.12060000 20.53330040 -0.71499997
v -0.12290000 20.44470024 -0.84320003
v -0.11830000 20.59819984 -0.57560003
v -0.46270001 20.43709946 -0.64639997
v -0.11710000 20.64699936 -0.43340001
v -0.00000000 20.65449905 -0.44080001
v -0.00000000 20.60440063 -0.57920003
v -0.11680000 20.67519951 -0.28500000
v 0.00000000 20.68330002 -0.30070001
v -0.23260000 20.66239929 -0.11600000
v -0.45530000 20.56749916 0.02740000
v -0.34770000 20.61249924 0.03420000
v -0.55479997 20.50950050 0.01330000
v -0.56690001 20.46629906 0.13380000
v -0.46320000 20.52689934 0.15940000
v -0.57450002 20.40970039 0.24890000
v -0.46950001 20.47190094 0.28500000
v -0.47360000 20.40570068 0.40560001
v -0.35339999 20.57589912 0.17550001
v -0.35749999 20.52029991 0.30899999
v -0.23830000 20.61090088 0.18580000
v -0.23520000 20.64760017 0.03820000
v -0.24070001 20.55340004 0.32449999
v -0.64420003 20.44000053 -0.01550000
v -0.62440002 20.46980095 -0.12549999
v -0.54140002 20.53260040 -0.11390000
v -0.11720000 20.68040085 -0.12040000
v -0.00000000 20.68409920 -0.12470000
v 0.00000000 20.67420006 0.04020000
v -0.11850000 20.66790009 0.03990000
v -0.47490001 20.35639954 -0.75760001
v -0.24900000 20.32119942 -0.93660003
v -0.25220001 20.19930077 -1.02730000
v -0.25350001 20.06539917 -1.09689999
v -0.12650000 20.21080017 -1.04740000
v -0.25279999 19.92359924 -1.14310002
v -0.00000000 20.21400070 -1.05309999
v -0.12510000 20.33559990 -0.95480001
v -0.00000000 20.34049988 -0.96079999
v 0.00000000 20.45009995 -0.84799999
v -0.00000000 20.53919983 -0.71890002
v -0.72310001 19.43670082 -0.85200000
v -0.65969998 19.45599937 -0.95450002
v -0.36620000 19.62840080 -1.14629996
v -5.66319990 9.63630009 0.09230000
v -5.64060020 9.53569984 0.11060000
v -5.64480019 9.64379978 0.12819999
v -5.61880016 9.46170044 0.12310000
v -5.61639977 9.40250015 0.13680001
v -5.61920023 9.35140038 0.15000001
v -5.60960007 9.35680008 0.17320000
v -5.61079979 9.31229973 0.18250000
v -5.60340023 9.28579998 0.18660000
v -5.60340023 9.27499962 0.17070000
v -5.62020016 9.30580044 0.16180000
v -5.62540007 9.29650021 0.13890000
v -1.92340004 15.19629955 -0.06800000
v -1.89619994 15.13809967 -0.01960000
v -1.86469996 15.07450008 0.03540000
v -1.85329998 15.12829971 0.07480000
v -1.81739998 15.06599998 0.13689999
v -1.82910001 15.00879955 0.09590000
v -1.87930000 15.01749992 -0.00940000
v -1.84360003 14.94779968 0.04990000
v -1.89600003 14.95730019 -0.06100000
v -1.85979998 14.88339996 -0.00200000
v -1.79009998 14.94279957 0.16040000
v -1.77760005 15.00380039 0.20209999
v -1.76859999 15.06040001 0.24050000
v -1.76429999 15.11340046 0.27759999
v -1.71749997 15.05860043 0.34400001
v -1.72370005 15.00269985 0.30750000
v -1.73430002 14.94229984 0.26940000
v -1.74800003 14.87689972 0.22770000
v -1.91100001 15.08549976 -0.06270000
v -1.93820000 15.14970016 -0.10850000
v -1.88469994 14.51560020 -0.20760000
v -1.76220000 15.53149986 0.60970002
v -1.71099997 15.45979977 0.67030001
v -1.65830004 15.52499962 0.71190000
v -1.65289998 15.39159966 0.72770000
v -1.60520005 15.45320034 0.76740003
v -1.55069995 15.38490009 0.81980002
v -1.49670005 15.44009972 0.85049999
v -1.49510002 15.31970024 0.86760002
v -1.44439995 15.37539959 0.89709997
v -1.59469998 15.32610035 0.78179997
v -1.53729999 15.26280022 0.83029997
v -1.62500000 15.26609993 0.73710001
v -1.56659997 15.20670033 0.78689998
v -1.51129997 15.14949989 0.82859999
v -1.48039997 15.20119953 0.87110001
v -1.46879995 15.09090042 0.86989999
v -1.42460001 15.14109993 0.90280002
v -1.49150002 15.05169964 0.83649999
v -1.52629995 15.10309982 0.78579998
v -1.58000004 15.15460014 0.74019998
v -1.43770003 15.25669956 0.90869999
v -1.37049997 15.08180046 0.92460001
v -1.42480004 15.04199982 0.88959998
v -1.63829994 15.20860004 0.68809998
v -1.68570006 15.32699966 0.68159997
v -1.69799995 15.26449966 0.63040000
v -1.63530004 15.15730000 0.63789999
v -1.57799995 15.10729980 0.69250000
v -1.69270003 15.20969963 0.57849997
v -1.38820004 15.31420040 0.93830001
v -1.43690002 15.49050045 0.87459999
v -1.62960005 11.99269962 0.60900003
v -1.66320002 11.83839989 0.57590002
v -1.63789999 11.72620010 0.60119998
v -5.08409977 11.94429970 -0.25979999
v -5.13129997 11.96010017 -0.31140000
v -5.17000008 11.96930027 -0.37689999
v -5.19080019 11.96770000 -0.45629999
v -5.01590014 12.06429958 -0.26899999
v -4.94929981 12.17800045 -0.28180000
v -4.89839983 12.15110016 -0.24460000
v -4.96700001 12.04090023 -0.23199999
v -5.12610006 9.97039986 0.53299999
v -5.10589981 9.98589993 0.55510002
v -5.09229994 9.93350029 0.58630002
v -5.11049986 9.91849995 0.56930000
v -5.09439993 9.88879967 0.59090000
v -5.08050013 9.89229965 0.60900003
v -5.14029980 9.95199966 0.50680000
v -5.11630011 9.89820004 0.54720002
v -5.08400011 9.87230015 0.57789999
v -5.06470013 9.86779976 0.59939998
v -5.05000019 9.86960030 0.62059999
v -5.05800009 9.90009975 0.61409998
v -5.03509998 9.88210011 0.62339997
v -5.03660011 9.90610027 0.61460000
v -5.01940012 9.87240028 0.62470001
v -5.03299999 9.85869980 0.60710001
v -5.04949999 9.85929966 0.58289999
v -5.01560020 9.85610008 0.58910000
v -5.03429985 9.84780025 0.56730002
v -5.07719994 9.85729980 0.55900002
v -5.01510000 9.83959961 0.55019999
v -4.99650002 9.85210037 0.57110000
v -3.23880005 15.75889969 -0.62250000
v -2.93149996 15.23859978 0.07220000
v -2.99340010 15.13669968 0.07330000
v -2.86610007 15.07190037 0.07620000
v -2.80730009 15.17319965 0.05090000
v -2.93000007 14.96259975 0.08510000
v -0.96579999 16.11499977 0.76819998
v -0.85020000 16.11050034 0.79920000
v -1.08780003 16.01670074 0.78090000
v -0.97520000 16.01689911 0.81239998
v -0.86350000 16.01239967 0.84249997
v -0.73720002 16.10330009 0.82650000
v -0.62779999 16.09490013 0.85039997
v -2.63619995 0.13770001 1.25759995
v -2.63089991 0.13930000 1.32579994
v -2.63940001 0.11260000 1.30760002
v -2.61929989 0.10910000 1.36290002
v -2.57739997 0.11560000 1.38730001
v -2.58719993 0.08720000 1.37430000
v -2.54040003 0.10710000 1.38460004
v -2.53590012 0.13860001 1.39010000
v -2.56830001 0.14480001 1.39470005
v -2.52870011 0.16650000 1.39600003
v -2.55380011 0.17900001 1.40639997
v -2.51580000 0.17280000 1.35780001
v -2.54239988 0.18120000 1.35430002
v -0.22610000 12.08390045 1.08770001
v -0.11190000 12.09360027 1.08050001
v 0.00000000 12.14719963 1.06939995
v -0.11670000 12.14519978 1.07179999
v -1.51040006 0.23880000 1.81500006
v -1.56169999 0.25889999 1.79499996
v -1.57760000 0.25810000 1.84669995
v -1.55120003 0.23989999 1.88119996
v -1.61749995 0.25920001 1.84969997
v -1.60759997 0.23360001 1.89789999
v -1.61399996 0.26589999 1.78439999
v -1.66460001 0.26460001 1.77989995
v -1.66069996 0.25330001 1.84599996
v -1.71319997 0.25250000 1.77830005
v -1.70190001 0.24050000 1.84340000
v -1.75339997 0.22600000 1.77960002
v -1.73549998 0.21320000 1.85210001
v -1.69079995 0.22890000 1.88600004
v -1.65590000 0.23210000 1.89680004
v -1.69719994 0.19520000 1.88979995
v -1.75189996 0.17190000 1.85290003
v -1.70920002 0.15510000 1.89730000
v -1.77330005 0.18810000 1.77610004
v -1.78380001 0.22130001 1.67980003
v -1.80219996 0.19290000 1.66810000
v -1.85930002 0.11390000 1.68809998
v -1.85930002 0.07570000 1.67400002
v -1.87240005 0.06460000 1.72109997
v -1.87570000 0.08760000 1.74489999
v -1.90129995 0.06010000 1.77429998
v -1.94219995 0.06990000 1.81200004
v -1.93449998 0.03700000 1.78279996
v -1.91120005 0.09090000 1.80239999
v -1.92270005 0.12330000 1.82190001
v -1.95220006 0.10260000 1.83159995
v -1.98220003 0.09000000 1.83019996
v -1.97640002 0.05760000 1.81140006
v -2.01290011 0.08670000 1.82620001
v -1.99440002 0.11940000 1.84119999
v -2.01379991 0.10930000 1.83620000
v -1.96949995 0.13530000 1.84210002
v -1.94219995 0.15710001 1.83329999
v -2.09410000 0.09810000 1.39820004
v -1.27849996 14.72430038 0.79560000
v -1.36880004 14.67210007 0.70160002
v -1.36329997 14.75039959 0.72219998
v -1.43550003 14.79030037 0.65340000
v -1.36520004 14.82190037 0.74599999
v -1.43320000 14.85779953 0.68019998
v -1.37800002 14.88850021 0.77520001
v -1.44099998 14.91989994 0.71370000
v -1.40090001 14.94769955 0.80610001
v -1.45780003 14.97439957 0.75220001
v -1.37759995 14.99670029 0.88099998
v -1.43560004 14.99149990 0.84189999
v -1.33780003 14.93959999 0.86610001
v -1.30579996 14.87360001 0.84350002
v -1.26810002 14.95300007 0.93409997
v -1.22459996 14.87989998 0.91960001
v -1.28540003 14.80160046 0.81750000
v -1.31819999 15.02019978 0.93529999
v -1.48199999 15.01599979 0.79790002
v -1.45910001 15.02169991 0.86339998
v -1.52380002 15.06009960 0.74260002
v -1.51139998 15.01449966 0.69870001
v -1.49849999 14.96249962 0.65600002
v -1.55429995 15.01130009 0.59960002
v -1.56630003 15.06130028 0.64490002
v -1.49409997 14.90359974 0.61919999
v -1.55149996 14.95499992 0.56110001
v -1.51049995 14.76879978 0.56239998
v -1.44400001 14.71619987 0.62910002
v -1.49950004 14.83930016 0.58960003
v -1.52440000 14.68980026 0.53270000
v -1.57050002 14.82660007 0.50000000
v -1.62510002 14.88720036 0.43900001
v -1.67560005 14.94589996 0.37430000
v -1.66680002 15.00520039 0.40900001
v -1.61350000 14.95030022 0.47070000
v -1.60759997 15.00819969 0.50400001
v -1.66400003 15.06009960 0.44479999
v -1.55830002 14.89360046 0.52950001
v -1.54050004 14.60130024 0.49840000
v -0.90600002 12.97920036 0.89800000
v -0.20299999 9.43050003 0.06900000
v -0.21610001 9.42889977 -0.09820000
v -0.23130000 9.50070000 -0.25780001
v -0.20400000 9.50160027 -0.09370000
v -0.24640000 9.42580032 -0.26100001
v -0.29429999 9.42310047 -0.41760001
v -0.26260000 9.34539986 -0.26560000
v -0.31209999 9.34379959 -0.42060000
v -0.27919999 9.26150036 -0.27140000
v -0.32980001 9.26169968 -0.42469999
v -0.35940000 9.42220020 -0.56590003
v -0.37810001 9.34469986 -0.56709999
v -0.44090000 9.42450047 -0.70340002
v -0.46000001 9.34869957 -0.70249999
v -0.53719997 9.43099976 -0.82740003
v -0.55650002 9.35680008 -0.82440001
v -0.47880000 9.27050018 -0.70300001
v -0.57550001 9.28009987 -0.82270002
v -0.39640000 9.26449966 -0.56950003
v -0.34760001 9.17809963 -0.42950001
v -0.41499999 9.18290043 -0.57249999
v -0.29620001 9.17580032 -0.27770001
v -0.51719999 9.50230026 -0.83230001
v -0.64639997 9.44270039 -0.93529999
v -0.76580000 9.46030045 -1.02479994
v -0.66570002 9.36950016 -0.93000001
v -0.78520000 9.38759995 -1.01699996
v -0.68480003 9.29399967 -0.92589998
v -0.80409998 9.31260014 -1.01040006
v -0.91200000 9.41119957 -1.08340001
v -0.89260000 9.48419952 -1.09389997
v -0.93080002 9.33629990 -1.07420003
v -0.82319999 9.23600006 -1.00469995
v -0.94970000 9.25959969 -1.06610000
v -1.06180000 9.36489964 -1.11609995
v -1.19379997 9.39820004 -1.13540006
v -1.34169996 9.35509968 -1.11660004
v -1.21200001 9.31960011 -1.12230003
v -1.08029997 9.28759956 -1.10549998
v -0.96890002 9.18159962 -1.05879998
v -1.09920001 9.20909977 -1.09590006
v -0.84259999 9.15789986 -0.99970001
v -0.70400000 9.21679974 -0.92259997
v -0.59469998 9.20170021 -0.82169998
v -0.61390001 9.12209988 -0.82150000
v -0.72329998 9.13809967 -0.92019999
v -0.63319999 9.04189968 -0.82200003
v -0.74290001 9.05869961 -0.91850001
v -0.86229998 9.07890034 -0.99580002
v -0.49770001 9.19060040 -0.70410001
v -0.51660001 9.10960007 -0.70599997
v -0.43349999 9.10039997 -0.57609999
v -0.31349999 9.08950043 -0.28430000
v -0.36570001 9.09389973 -0.43460000
v -0.33100000 9.00349998 -0.29130000
v -0.38389999 9.00969982 -0.44020000
v -0.45220000 9.01790047 -0.57999998
v -0.40220001 8.92630005 -0.44610000
v -0.47110000 8.93570042 -0.58440000
v -0.55489999 8.94729996 -0.71100003
v -0.53570002 9.02840042 -0.70829999
v -0.65280002 8.96160030 -0.82290000
v -0.76270002 8.97879982 -0.91740000
v -0.67229998 8.88140011 -0.82440001
v -0.78259999 8.89879990 -0.91700000
v -0.88220000 8.99919987 -0.99260002
v -0.90230000 8.91899967 -0.99010003
v -1.02880001 8.94209957 -1.04219997
v -0.92250001 8.83850002 -0.98850000
v -1.04920006 8.86089993 -1.03849995
v -0.80229998 8.81869984 -0.91740000
v -0.82200003 8.73859978 -0.91860002
v -0.94250000 8.75769997 -0.98750001
v -1.06959999 8.77919960 -1.03540003
v -1.00849998 9.02260017 -1.04680002
v -1.15900004 8.96780014 -1.07249999
v -1.13870001 9.04899979 -1.07920003
v -1.17960000 8.88580036 -1.06669998
v -0.69180000 8.80150032 -0.82679999
v -0.71100003 8.72189999 -0.82999998
v -0.73009998 8.64260006 -0.83420002
v -0.84149998 8.65849972 -0.92070001
v -0.61229998 8.70730019 -0.72359997
v -0.63090003 8.62839985 -0.72979999
v -0.59340000 8.78670025 -0.71840000
v -0.57419997 8.86670017 -0.71429998
v -0.49000001 8.85429955 -0.58939999
v -0.42060000 8.84379959 -0.45280001
v -0.43880001 8.76239967 -0.46059999
v -0.50880003 8.77379990 -0.59530002
v -0.36629999 8.83440018 -0.30720001
v -0.38389999 8.75189972 -0.31700000
v -0.32749999 8.82549953 -0.15490000
v -0.34439999 8.74149990 -0.16689999
v -0.30399999 8.81620026 0.00140000
v -0.31040001 8.91119957 -0.14460000
v -0.28770000 8.90390015 0.01400000
v -0.29350001 8.99849987 -0.13560000
v -0.34860000 8.91829967 -0.29879999
v -0.32020000 8.73060036 -0.01310000
v -0.31119999 8.71809959 0.14060000
v -0.29609999 8.80510044 0.15830000
v -0.36109999 8.65929985 -0.18060000
v -0.40130001 8.67080021 -0.32830000
v -0.37770000 8.57870007 -0.19620000
v -0.41850001 8.59099960 -0.34119999
v -0.35179999 8.56569958 -0.04820000
v -0.33610001 8.64719963 -0.02970000
v -0.45680001 8.68220043 -0.46970001
v -0.52730000 8.69419956 -0.60240000
v -0.27680001 9.08679962 -0.12720001
v -0.80330002 9.17360020 1.03090000
v -0.79809999 9.06809998 1.01049995
v -0.68390000 9.05659962 0.97619998
v -0.91339999 9.08059978 1.03310001
v -0.92110002 9.18500042 1.04879999
v -1.03320003 9.09519958 1.04709995
v -1.04229999 9.19900036 1.05850005
v -0.90300000 8.97669983 1.01660001
v -0.78869998 8.96290016 0.98930001
v -1.02289999 8.99240017 1.03450000
v -1.01209998 8.89060020 1.02139997
v -0.89050001 8.87380028 0.99989998
v -1.15020001 9.01080036 1.04240000
v -1.14150000 8.91009998 1.03190005
v -1.15999997 9.11310005 1.05139995
v -1.16960001 9.21679974 1.05910003
v -1.04970002 9.30379963 1.06860006
v -1.17830002 9.32190037 1.06540000
v -1.30260003 9.23880005 1.04809999
v -1.29330003 9.13459969 1.04359996
v -1.31140006 9.34500027 1.05110002
v -1.28460002 9.03230000 1.03729999
v -1.27750003 8.93179989 1.02929997
v -1.41630006 8.95530033 1.01119995
v -1.42209995 9.05620003 1.01680005
v -1.55270004 8.97929955 0.97530001
v -1.55690002 9.08090019 0.97890002
v -1.55079997 8.87950039 0.97070003
v -1.41279995 8.85599995 1.00479996
v -1.27250004 8.83290005 1.02040005
v -1.42960000 9.15900040 1.02119994
v -1.56250000 9.18459988 0.98159999
v -1.68219995 9.00310040 0.92000002
v -1.68460000 9.10550022 0.92250001
v -1.68840003 9.21020031 0.92400002
v -1.13469994 8.81110001 1.02059996
v -1.00240004 8.79119968 1.00779998
v -0.87730002 8.77410030 0.98379999
v -0.76120001 8.76019955 0.94849998
v -0.77579999 8.85960007 0.96840000
v -0.86650002 8.67899990 0.96810001
v -0.74940002 8.66559982 0.92979997
v -0.99470001 8.69579983 0.99430001
v -1.13030005 8.71479988 1.00929999
v -1.12820005 8.62170029 0.99830002
v -0.99019998 8.60389996 0.98170000
v -1.27040005 8.73589993 1.01119995
v -1.27119994 8.64140034 1.00179994
v -0.66780001 8.84809971 0.92490000
v -0.67809999 8.95090008 0.95010000
v -0.65539998 8.74950027 0.90140003
v -0.64499998 8.65569973 0.87980002
v -0.55460000 8.64990044 0.81760001
v -0.56150001 8.74250031 0.84179997
v -0.56889999 8.83979988 0.86799997
v -0.48069999 8.74030018 0.76810002
v -0.57340002 8.94139957 0.89620000
v -0.41380000 8.74390030 0.67919999
v -0.47850001 8.64910030 0.74199998
v -0.41679999 8.65410042 0.65259999
v -0.63859999 8.56659985 0.86049998
v -0.55040002 8.56190014 0.79560000
v -0.63720000 8.48149967 0.84280002
v -0.55030000 8.47789955 0.77539998
v -0.74049997 8.48939991 0.89760000
v -0.74199998 8.57540035 0.91320002
v -0.57220000 9.04650021 0.92559999
v -0.36170000 8.75440025 0.57480001
v -0.37099999 8.66709995 0.54710001
v -0.33790001 8.68500042 0.42539999
v -0.32560000 8.77250004 0.45080000
v -0.38000000 8.58320045 0.51959997
v -0.34930000 8.60050011 0.39960000
v -0.42120001 8.56900024 0.62620002
v -0.42800000 8.48779964 0.60039997
v -0.38909999 8.50179958 0.49300000
v -0.47999999 8.47920036 0.69520003
v -0.47780001 8.56219959 0.71789998
v -0.48750001 8.40069962 0.67199999
v -0.43750000 8.40970039 0.57499999
v -0.49750000 8.32460022 0.64969999
v -0.44780001 8.33329964 0.55119997
v -0.50929999 8.24969959 0.62860000
v -0.45910001 8.25819969 0.52869999
v -0.57470000 8.24510002 0.71710002
v -0.56290001 8.32050037 0.73619998
v -0.52200001 8.17529964 0.60909998
v -0.47139999 8.18379974 0.50790000
v -0.58810002 8.17029953 0.69900000
v -0.39910001 8.42269993 0.46709999
v -0.40979999 8.34560013 0.44220001
v -0.42140001 8.26990032 0.41859999
v -0.55530000 8.39799976 0.75529999
v -0.64910001 8.32180023 0.80800003
v -0.64160001 8.40040016 0.82510000
v -0.36030000 8.51830006 0.37369999
v -0.37149999 8.43840027 0.34779999
v -0.35640001 8.45510006 0.21680000
v -0.34340000 8.53549957 0.24169999
v -0.33050001 8.61789989 0.26600000
v -0.31740001 8.70289993 0.28880000
v -0.30350000 8.79059982 0.31029999
v -0.32589999 8.63360023 0.12090000
v -0.34040001 8.55140018 0.09930000
v -0.35490000 8.47109985 0.07670000
v -0.36739999 8.48579979 -0.06800000
v -0.38330001 8.36050034 0.32240000
v -0.36970001 8.37660027 0.19200000
v -0.39579999 8.28400040 0.29809999
v -0.38350001 8.29950047 0.16790000
v -0.36970001 8.39239979 0.05370000
v -0.38450000 8.31490040 0.03110000
v -0.40889999 8.20860004 0.27530000
v -0.39770001 8.22340012 0.14520000
v -0.43380001 8.19509983 0.39649999
v -0.86040002 8.58829975 0.95330000
v -0.85920000 8.50100040 0.93989998
v -0.86390001 8.41709995 0.92589998
v -0.74529999 8.40730000 0.88150001
v -0.99460000 8.42940044 0.95789999
v -0.98970002 8.51509953 0.97009999
v -1.13460004 8.44369984 0.97719997
v -1.12940001 8.53149986 0.98790002
v -1.27440000 8.54940033 0.99250001
v -1.28059995 8.45969963 0.98290002
v -1.41989994 8.56869984 0.98150003
v -1.42760003 8.47700024 0.97280002
v -1.41439998 8.66250038 0.98970002
v -1.56079996 8.58909988 0.95120001
v -1.55470002 8.68430042 0.95850003
v -1.69400001 8.61050034 0.89889997
v -1.68750000 8.70650005 0.90590000
v -1.81640005 8.63249969 0.82480001
v -1.80990005 8.72879982 0.83179998
v -1.68340003 8.80389977 0.91170001
v -1.80540001 8.82639980 0.83759999
v -1.55130005 8.78120041 0.96499997
v -1.56939995 8.49580002 0.94300002
v -1.70260000 8.51609993 0.89069998
v -1.41209996 8.75829983 0.99750000
v -1.14330006 8.35809994 0.96539998
v -1.28970003 8.37199974 0.97180003
v -1.00300002 8.34580040 0.94520003
v -0.88349998 8.25520039 0.89829999
v -0.87220001 8.33539963 0.91200000
v -1.01419997 8.26369953 0.93229997
v -0.89670002 8.17590046 0.88489997
v -1.02740002 8.18270016 0.91930002
v -1.15429997 8.27420044 0.95279998
v -1.16680002 8.19139957 0.93980002
v -0.76440001 8.24890041 0.85119998
v -0.75330001 8.32730007 0.86610001
v -1.43719995 8.38749981 0.96270001
v -1.57990003 8.40439987 0.93379998
v -1.59080005 8.31470013 0.92240000
v -1.44790006 8.29969978 0.95029998
v -1.45829999 8.21339989 0.93589997
v -1.31180000 8.20170021 0.94559997
v -1.30030000 8.28619957 0.95920002
v -1.60090005 8.22669983 0.90829998
v -1.71280003 8.42339993 0.88139999
v -1.72389996 8.33220005 0.87080002
v -1.44490004 9.37160015 1.02330005
v -1.43750000 9.26410007 1.02300000
v -1.56830001 9.29080009 0.98170000
v -1.69200003 9.31750011 0.92320001
v -1.80410004 9.23470020 0.84859997
v -1.80460000 9.34270000 0.84750003
v -1.80320001 9.45370007 0.84399998
v -1.89730000 9.47690010 0.75180000
v -1.90260005 9.36579990 0.75520003
v -1.90579998 9.25759983 0.75610000
v -1.90740001 9.15200043 0.75459999
v -1.80270004 9.12940025 0.84740001
v -1.80209994 9.02649975 0.84520000
v -1.90919995 9.04889965 0.75209999
v -1.99080002 9.27830029 0.64829999
v -1.99580002 9.17310047 0.64579999
v -2.06609988 9.19260025 0.52270001
v -2.05749989 9.29710007 0.52700001
v -2.07340002 9.09049988 0.51719999
v -2.00029993 9.07030010 0.64230001
v -1.89119995 9.59130001 0.74659997
v -1.88399994 9.70880032 0.73940003
v -1.79509997 9.68470001 0.83249998
v -1.79970002 9.56770039 0.83910000
v -1.69410002 9.54080009 0.91610003
v -1.69210005 9.65680027 0.91060001
v -1.57700002 9.51159954 0.97719997
v -1.69410002 9.42759991 0.92040002
v -1.57360005 9.39980030 0.98009998
v -1.57749999 9.62619972 0.97320002
v -0.45060000 10.22920036 1.02740002
v -1.57290006 9.85910034 0.96160001
v -1.57609999 9.74260044 0.96799999
v -2.10739994 0.13530000 1.55760002
v -2.11150002 0.10700000 1.62399995
v -2.11820006 0.07150000 1.60749996
v -2.13070011 0.04650000 1.66949999
v -2.12190008 0.07830000 1.68770003
v -2.14359999 0.03510000 1.70640004
v -2.14459991 0.05430000 1.72870004
v -2.16260004 0.01430000 1.71010005
v -2.17470002 0.03240000 1.74570000
v -2.20429993 0.01600000 1.74259996
v -2.19309998 -0.00380000 1.70920002
v -2.19160008 0.06030000 1.76170003
v -2.17860007 0.11180000 1.75720000
v -2.21180010 0.08620000 1.76380002
v -2.15720010 0.08370000 1.74890006
v -2.20370007 0.13699999 1.75539994
v -2.23379993 0.11050000 1.75769997
v -2.23119998 0.16360000 1.74919999
v -3.85360003 13.83030033 -1.60630000
v -3.69700003 13.90349960 -1.62570000
v -3.61299992 13.85630035 -1.61870003
v -3.62890005 14.01630020 -1.62399995
v -3.54310012 13.96959972 -1.61489999
v -3.56220007 14.12419987 -1.62790000
v -3.47410011 14.07750034 -1.61609995
v -3.46539998 13.92380047 -1.57879996
v -3.39409995 14.03120041 -1.57710004
v -3.49259996 14.22859955 -1.64489996
v -3.40159988 14.18130016 -1.62969995
v -3.58629990 14.27470016 -1.62930000
v -3.51690006 14.37989998 -1.65810001
v -3.42000008 14.33230019 -1.67139995
v -3.32570004 14.28359985 -1.65369999
v -3.31909990 14.13420010 -1.58599997
v -3.23970008 14.23490047 -1.60510004
v -3.61010003 14.42660046 -1.61430001
v -3.69359994 14.47270012 -1.54299998
v -3.67639995 14.31929970 -1.58539999
v -3.62619996 14.58310032 -1.57340002
v -3.76320004 14.51749992 -1.44850004
v -3.69659996 14.62829971 -1.47399998
v -3.53690004 13.81060028 -1.58430004
v -3.47399998 13.76930046 -1.52719998
v -3.55159998 13.65069962 -1.53240001
v -3.42409992 13.73309994 -1.45560002
v -3.50020003 13.61740017 -1.46130002
v -3.93280005 13.87189960 -1.55669999
v -4.73339987 12.76340008 -1.15680003
v -4.69519997 12.71469975 -1.23109996
v -4.78299999 12.65130043 -1.12629998
v -4.74669981 12.60400009 -1.19790006
v -4.83220005 12.53859997 -1.09169996
v -4.79790020 12.49300003 -1.16079998
v -4.88149977 12.42609978 -1.05390000
v -4.93139982 12.31429958 -1.01320004
v -4.98339987 12.20380020 -0.97030002
v -4.90129995 12.27320004 -1.07509995
v -4.95529985 12.16549969 -1.02740002
v -4.84929991 12.38259983 -1.11989999
v -4.81230021 12.33959961 -1.17149997
v -5.01469994 12.06019974 -0.97950000
v -5.00979996 12.24100018 -0.90130001
v -1.91419995 5.82119989 0.32400000
v -1.83710003 5.69409990 0.32330000
v -1.83570004 5.79740000 0.38710001
v -1.91610003 5.71640015 0.26260000
v -1.75349998 5.67789984 0.37090001
v -1.75080001 5.78090000 0.43630001
v -1.66760004 5.66860008 0.40730000
v -1.65849996 5.78030014 0.46579999
v -1.57309997 5.67290020 0.42300001
v -1.56009996 5.79640007 0.47340000
v -1.59340000 5.54949999 0.37360001
v -1.69000006 5.54559994 0.36579999
v -1.61500001 5.43520021 0.31380001
v -1.71140003 5.42810011 0.31770000
v -1.51890004 5.45370007 0.29440001
v -1.49450004 5.56909990 0.35830000
v -1.63310003 5.31510019 0.27230000
v -1.53349996 5.32789993 0.25900000
v -1.73039997 5.31300020 0.27320001
v -1.77869999 5.55730009 0.33440000
v -1.64880002 5.19600010 0.23720001
v -1.54600000 5.20370007 0.22860000
v -1.55910003 5.08169985 0.19760001
v -1.66340005 5.07789993 0.20520000
v -1.44029999 5.22090006 0.21600001
v -1.43180001 5.34740019 0.24460000
v -1.45140004 5.09630013 0.18370000
v -1.74710000 5.19840002 0.23330000
v -1.76289999 5.08190012 0.19930001
v -1.42240000 5.47569990 0.27410001
v -1.40139997 5.59940004 0.32539999
v -1.47280002 5.69469976 0.41190001
v -1.37450004 5.72550011 0.38339999
v -1.32799995 5.50369978 0.24550000
v -1.31470001 5.63030005 0.28400001
v -1.33039999 5.37540007 0.22130001
v -1.85810006 5.57859993 0.28110000
v -1.93019998 5.60580015 0.21269999
v -1.55719995 5.91629982 0.52810001
v -1.45650005 5.82410002 0.46300000
v -1.45249999 5.95569992 0.50019997
v -1.35140002 5.85710001 0.43740001
v -1.33980000 5.99020004 0.47440001
v -1.22950006 6.01739979 0.43390000
v -1.21809995 6.13649988 0.44900000
v -1.32910001 6.10790014 0.49970001
v -1.20019996 6.24739981 0.46419999
v -1.30960000 6.22189999 0.52120000
v -1.28129995 6.33400011 0.54189998
v -1.17499995 6.35489988 0.48240000
v -1.07679999 6.37419987 0.41549999
v -1.04990005 6.47830009 0.43520001
v -1.14590001 6.46150017 0.50269997
v -1.10029995 6.26859999 0.39930001
v -1.25000000 6.44509983 0.56199998
v -1.39020002 6.31309986 0.59280002
v -1.42100000 6.19320011 0.57110000
v -1.44159997 6.07189989 0.54409999
v -1.11849999 6.15810013 0.38670000
v -1.03690004 6.17320013 0.31610000
v -1.01590002 6.28529978 0.32810000
v -1.06009996 6.05159998 0.30109999
v -1.13460004 6.03760004 0.37320000
v -1.24960005 5.88539982 0.39919999
v -1.28209996 5.75400019 0.34360000
v -1.20130002 5.77869987 0.28819999
v -1.16159999 5.90679979 0.34169999
v -1.13740003 5.80240011 0.21840000
v -1.09440005 5.92350006 0.26870000
v -1.16400003 5.68499994 0.17280000
v -1.23450005 5.65869999 0.23420000
v -1.54879999 6.03179979 0.58530003
v -1.52849996 6.16520023 0.61150002
v -1.63039994 6.14589977 0.63050002
v -1.65380001 6.00579977 0.59759998
v -1.59959996 6.28280020 0.65120000
v -1.49730003 6.29479980 0.63160002
v -1.66020000 5.88579988 0.53710002
v -1.69570005 6.27850008 0.64480001
v -1.66630006 6.40880013 0.65539998
v -1.56710005 6.41139984 0.66200000
v -1.46350002 6.41860008 0.64569998
v -1.35710001 6.43020010 0.61080003
v -1.43190002 6.53649998 0.65770000
v -1.32470000 6.54400015 0.62709999
v -1.21800005 6.55459976 0.58170003
v -1.18700004 6.66209984 0.60159999
v -1.29390001 6.65430021 0.64359999
v -1.40219998 6.64930010 0.67030001
v -1.50940001 6.64669991 0.67979997
v -1.53690004 6.53219986 0.67040002
v -1.48459995 6.75589991 0.69180000
v -1.37520003 6.75759983 0.68480003
v -1.26540005 6.76119995 0.66109997
v -1.15799999 6.76739979 0.62190002
v -1.23899996 6.86509991 0.67970002
v -1.35090005 6.86210012 0.70120001
v -1.13039994 6.87050009 0.64240003
v -1.46309996 6.86100006 0.70649999
v -1.57309997 6.86110020 0.69580001
v -1.59159994 6.75559998 0.68180001
v -1.44410002 6.96290016 0.72329998
v -1.55739999 6.96339989 0.71210003
v -1.32900000 6.96369982 0.71910000
v -1.61339998 6.64589977 0.67060000
v -1.63829994 6.53070021 0.66250002
v -1.69420004 6.75600004 0.65499997
v -1.71290004 6.64610004 0.64260000
v -1.67869997 6.86199999 0.66990000
v -1.79079998 6.75710011 0.61299998
v -1.80729997 6.64680004 0.59689999
v -1.77820003 6.86380005 0.63010001
v -1.73520005 6.53090000 0.63270003
v -1.75989997 6.40969992 0.62379998
v -1.82690001 6.53219986 0.58200002
v -1.84700000 6.41270018 0.56660002
v -1.11530006 6.56739998 0.52420002
v -1.08519995 6.67259979 0.54640001
v -1.02110004 6.58199978 0.45719999
v -0.99199998 6.68529987 0.48019999
v -1.05630004 6.77629995 0.56860000
v -1.02830005 6.87830019 0.59050000
v -0.96359998 6.78770018 0.50330001
v -0.93559998 6.88859987 0.52569997
v -0.91090000 6.69969988 0.40520000
v -0.88290000 6.80100012 0.42780000
v -0.85530001 6.90100002 0.44949999
v -1.00139999 6.97840023 0.61199999
v -1.10469997 6.97109985 0.66299999
v -0.90810001 6.98799992 0.54729998
v -0.93919998 6.59749985 0.38270000
v -0.89990002 6.51009989 0.28279999
v -0.87260002 6.61299992 0.30219999
v -0.96670002 6.49480009 0.36149999
v -0.84460002 6.71490002 0.32269999
v -0.82330000 6.62809992 0.21600001
v -0.79530001 6.73040009 0.23289999
v -0.85159999 6.52400017 0.19970000
v -0.99250001 6.39120007 0.34290001
v -0.92610002 6.40560007 0.26600000
v -1.88090003 6.75890017 0.55839998
v -1.96360004 6.76230001 0.49439999
v -2.02830005 6.87690020 0.44890001
v -1.95389998 6.87050009 0.51800001
v -1.94860005 6.97550011 0.53789997
v -2.02399993 6.98220015 0.46919999
v -1.87010002 6.86630011 0.57870001
v -1.86360002 6.97060013 0.59759998
v -1.76919997 6.96719980 0.64770001
v -1.86020005 7.07219982 0.61470002
v -1.76259995 7.06790018 0.66469997
v -1.94790006 7.07770014 0.55470002
v -2.02509999 7.08449984 0.48510000
v -1.95000005 7.17710018 0.56870002
v -2.03060007 7.18429995 0.49750000
v -2.03909993 7.28179979 0.50739998
v -2.11109996 7.28959990 0.42240000
v -2.09980011 7.19189978 0.41580001
v -1.95459998 7.27430010 0.58099997
v -2.09159994 7.09240007 0.40560001
v -2.08879995 6.99049997 0.39120001
v -2.14730000 7.10010004 0.31590000
v -2.14330006 6.99930000 0.30480000
v -2.09200001 6.88590002 0.37169999
v -1.85889995 7.17110014 0.62989998
v -1.75829995 7.16629982 0.68070000
v -1.75600004 7.26240015 0.69590002
v -1.85969996 7.26779985 0.64380002
v -1.64960003 7.16260004 0.72020000
v -1.64460003 7.25810003 0.73610002
v -1.86240005 7.36269999 0.65730000
v -1.75539994 7.35650015 0.71090001
v -1.64129996 7.35160017 0.75209999
v -1.65680003 7.06489992 0.70349997
v -1.66649997 6.96479988 0.68650001
v -2.44079995 5.03289986 -0.79699999
v -2.45460010 4.87989998 -0.82290000
v -2.41729999 5.04580021 -0.91619998
v -2.42980003 4.89109993 -0.94260001
v -2.37319994 5.06050014 -1.03190005
v -2.38529992 4.90420008 -1.05890000
v -2.32540011 4.76009989 -1.18350005
v -2.39369988 4.74590015 -1.08039999
v -2.31800008 4.92040014 -1.16349995
v -2.24060011 4.77489996 -1.27139997
v -2.23060012 4.93730021 -1.25010002
v -2.33010006 4.59840012 -1.19879997
v -2.39750004 4.58640003 -1.09599996
v -2.43750000 4.73479986 -0.96350002
v -2.44059992 4.57760000 -0.97890002
v -2.39499998 4.42740011 -1.10360003
v -2.43869996 4.42030001 -0.98790002
v -2.38660002 4.27010012 -1.10339999
v -2.42969990 4.26399994 -0.98989999
v -2.32669997 4.27640009 -1.20940006
v -2.33100009 4.43660021 -1.20809996
v -2.25090003 4.28350019 -1.30190003
v -2.25160003 4.44670010 -1.29869998
v -2.24799991 4.61100006 -1.28810000
v -2.31469989 4.11990023 -1.19970000
v -2.37210011 4.11499977 -1.09560001
v -2.41450000 4.10890007 -0.98619998
v -2.46420002 4.41419983 -0.87000000
v -2.46569991 4.57009983 -0.85949999
v -2.46950006 4.40920019 -0.75250000
v -2.47079992 4.56349993 -0.74030000
v -2.46009994 4.25430012 -0.76020002
v -2.45479989 4.25850010 -0.87480003
v -2.46250010 4.72550011 -0.84369999
v -2.45609999 4.55730009 -0.62300003
v -2.45490003 4.40509987 -0.63690001
v -2.15089989 4.62330008 -1.35850000
v -2.14089990 4.78870010 -1.34060001
v -2.04110003 4.63450003 -1.40690005
v -2.02889991 4.80039978 -1.38820004
v -2.15730000 4.45730019 -1.37039995
v -2.15949988 4.29199982 -1.37479997
v -2.05530000 4.30179977 -1.42509997
v -2.05660009 4.13789988 -1.42130005
v -2.15660000 4.12970018 -1.36860001
v -2.05010009 4.46789980 -1.41970003
v -2.24289989 4.12410021 -1.29279995
v -1.92219996 4.64419985 -1.43320000
v -1.93350005 4.47809982 -1.44630003
v -1.90820003 4.80959988 -1.41429996
v -2.12840009 4.95240021 -1.31780005
v -2.01430011 4.96460009 -1.36450005
v -2.21919990 5.09730005 -1.22479999
v -2.11479998 5.11390018 -1.29130006
v -1.99860001 5.12659979 -1.33599997
v -1.98339999 5.28630018 -1.30569994
v -2.30719995 5.07830000 -1.13759995
v -2.35570002 5.21530008 -0.99830002
v -1.99759996 6.84079981 -0.82090002
v -1.88929999 6.84770012 -0.87760001
v -1.77260005 6.84819984 -0.91619998
v -1.86360002 6.93090010 -0.88720000
v -1.74559999 6.93020010 -0.92189997
v -1.84000003 7.01499987 -0.89770001
v -1.81819999 7.10059977 -0.90789998
v -1.69770002 7.09740019 -0.93519998
v -1.72060001 7.01300001 -0.92839998
v -1.62259996 6.92420006 -0.93790001
v -1.64989996 6.84200001 -0.93580002
v -1.52520001 6.82929993 -0.93500000
v -1.49810004 6.91289997 -0.93449998
v -1.59730005 7.00719976 -0.94110000
v -1.47309995 6.99760008 -0.93540001
v -1.43219995 6.72660017 -0.91780001
v -1.55480003 6.74690008 -0.93760002
v -1.40279996 6.81120014 -0.91350001
v -1.37580001 6.89750004 -0.91140002
v -1.57400000 7.09159994 -0.94520003
v -1.67630005 7.18330002 -0.94209999
v -1.55229998 7.17729998 -0.94999999
v -1.65629995 7.27019978 -0.94889998
v -1.53199995 7.26370001 -0.95539999
v -1.77849996 7.27610016 -0.92610002
v -1.79779994 7.18779993 -0.91750002
v -1.63740003 7.35799980 -0.95560002
v -1.51289999 7.35050011 -0.96130002
v -1.76020002 7.36560011 -0.93390000
v -1.44990003 7.08330011 -0.93769997
v -1.42830002 7.16979980 -0.94110000
v -1.40799999 7.25640011 -0.94550002
v -1.91450000 7.19119978 -0.87599999
v -2.02360010 7.19430017 -0.81690001
v -2.00780010 7.28739977 -0.83090001
v -1.89649999 7.28179979 -0.88709998
v -1.99170005 7.38119984 -0.84210002
v -1.87909997 7.37330008 -0.89620000
v -1.86210001 7.46519995 -0.90380001
v -1.74269998 7.45550013 -0.94090003
v -1.97539997 7.47529984 -0.85089999
v -2.09450006 7.38950014 -0.77010000
v -2.07929993 7.48540020 -0.78090000
v -2.16849995 7.49490023 -0.69220001
v -2.18149996 7.39699984 -0.67869997
v -2.30320001 6.90059996 -0.17460001
v -2.28690004 6.90409994 -0.07880000
v -2.29089999 7.00729990 -0.07970000
v -2.30850005 7.00470018 -0.18040000
v -2.29520011 7.10890007 -0.08580000
v -2.31229997 7.10790014 -0.19040000
v -2.31620002 7.10650015 -0.29809999
v -2.31459999 7.20959997 -0.20310000
v -2.31620002 7.20909977 -0.31349999
v -2.31430006 7.31029987 -0.32949999
v -2.29570007 7.30800009 -0.44319999
v -2.31089997 7.41050005 -0.34520000
v -2.28959990 7.40789986 -0.45969999
v -2.31529999 7.41090012 -0.23140000
v -2.31559992 7.31059980 -0.21720000
v -2.30329990 7.30950022 -0.10670000
v -2.30629992 7.40950012 -0.11860000
v -2.29139996 7.50619984 -0.01530000
v -2.30809999 7.50939989 -0.13000000
v -2.28660011 7.40700006 -0.00650000
v -2.28049994 7.30749989 0.00240000
v -2.31399989 7.51060009 -0.24490000
v -2.29940009 7.20940018 -0.09540000
v -2.30649996 7.51009989 -0.36000001
v -2.28189993 7.50759983 -0.47520000
v -2.30089998 7.60960007 -0.37369999
v -2.27270007 7.60680008 -0.48879999
v -2.31200004 7.60990000 -0.25720000
v -2.24720001 7.40329981 -0.57260001
v -2.23650002 7.50239992 -0.58759999
v -2.22440004 7.60109997 -0.60020000
v -2.15409994 7.59229994 -0.70279998
v -2.21090007 7.69840002 -0.61019999
v -2.13790011 7.68839979 -0.71010000
v -2.06299996 7.58099985 -0.78860003
v -2.04590011 7.67560005 -0.79390001
v -2.26789999 7.10909986 0.01640000
v -2.27390003 7.20830011 0.01050000
v -2.24079990 7.20679998 0.11540000
v -2.24959993 7.30509996 0.11090000
v -2.23329997 7.10830021 0.11730000
v -2.20169997 7.20400000 0.21980000
v -2.19339991 7.10559988 0.21789999
v -2.15639997 7.19910002 0.32220000
v -2.16739988 7.29670000 0.32429999
v -2.21210003 7.30179977 0.21879999
v -2.17899990 7.39370012 0.32440001
v -2.22250009 7.39930010 0.21600001
v -2.12290001 7.38630009 0.42640001
v -2.18959999 7.49020004 0.32370001
v -2.23239994 7.49679995 0.21259999
v -2.13369989 7.48199987 0.42899999
v -2.25819993 7.40350008 0.10530000
v -1.96829998 5.44229984 -1.26849997
v -1.85780001 5.29510021 -1.32799995
v -1.84089994 5.45079994 -1.29030001
v -1.72990000 5.30179977 -1.33190000
v -1.71150005 5.45790005 -1.29310000
v -1.58519995 5.46360016 -1.27359998
v -1.60409999 5.30730009 -1.31630003
v -1.56920004 5.61310005 -1.21899998
v -1.55499995 5.75610018 -1.16359997
v -1.45179999 5.61609983 -1.17519999
v -1.43760002 5.75979996 -1.12030005
v -1.34689999 5.61560011 -1.11150002
v -1.33290005 5.75920010 -1.05620003
v -1.25650001 5.61240005 -1.03230000
v -1.24430001 5.75489998 -0.97579998
v -1.17320001 5.74690008 -0.88239998
v -1.18210006 5.60629988 -0.94059998
v -1.19120002 5.45900011 -0.99540001
v -1.26929998 5.46369982 -1.08650005
v -1.12489998 5.59600019 -0.83899999
v -1.13010001 5.45100021 -0.89410001
v -1.12020004 5.73390007 -0.77980000
v -1.23500001 5.88859987 -0.91769999
v -1.16700006 5.87769985 -0.82200003
v -1.32219994 5.89449978 -1.00010002
v -1.31280005 6.01900005 -0.94520003
v -1.22790003 6.01020002 -0.86040002
v -1.16310000 5.99490023 -0.76209998
v -1.36179996 5.46619987 -1.16569996
v -1.46749997 5.46640015 -1.22969997
v -1.28120005 5.31090021 -1.13759995
v -1.37670004 5.31199980 -1.21619999
v -1.48500001 5.31090021 -1.27730000
v -1.42589998 5.89569998 -1.06529999
v -1.41340005 6.02190018 -1.01250005
v -1.54139996 5.89200020 -1.10959995
v -1.52470005 6.02059984 -1.06060004
v -1.39569998 6.13770008 -0.96439999
v -1.29920006 6.12989998 -0.89349997
v -1.50230002 5.15189981 -1.31690001
v -1.62240005 5.14769983 -1.35290003
v -1.51859999 4.99090004 -1.34979999
v -1.63989997 4.98600006 -1.38399994
v -1.76590002 4.98040009 -1.39660001
v -1.74820006 5.14230013 -1.36640000
v -1.65690005 4.82320023 -1.40859997
v -1.78279996 4.81689978 -1.42079997
v -1.89209998 4.97359991 -1.39010000
v -1.87500000 5.13560009 -1.36059999
v -1.79820001 4.65250015 -1.43959999
v -1.81149995 4.48759985 -1.45280004
v -1.67309999 4.65999985 -1.42760003
v -1.68780005 4.49639988 -1.44149995
v -1.53480005 4.82900000 -1.37580001
v -1.39189994 5.15450001 -1.25820005
v -1.40620005 4.99499989 -1.29310000
v -1.29380000 5.15520000 -1.18040001
v -1.30550003 4.99770021 -1.21700001
v -1.31840003 4.83850002 -1.24629998
v -1.42079997 4.83440018 -1.32089996
v -1.22990000 4.84100008 -1.15600002
v -1.21860003 4.99840021 -1.12570000
v -1.20930004 5.15399981 -1.08879995
v -1.55089998 4.66690016 -1.39600003
v -1.43630004 4.67320013 -1.34300005
v -1.56669998 4.50439978 -1.41149998
v -1.45260000 4.51170015 -1.36059999
v -1.37300003 6.24340010 -0.92220002
v -1.27939999 6.22779989 -0.84770000
v -1.25569999 6.31269979 -0.81070000
v -1.18219995 6.28319979 -0.72020000
v -1.20260000 6.20639992 -0.75770003
v -1.21819997 6.11609983 -0.80589998
v -1.15750003 6.09450006 -0.70560002
v -1.11880004 5.97289991 -0.65679997
v -1.11710000 6.06610012 -0.60000002
v -1.08850002 5.94519997 -0.55030000
v -1.08949995 6.03380013 -0.49460000
v -1.10749996 6.14440012 -0.55309999
v -1.07990003 6.10979986 -0.44900000
v -1.14590001 6.17810011 -0.65730000
v -1.12730002 6.24949980 -0.62089998
v -1.22379994 6.38609982 -0.78160000
v -1.15170002 6.35190010 -0.69129997
v -1.09609997 6.31799984 -0.59270000
v -1.08819997 6.21460009 -0.51789999
v -1.05379999 6.28709984 -0.49000001
v -1.05799997 6.18289995 -0.41400000
v -1.01960003 6.26149988 -0.38609999
v -1.06410003 5.91279984 -0.44520000
v -1.06589997 6.00040007 -0.39080000
v -1.05519998 6.07789993 -0.34570000
v -1.02960002 6.04969978 -0.24439999
v -1.04209995 5.96659994 -0.28929999
v -1.03030002 6.15670013 -0.31070000
v -1.00259995 6.13630009 -0.20970000
v -1.02199996 5.93300009 -0.19110000
v -1.00619996 6.02430010 -0.14700000
v -0.97790003 6.11969995 -0.11330000
v -1.04200006 5.87669992 -0.34240001
v -1.03520000 5.77390003 -0.40120000
v -1.05700004 5.80880022 -0.50550002
v -1.08399999 5.83790016 -0.61159998
v -1.01619995 5.61880016 -0.35609999
v -1.02999997 5.65660000 -0.46010000
v -1.02020001 5.73500013 -0.29960001
v -1.02540004 5.83869982 -0.24280000
v -1.05209994 5.68909979 -0.56610000
v -1.11829996 5.86089993 -0.71810001
v -1.08179998 5.71470022 -0.67320001
v -1.08340001 5.57989979 -0.73180002
v -1.08589995 5.43769979 -0.78560001
v -1.05449998 5.41790009 -0.67430001
v -1.05229998 5.55709982 -0.62300003
v -1.34679997 6.33760023 -0.88709998
v -1.41680002 6.44740009 -0.91799998
v -1.31270003 6.41860008 -0.85850000
v -1.38209999 6.53189993 -0.89840001
v -1.27830005 6.49980021 -0.83859998
v -1.46410000 6.64319992 -0.92530000
v -1.34840000 6.61579990 -0.88529998
v -1.58679998 6.66470003 -0.94340003
v -1.31620002 6.70139980 -0.87690002
v -1.21019995 6.67390013 -0.81690001
v -1.24370003 6.58479977 -0.82529998
v -1.11740005 6.64639997 -0.74080002
v -1.15240002 6.55310011 -0.74849999
v -1.07620001 6.52309990 -0.65899998
v -1.03900003 6.62109995 -0.65280002
v -1.18869996 6.46549988 -0.76150000
v -1.11510003 6.43190002 -0.67119998
v -0.97479999 6.59989977 -0.55720001
v -1.01470006 6.49730015 -0.56180000
v -1.00510001 6.72209978 -0.65039998
v -0.93900001 6.70489979 -0.55629998
v -1.08529997 6.74289989 -0.73689997
v -1.17949998 6.76590014 -0.81199998
v -1.15180004 6.85979986 -0.80980003
v -1.05649996 6.84089994 -0.73570001
v -1.28629994 6.78940010 -0.87190002
v -1.25919998 6.87919998 -0.86930001
v -3.40660000 15.19680023 -1.36889994
v -3.46219993 15.21280003 -1.22019994
v -3.57130003 15.12069988 -1.07089996
v -3.63220000 15.02079964 -1.07640004
v -3.69269991 14.91870022 -1.07850003
v -3.71099997 14.90919971 -0.92320001
v -3.65680003 15.00990009 -0.91939998
v -3.60209990 15.10999966 -0.91339999
v -3.66350007 14.98419952 -0.76419997
v -3.61509991 15.08530045 -0.75880003
v -3.55609989 15.15939999 -0.60570002
v -3.60500002 15.05550003 -0.60979998
v -3.65170002 14.95300007 -0.61299998
v -3.63070011 14.92650032 -0.46630001
v -3.58249998 15.03330040 -0.46450001
v -3.53259993 15.14089966 -0.46309999
v -3.47790003 15.24810028 -0.46290001
v -3.50259995 15.26249981 -0.60229999
v -3.43610001 15.23279953 -0.32080001
v -3.71250010 14.88440037 -0.76810002
v -3.75300002 14.81589985 -1.07770002
v -3.72510004 14.80430031 -1.22850001
v -3.68330002 14.77740002 -1.37119997
v -3.75110006 14.66810036 -1.35360003
v -3.81699991 14.55840015 -1.33580005
v -3.41829991 15.35249996 -0.46560001
v -3.37450004 15.33940029 -0.32609999
v -5.75209999 9.57339954 -0.69419998
v -5.75649977 9.57559967 -0.72579998
v -5.75519991 9.57820034 -0.75860000
v -5.72870016 9.43500042 -0.69160002
v -2.82969999 14.46140003 -0.16040000
v -2.74889994 14.58720016 -0.14700000
v -2.84139991 14.61419964 -0.04110000
v -2.67600012 14.57759953 -0.26629999
v -2.60910010 14.69740009 -0.26220000
v -2.75259995 14.45520020 -0.27939999
v -2.69289994 14.46319962 -0.40520000
v -2.62129998 14.58150005 -0.39179999
v -2.55590010 14.69610023 -0.38470000
v -0.36000001 20.45109940 0.43610001
v -0.24230000 20.48209953 0.45620000
v -0.12140000 20.49580002 0.46550000
v -0.12070000 20.57049942 0.33280000
v -0.00000000 20.49939919 0.46810001
v -0.00000000 20.57600021 0.33539999
v -0.00000000 20.63820076 0.19350000
v -0.11980000 20.63069916 0.19149999
v 0.00000000 20.41189957 0.59299999
v -0.12170000 20.40909958 0.59039998
v 0.00000000 20.30920029 0.70389998
v -0.24259999 20.39649963 0.57959998
v -5.71290016 9.34720039 -0.44220001
v -5.72590017 9.28199959 -0.43239999
v -5.70289993 9.27910042 -0.41400000
v -5.72069979 9.23130035 -0.39640000
v -5.68510008 9.27820015 -0.39019999
v -5.70429993 9.23289967 -0.37500000
v -5.67469978 9.27880001 -0.36379999
v -5.69250011 9.23910046 -0.35249999
v -5.68550014 9.24870014 -0.33530000
v -5.67080021 9.27999973 -0.33649999
v -5.70779991 9.21809959 -0.33350000
v -5.72510004 9.20520020 -0.35280001
v -5.72160006 9.21000004 -0.31270000
v -5.74139977 9.19499969 -0.33050001
v -5.75519991 9.19309998 -0.31040001
v -5.77309990 9.18719959 -0.32570001
v -5.75839996 9.19040012 -0.34760001
v -5.73629999 9.20880032 -0.29400000
v -5.70410013 9.23950005 -0.29730001
v -5.71899986 9.23970032 -0.27849999
v -5.73629999 9.24240017 -0.26159999
v -5.70240021 9.28409958 -0.26499999
v -5.72289991 9.28699970 -0.24760000
v -5.68620014 9.28190041 -0.28610000
v -5.75070000 9.21440029 -0.27669999
v -5.69250011 9.24170017 -0.31799999
v -5.67469978 9.28040028 -0.31020001
v -5.76870012 9.19839954 -0.29030001
v -5.78760004 9.19099998 -0.30329999
v -5.80009985 9.21269989 -0.28189999
v -5.80569983 9.19009972 -0.31690001
v -5.80350018 9.25319958 -0.26850000
v -5.77950001 9.21739960 -0.27169999
v -5.78109980 9.25109959 -0.25889999
v -5.79080009 9.18659973 -0.34119999
v -5.82719994 9.19089985 -0.33230001
v -5.81040001 9.19139957 -0.35830000
v -5.77500010 9.19079971 -0.36399999
v -5.75680017 9.20259953 -0.38920000
v -5.74079990 9.20199966 -0.37160000
v -5.73969984 9.23320007 -0.41450000
v -5.76350021 9.23770046 -0.42750001
v -5.77589989 9.20810032 -0.40470001
v -5.79279995 9.19579983 -0.38060001
v -5.81029987 9.21049976 -0.39789999
v -5.79209995 9.21860027 -0.41080001
v -5.83519983 9.20590019 -0.37930000
v -5.65040016 9.34070015 -0.33669999
v -5.63439989 9.42029953 -0.33539999
v -5.65430021 9.34150028 -0.30599999
v -5.66790009 9.34350014 -0.27890000
v -5.68720007 9.34619999 -0.25659999
v -5.81640005 9.24860001 -0.41409999
v -5.82969999 9.25319958 -0.38699999
v -5.84110022 9.21650028 -0.34920001
v -5.83319998 9.25739956 -0.35830000
v -5.78959990 9.24650002 -0.42530000
v -5.74910021 9.29189968 -0.24110000
v -5.75820017 9.24680042 -0.25319999
v -5.76300001 9.22319984 -0.26589999
v -1.67999995 15.16040039 0.52939999
v -1.62249994 15.11060047 0.58880001
v -1.61070001 15.06190014 0.54320002
v -1.66859996 15.11159992 0.48460001
v -4.98929977 9.90279961 0.37810001
v -5.02869987 9.89869976 0.38380000
v -4.99069977 9.85750008 0.42129999
v -5.01700020 9.84549999 0.44000000
v -4.96269989 9.85050011 0.43570000
v -4.98979998 9.82919979 0.47549999
v -4.96280003 9.83430004 0.50379997
v -4.99179983 9.83489990 0.53049999
v -4.97340012 9.84910011 0.55059999
v -4.94320011 9.85029984 0.52469999
v -4.92959976 9.85459995 0.45879999
v -4.90850019 9.87370014 0.48320001
v -4.93209982 9.87160015 0.54180002
v -4.95819998 9.86369991 0.56959999
v -4.91590023 9.89239979 0.55900002
v -4.93709993 9.88280010 0.58859998
v -4.91879988 9.91779995 0.56470001
v -4.93739986 9.92119980 0.57950002
v -4.90180016 9.92500019 0.52480000
v -4.90880013 9.94939995 0.54339999
v -4.90520000 9.90060043 0.50440001
v -4.97840023 9.85849953 0.59439999
v -4.88119984 9.95919991 0.45780000
v -4.99840021 9.85970020 0.61519998
v -4.88369989 10.08460045 0.48030001
v -4.90129995 10.00549984 0.50800002
v -4.93109989 9.96720028 0.55640000
v -4.89130020 9.98289967 0.48379999
v -1.93680000 0.22250000 1.80470002
v -1.96739995 0.23620000 1.78989995
v -1.61300004 2.50049996 -0.34299999
v -1.65600002 2.49309993 -0.30610001
v -1.61759996 2.65129995 -0.33230001
v -1.56700003 2.50609994 -0.38749999
v -1.56830001 2.65650010 -0.37480000
v -1.51810002 2.50830007 -0.44090000
v -1.51600003 2.65779996 -0.42590001
v -1.50979996 2.80749989 -0.41229999
v -1.56550002 2.80780005 -0.36090001
v -1.55669999 2.95900011 -0.34240001
v -1.61399996 2.95609999 -0.29769999
v -1.61819994 2.80369997 -0.31750000
v -1.66729999 2.94919991 -0.25670001
v -1.66700006 2.79660010 -0.27820000
v -1.71780002 2.94039989 -0.22200000
v -1.71300006 2.78789997 -0.24420001
v -1.76810002 2.93190002 -0.20150000
v -1.75919998 2.77950001 -0.22210000
v -1.81760001 2.92470002 -0.19720000
v -1.80589998 2.77259994 -0.21690001
v -1.77610004 3.08349991 -0.17930000
v -1.82910001 3.07590008 -0.17440000
v -1.72169995 3.09229994 -0.19990000
v -1.66369998 2.64400005 -0.29570001
v -1.70739996 2.63549995 -0.26490000
v -1.75070000 2.62709999 -0.24240001
v -1.66600001 3.10100007 -0.23490000
v -1.60710001 3.10710001 -0.27689999
v -1.72360003 3.24259996 -0.17670000
v -1.66299999 3.25090003 -0.21250001
v -1.59860003 3.25620008 -0.25580001
v -1.69799995 2.48480010 -0.27700001
v -1.54419994 3.10879993 -0.32319999
v -1.49710000 2.95700002 -0.39590001
v -1.48049998 3.10540009 -0.37900001
v -1.46190000 3.25130010 -0.36390001
v -1.53009999 3.25650001 -0.30450001
v -1.43990004 3.39350009 -0.34940001
v -1.51209998 3.39899993 -0.28690001
v -1.40040004 3.24460006 -0.43480000
v -1.37450004 3.38759995 -0.42199999
v -1.52139997 2.77550006 -1.15590000
v -1.58420002 2.77579999 -1.21099997
v -1.56760001 2.93460011 -1.21899998
v -1.50310004 2.93390012 -1.16299999
v -1.54869998 3.09439993 -1.22259998
v -1.48239994 3.09439993 -1.16579998
v -1.63759995 2.93580008 -1.26450002
v -1.62210000 3.09540009 -1.26810002
v -1.65090001 2.77649999 -1.25650001
v -1.66289997 2.61910009 -1.24360001
v -1.67460001 2.46429992 -1.22770000
v -1.72739995 2.61890006 -1.27629995
v -1.72010005 2.77710009 -1.28840005
v -1.78520000 2.93600011 -1.31400001
v -1.71130002 2.93680000 -1.29620004
v -1.78900003 2.77640009 -1.30630004
v -1.70019996 3.09619999 -1.29990005
v -1.77909994 3.09520006 -1.31830001
v -1.85619998 2.93309999 -1.31889999
v -1.85479999 2.77430010 -1.31110001
v -1.79100001 2.61820006 -1.29489994
v -1.85160005 2.61710000 -1.29990005
v -1.52670002 3.25370002 -1.22609997
v -1.45840001 3.25600004 -1.16750002
v -1.42330003 3.09400010 -1.10220003
v -1.39919996 3.25760007 -1.10080004
v -1.42960000 3.41709995 -1.17420006
v -1.37030005 3.42359996 -1.10150003
v -1.50100005 3.41090012 -1.23570001
v -1.60409999 3.25340009 -1.27149999
v -1.58329999 3.40869999 -1.28079998
v -1.65450001 3.55970001 -1.32980001
v -1.56040001 3.56100011 -1.30079997
v -1.67149997 3.40829992 -1.31140006
v -1.47239995 3.56509995 -1.25500000
v -1.53740001 3.71129990 -1.33159995
v -1.44869995 3.72099996 -1.27699995
v -1.63689995 3.70849991 -1.36080003
v -1.76150000 3.40619993 -1.33019996
v -1.75080001 3.55719995 -1.34650004
v -1.68690002 3.25370002 -1.30320001
v -1.77110004 3.25209999 -1.32239997
v -1.39890003 3.57680011 -1.18789995
v -1.33899999 3.58759999 -1.10909998
v -1.37240005 3.73499990 -1.20430005
v -1.30850005 3.74740005 -1.11950004
v -1.27989995 3.90370011 -1.12810004
v -1.22119999 3.90989995 -1.03190005
v -1.25189996 3.75139999 -1.03090000
v -1.20029998 3.74600005 -0.94239998
v -1.16880000 3.90860009 -0.93529999
v -1.19270003 4.06589985 -1.02929997
v -1.13989997 4.06780005 -0.92589998
v -1.25329995 4.05889988 -1.13119996
v -1.34739995 3.89170003 -1.21889997
v -1.42739999 3.87800002 -1.29700005
v -1.32389998 4.04829979 -1.22660005
v -1.40730000 4.03660011 -1.30900002
v -1.28520000 3.58920002 -1.02800000
v -1.31729996 3.42269993 -1.02730000
v -1.27409995 3.41450000 -0.94929999
v -1.23660004 3.58080006 -0.94660002
v -1.64400005 2.16370010 -1.15999997
v -1.89170003 2.31329989 -1.26810002
v -1.89929998 2.46300006 -1.27900004
v -1.94669998 2.46379995 -1.25670004
v -1.95910001 2.61540008 -1.26849997
v -1.99020004 2.46560001 -1.22060001
v -2.00519991 2.61599994 -1.23130000
v -2.04670000 2.61759996 -1.18139994
v -2.06439996 2.76869988 -1.18840003
v -2.02080011 2.76869988 -1.24059999
v -2.08240008 2.92140007 -1.19229996
v -2.03600001 2.92300010 -1.24689996
v -2.12269998 2.91919994 -1.12650001
v -2.14409995 3.07049990 -1.12489998
v -2.10100007 3.07459998 -1.19360006
v -2.05110002 3.07750010 -1.25080001
v -1.99319994 3.08100009 -1.29229999
v -1.98280001 2.92529988 -1.28690004
v -2.00320005 3.23499990 -1.29779994
v -2.06640005 3.23060012 -1.25460005
v -1.92260003 2.92890000 -1.31050003
v -1.92760003 3.08599997 -1.31620002
v -1.93149996 3.24119997 -1.32210004
v -2.12080002 3.22690010 -1.19470000
v -2.08249998 3.38140011 -1.26150000
v -2.01320004 3.38639998 -1.30649996
v -2.14210010 3.37739992 -1.19889998
v -1.97150004 2.76950002 -1.27919996
v -1.90789998 2.61590004 -1.29139996
v -1.91600001 2.77160001 -1.30250001
v -2.16759992 3.22149992 -1.12310004
v -2.20689988 3.21320009 -1.04449999
v -2.23679996 3.36209989 -1.04310000
v -2.19350004 3.37150002 -1.12430000
v -2.30390000 3.49970007 -0.95760000
v -2.26830006 3.51099992 -1.04649997
v -2.26889992 3.35120010 -0.95740002
v -2.22090006 3.52029991 -1.13129997
v -2.29900002 3.66030002 -1.05530000
v -2.24819994 3.66829991 -1.14460003
v -2.33730006 3.64989996 -0.96200001
v -2.23510003 3.20420003 -0.96109998
v -2.32259989 3.49090004 -0.86530000
v -2.28460002 3.34340000 -0.86790001
v -2.24799991 3.19810009 -0.87330002
v -2.17989993 3.06430006 -1.04869998
v -2.15590000 2.91569996 -1.05270004
v -2.20490003 3.05789995 -0.96689999
v -2.17860007 2.91230011 -0.97259998
v -1.95860004 7.56909990 -0.85729998
v -1.84529996 7.55709982 -0.91020000
v -1.72580004 7.54559994 -0.94730002
v -1.61950004 7.44630003 -0.96219999
v -1.60230005 7.53469992 -0.96880001
v -1.58560002 7.62290001 -0.97560000
v -1.46010005 7.61170006 -0.98189998
v -1.47720003 7.52470016 -0.97450000
v -1.49469995 7.43760014 -0.96770000
v -1.38890004 7.34299994 -0.95080000
v -1.37049997 7.42929983 -0.95709997
v -1.26769996 7.33540010 -0.92409998
v -1.24919999 7.42170000 -0.93040001
v -1.28680003 7.24849987 -0.91909999
v -1.15190005 7.32800007 -0.88160002
v -1.17100000 7.24009991 -0.87650001
v -1.04390001 7.32079983 -0.82389998
v -1.06309998 7.23180008 -0.81860000
v -1.13320005 7.41450024 -0.88800001
v -1.02489996 7.40799999 -0.83039999
v -1.19070005 7.15100002 -0.87260002
v -1.30680001 7.16079998 -0.91520000
v -1.35259998 7.51560020 -0.96420002
v -1.23090005 7.50740004 -0.93779999
v -1.33500004 7.60160017 -0.97210002
v -1.21270001 7.59270000 -0.94599998
v -1.56920004 7.71070004 -0.98250002
v -1.44319999 7.69829988 -0.98979998
v -1.31739998 7.68739986 -0.98049998
v -1.19420004 7.67789984 -0.95469999
v -1.09549999 7.58510017 -0.90369999
v -1.07620001 7.66979980 -0.91229999
v -1.17550004 7.76289988 -0.96350002
v -1.05639994 7.75439978 -0.92060000
v -1.29960001 7.77299976 -0.98909998
v -1.11450005 7.50010014 -0.89550000
v -1.00569999 7.49380016 -0.83780003
v -0.98600000 7.57859993 -0.84579998
v -1.70930004 7.63520002 -0.95330000
v -1.81219995 7.73859978 -0.92009997
v -1.69289994 7.72419977 -0.95910001
v -1.82869995 7.64839983 -0.91530001
v -1.67680001 7.81239986 -0.96499997
v -1.55280006 7.79799986 -0.98949999
v -1.79589999 7.82779980 -0.92510003
v -1.94169998 7.66200018 -0.86210001
v -1.92480004 7.75339985 -0.86629999
v -2.02850008 7.76819992 -0.79790002
v -2.10360003 7.87400007 -0.71969998
v -2.01149988 7.85920000 -0.80180001
v -2.12069988 7.78219986 -0.71530002
v -1.90810001 7.84359980 -0.87050003
v -1.89170003 7.93279982 -0.87529999
v -1.77970004 7.91620016 -0.93059999
v -1.66050005 7.90010023 -0.97140002
v -1.53629994 7.88490009 -0.99669999
v -1.42630005 7.78469992 -0.99769998
v -1.40919995 7.87099981 -1.00549996
v -1.28180003 7.85869980 -0.99720001
v -1.39189994 7.95709991 -1.01300001
v -1.26370001 7.94420004 -1.00450003
v -1.15660000 7.84800005 -0.97140002
v -1.13759995 7.93300009 -0.97810000
v -1.51950002 7.97160006 -1.00390005
v -1.62740004 8.07470036 -0.98500001
v -1.50250006 8.05809975 -1.01090002
v -1.64409995 7.98750019 -0.97810000
v -1.37419999 8.04300022 -1.01979995
v -2.19630003 7.79349995 -0.61820000
v -2.25020003 7.80079985 -0.50959998
v -2.26189995 7.70469999 -0.50019997
v -2.29380012 7.70790005 -0.38550001
v -2.28579998 7.80480003 -0.39539999
v -2.30879998 7.70860004 -0.26820001
v -2.30870008 7.70709991 -0.14960000
v -2.30900002 7.60860014 -0.14040001
v -2.29749990 7.70319986 -0.03110000
v -2.29489994 7.60510015 -0.02350000
v -2.30730009 7.80450010 -0.15790001
v -2.30430007 7.80609989 -0.27750000
v -2.30509996 7.90110016 -0.16540000
v -2.29900002 7.90240002 -0.28590000
v -2.27729988 7.90019989 -0.40410000
v -2.23839998 7.89519978 -0.51789999
v -2.26850009 7.99490023 -0.41209999
v -2.22659993 7.98869991 -0.52539998
v -2.18140006 7.88660002 -0.62480003
v -2.16639996 7.97860003 -0.63090003
v -2.29310012 7.99779987 -0.29350001
v -2.30209994 7.99709988 -0.17240000
v -2.29800010 8.09319973 -0.17860000
v -2.28660011 8.09319973 -0.30059999
v -2.29239988 8.18900013 -0.18390000
v -2.27929997 8.18850040 -0.30700001
v -2.29020000 8.18560028 -0.05820000
v -2.29450011 8.08990002 -0.05420000
v -2.29730010 7.99380016 -0.04940000
v -2.29859996 7.89750004 -0.04400000
v -2.29870009 7.80060005 -0.03790000
v -2.25950003 8.08930016 -0.41960001
v -2.25009990 8.18379974 -0.42660001
v -2.21499991 8.08160019 -0.53280002
v -2.20330000 8.17490005 -0.54000002
v -2.27990007 7.79489994 0.08260000
v -2.27699995 7.69780016 0.08760000
v -2.25029993 7.78709984 0.20250000
v -2.24679995 7.69070005 0.20559999
v -2.20469999 7.68190002 0.32120001
v -2.20819998 7.77710009 0.32010001
v -2.24070001 7.59390020 0.20909999
v -2.19840002 7.58629990 0.32249999
v -2.15179992 7.76529980 0.43340001
v -2.14860010 7.67140007 0.43200001
v -2.14249992 7.57700014 0.43070000
v -2.25119996 7.88299990 0.20000000
v -2.28080010 7.89139986 0.07820000
v -2.20889997 7.87190008 0.31959999
v -2.27230000 7.60010004 0.09320000
v -2.26580000 7.50199986 0.09920000
v -2.04949999 7.37799978 0.51590002
v -1.96910000 7.46390009 0.60310000
v -2.06040001 7.47289991 0.52350003
v -1.96130002 7.36990023 0.59240001
v -2.06929994 7.56669998 0.52939999
v -2.07520008 7.65969992 0.53430003
v -2.07850003 7.75220013 0.53899997
v -1.98140001 7.64820004 0.62210000
v -1.98510003 7.73899984 0.63120002
v -1.87619996 7.72730017 0.70700002
v -1.87360001 7.63789988 0.69470000
v -1.97599995 7.55649996 0.61290002
v -1.87020004 7.54740000 0.68260002
v -1.75670004 7.53959990 0.73949999
v -1.75769997 7.62909985 0.75330001
v -1.63730001 7.53340006 0.78289998
v -1.63569999 7.62209988 0.79780000
v -1.63909996 7.44329977 0.76779997
v -1.75580001 7.44890022 0.72539997
v -1.86629999 7.45580006 0.67030001
v -1.51300001 7.52890015 0.81230003
v -1.50880003 7.61709976 0.82770002
v -1.75829995 7.71750021 0.76730001
v -1.63390005 7.70979977 0.81260002
v -1.50440001 7.70410013 0.84289998
v -1.87769997 7.81619978 0.71960002
v -1.98710001 7.82929993 0.64060003
v -1.75820005 7.80520010 0.78170002
v -2.07940006 7.84410000 0.54420000
v -2.15240002 7.85869980 0.43529999
v -2.15039992 7.95170021 0.43810001
v -2.20700002 7.96610022 0.31990001
v -2.07349992 8.02700043 0.55640000
v -2.14619994 8.04440022 0.44190001
v -2.07780004 7.93569994 0.54990000
v -1.98660004 7.91930008 0.65009999
v -1.98329997 8.00920010 0.65979999
v -2.14050007 8.13679981 0.44690001
v -2.19799995 8.15330029 0.32339999
v -2.20320010 8.05980015 0.32110000
v -2.06750011 8.11839962 0.56389999
v -1.35990000 9.27379990 -1.10239995
v -1.37880003 9.19180012 -1.08959997
v -1.23060000 9.23999977 -1.11039996
v -1.24979997 9.15939999 -1.09949994
v -1.11870003 9.12940025 -1.08700001
v -1.26960003 9.07800007 -1.08949995
v -1.39830005 9.10919952 -1.07790005
v -1.41830003 9.02589989 -1.06729996
v -1.54180002 9.05720043 -1.03330004
v -1.43859994 8.94180012 -1.05770004
v -1.56190002 8.97179985 -1.02260005
v -1.67799997 9.00209999 -0.96869999
v -1.58200002 8.88570023 -1.01279998
v -1.69790006 8.91469955 -0.95850003
v -1.45910001 8.85690022 -1.04929996
v -1.33099997 8.82919979 -1.06599998
v -1.31040001 8.91300011 -1.07290006
v -1.28980005 8.99590015 -1.08060002
v -1.60220003 8.79880047 -1.00390005
v -1.71759999 8.82670021 -0.94889998
v -1.73710001 8.73799992 -0.93989998
v -1.84340000 8.76410007 -0.86909997
v -1.82439995 8.85400009 -0.87800002
v -1.62210000 8.71119976 -0.99559999
v -1.80499995 8.94320011 -0.88749999
v -1.47959995 8.77120018 -1.04149997
v -1.49969995 8.68470001 -1.03400004
v -1.37189996 8.65939999 -1.05350006
v -1.35160005 8.74460030 -1.05960000
v -1.78550005 9.03190041 -0.89770001
v -1.65830004 9.08899975 -0.98000002
v -1.88310003 9.06029987 -0.81099999
v -1.90240002 8.97029972 -0.80170000
v -0.98850000 9.10249996 -1.05229998
v -2.17140007 9.24510002 -0.19710000
v -2.18630004 9.14659977 -0.19830000
v -2.19989991 9.04930019 -0.19890000
v -2.21289992 9.04780006 -0.05640000
v -2.17000008 9.04409981 -0.33680001
v -2.18499994 8.94900036 -0.33510000
v -2.21370006 8.95320034 -0.19960000
v -2.19959998 8.85410023 -0.33329999
v -2.22700000 8.85750008 -0.20000000
v -2.23569989 8.85420036 -0.06170000
v -2.23920012 8.76200008 -0.20000000
v -2.24559999 8.75829983 -0.06340000
v -2.21339989 8.75930023 -0.33129999
v -2.22659993 8.66450024 -0.32879999
v -2.24970007 8.66629982 -0.19890000
v -2.13980007 8.93869972 -0.46380001
v -2.15580010 8.84480000 -0.45989999
v -2.12339997 9.03269958 -0.46779999
v -2.06240010 9.01599979 -0.59009999
v -2.08010006 8.92319965 -0.58410001
v -2.10710001 9.12699986 -0.47229999
v -2.04469991 9.10879993 -0.59660000
v -2.15490007 9.14000034 -0.33880001
v -2.09739995 8.83040047 -0.57849997
v -2.17140007 8.75080013 -0.45609999
v -2.11439991 8.73719978 -0.57319999
v -2.18639994 8.65670013 -0.45230001
v -2.13100004 8.64400005 -0.56819999
v -2.14739990 8.55049992 -0.56339997
v -2.20090008 8.56250000 -0.44819999
v -2.16310000 8.45680046 -0.55839998
v -2.21469998 8.46790028 -0.44369999
v -2.23900008 8.56949997 -0.32570001
v -2.25060010 8.47420025 -0.32210001
v -2.07620001 8.53359985 -0.66780001
v -2.05970001 8.62650013 -0.67400002
v -1.97520006 8.60569954 -0.76899999
v -1.99199998 8.51360035 -0.76179999
v -2.04279995 8.71920013 -0.68059999
v -1.95770001 8.69750023 -0.77649999
v -2.25939989 8.57079983 -0.19730000
v -2.26320004 8.56719971 -0.06520000
v -2.25480008 8.66269970 -0.06470000
v -2.26859999 8.47550011 -0.19499999
v -2.27090001 8.47179985 -0.06490000
v -2.27740002 8.38010025 -0.19220001
v -2.27800012 8.37650013 -0.06360000
v -2.26099992 8.37889957 -0.31760001
v -2.24349999 8.65390015 0.07240000
v -2.25060010 8.55840015 0.06990000
v -2.23569989 8.74940014 0.07570000
v -2.22090006 8.54529953 0.20660000
v -2.21519995 8.64050007 0.21120000
v -2.20919991 8.73610020 0.21640000
v -2.22709990 8.84539986 0.07960000
v -2.25690007 8.46329975 0.06820000
v -2.22630000 8.45040035 0.20270000
v -2.17989993 8.43410015 0.33669999
v -2.23169994 8.35589981 0.19970000
v -2.18580008 8.34020042 0.33129999
v -2.26279998 8.36830044 0.06740000
v -2.17429996 8.52859974 0.34290001
v -2.22490001 8.95069981 -0.05930000
v -2.20840001 9.04010010 0.08890000
v -2.21799994 8.94219971 0.08400000
v -2.19330001 8.92879963 0.22800000
v -2.18230009 9.02649975 0.23410000
v -2.13910007 9.00949955 0.37560001
v -2.12870002 9.10890007 0.38170001
v -2.08039999 8.99050045 0.51150000
v -2.14860010 8.91160011 0.36939999
v -2.08739996 8.89220047 0.50550002
v -2.20210004 8.83209991 0.22200000
v -2.15660000 8.81490040 0.36300001
v -2.09400010 8.79520035 0.49900001
v -2.16330004 8.71889973 0.35630000
v -2.10030007 8.69919968 0.49190000
v -2.16890001 8.62349987 0.34950000
v -2.10640001 8.60389996 0.48410001
v -2.00999999 8.87100029 0.63270003
v -2.01550007 8.77369976 0.62629998
v -2.02160001 8.67749977 0.61900002
v -2.14000010 9.23729992 -0.34119999
v -2.09109998 9.22249985 -0.47760001
v -2.02729988 9.20230007 -0.60399997
v -1.96940005 9.08619976 -0.70969999
v -1.98810005 8.99479961 -0.70169997
v -2.00679994 8.90330029 -0.69430000
v -2.02509999 8.81140041 -0.68730003
v -1.93970001 8.78890038 -0.78439999
v -1.86179996 8.67370033 -0.86049998
v -1.92120004 8.87989998 -0.79280001
v -2.00500011 8.96969986 0.63789999
v -1.91170001 8.94789982 0.74860001
v -1.91520000 8.84889984 0.74390000
v -1.80289996 8.92560005 0.84210002
v -1.68169999 8.90270042 0.91649997
v -1.91999996 8.75129986 0.73799998
v -1.92620003 8.65509987 0.73070002
v -1.93379998 8.55980015 0.72200000
v -1.82470000 8.53750038 0.81629997
v -1.94260001 8.46570015 0.71219999
v -1.83440006 8.44400024 0.80659997
v -2.03590012 8.48789978 0.60100001
v -2.04399991 8.39439964 0.59119999
v -1.95200002 8.37279987 0.70169997
v -2.11919999 8.41520023 0.46770000
v -2.11260009 8.50930023 0.47589999
v -2.02839994 8.58230019 0.61049998
v -2.12619996 8.32190037 0.45989999
v -2.05229998 8.30179977 0.58149999
v -1.96150005 8.28100014 0.69090003
v -2.19199991 8.24670029 0.32690001
v -2.13350010 8.22920036 0.45289999
v -2.06030011 8.20989990 0.57239997
v -1.84469998 8.35179996 0.79600000
v -1.73450005 8.24240017 0.85850000
v -1.85500002 8.26080036 0.78469998
v -1.86440003 8.17080021 0.77249998
v -1.97029996 8.18990040 0.68030000
v -1.97780001 8.09939957 0.66990000
v -1.87160003 8.08150005 0.75980002
v -1.87559998 7.99289989 0.74610001
v -1.74310005 8.15380001 0.84380001
v -1.61670005 8.05389977 0.87599999
v -1.60930002 8.13990021 0.89240003
v -1.74969995 8.06630039 0.82819998
v -1.75409997 7.97930002 0.81230003
v -1.62290001 7.96829987 0.85949999
v -1.46819997 8.12819958 0.92060000
v -1.47739995 8.04370022 0.90490001
v -0.38290000 8.40719986 -0.08850000
v -0.41020000 8.42109966 -0.23109999
v -0.39850000 8.32960033 -0.10910000
v -0.42649999 8.34340000 -0.24940000
v -0.41440001 8.25259972 -0.12909999
v -0.44310001 8.26609993 -0.26750001
v -0.43070000 8.17590046 -0.14820001
v -0.46010000 8.18889999 -0.28500000
v -0.50389999 8.20110035 -0.41839999
v -0.48640001 8.27880001 -0.40290001
v -0.56250000 8.21259975 -0.54570001
v -0.52190000 8.12310028 -0.43279999
v -0.58090001 8.13379955 -0.55800003
v -0.47749999 8.11170006 -0.30120000
v -0.44740000 8.09930038 -0.16599999
v -0.43099999 8.08609962 -0.02980000
v -0.41510001 8.16219997 -0.01100000
v -0.42760000 8.07240009 0.10470000
v -0.41249999 8.14789963 0.12410000
v -0.44310001 7.99660015 0.08690000
v -0.44740000 8.00979996 -0.04710000
v -0.46460000 8.02239990 -0.18230000
v -0.42260000 8.13360023 0.25430000
v -0.43689999 8.05869961 0.23490000
v -0.39960000 8.23830032 0.00940000
v -0.49550000 8.03400040 -0.31600001
v -0.54049999 8.04459953 -0.44569999
v -0.48249999 7.94490004 -0.19690000
v -0.51410002 7.95580006 -0.32900000
v -0.50089997 7.86660004 -0.20970000
v -0.53329998 7.87669992 -0.34009999
v -0.48179999 7.85519981 -0.07710000
v -0.46430001 7.93289995 -0.06280000
v -0.55960000 7.96549988 -0.45680001
v -0.59990001 8.05440044 -0.56879997
v -0.61940002 7.97429991 -0.57770002
v -0.54449999 8.29090023 -0.53250003
v -0.52689999 8.36880016 -0.51870000
v -0.46919999 8.35639954 -0.38690001
v -0.50950003 8.44670010 -0.50510001
v -0.45230001 8.43410015 -0.37090001
v -0.58130002 8.45899963 -0.63099998
v -0.56339997 8.53709984 -0.62040001
v -0.49210000 8.52460003 -0.49210000
v -0.64929998 8.54990005 -0.73729998
v -0.54549998 8.61540031 -0.61070001
v -0.66759998 8.47150040 -0.74570000
v -0.47450000 8.60299969 -0.48019999
v -0.59930003 8.38090038 -0.64219999
v -0.61739999 8.30249977 -0.65359998
v -0.43550000 8.51220036 -0.35550001
v -0.39399999 8.49940014 -0.21310000
v -0.63569999 8.22350025 -0.66460001
v -0.72299999 8.23419952 -0.77209997
v -0.70429999 8.31389999 -0.76359999
v -0.68589997 8.39299965 -0.75459999
v -0.76770002 8.48449993 -0.84549999
v -0.78649998 8.40520000 -0.85189998
v -0.88020003 8.49839973 -0.92690003
v -0.89960003 8.41819954 -0.93059999
v -0.80540001 8.32540035 -0.85829997
v -0.91890001 8.33749962 -0.93409997
v -0.82440001 8.24499989 -0.86400002
v -0.74190003 8.15380001 -0.77960002
v -0.84369999 8.16370010 -0.86860001
v -0.86320001 8.08150005 -0.87140000
v -0.97710001 8.09119987 -0.93879998
v -0.95760000 8.17409992 -0.93870002
v -0.76120001 8.07250023 -0.78539997
v -0.93820000 8.25619984 -0.93699998
v -0.65439999 8.14389992 -0.67449999
v -0.67360002 8.06359959 -0.68290001
v -0.74890000 8.56350040 -0.83950001
v -0.86089998 8.57849979 -0.92350000
v -0.98229998 8.59529972 -0.98760003
v -0.96249998 8.67660046 -0.98729998
v -1.08990002 8.69690037 -1.03289998
v -1.11010003 8.61429977 -1.03079998
v -1.00209999 8.51399994 -0.98830003
v -1.02190006 8.43249989 -0.98909998
v -1.14999998 8.44880009 -1.02709997
v -1.04139996 8.35079956 -0.98979998
v -1.16960001 8.36579990 -1.02520001
v -1.06089997 8.26850033 -0.98989999
v -1.18900001 8.28250027 -1.02289999
v -1.08019996 8.18570042 -0.98909998
v -1.20799994 8.19880009 -1.01989996
v -1.31930006 8.29839993 -1.03600001
v -1.30019999 8.38290024 -1.04030001
v -1.33800006 8.21360016 -1.03129995
v -1.46720004 8.23040009 -1.02400005
v -1.44889998 8.31630039 -1.02999997
v -1.59309995 8.24880028 -0.99900001
v -1.57539999 8.33600044 -1.00590003
v -1.43030000 8.40209961 -1.03590000
v -1.55719995 8.42329979 -1.01289999
v -1.35630000 8.12849998 -1.02590001
v -1.48500001 8.14430046 -1.01760006
v -1.22679996 8.11439991 -1.01590002
v -1.28079998 8.46730042 -1.04449999
v -1.26110005 8.55160046 -1.04849994
v -1.13020003 8.53160000 -1.02890003
v -1.41120005 8.48799992 -1.04170001
v -1.39180005 8.57380009 -1.04760003
v -1.09940004 8.10210037 -0.98699999
v -1.11849999 8.01780033 -0.98329997
v -1.24530005 8.02950001 -1.01080000
v -0.99669999 8.00759983 -0.93720001
v -1.01650000 7.92339993 -0.93349999
v -1.24100006 8.63570023 -1.05270004
v -1.22070003 8.71969986 -1.05700004
v -1.20019996 8.80309963 -1.06159997
v -1.75610006 8.64869976 -0.93159997
v -1.77460003 8.55900002 -0.92360002
v -1.87979996 8.58290005 -0.85259998
v -1.79250002 8.46899986 -0.91589999
v -1.89730000 8.49180031 -0.84509999
v -1.91419995 8.40069962 -0.83780003
v -2.00850010 8.42140007 -0.75500000
v -1.80980003 8.37889957 -0.90840000
v -1.82659996 8.28919983 -0.90100002
v -1.93060005 8.30970001 -0.83069998
v -1.69630003 8.35709953 -0.96490002
v -1.67859995 8.44579983 -0.97240001
v -1.66040003 8.53460026 -0.97990000
v -1.53859997 8.51060009 -1.01979995
v -1.51940000 8.59780025 -1.02680004
v -1.64150000 8.62310028 -0.98760003
v -1.71350002 8.26860046 -0.95760000
v -1.73039997 8.18029976 -0.95029998
v -1.84300005 8.19970036 -0.89380002
v -1.61049998 8.16170025 -0.99199998
v -1.74699998 8.09230042 -0.94340003
v -1.85920000 8.11060047 -0.88709998
v -1.94659996 8.21899986 -0.82380003
v -2.02440000 8.32929993 -0.74830002
v -2.09220004 8.44050026 -0.66180003
v -2.10750008 8.34729958 -0.65560001
v -2.17770004 8.36270046 -0.55290002
v -2.22779989 8.37320042 -0.43860000
v -2.23950005 8.27849960 -0.43290001
v -2.27069998 8.28369999 -0.31259999
v -2.19099998 8.26869965 -0.54670000
v -2.12220001 8.25440025 -0.64920002
v -2.13680005 8.16199970 -0.64300001
v -2.28550005 8.28470039 -0.18850000
v -2.03999996 8.23750019 -0.74169999
v -2.05539989 8.14630032 -0.73540002
v -1.97850001 8.03909969 -0.81140000
v -2.07100010 8.05550003 -0.72950000
v -1.96249998 8.12889957 -0.81730002
v -2.08699989 7.96490002 -0.72430003
v -2.15149999 8.07019997 -0.63679999
v -1.99479997 7.94929981 -0.80620003
v -1.87539995 8.02180004 -0.88080001
v -0.66000003 8.24499989 0.79140002
v -0.67250001 8.16899967 0.77560002
v -0.77740002 8.17119980 0.83690000
v -0.91090000 8.09710026 0.87150002
v -0.79149997 8.09389973 0.82270002
v -0.70220000 8.01720047 0.74460000
v -0.68640000 8.09309959 0.76029998
v -0.80620003 8.01659966 0.80890000
v -0.60210001 8.09549999 0.68199998
v -0.53549999 8.10099983 0.59079999
v -0.54949999 8.02649975 0.57370001
v -0.49820000 8.03509998 0.47049999
v -0.48449999 8.10960007 0.48850000
v -0.44700000 8.12059975 0.37619999
v -0.46079999 8.04599953 0.35740000
v -0.47490001 7.97100019 0.33989999
v -0.45159999 7.98339987 0.21709999
v -0.51209998 7.96010017 0.45370001
v -0.56349999 7.95130014 0.55760002
v -0.57740003 7.87519979 0.54229999
v -0.63120002 7.94469976 0.65030003
v -0.64529997 7.86800003 0.63559997
v -0.71710002 7.94049978 0.73000002
v -0.73130000 7.86299992 0.71600002
v -0.61669999 8.02050018 0.66570002
v -0.59140003 7.79780006 0.52730000
v -0.65930003 7.79020023 0.62099999
v -0.52600002 7.88430023 0.43779999
v -0.54020000 7.80730009 0.42250001
v -0.82080001 7.93879986 0.79540002
v -0.83490002 7.86030006 0.78200001
v -0.74519998 7.78450012 0.70200002
v -0.84880000 7.78079987 0.76810002
v -0.75929999 7.70440006 0.68760002
v -0.86250001 7.70009995 0.75379997
v -0.67350000 7.71080017 0.60630000
v -0.68790001 7.62970018 0.59119999
v -0.77329999 7.62279987 0.67250001
v -0.62019998 7.63840008 0.49730000
v -0.60570002 7.71899986 0.51239997
v -0.87589997 7.61759996 0.73900002
v -0.78770000 7.53910017 0.65689999
v -0.70279998 7.54659986 0.57580000
v -0.88910002 7.53319979 0.72359997
v -0.96670002 7.77920008 0.81830001
v -0.97960001 7.69750023 0.80419999
v -1.09440005 7.77950001 0.85250002
v -1.10599995 7.69670010 0.83829999
v -1.22790003 7.78149986 0.87059999
v -1.23780000 7.69770002 0.85610002
v -1.37170005 7.70020008 0.85750002
v -1.37849998 7.61399984 0.84230000
v -1.24699998 7.61250019 0.84100002
v -1.36380005 7.78509998 0.87239999
v -1.11689997 7.61250019 0.82330000
v -1.21700001 7.86429977 0.88470000
v -1.08200002 7.86119986 0.86619997
v -1.06889999 7.94199991 0.87949997
v -1.20539999 7.94630003 0.89859998
v -0.95349997 7.85979986 0.83179998
v -0.93959999 7.93940020 0.84490001
v -0.99190003 7.61420012 0.78930002
v -1.00380003 7.52899981 0.77370000
v -1.12720001 7.52650023 0.80760002
v -0.92530000 8.01840019 0.85810000
v -1.05530000 8.02229977 0.89279997
v -1.19299996 8.02789974 0.91250002
v -1.33510005 8.03509998 0.91680002
v -1.34560001 7.95219994 0.90189999
v -1.17999995 8.10949993 0.92640001
v -1.32369995 8.11820030 0.93140000
v -1.04130006 8.10239983 0.90619999
v -1.48580003 7.95940018 0.88910002
v -1.35510004 7.86899996 0.88709998
v -1.49300003 7.87500000 0.87339997
v -1.62790000 7.88269997 0.84340000
v -0.45910001 7.92030001 0.07050000
v -0.46669999 7.90749979 0.20039999
v -0.48230001 7.83050013 0.18460000
v -0.47560000 7.84299994 0.05520000
v -0.49849999 7.75229979 0.16960000
v -0.49270001 7.76450014 0.04100000
v -0.51929998 7.74009991 0.29240000
v -0.50410002 7.81839991 0.30770001
v -0.48930001 7.89519978 0.32350001
v -0.55470002 7.72879982 0.40730000
v -0.56970000 7.64860010 0.39210001
v -0.53500003 7.66020012 0.27730000
v -0.55159998 7.57830000 0.26230001
v -0.53280002 7.59070015 0.14100000
v -0.51520002 7.67240000 0.15500000
v -0.55180001 7.50689983 0.12729999
v -0.54830003 7.51929998 0.00370000
v -0.52890003 7.60290003 0.01540000
v -0.55860001 7.53070021 -0.12090000
v -0.53839999 7.61420012 -0.11170000
v -0.53990000 7.70650005 -0.23019999
v -0.51870000 7.69610023 -0.10140000
v -0.56040001 7.62449980 -0.23790000
v -0.58120000 7.54080009 -0.24429999
v -0.51029998 7.68459988 0.02780000
v -0.56889999 7.43359995 -0.00710000
v -0.57940000 7.44519997 -0.12899999
v -0.57190001 7.42100000 0.11420000
v -0.59320003 7.33290005 0.10170000
v -0.59060001 7.34569979 -0.01720000
v -0.60110003 7.35750008 -0.13620000
v -0.56970000 7.49429989 0.24730000
v -0.58550000 7.56640005 0.37680000
v -0.60259998 7.48210001 0.36129999
v -0.63559997 7.55579996 0.48190001
v -0.65200001 7.47090006 0.46619999
v -0.58910000 7.40799999 0.23260000
v -0.62169999 7.39540005 0.34540001
v -0.49990001 7.77629995 -0.08990000
v -0.51999998 7.78719997 -0.22080000
v -0.55320001 7.79680014 -0.34920001
v -0.57380003 7.71560001 -0.35620001
v -0.62089998 7.72329998 -0.47710001
v -0.59490001 7.63329983 -0.36120000
v -0.64219999 7.64060020 -0.47940001
v -0.61600000 7.54949999 -0.36460000
v -0.66339999 7.55679989 -0.47999999
v -0.68140000 7.72970009 -0.59069997
v -0.70270002 7.64669991 -0.59039998
v -0.75540000 7.73540020 -0.69480002
v -0.77689999 7.65199995 -0.69160002
v -0.66009998 7.81199980 -0.58890003
v -0.59979999 7.80490017 -0.47270000
v -0.73409998 7.81839991 -0.69559997
v -0.79839998 7.56799984 -0.68669999
v -0.88630003 7.57310009 -0.77300000
v -0.86519998 7.65719986 -0.77980000
v -0.72380000 7.56279993 -0.58829999
v -0.84380001 7.74100018 -0.78549999
v -0.68460000 7.47149992 -0.47909999
v -0.74519998 7.47760010 -0.58459997
v -0.63730001 7.46409988 -0.36669999
v -0.57940000 7.88570023 -0.46590000
v -0.63950002 7.89349985 -0.58450001
v -0.71340001 7.90070009 -0.69370002
v -0.69319999 7.98250008 -0.68949997
v -0.78100002 7.99039984 -0.78920001
v -0.80140001 7.90770006 -0.79060000
v -0.82230002 7.82450008 -0.78939998
v -2.28460002 8.28110027 -0.06140000
v -2.26830006 8.27330017 0.06780000
v -2.27329993 8.17819977 0.06910000
v -2.27729988 8.08290005 0.07140000
v -2.24219990 8.16730022 0.19679999
v -2.24659991 8.07289982 0.19700000
v -2.23709989 8.26159954 0.19769999
v -2.24990010 7.97809982 0.19810000
v -2.27990007 7.98740005 0.07450000
v -1.76339996 8.00440025 -0.93669999
v -0.88309997 7.99860001 -0.87230003
v -0.90340000 7.91510010 -0.87089998
v -0.92409998 7.83120012 -0.86710000
v -1.03649998 7.83900023 -0.92790002
v -0.94499999 7.74720001 -0.86110002
v -0.96569997 7.66289997 -0.85380000
v -1.49919999 7.78999996 0.85799998
v -1.63160002 7.79659986 0.82779998
v -1.75689995 7.89239979 0.79670000
v -1.87750006 7.90460014 0.73259997
v -1.38479996 7.52640009 0.82660002
v -1.26359999 7.43699980 0.80879998
v -1.25530005 7.52559996 0.82520002
v -1.39110005 7.43720007 0.81029999
v -1.39779997 7.34630013 0.79369998
v -1.27269995 7.34639978 0.79220003
v -1.40579998 7.25349998 0.77689999
v -1.52149999 7.34810019 0.77999997
v -1.52719998 7.25500011 0.76349998
v -1.51709998 7.43930006 0.79640001
v -1.41579998 7.15889978 0.75950003
v -1.53470004 7.16009998 0.74690002
v -1.54460001 7.06290007 0.72960001
v -1.42830002 7.06209993 0.74140000
v -1.31060004 7.06260014 0.73790002
v -1.19410002 7.06500006 0.71859998
v -1.17630005 7.16160011 0.73809999
v -1.29540002 7.15929985 0.75690001
v -1.06200004 7.16590023 0.70310003
v -1.04460001 7.26000023 0.72229999
v -1.16149998 7.25589991 0.75700003
v -1.08179998 7.06969976 0.68330002
v -1.28299999 7.25379992 0.77499998
v -1.21490002 6.96630001 0.69900000
v -1.14870000 7.34819984 0.77480000
v -1.13740003 7.43839979 0.79140002
v -1.01580000 7.44159985 0.75779998
v -0.90280002 7.44649982 0.70719999
v -0.81950003 7.36469984 0.62360001
v -0.80269998 7.45300007 0.64060003
v -0.91829997 7.35750008 0.68989998
v -0.83870000 7.27400017 0.60579997
v -0.93570000 7.26620007 0.67180002
v -0.73610002 7.37349987 0.54339999
v -0.71850002 7.46120024 0.55989999
v -0.75620002 7.28350019 0.52609998
v -0.67049998 7.38380003 0.44990000
v -0.69069999 7.29449987 0.43340001
v -0.85979998 7.18090010 0.58710003
v -0.95529997 7.17240000 0.65259999
v -0.97700000 7.07649994 0.63270003
v -0.88279998 7.08549976 0.56770003
v -1.02929997 7.35190010 0.74070001
v -0.60229999 7.45539999 -0.24940000
v -0.62400001 7.36780024 -0.25350001
v -0.65880001 7.37669992 -0.36759999
v -0.64649999 7.27769995 -0.25659999
v -0.68099999 7.28660011 -0.36759999
v -0.66960001 7.18480015 -0.25900000
v -0.70359999 7.19360018 -0.36719999
v -0.72759998 7.29430008 -0.47440001
v -0.74949998 7.20149994 -0.47160000
v -0.72710001 7.09749985 -0.36640000
v -0.77219999 7.10550022 -0.46880001
v -0.75239998 6.99809980 -0.36530000
v -0.79650003 7.00619984 -0.46610001
v -0.85310000 7.01490021 -0.56330001
v -0.82990003 7.11339998 -0.56699997
v -0.80820000 7.20879984 -0.57099998
v -0.78719997 7.30109978 -0.57539999
v -0.70609999 7.38420010 -0.47700000
v -0.76630002 7.39060020 -0.57999998
v -0.88020003 7.21619987 -0.66360003
v -0.86009997 7.30760002 -0.66880000
v -0.92659998 7.40210009 -0.75870001
v -0.83999997 7.39639997 -0.67470002
v -0.94599998 7.31409979 -0.75239998
v -0.96550000 7.22380018 -0.74690002
v -0.90100002 7.12179995 -0.65899998
v -0.98559999 7.13100004 -0.74239999
v -0.92320001 7.02470016 -0.65520000
v -1.00699997 7.03579998 -0.73890001
v -0.82330000 6.90380001 -0.46340001
v -0.87870002 6.91349983 -0.56010002
v -0.94760001 6.92519999 -0.65219998
v -0.90719998 6.80989981 -0.55760002
v -0.97479999 6.82399988 -0.65039998
v -1.03040004 6.93889999 -0.73659998
v -0.88630003 6.69169998 -0.45870000
v -0.85299999 6.79869986 -0.46079999
v -0.81089997 6.78989983 -0.36210001
v -0.84520000 6.68200016 -0.36039999
v -0.78009999 6.89540005 -0.36379999
v -0.71990001 6.98990011 -0.26190001
v -0.74820000 6.88780022 -0.26249999
v -0.69389999 7.08890009 -0.26069999
v -0.67210001 7.07919979 -0.15260001
v -0.69859999 6.98099995 -0.15660000
v -0.64730000 7.17469978 -0.14790000
v -0.72710001 6.88000011 -0.15989999
v -0.75779998 6.77589989 -0.16260000
v -0.77929997 6.78270006 -0.26260000
v -0.62379998 7.26730013 -0.14250000
v -0.63690001 7.16309977 -0.03500000
v -0.61320001 7.25559998 -0.02650000
v -0.61570001 7.24270010 0.08980000
v -0.63940001 7.15019989 0.07850000
v -0.63239998 7.22919989 0.20420000
v -0.65609998 7.13649988 0.19050001
v -0.66439998 7.21570015 0.31410000
v -0.68809998 7.12249994 0.29850000
v -0.66450000 7.05550003 0.06770000
v -0.68110001 7.04169989 0.17710000
v -0.66200000 7.06809998 -0.04280000
v -0.69090003 6.95860004 0.05730000
v -0.70730001 6.94490004 0.16380000
v -0.73479998 6.84609985 0.15040000
v -0.74010003 6.93009996 0.26660001
v -0.76740003 6.83120012 0.24990000
v -0.71340001 7.02720022 0.28270000
v -0.71869999 6.85960007 0.04720000
v -0.71270001 7.20279980 0.41659999
v -0.73670000 7.10890007 0.39940000
v -0.76249999 7.01289988 0.38139999
v -0.64219999 7.30670023 0.32969999
v -0.61000001 7.31969976 0.21820000
v -0.81940001 7.48299980 -0.68080002
v -0.90670002 7.48820019 -0.76580000
v -0.68860000 6.97079992 -0.05000000
v -0.71700001 6.87109995 -0.05650000
v -0.74690002 6.76819992 -0.06240000
v -0.77939999 6.66190004 -0.06760000
v -0.74790001 6.75780010 0.03790000
v -0.77869999 6.65310001 0.02910000
v -0.76330000 6.74499989 0.13710000
v -0.79250002 6.64169979 0.12430000
v -0.81140000 6.54549980 0.02080000
v -0.82239997 6.53599977 0.11200000
v -0.84660000 6.43529987 0.01300000
v -0.85369998 6.42740011 0.10050000
v -0.88419998 6.32250023 0.00540000
v -0.88690001 6.31519985 0.09050000
v -0.92330003 6.20060015 0.08000000
v -0.92400002 6.20979977 -0.00410000
v -0.90840000 6.30730009 0.17320000
v -0.93989998 6.19220018 0.16150001
v -0.96249998 6.08949995 0.06170000
v -0.96329999 6.10430002 -0.02310000
v -0.97670001 6.07609987 0.14330000
v -0.93820000 6.21910000 -0.09200000
v -0.89550000 6.32919979 -0.08190000
v -0.85399997 6.44169998 -0.07650000
v -0.87959999 6.41760015 0.18510000
v -0.95130002 6.29780006 0.25250000
v -0.81510001 6.55289984 -0.07230000
v -0.79170001 6.66860008 -0.16480000
v -0.82980001 6.55880022 -0.16640000
v -0.85290003 6.56479979 -0.26190001
v -0.87129998 6.44729996 -0.16820000
v -0.89579999 6.45400000 -0.26280001
v -0.81400001 6.67479992 -0.26240000
v -0.77819997 7.19110012 0.50830001
v -0.80210000 7.09639978 0.48969999
v -0.82789999 6.99970007 0.47009999
v -0.78969997 6.91510010 0.36269999
v -0.81699997 6.81580019 0.34310001
v -1.08280003 7.14080000 -0.81440002
v -1.10380006 7.04809999 -0.81150001
v -1.12660003 6.95410013 -0.80980003
v -1.23440003 6.96990013 -0.86879998
v -1.21169996 7.06069994 -0.87000000
v -1.32809997 7.07280016 -0.91250002
v -1.35099995 6.98479986 -0.91109997
v -0.92360002 6.58389997 -0.45809999
v -0.96569997 6.47749996 -0.46120000
v -1.01049995 6.37669992 -0.47110000
v -1.05659997 6.40180016 -0.57309997
v -0.97310001 6.35760021 -0.36849999
v -0.94180000 6.34460020 -0.26840001
v -0.98909998 6.24240017 -0.28369999
v -0.96120000 6.22900009 -0.18500000
v -0.91570002 6.33589983 -0.17280000
v -0.92680001 6.46350002 -0.36080000
v -0.88380003 6.57270002 -0.35920000
v -0.97719997 6.18380022 0.24050000
v -1.00820005 6.06449986 0.22330000
v -1.01540005 5.95830011 0.11100000
v -1.04600000 5.94000006 0.19040000
v -1.08490002 5.82390022 0.14460000
v -1.04789996 5.84649992 0.06790000
v -1.10889995 5.71070004 0.09990000
v -1.06850004 5.73680019 0.02180000
v -1.02429998 5.87169981 -0.01220000
v -1.03890002 5.76599979 -0.06000000
v -0.99769998 5.97830009 0.03040000
v -0.99400002 6.00050020 -0.05510000
v -1.01470006 5.90070009 -0.09810000
v -1.02289999 5.80060005 -0.14790000
v -1.06280005 5.62389994 -0.01890000
v -1.03330004 5.65660000 -0.10800000
v -1.01800001 5.69469976 -0.20150000
v -1.01139998 5.57919979 -0.25389999
v -1.01300001 5.45410013 -0.30000001
v -1.01880002 5.49170017 -0.40700001
v -1.01849997 5.32320023 -0.33890000
v -1.02260005 5.35820007 -0.45080000
v -1.02049994 5.22160006 -0.48870000
v -1.02180004 5.18909979 -0.37270001
v -1.02320004 5.29010010 -0.22679999
v -1.02730000 5.15799999 -0.25799999
v -1.01929998 5.41800022 -0.19270000
v -1.03170002 5.39139986 -0.56269997
v -1.03009999 5.52750015 -0.51440001
v -1.02170002 5.54069996 -0.15300000
v -1.04999995 5.50689983 -0.05500000
v -1.04639995 5.38530016 -0.08830000
v -1.10440004 5.59480000 0.06630000
v -1.16320002 5.56540012 0.14270000
v -1.09469998 5.47580004 0.03690000
v -1.15569997 5.44339991 0.11770000
v -1.09140003 5.35249996 0.00760000
v -1.04830003 5.25839996 -0.11920000
v -1.09319997 5.22459984 -0.02180000
v -1.15520000 5.31769991 0.08950000
v -1.15970004 5.18830013 0.05960000
v -1.23880005 5.53450012 0.20400000
v -1.23559999 5.40899992 0.18050000
v -1.23749995 5.28160000 0.15279999
v -1.24520004 5.15220022 0.12100000
v -1.25520003 5.02089977 0.08800000
v -1.16709995 5.05569983 0.02840000
v -1.34469998 5.12029982 0.16100000
v -1.35590005 4.99139977 0.12780000
v -1.33519995 5.24779987 0.19370000
v -1.46329999 4.97049999 0.15200000
v -1.47399998 4.84320021 0.12140000
v -1.36580002 4.86070013 0.09540000
v -1.27049994 4.75080013 0.02420000
v -1.26390004 4.88710022 0.05580000
v -1.37399995 4.72860003 0.06350000
v -1.27769995 4.61219978 -0.00750000
v -1.38329995 4.59549999 0.03160000
v -1.18379998 4.63719988 -0.06270000
v -1.17859995 4.78060007 -0.03240000
v -1.28960001 4.47219992 -0.04080000
v -1.19410002 4.49079990 -0.09470000
v -1.30850005 4.33290005 -0.07720000
v -1.21190000 4.34369993 -0.13040000
v -1.15900004 4.21460009 -0.24089999
v -1.13329995 4.36460018 -0.20160000
v -1.23899996 4.19990015 -0.17060000
v -1.27400005 4.06230021 -0.21310000
v -1.19350004 4.07100010 -0.28380001
v -1.17069995 3.95149994 -0.41029999
v -1.13349998 4.09480000 -0.36970001
v -1.23310006 3.93359995 -0.32510000
v -1.09650004 4.13129997 -0.46779999
v -1.06970000 4.28090000 -0.42940000
v -1.10189998 4.24259996 -0.32830000
v -1.12849998 3.98250008 -0.50569999
v -1.27330005 3.79929996 -0.36010000
v -1.31260002 3.92969990 -0.25299999
v -1.35020006 3.79889989 -0.28639999
v -1.21060002 3.81069994 -0.44490001
v -1.33529997 4.19670010 -0.11670000
v -1.36819994 4.06459999 -0.15680000
v -1.41540003 4.33020020 -0.03710000
v -1.44009995 4.20009995 -0.07420000
v -1.39660001 4.46220016 -0.00170000
v -1.46899998 4.07140017 -0.11060000
v -1.40320003 3.93499994 -0.19350000
v -1.49870002 3.94250011 -0.14320000
v -1.56980002 4.07670021 -0.06970000
v -1.59300005 3.94709992 -0.09870000
v -1.54670000 4.20450020 -0.03770000
v -1.07860005 4.39510012 -0.29080001
v -1.04929996 4.43179989 -0.39460000
v -1.03919995 4.47009993 -0.50819999
v -1.02690005 4.61770010 -0.48040000
v -1.03579998 4.58330011 -0.36489999
v -1.05630004 4.32189989 -0.53969997
v -1.06369996 4.54899979 -0.25889999
v -1.11689997 4.51730013 -0.16750000
v -1.10810006 4.66800022 -0.13730000
v -1.05610001 4.70079994 -0.23080000
v -1.49489999 4.58790016 0.06010000
v -1.50860000 4.45970011 0.02850000
v -1.60529995 4.58620024 0.08260000
v -1.61829996 4.46019983 0.05360000
v -1.52579999 4.33190012 -0.00430000
v -1.63310003 4.33389997 0.02370000
v -1.64960003 4.20690012 -0.00630000
v -1.71200001 4.58769989 0.09650000
v -1.72370005 4.46220016 0.06960000
v -1.80289996 4.71770000 0.11990000
v -1.81420004 4.59289980 0.09530000
v -1.70060003 4.71239996 0.12260000
v -1.59379995 4.71190023 0.11070000
v -1.82439995 4.46680021 0.07000000
v -1.48380005 4.71579981 0.09080000
v -1.58319998 4.83669996 0.13869999
v -1.10459995 4.81430006 -0.10900000
v -1.05390000 4.84810019 -0.20410000
v -1.02909994 4.73330021 -0.33860001
v -1.02740002 4.87979984 -0.31290001
v -1.02859998 5.02150011 -0.28670001
v -1.05299997 4.98999977 -0.17700000
v -1.02190006 5.05140018 -0.40290001
v -1.01970005 4.90969992 -0.42989999
v -1.01859999 5.08160019 -0.52160001
v -1.01709998 4.93889999 -0.55040002
v -1.05100000 5.12669992 -0.14880000
v -1.09739995 5.09219980 -0.05130000
v -1.10200000 4.95559978 -0.08050000
v -1.02010000 4.76469994 -0.45490000
v -1.01810002 4.79449987 -0.57660002
v -1.03450000 4.81699991 -0.70010000
v -1.02520001 4.64930010 -0.60170001
v -1.04229999 4.66970015 -0.72630000
v -1.02989995 4.96339989 -0.67199999
v -1.17400002 4.92000008 -0.00240000
v -1.57190001 4.96000004 0.16760001
v -1.67709994 4.95800018 0.17569999
v -1.68910003 4.83599997 0.14860000
v -1.79069996 4.84110022 0.14450000
v -1.88750005 4.85230017 0.12100000
v -1.90069997 4.72809982 0.09760000
v -1.91190004 4.60220003 0.07430000
v -1.92089999 4.47480011 0.05040000
v -2.00609994 4.61499977 0.03390000
v -2.01419997 4.48570013 0.01120000
v -2.09759998 4.62979984 -0.02250000
v -2.10470009 4.49790001 -0.04420000
v -1.99479997 4.74270010 0.05610000
v -2.08620000 4.75979996 -0.00100000
v -2.17370009 4.77780008 -0.07100000
v -2.18490005 4.64489985 -0.09230000
v -1.98039997 4.86850023 0.07830000
v -2.19120002 4.51009989 -0.11330000
v -2.19260001 4.37340021 -0.13400000
v -2.10789990 4.36420012 -0.06610000
v -2.10719991 4.22860003 -0.08740000
v -2.18969989 4.23479986 -0.15369999
v -2.26589990 4.38180017 -0.21770000
v -2.26220012 4.24009991 -0.23500000
v -2.26489997 4.52169991 -0.19870000
v -2.01900005 4.35470009 -0.01200000
v -1.92780006 4.34600019 0.02580000
v -1.83369994 4.33949995 0.04400000
v -1.73570001 4.33589983 0.04200000
v -1.74790001 4.20830011 0.01440000
v -1.84200001 4.21059990 0.01810000
v -1.93260002 4.21519995 0.00120000
v -2.02090001 4.22179985 -0.03500000
v -1.93540001 4.08220005 -0.02210000
v -1.84899998 4.07940006 -0.00660000
v -2.01999998 4.08650017 -0.05700000
v -1.77760005 4.96269989 0.17039999
v -1.08739996 5.29120016 -0.83370000
v -1.13440001 5.30189991 -0.94379997
v -1.08969998 5.14219999 -0.87489998
v -1.14059997 5.15010023 -0.98610002
v -1.19949996 5.30779982 -1.04600000
v -1.14769995 4.99669981 -1.02260005
v -1.15719998 4.84149981 -1.05350006
v -1.16949999 4.68480015 -1.07959998
v -1.24349999 4.68230009 -1.18130004
v -1.18509996 4.52750015 -1.10119998
v -1.25979996 4.52290010 -1.20200002
v -1.20469999 4.37029982 -1.11780000
v -1.27919996 4.36380005 -1.21749997
v -1.33299994 4.67840004 -1.27020001
v -1.34949994 4.51789999 -1.28970003
v -1.36780000 4.35710001 -1.30390000
v -1.46940005 4.34969997 -1.37300003
v -1.22790003 4.21420002 -1.12790000
v -1.30100000 4.20550013 -1.22609997
v -1.16630006 4.22100019 -1.02190006
v -1.14359999 4.37580013 -1.00899994
v -1.12570000 4.53070021 -0.99070001
v -1.11210001 4.68520021 -0.96780002
v -1.09529996 4.37750006 -0.89499998
v -1.08120000 4.52979994 -0.87339997
v -1.07089996 4.68109989 -0.84899998
v -1.10189998 4.83900023 -0.94110000
v -1.06289995 4.83129978 -0.82200003
v -1.05760002 4.98040009 -0.79210001
v -1.05490005 5.12839985 -0.75849998
v -1.02769995 5.10860014 -0.64080000
v -1.09469998 4.99130011 -0.91030002
v -1.05499995 5.27449989 -0.71950001
v -1.02890003 5.25169992 -0.60479999
v -1.66690004 4.07859993 -0.03500000
v -1.68359995 3.94770002 -0.06120000
v -1.77040005 3.94619989 -0.03620000
v -1.77909994 3.81030011 -0.05840000
v -1.69830000 3.81349993 -0.08460000
v -1.71000004 3.67600012 -0.10630000
v -1.78489995 3.67079997 -0.07970000
v -1.61420000 3.81469989 -0.12370000
v -1.63199997 3.67899990 -0.14600000
v -1.71809995 3.53489995 -0.12819999
v -1.78740001 3.52789998 -0.10230000
v -1.85790002 3.66619992 -0.07110000
v -1.85469997 3.52169991 -0.09470000
v -1.92869997 3.66380000 -0.08420000
v -1.91999996 3.51789999 -0.10730000
v -1.85749996 3.80749989 -0.05060000
v -1.93400002 3.80669999 -0.06360000
v -1.85440004 3.94519997 -0.02940000
v -1.93599999 3.94610000 -0.04370000
v -1.99779999 3.66289997 -0.11650000
v -1.98339999 3.51580000 -0.13810000
v -2.00880003 3.80730009 -0.09670000
v -2.06620002 3.66140008 -0.16329999
v -2.04609990 3.51349998 -0.18310000
v -2.08260012 3.80719995 -0.14489999
v -1.84819996 3.37479997 -0.12210000
v -1.90810001 3.36989999 -0.13380000
v -1.96609998 3.36689997 -0.16280000
v -1.78629994 3.38199997 -0.12880000
v -1.72259998 3.39030004 -0.15189999
v -1.65690005 3.39779997 -0.18920000
v -1.64610004 3.54010010 -0.16740000
v -1.78240001 3.23379993 -0.15530001
v -1.83940005 3.22609997 -0.14970000
v -1.89450002 3.22049999 -0.16090000
v -1.88010001 3.07019997 -0.18570000
v -1.54960001 3.67779994 -0.19350000
v -1.52600002 3.81150007 -0.17050000
v -1.43620002 3.80489993 -0.22380000
v -1.38450003 3.66700006 -0.31290001
v -1.46550000 3.67280006 -0.24840000
v -1.41429996 3.53200006 -0.33329999
v -1.49070001 3.53769994 -0.26879999
v -1.56959999 3.54110003 -0.21420000
v -1.75979996 4.07870007 -0.01190000
v -2.38109994 4.54230022 -0.39899999
v -2.32780004 4.53259993 -0.29490000
v -2.32789993 4.38950014 -0.31259999
v -2.38050008 4.39599991 -0.41560000
v -2.42370009 4.40110016 -0.52420002
v -2.41510010 4.25050020 -0.53689998
v -2.37339997 4.24830008 -0.43009999
v -2.32270002 4.24480009 -0.32850000
v -2.25270009 4.09639978 -0.25119999
v -2.31119990 4.09829998 -0.34259999
v -2.29439998 3.95029998 -0.35479999
v -2.35980010 4.09929991 -0.44229999
v -2.34050012 3.94930005 -0.45240000
v -2.39989996 4.09899998 -0.54699999
v -2.37849998 3.94700003 -0.55489999
v -2.42969990 4.09829998 -0.65469998
v -2.40739989 3.94449997 -0.65979999
v -2.44560003 4.25199986 -0.64730000
v -2.44429994 4.09910011 -0.76440001
v -2.42219996 3.94409990 -0.76590002
v -2.41799998 3.94770002 -0.87250000
v -2.43939996 4.10290003 -0.87519997
v -2.37849998 3.79150009 -0.66369998
v -2.35109997 3.79520011 -0.56150001
v -2.28600001 3.64820004 -0.47000000
v -2.31570005 3.79870009 -0.46129999
v -2.31909990 3.64429998 -0.56809998
v -2.34500003 3.63989997 -0.66780001
v -2.23810005 3.95070004 -0.26589999
v -2.18260002 4.09399986 -0.17209999
v -2.10299993 4.09089994 -0.10760000
v -2.09489989 3.95040011 -0.12660000
v -2.01609993 3.94849992 -0.07710000
v -2.17050004 3.95090008 -0.18950000
v -2.27230000 3.80110002 -0.36590001
v -2.21840000 3.80329990 -0.27959999
v -2.15389991 3.80559993 -0.20580000
v -2.42479992 4.55039978 -0.50889999
v -2.25320005 3.49860001 -0.47950000
v -2.28360009 3.49499989 -0.57550001
v -2.21880007 3.35019994 -0.49070001
v -2.24690008 3.34739995 -0.58440000
v -2.18169999 3.35290003 -0.40290001
v -2.21429992 3.50180006 -0.38920000
v -2.10400009 3.20740008 -0.34419999
v -2.13470006 3.35640001 -0.32519999
v -2.14930010 3.20449996 -0.41900000
v -2.07500005 3.05879998 -0.36449999
v -2.11929989 3.05669999 -0.43650001
v -2.02659988 3.06150007 -0.30329999
v -2.05290008 3.21090007 -0.28090000
v -2.00279999 2.91219997 -0.32499999
v -2.04900002 2.91059995 -0.38450000
v -2.02629995 2.76279998 -0.40290001
v -2.09270000 2.90930009 -0.45410001
v -2.06879997 2.76309991 -0.47130001
v -2.12980008 2.90919995 -0.53310001
v -2.10660005 2.76419997 -0.54809999
v -2.15569997 3.05550003 -0.51819998
v -2.18249989 3.05509996 -0.60680002
v -2.15720010 2.91000009 -0.61909997
v -2.21239996 3.20090008 -0.59509999
v -2.23230004 3.19869995 -0.68879998
v -2.20099998 3.05439997 -0.69859999
v -2.18549991 3.20260000 -0.50379997
v -2.17499995 2.91070008 -0.70870000
v -2.13479996 2.76620007 -0.63150001
v -2.15240002 2.76819992 -0.71880001
v -2.00629997 2.61640000 -0.41900000
v -2.04719996 2.61879992 -0.48750001
v -1.98259997 2.76290011 -0.34360000
v -1.96609998 2.61380005 -0.35810000
v -1.97759998 3.06399989 -0.25260001
v -2.00020003 3.21409988 -0.22880000
v -1.92920005 3.06649995 -0.21269999
v -1.94760001 3.21690011 -0.18810000
v -2.02349997 3.36409998 -0.20530000
v -1.91129994 2.91619992 -0.23600000
v -1.86530006 2.91950011 -0.20909999
v -1.85160005 2.76780009 -0.22830001
v -1.89579999 2.76489997 -0.25490001
v -1.95679998 2.91400003 -0.27530000
v -2.08060002 3.36050010 -0.25940001
v -2.10770011 3.50979996 -0.23999999
v -2.16520000 3.50559998 -0.30849999
v -2.13280010 3.65840006 -0.22210000
v -2.19370008 3.65470004 -0.29359999
v -2.26869988 3.34389997 -0.68010002
v -2.30760002 3.49060011 -0.67309999
v -2.32270002 3.48810005 -0.77010000
v -2.28309989 3.34139991 -0.77509999
v -2.24550009 3.19679999 -0.78210002
v -2.36019993 3.63779998 -0.76740003
v -2.35850000 3.64109993 -0.86580002
v -2.39339995 3.79020000 -0.76639998
v -2.39019990 3.79380012 -0.86870003
v -2.24499989 3.65140009 -0.37720001
v -2.36730003 3.80170012 -0.96960002
v -2.32710004 3.81049991 -1.06819999
v -2.39380002 3.95469999 -0.97860003
v -2.35229993 3.96199989 -1.08280003
v -2.29679990 3.96700001 -1.18270004
v -2.22849989 3.97000003 -1.27330005
v -2.20910001 3.82040000 -1.24899995
v -2.27379990 3.81690001 -1.16270006
v -2.18740010 3.67289996 -1.22630000
v -2.16470003 3.52579999 -1.20910001
v -2.09920001 3.52959991 -1.27450001
v -2.02329993 3.53489995 -1.32130003
v -1.93499994 3.39339995 -1.33120000
v -1.93809998 3.54270005 -1.34669995
v -2.03360009 3.68169999 -1.34399998
v -1.94140005 3.69009995 -1.37100005
v -2.11599994 3.67630005 -1.29480004
v -2.13249993 3.82329988 -1.32120001
v -2.04390001 3.82879996 -1.37339997
v -1.94480002 3.83759999 -1.40250003
v -1.94710004 3.98939991 -1.43239999
v -1.83529997 4.00059986 -1.44099998
v -1.83899999 3.84789991 -1.41139996
v -2.05220008 3.97979999 -1.40219998
v -1.84249997 3.69950008 -1.37849998
v -2.14680004 3.97359991 -1.34829998
v -1.05120003 4.52180004 -0.75190002
v -1.03629994 4.50330019 -0.62819999
v -1.04990005 4.35529995 -0.65660000
v -1.06250000 4.37239981 -0.77689999
v -1.06729996 4.20480013 -0.68540001
v -1.07900000 4.22049999 -0.80000001
v -1.11489999 4.22380018 -0.91259998
v -1.10239995 4.06409979 -0.82020003
v -1.12210000 3.88689995 -0.73619998
v -1.13259995 3.90170002 -0.83649999
v -1.09039998 4.04930019 -0.71280003
v -1.16719997 3.73469996 -0.84950000
v -1.20990002 3.56820011 -0.85799998
v -1.20840001 3.55719995 -0.76539999
v -1.16009998 3.72009993 -0.75370002
v -1.17869997 3.70339990 -0.65789998
v -1.22200000 3.54570007 -0.67259997
v -1.13689995 3.86179996 -0.63620001
v -1.07760000 4.17199993 -0.57380003
v -1.10360003 4.01870012 -0.60740000
v -1.16559994 3.83360004 -0.53829998
v -1.20710003 3.68449998 -0.56309998
v -1.25080001 3.67030001 -0.47150001
v -1.38740003 4.19649982 -1.31099999
v -1.48640001 4.18739986 -1.37800002
v -1.59590006 4.17850018 -1.42369998
v -1.58179998 4.34149981 -1.42149997
v -1.50300002 4.02580023 -1.37320006
v -1.60889995 4.01690006 -1.41509998
v -1.72119999 4.00950003 -1.43540001
v -1.71179998 4.16970015 -1.44819999
v -1.70079994 4.33269978 -1.44930005
v -1.82210004 4.32299995 -1.45920002
v -1.94149995 4.31239986 -1.45220006
v -1.82990003 4.15980005 -1.45599997
v -1.94599998 4.14870024 -1.44850004
v -1.73000002 3.85489988 -1.40950000
v -1.62179995 3.85920000 -1.39429998
v -1.51950002 3.86660004 -1.35710001
v -1.31130004 3.66479993 -0.38749999
v -1.34500003 3.52769995 -0.40730000
v -1.28709996 3.52810001 -0.48980001
v -1.31990004 3.38459992 -0.50279999
v -1.28149998 3.38529992 -0.59069997
v -1.24609995 3.53449988 -0.57959998
v -1.31449997 3.23839998 -0.60020000
v -1.34979999 3.24029994 -0.51410002
v -1.85560000 3.09139991 -1.32410002
v -1.85339999 3.24760008 -1.32920003
v -1.85020006 3.40089989 -1.33759999
v -1.84630001 3.55119991 -1.35319996
v -1.74000001 3.70619988 -1.37390006
v -1.58609998 3.40089989 -0.23459999
v -2.21560001 3.05399990 -0.88029999
v -2.21280003 3.05340004 -0.79040003
v -2.18540001 2.91070008 -0.79890001
v -2.18790007 2.91059995 -0.88749999
v -2.16380000 2.76799989 -0.89340001
v -2.16179991 2.76869988 -0.80690002
v -1.93920004 2.76340008 -0.29390001
v -1.88329995 2.61249995 -0.26769999
v -1.92550004 2.61220002 -0.30680001
v -1.86960006 2.46269989 -0.28160000
v -1.82609999 2.46469998 -0.26109999
v -1.84010005 2.61470008 -0.24169999
v -1.85389996 2.32040000 -0.29850000
v -1.81250000 2.32069993 -0.27680001
v -1.77160001 2.32389998 -0.26600000
v -1.78340006 2.46919990 -0.25290000
v -1.79509997 2.61969995 -0.23300000
v -1.74070001 2.47650003 -0.25860000
f 2 4 1
f 4 2 3
f 3 6 4
f 6 3 5
f 3 8 5
f 8 3 7
f 7 10 8
f 10 7 9
f 12 9 11
f 9 12 10
f 8 14 13
f 14 8 10
f 14 17 15
f 17 14 16
f 16 19 17
f 19 16 18
f 18 21 19
f 21 18 20
f 23 20 22
f 20 23 21
f 24 19 21
f 19 24 25
f 26 21 23
f 21 26 24
f 27 29 22
f 29 27 28
f 22 30 27
f 30 22 20
f 31 22 29
f 22 31 23
f 20 32 30
f 32 20 18
f 18 12 32
f 12 18 16
f 33 30 32
f 30 33 34
f 32 11 33
f 11 32 12
f 35 15 17
f 15 35 36
f 38 39 37
f 39 38 36
f 40 36 38
f 36 40 15
f 42 38 41
f 38 42 40
f 41 37 43
f 37 41 38
f 45 39 44
f 39 45 46
f 36 44 39
f 44 36 35
f 46 37 39
f 37 46 47
f 17 25 35
f 25 17 19
f 10 16 14
f 16 10 12
f 13 15 40
f 15 13 14
f 40 6 13
f 6 40 42
f 5 13 6
f 13 5 8
f 42 4 6
f 4 42 48
f 50 51 49
f 51 50 48
f 49 53 52
f 53 49 51
f 51 43 53
f 43 51 41
f 41 48 42
f 48 41 51
f 1 48 50
f 48 1 4
f 55 50 54
f 50 55 1
f 54 49 56
f 49 54 50
f 11 58 57
f 58 11 9
f 59 9 7
f 9 59 58
f 2 7 3
f 7 2 59
f 58 61 60
f 61 58 59
f 60 63 62
f 63 60 61
f 64 62 63
f 62 64 65
f 66 65 64
f 65 66 67
f 69 66 68
f 66 69 70
f 68 64 71
f 64 68 66
f 70 67 66
f 67 70 72
f 65 74 62
f 74 65 73
f 73 67 75
f 67 73 65
f 63 71 64
f 71 63 76
f 76 78 71
f 78 76 77
f 79 77 76
f 77 79 80
f 61 76 63
f 76 61 79
f 57 60 81
f 60 57 58
f 83 81 82
f 81 83 57
f 57 33 11
f 33 57 83
f 82 74 84
f 74 82 81
f 82 86 83
f 86 82 85
f 84 85 82
f 85 84 87
f 81 62 74
f 62 81 60
f 79 59 2
f 59 79 61
f 2 80 79
f 80 2 88
f 90 88 89
f 88 90 80
f 89 92 90
f 92 89 91
f 93 95 91
f 95 93 94
f 96 91 89
f 91 96 93
f 93 98 97
f 98 93 96
f 97 100 99
f 100 97 98
f 94 97 101
f 97 94 93
f 99 101 97
f 101 99 102
f 104 105 103
f 105 104 102
f 103 107 106
f 107 103 105
f 109 105 108
f 105 109 107
f 108 102 99
f 102 108 105
f 110 102 104
f 102 110 101
f 104 112 110
f 112 104 111
f 111 103 113
f 103 111 104
f 101 114 94
f 114 101 110
f 116 114 115
f 114 116 117
f 95 119 118
f 119 95 117
f 117 120 119
f 120 117 116
f 117 94 114
f 94 117 95
f 115 110 112
f 110 115 114
f 115 122 116
f 122 115 121
f 112 121 115
f 121 112 123
f 124 100 56
f 100 124 125
f 108 126 109
f 126 108 125
f 126 129 127
f 129 126 128
f 125 128 126
f 128 125 124
f 128 131 129
f 131 128 130
f 124 130 128
f 130 124 52
f 133 134 132
f 134 133 127
f 127 135 134
f 135 127 129
f 109 127 133
f 127 109 126
f 125 99 100
f 99 125 108
f 98 56 100
f 56 98 54
f 96 54 98
f 54 96 55
f 89 55 96
f 55 89 88
f 118 91 95
f 91 118 92
f 136 92 118
f 92 136 137
f 139 136 138
f 136 139 140
f 140 137 136
f 137 140 141
f 141 143 142
f 143 141 140
f 143 146 144
f 146 143 145
f 145 148 146
f 148 145 147
f 147 150 148
f 150 147 149
f 149 152 151
f 152 149 147
f 139 147 145
f 147 139 152
f 153 144 146
f 144 153 154
f 146 155 153
f 155 146 148
f 145 140 139
f 140 145 143
f 144 142 143
f 142 144 156
f 158 159 157
f 159 158 156
f 159 161 160
f 161 159 154
f 156 154 159
f 154 156 144
f 157 160 162
f 160 157 159
f 156 163 142
f 163 156 158
f 165 158 164
f 158 165 163
f 157 164 158
f 164 157 166
f 168 141 167
f 141 168 137
f 77 167 78
f 167 77 168
f 167 142 163
f 142 167 141
f 78 163 165
f 163 78 167
f 90 137 168
f 137 90 92
f 168 80 90
f 80 168 77
f 152 138 169
f 138 152 139
f 151 169 170
f 169 151 152
f 170 172 151
f 172 170 171
f 172 174 173
f 174 172 171
f 175 151 172
f 151 175 149
f 176 172 173
f 172 176 175
f 178 174 177
f 174 178 179
f 177 171 180
f 171 177 174
f 173 179 181
f 179 173 174
f 170 180 171
f 180 170 182
f 182 183 180
f 183 182 122
f 182 116 122
f 116 182 120
f 170 120 182
f 120 170 169
f 119 169 138
f 169 119 120
f 118 138 136
f 138 118 119
f 88 1 55
f 1 88 2
f 185 187 184
f 187 185 186
f 189 186 188
f 186 189 187
f 187 191 184
f 191 187 190
f 193 190 192
f 190 193 191
f 191 195 194
f 195 191 193
f 197 193 196
f 193 197 195
f 194 198 72
f 198 194 195
f 198 75 67
f 67 72 198
f 200 198 199
f 198 200 75
f 75 201 73
f 201 75 200
f 73 84 74
f 84 73 201
f 87 201 202
f 201 87 84
f 197 202 199
f 202 197 203
f 200 202 201
f 202 200 199
f 87 203 204
f 203 87 202
f 195 199 198
f 199 195 197
f 184 194 205
f 194 184 191
f 185 205 206
f 205 185 184
f 206 70 69
f 70 206 205
f 206 207 185
f 207 206 166
f 166 69 164
f 69 166 206
f 205 72 70
f 72 205 194
f 196 210 208
f 210 196 209
f 192 212 209
f 212 192 211
f 192 196 193
f 196 192 209
f 211 190 213
f 190 211 192
f 215 211 214
f 211 215 212
f 212 217 216
f 217 212 215
f 216 209 212
f 209 216 210
f 213 214 211
f 214 213 218
f 214 220 215
f 220 214 219
f 218 219 214
f 219 218 221
f 222 203 208
f 203 222 204
f 208 223 222
f 223 208 210
f 223 226 224
f 226 223 225
f 228 225 227
f 225 228 226
f 227 216 217
f 216 227 225
f 225 210 216
f 210 225 223
f 230 231 229
f 231 230 224
f 224 232 231
f 232 224 226
f 224 222 223
f 222 224 230
f 230 204 222
f 204 230 233
f 235 233 234
f 233 235 236
f 235 239 237
f 239 235 238
f 235 240 238
f 240 235 234
f 237 236 235
f 236 237 241
f 233 229 234
f 229 233 230
f 204 236 87
f 236 204 233
f 196 203 197
f 203 196 208
f 190 189 213
f 189 190 187
f 189 218 213
f 218 189 242
f 242 221 218
f 221 242 243
f 243 245 221
f 245 243 244
f 247 248 246
f 248 247 244
f 246 250 249
f 250 246 248
f 247 246 251
f 251 252 247
f 245 244 247
f 247 253 245
f 252 254 253
f 253 247 252
f 255 256 252
f 252 251 255
f 258 255 251
f 251 257 258
f 257 251 246
f 246 249 257
f 260 248 259
f 248 260 250
f 250 262 261
f 262 250 260
f 260 264 262
f 264 260 263
f 259 263 260
f 263 259 265
f 261 249 250
f 249 261 266
f 267 257 249
f 249 266 267
f 269 267 266
f 266 268 269
f 270 266 261
f 266 270 268
f 244 259 248
f 259 244 243
f 265 243 242
f 243 265 259
f 242 188 265
f 188 242 189
f 265 271 263
f 271 265 188
f 263 272 264
f 272 263 271
f 272 274 264
f 274 272 273
f 276 273 275
f 273 276 274
f 264 277 262
f 277 264 274
f 274 278 277
f 278 274 276
f 280 275 279
f 275 280 276
f 281 279 275
f 279 281 282
f 283 275 273
f 275 283 281
f 284 273 272
f 273 284 283
f 284 286 283
f 286 284 285
f 287 285 284
f 285 287 288
f 271 284 272
f 284 271 287
f 188 287 271
f 287 188 186
f 185 287 186
f 287 185 288
f 185 289 288
f 289 185 207
f 290 288 289
f 288 290 285
f 292 289 291
f 289 292 290
f 290 294 293
f 294 290 292
f 295 293 294
f 293 295 296
f 295 298 296
f 298 295 297
f 300 297 299
f 297 300 298
f 302 300 301
f 300 302 303
f 298 303 304
f 303 298 300
f 304 296 298
f 296 304 305
f 305 282 281
f 282 305 304
f 286 296 305
f 296 286 293
f 281 286 305
f 286 281 283
f 304 306 282
f 306 304 303
f 306 309 307
f 309 306 308
f 308 311 309
f 311 308 310
f 302 310 308
f 310 302 312
f 303 308 306
f 308 303 302
f 313 307 309
f 307 313 314
f 307 282 306
f 282 307 279
f 279 314 280
f 314 279 307
f 312 301 315
f 301 312 302
f 315 317 312
f 317 315 316
f 317 319 318
f 319 317 316
f 316 321 319
f 321 316 320
f 316 322 320
f 322 316 315
f 315 323 322
f 323 315 301
f 301 299 323
f 299 301 300
f 322 325 324
f 325 322 323
f 323 326 325
f 326 323 299
f 299 327 326
f 327 299 297
f 329 327 328
f 327 329 330
f 331 330 329
f 330 331 332
f 334 332 333
f 332 334 330
f 336 333 335
f 333 336 334
f 326 330 334
f 330 326 327
f 334 325 326
f 325 334 336
f 333 338 337
f 338 333 332
f 337 340 339
f 340 337 338
f 342 338 341
f 338 342 340
f 332 341 338
f 341 332 331
f 344 329 343
f 329 344 331
f 345 344 343
f 344 345 346
f 343 348 345
f 348 343 347
f 347 329 328
f 329 347 343
f 297 328 327
f 328 297 295
f 294 328 295
f 328 294 347
f 347 292 348
f 292 347 294
f 291 348 292
f 348 291 349
f 162 349 291
f 349 162 160
f 345 349 350
f 349 345 348
f 346 350 351
f 350 346 345
f 346 353 352
f 353 346 351
f 352 355 354
f 355 352 353
f 344 352 356
f 352 344 346
f 341 357 342
f 357 341 356
f 356 354 357
f 354 356 352
f 331 356 341
f 356 331 344
f 354 359 358
f 359 354 355
f 359 362 360
f 362 359 361
f 361 355 363
f 355 361 359
f 360 358 359
f 358 360 364
f 363 353 365
f 353 363 355
f 366 365 155
f 365 366 363
f 153 365 367
f 365 153 155
f 353 367 365
f 367 353 351
f 351 161 367
f 161 351 350
f 160 350 349
f 350 160 161
f 207 291 289
f 291 207 162
f 293 285 290
f 285 293 286
f 369 371 368
f 371 369 370
f 370 373 371
f 373 370 372
f 375 372 374
f 372 375 373
f 371 377 376
f 377 371 373
f 368 376 378
f 376 368 371
f 380 378 379
f 378 380 368
f 381 378 376
f 378 381 382
f 383 382 381
f 382 383 384
f 384 386 382
f 386 384 385
f 385 388 386
f 388 385 387
f 390 387 389
f 387 390 388
f 391 389 387
f 389 391 392
f 387 393 391
f 393 387 385
f 382 379 378
f 379 382 386
f 386 394 379
f 394 386 388
f 385 395 393
f 395 385 384
f 393 240 396
f 240 393 395
f 238 395 397
f 395 238 240
f 397 384 383
f 384 397 395
f 399 381 398
f 381 399 383
f 398 29 399
f 29 398 31
f 400 383 399
f 383 400 397
f 28 399 29
f 399 28 400
f 377 31 398
f 31 377 401
f 26 375 402
f 375 26 401
f 401 373 375
f 373 401 377
f 401 23 31
f 23 401 26
f 398 376 377
f 376 398 381
f 404 380 403
f 380 404 405
f 407 403 406
f 403 407 404
f 406 394 408
f 394 406 403
f 406 410 407
f 410 406 409
f 409 412 410
f 412 409 411
f 409 414 411
f 414 409 413
f 409 408 413
f 408 409 406
f 404 416 415
f 416 404 407
f 417 407 410
f 407 417 416
f 403 379 394
f 379 403 380
f 415 405 404
f 405 415 418
f 420 421 419
f 421 420 418
f 369 418 420
f 418 369 405
f 405 368 380
f 368 405 369
f 369 423 422
f 423 369 420
f 423 425 422
f 425 423 424
f 424 427 426
f 427 424 423
f 419 423 420
f 423 419 427
f 421 430 428
f 430 421 429
f 432 429 431
f 429 432 430
f 415 431 429
f 431 415 416
f 429 418 415
f 418 429 421
f 428 419 421
f 419 428 433
f 433 435 434
f 435 433 428
f 428 436 435
f 436 428 430
f 438 439 437
f 439 438 374
f 440 437 439
f 437 440 441
f 443 439 442
f 439 443 440
f 372 444 442
f 444 372 370
f 442 445 443
f 445 442 444
f 447 425 446
f 425 447 445
f 446 449 447
f 449 446 448
f 448 451 449
f 451 448 450
f 450 453 452
f 453 450 448
f 454 448 446
f 448 454 453
f 455 445 447
f 445 455 443
f 456 447 449
f 447 456 455
f 424 446 425
f 446 424 454
f 445 422 425
f 422 445 444
f 369 444 370
f 444 369 422
f 442 374 372
f 374 442 439
f 440 458 441
f 458 440 457
f 460 457 459
f 457 460 458
f 462 458 461
f 458 462 441
f 463 441 462
f 441 463 437
f 437 464 438
f 464 437 463
f 463 466 464
f 466 463 465
f 462 465 463
f 465 462 467
f 402 374 438
f 374 402 375
f 468 438 464
f 438 468 402
f 467 461 469
f 461 467 462
f 469 471 470
f 471 469 461
f 470 473 472
f 473 470 471
f 473 460 474
f 460 473 471
f 458 471 461
f 471 458 460
f 476 469 475
f 469 476 467
f 478 479 477
f 479 478 475
f 470 475 469
f 475 470 479
f 480 475 478
f 475 480 476
f 455 459 457
f 459 455 456
f 459 474 460
f 474 459 481
f 481 483 474
f 483 481 482
f 484 482 481
f 482 484 485
f 481 456 484
f 456 481 459
f 451 485 484
f 485 451 486
f 449 484 456
f 484 449 451
f 482 488 483
f 488 482 487
f 487 490 488
f 490 487 489
f 489 492 491
f 492 489 487
f 485 487 482
f 487 485 492
f 493 474 483
f 474 493 473
f 493 488 494
f 488 493 483
f 443 457 440
f 457 443 455
f 496 498 495
f 498 496 497
f 426 497 496
f 497 426 427
f 500 496 499
f 496 500 426
f 454 426 500
f 426 454 424
f 500 453 454
f 453 500 501
f 501 452 453
f 452 501 502
f 502 504 452
f 504 502 503
f 505 503 502
f 503 505 506
f 505 509 507
f 509 505 508
f 510 508 499
f 508 510 509
f 511 509 510
f 509 511 512
f 514 511 513
f 511 514 512
f 512 507 509
f 507 512 515
f 516 512 514
f 512 516 515
f 510 517 511
f 517 510 495
f 499 495 510
f 495 499 496
f 517 498 518
f 498 517 495
f 499 501 500
f 501 499 508
f 508 502 501
f 502 508 505
f 506 507 519
f 507 506 505
f 506 521 503
f 521 506 520
f 519 520 506
f 520 519 522
f 519 524 522
f 524 519 523
f 525 520 522
f 520 525 526
f 522 527 525
f 527 522 524
f 520 528 521
f 528 520 526
f 530 528 529
f 528 530 531
f 529 526 532
f 526 529 528
f 521 531 533
f 531 521 528
f 503 533 504
f 533 503 521
f 534 504 533
f 504 534 535
f 452 535 450
f 535 452 504
f 450 486 451
f 486 450 535
f 535 536 486
f 536 535 534
f 534 538 536
f 538 534 537
f 539 531 530
f 531 539 537
f 533 537 534
f 537 533 531
f 537 540 538
f 540 537 539
f 486 492 485
f 492 486 536
f 491 536 538
f 536 491 492
f 497 434 498
f 434 497 433
f 427 433 497
f 433 427 419
f 518 542 541
f 542 518 498
f 544 542 543
f 542 544 545
f 547 548 546
f 548 547 545
f 541 545 547
f 545 541 542
f 550 541 549
f 541 550 518
f 552 550 551
f 550 552 553
f 513 517 553
f 517 513 511
f 554 553 552
f 553 554 513
f 556 552 555
f 552 556 554
f 558 559 557
f 559 558 556
f 558 554 556
f 554 558 560
f 561 514 560
f 514 561 516
f 561 558 562
f 558 561 560
f 560 513 554
f 513 560 514
f 562 557 563
f 557 562 558
f 564 557 559
f 557 564 565
f 563 565 566
f 565 563 557
f 555 559 556
f 559 555 567
f 567 569 568
f 569 567 555
f 569 571 568
f 571 569 570
f 569 572 570
f 572 569 551
f 555 551 569
f 551 555 552
f 559 573 564
f 573 559 567
f 574 567 568
f 567 574 573
f 553 518 550
f 518 553 517
f 551 549 572
f 549 551 550
f 549 547 575
f 547 549 541
f 575 572 549
f 572 575 576
f 576 579 577
f 579 576 578
f 576 580 578
f 580 576 575
f 578 582 581
f 582 578 580
f 580 583 582
f 583 580 546
f 575 546 580
f 546 575 547
f 584 578 581
f 578 584 579
f 586 584 585
f 584 586 587
f 585 581 588
f 581 585 584
f 579 587 589
f 587 579 584
f 570 590 571
f 590 570 577
f 589 577 579
f 577 589 590
f 571 592 591
f 592 571 590
f 590 593 592
f 593 590 589
f 572 577 570
f 577 572 576
f 546 594 583
f 594 546 548
f 583 596 595
f 596 583 594
f 595 598 597
f 598 595 596
f 582 595 599
f 595 582 583
f 581 599 588
f 599 581 582
f 588 601 600
f 601 588 599
f 602 600 601
f 600 602 603
f 605 603 604
f 603 605 600
f 606 585 605
f 585 606 586
f 607 605 604
f 605 607 606
f 605 588 600
f 588 605 585
f 604 609 608
f 609 604 603
f 609 611 608
f 611 609 610
f 610 613 612
f 613 610 609
f 613 603 602
f 603 613 609
f 601 614 602
f 614 601 597
f 597 615 614
f 615 597 598
f 598 617 615
f 617 598 616
f 596 616 598
f 616 596 618
f 602 619 613
f 619 602 614
f 620 614 615
f 614 620 619
f 599 597 601
f 597 599 595
f 618 594 621
f 594 618 596
f 623 621 622
f 621 623 618
f 618 624 616
f 624 618 623
f 616 625 617
f 625 616 624
f 624 627 625
f 627 624 626
f 629 626 628
f 626 629 627
f 628 631 630
f 631 628 626
f 626 623 631
f 623 626 624
f 632 617 625
f 617 632 633
f 620 615 617
f 617 633 620
f 634 635 620
f 620 633 634
f 632 634 633
f 634 632 636
f 637 625 627
f 625 637 632
f 637 629 638
f 629 637 627
f 636 637 639
f 637 636 632
f 638 639 637
f 639 638 640
f 622 631 623
f 631 622 641
f 641 643 642
f 643 641 622
f 630 641 644
f 641 630 631
f 644 642 645
f 642 644 641
f 644 647 630
f 647 644 646
f 645 646 644
f 646 645 648
f 649 622 621
f 622 649 643
f 643 544 650
f 544 643 649
f 545 649 548
f 649 545 544
f 548 621 594
f 621 548 649
f 642 650 651
f 650 642 643
f 651 645 642
f 645 651 652
f 652 654 653
f 654 652 651
f 651 655 654
f 655 651 650
f 543 650 544
f 650 543 655
f 655 434 435
f 434 655 543
f 498 543 542
f 543 498 434
f 657 659 656
f 659 657 658
f 658 661 660
f 661 658 657
f 661 657 662
f 662 663 661
f 660 665 664
f 665 660 661
f 667 664 666
f 664 667 660
f 669 666 668
f 666 669 667
f 669 672 670
f 672 669 671
f 674 671 673
f 671 674 672
f 676 674 675
f 674 676 677
f 678 677 676
f 677 678 679
f 679 681 680
f 681 679 678
f 683 679 682
f 679 683 677
f 680 682 679
f 682 680 684
f 676 686 678
f 686 676 685
f 685 675 687
f 675 685 676
f 677 672 674
f 672 677 683
f 683 670 672
f 670 683 688
f 673 675 674
f 675 673 689
f 690 689 673
f 689 690 691
f 692 691 690
f 691 692 693
f 695 690 694
f 690 695 692
f 673 694 690
f 694 673 671
f 675 696 687
f 696 675 689
f 691 696 689
f 696 691 697
f 671 668 694
f 668 671 669
f 698 668 666
f 668 698 699
f 666 700 698
f 700 666 664
f 701 664 665
f 664 701 700
f 699 703 702
f 703 699 698
f 704 698 700
f 698 704 703
f 706 703 705
f 703 706 702
f 704 705 703
f 705 704 707
f 702 695 699
f 695 702 708
f 699 694 668
f 694 699 695
f 670 667 669
f 667 670 709
f 660 709 658
f 709 660 667
f 710 658 709
f 658 710 659
f 710 712 711
f 712 710 688
f 682 688 683
f 688 682 712
f 713 711 712
f 711 713 714
f 714 716 715
f 716 714 713
f 713 717 716
f 717 713 684
f 684 712 682
f 712 684 713
f 718 714 715
f 714 718 711
f 659 711 718
f 711 659 710
f 688 709 670
f 709 688 710
f 661 719 665
f 719 661 663
f 719 663 720
f 720 721 719
f 665 722 701
f 722 665 719
f 724 725 723
f 723 722 724
f 726 727 725
f 725 724 726
f 724 721 728
f 728 726 724
f 721 724 722
f 722 719 721
f 721 720 729
f 729 728 721
f 731 729 720
f 720 730 731
f 663 662 730
f 730 720 663
f 732 733 726
f 726 728 732
f 734 732 728
f 728 729 734
f 733 735 727
f 727 726 733
f 735 737 736
f 736 727 735
f 739 736 737
f 737 738 739
f 738 737 740
f 740 741 738
f 742 740 737
f 737 735 742
f 727 736 743
f 743 725 727
f 735 733 744
f 744 742 735
f 745 746 742
f 742 744 745
f 748 745 744
f 744 747 748
f 747 744 733
f 733 732 747
f 723 751 749
f 751 723 750
f 723 725 743
f 743 750 723
f 750 753 751
f 753 750 752
f 752 755 753
f 755 752 754
f 757 754 756
f 754 757 755
f 754 759 758
f 758 756 754
f 759 754 752
f 752 760 759
f 761 751 753
f 751 761 707
f 753 762 761
f 762 753 755
f 760 752 750
f 750 743 760
f 700 749 704
f 749 700 701
f 707 749 751
f 749 707 704
f 701 723 749
f 723 701 722
f 662 656 763
f 656 662 657
f 764 763 656
f 763 764 765
f 766 767 763
f 763 765 766
f 768 769 767
f 767 766 768
f 768 772 770
f 770 771 768
f 775 771 773
f 773 774 775
f 769 768 771
f 771 775 769
f 730 767 769
f 769 731 730
f 767 730 662
f 662 763 767
f 731 769 775
f 775 776 731
f 776 734 729
f 729 731 776
f 777 778 734
f 734 776 777
f 776 775 774
f 774 777 776
f 779 780 774
f 774 773 779
f 780 779 781
f 781 782 780
f 777 774 780
f 780 783 777
f 783 780 782
f 782 784 783
f 781 786 785
f 785 782 781
f 787 788 786
f 786 781 787
f 779 789 787
f 787 781 779
f 773 790 789
f 789 779 773
f 258 789 790
f 790 255 258
f 255 790 770
f 770 256 255
f 771 770 790
f 790 773 771
f 791 256 770
f 770 772 791
f 793 791 772
f 772 792 793
f 792 795 794
f 794 793 792
f 791 793 796
f 796 254 791
f 793 794 797
f 797 796 793
f 794 799 798
f 799 794 795
f 795 800 799
f 800 795 765
f 766 765 795
f 795 792 766
f 792 772 768
f 768 766 792
f 254 252 256
f 256 791 254
f 765 801 800
f 801 765 764
f 764 803 801
f 803 764 802
f 656 802 764
f 802 656 659
f 802 805 803
f 805 802 804
f 659 804 802
f 804 659 718
f 804 807 805
f 807 804 806
f 806 809 807
f 809 806 808
f 808 715 716
f 715 808 806
f 808 811 809
f 811 808 810
f 810 813 811
f 813 810 812
f 812 717 814
f 717 812 810
f 716 810 808
f 810 716 717
f 807 816 815
f 816 807 809
f 809 817 816
f 817 809 811
f 718 806 804
f 806 718 715
f 818 803 805
f 803 818 819
f 819 821 820
f 821 819 818
f 805 815 818
f 815 805 807
f 818 822 821
f 822 818 815
f 820 824 823
f 824 820 821
f 826 820 825
f 820 826 819
f 825 823 827
f 823 825 820
f 801 819 826
f 819 801 803
f 800 826 828
f 826 800 801
f 563 830 562
f 830 563 831
f 833 837 834
f 837 833 836
f 832 836 833
f 836 832 566
f 836 839 837
f 839 836 838
f 566 838 836
f 838 566 565
f 566 831 563
f 831 566 832
f 830 561 562
f 561 830 829
f 561 840 527
f 840 561 829
f 525 840 841
f 840 525 527
f 844 846 843
f 846 844 845
f 848 845 847
f 845 848 846
f 846 850 849
f 850 846 848
f 843 849 851
f 849 843 846
f 844 853 852
f 853 844 843
f 852 855 854
f 855 852 853
f 854 857 856
f 857 854 855
f 859 854 858
f 854 859 852
f 861 862 860
f 862 861 859
f 844 859 861
f 859 844 852
f 844 864 863
f 864 844 861
f 864 866 863
f 866 864 865
f 865 868 867
f 868 865 864
f 860 864 861
f 864 860 868
f 871 869 858
f 869 871 870
f 862 858 869
f 858 862 859
f 856 858 854
f 858 856 871
f 871 873 872
f 873 871 856
f 872 875 874
f 875 872 873
f 874 877 876
f 877 874 875
f 879 875 878
f 875 879 877
f 873 878 875
f 878 873 880
f 874 882 872
f 882 874 881
f 872 870 871
f 870 872 882
f 856 880 873
f 880 856 857
f 884 857 883
f 857 884 880
f 855 883 857
f 883 855 885
f 853 885 855
f 885 853 886
f 885 888 887
f 888 885 886
f 887 890 889
f 890 887 888
f 890 892 889
f 892 890 891
f 891 895 893
f 895 891 894
f 890 894 891
f 894 890 896
f 897 891 893
f 891 897 892
f 887 899 898
f 899 887 889
f 900 889 892
f 889 900 899
f 896 888 901
f 888 896 890
f 901 903 896
f 903 901 902
f 851 902 901
f 902 851 849
f 901 886 851
f 886 901 888
f 851 853 843
f 853 851 886
f 850 906 904
f 906 850 905
f 905 908 906
f 908 905 907
f 907 910 908
f 910 907 909
f 909 912 911
f 912 909 907
f 913 911 912
f 911 913 914
f 913 916 914
f 916 913 915
f 917 916 915
f 916 917 918
f 915 920 917
f 920 915 919
f 918 922 921
f 922 918 917
f 917 923 922
f 923 917 920
f 924 914 916
f 914 924 925
f 916 926 924
f 926 916 918
f 919 913 927
f 913 919 915
f 927 912 928
f 912 927 913
f 929 927 847
f 927 929 919
f 847 928 848
f 928 847 927
f 909 931 930
f 931 909 911
f 932 930 931
f 930 932 933
f 933 935 934
f 935 933 932
f 937 932 936
f 932 937 935
f 931 936 932
f 936 931 925
f 939 933 938
f 933 939 930
f 910 930 939
f 930 910 909
f 911 925 931
f 925 911 914
f 907 928 912
f 928 907 905
f 908 941 940
f 941 908 910
f 942 940 941
f 940 942 943
f 945 946 944
f 946 945 943
f 947 944 946
f 944 947 895
f 948 945 944
f 945 948 949
f 944 894 948
f 894 944 895
f 950 895 947
f 895 950 893
f 947 952 950
f 952 947 951
f 951 946 953
f 946 951 947
f 943 953 946
f 953 943 942
f 954 953 942
f 953 954 955
f 956 942 941
f 942 956 954
f 943 957 940
f 957 943 945
f 940 906 908
f 906 940 957
f 957 904 906
f 904 957 958
f 945 958 957
f 958 945 949
f 941 939 956
f 939 941 910
f 905 848 928
f 848 905 850
f 849 904 902
f 904 849 850
f 847 959 929
f 959 847 845
f 960 929 959
f 929 960 961
f 961 963 962
f 963 961 960
f 962 965 964
f 965 962 963
f 963 967 965
f 967 963 966
f 968 967 966
f 967 968 969
f 969 971 970
f 971 969 968
f 968 867 971
f 867 968 865
f 970 974 969
f 974 970 972
f 865 966 866
f 966 865 968
f 965 976 975
f 976 965 967
f 977 975 976
f 975 977 978
f 978 980 979
f 980 978 977
f 981 979 980
f 979 981 982
f 980 984 981
f 984 980 983
f 977 983 980
f 983 977 985
f 987 978 986
f 978 987 975
f 979 986 978
f 986 979 988
f 976 985 977
f 985 976 974
f 969 976 967
f 976 969 974
f 866 963 960
f 963 866 966
f 964 975 987
f 975 964 965
f 923 964 989
f 964 923 962
f 962 920 961
f 920 962 923
f 919 961 920
f 961 919 929
f 991 992 990
f 992 991 989
f 990 994 993
f 994 990 992
f 990 996 991
f 996 990 995
f 995 998 996
f 998 995 997
f 999 997 995
f 997 999 1000
f 995 993 999
f 993 995 990
f 921 991 996
f 991 921 922
f 922 989 991
f 989 922 923
f 993 1002 1001
f 1002 993 994
f 1001 1004 1003
f 1004 1001 1002
f 1002 1005 1004
f 1005 1002 988
f 988 994 986
f 994 988 1002
f 986 992 987
f 992 986 994
f 989 987 992
f 987 989 964
f 960 863 866
f 863 960 959
f 959 844 863
f 844 959 845
f 1007 1009 1006
f 1009 1007 1008
f 1011 1008 1010
f 1008 1011 1009
f 1006 1013 1012
f 1013 1006 1009
f 1014 1006 1012
f 1006 1014 1015
f 1007 1015 1016
f 1015 1007 1006
f 1018 1019 1017
f 1019 1018 1016
f 1007 1018 1020
f 1018 1007 1016
f 1007 1022 1021
f 1022 1007 1020
f 1021 1024 1023
f 1024 1021 1022
f 1007 1025 1008
f 1025 1007 1021
f 1021 1026 1025
f 1026 1021 1023
f 1008 1026 1010
f 1026 1008 1025
f 1022 1028 1024
f 1028 1022 1027
f 1027 1030 1028
f 1030 1027 1029
f 1029 1032 1031
f 1032 1029 1027
f 1027 1020 1032
f 1020 1027 1022
f 1024 1034 1023
f 1034 1024 1033
f 1028 1033 1024
f 1033 1028 1035
f 1037 1033 1036
f 1033 1037 1034
f 1035 1036 1033
f 1036 1035 1038
f 1018 1032 1020
f 1032 1018 1039
f 1041 1042 1040
f 1042 1041 1039
f 1040 1044 1043
f 1044 1040 1042
f 1043 1046 1045
f 1046 1043 1044
f 1044 1048 1046
f 1048 1044 1047
f 1047 1042 1017
f 1042 1047 1044
f 1050 1043 1049
f 1043 1050 1040
f 1051 1040 1050
f 1040 1051 1041
f 1039 1017 1042
f 1017 1039 1018
f 1039 1031 1032
f 1031 1039 1041
f 1017 1052 1047
f 1052 1017 1019
f 1053 1047 1052
f 1047 1053 1048
f 1048 1055 1054
f 1055 1048 1053
f 1053 884 1055
f 884 1053 1056
f 878 1057 879
f 1057 878 1056
f 1056 1052 1057
f 1052 1056 1053
f 880 1056 878
f 1056 880 884
f 898 1054 1055
f 1054 898 899
f 1046 1054 1058
f 1054 1046 1048
f 1058 899 900
f 899 1058 1054
f 883 1055 884
f 1055 883 898
f 1019 1057 1052
f 1057 1019 1059
f 1059 879 1057
f 879 1059 1060
f 877 1060 1061
f 1060 877 879
f 1014 1061 1060
f 1061 1014 1062
f 876 1061 1063
f 1061 876 877
f 1063 1062 1064
f 1062 1063 1061
f 1060 1015 1014
f 1015 1060 1059
f 1059 1016 1015
f 1016 1059 1019
f 1062 1012 1065
f 1012 1062 1014
f 1065 1068 1066
f 1068 1065 1067
f 1067 1070 1068
f 1070 1067 1069
f 1072 1069 1071
f 1069 1072 1070
f 1074 1071 1073
f 1071 1074 1072
f 1075 1073 1071
f 1073 1075 1076
f 1076 1078 1077
f 1078 1076 1075
f 1075 1011 1078
f 1011 1075 1079
f 1071 1079 1075
f 1079 1071 1069
f 1081 1073 1080
f 1073 1081 1074
f 1076 1080 1073
f 1080 1076 1082
f 1083 1070 1072
f 1070 1083 1084
f 1083 1074 1086
f 1074 1083 1072
f 1084 1068 1070
f 1068 1084 1085
f 1066 1085 1087
f 1085 1066 1068
f 1069 1013 1079
f 1013 1069 1067
f 1079 1009 1011
f 1009 1079 1013
f 1012 1067 1065
f 1067 1012 1013
f 1062 1066 1064
f 1066 1062 1065
f 1089 1091 1088
f 1091 1089 1090
f 1093 1088 1091
f 1091 1092 1093
f 1092 1095 1094
f 1094 1093 1092
f 1098 1095 1096
f 1096 1097 1098
f 1097 1100 1099
f 1099 1098 1097
f 1101 1102 1100
f 1100 1097 1101
f 1102 1101 1103
f 1103 1104 1102
f 1106 1100 1102
f 1102 1105 1106
f 1105 1108 1107
f 1107 1106 1105
f 1108 1105 1109
f 1109 1110 1108
f 1112 1113 1111
f 1111 1110 1112
f 1110 1109 1114
f 1114 1112 1110
f 1115 1108 1110
f 1110 1111 1115
f 1104 1109 1105
f 1105 1102 1104
f 1116 1114 1109
f 1109 1104 1116
f 1117 1116 1104
f 1104 1103 1117
f 1118 1107 1108
f 1108 1115 1118
f 1115 1120 1119
f 1119 1118 1115
f 1121 1122 1107
f 1107 1118 1121
f 1118 1119 1123
f 1123 1121 1118
f 1122 1124 1106
f 1106 1107 1122
f 1100 1106 1124
f 1124 1099 1100
f 1125 1126 1099
f 1099 1124 1125
f 1127 1125 1124
f 1124 1122 1127
f 1129 1103 1101
f 1101 1128 1129
f 1097 1096 1128
f 1128 1101 1097
f 1131 1096 1130
f 1096 1131 1128
f 1129 1128 1131
f 1131 1132 1129
f 1133 1117 1103
f 1103 1129 1133
f 1133 1132 1134
f 1132 1133 1129
f 1131 1136 1132
f 1136 1131 1135
f 1138 1135 1137
f 1135 1138 1136
f 1139 1137 1135
f 1137 1139 1140
f 1130 1135 1131
f 1135 1130 1139
f 1092 1096 1095
f 1096 1092 1130
f 1141 1094 1095
f 1095 1098 1141
f 1098 1099 1126
f 1126 1141 1098
f 1143 1141 1142
f 1141 1143 1094
f 1143 1146 1144
f 1146 1143 1145
f 1145 1148 1146
f 1148 1145 1147
f 1150 1147 1149
f 1147 1150 1148
f 1151 1146 1148
f 1146 1151 1152
f 1153 1148 1150
f 1148 1153 1151
f 1154 1149 1147
f 1149 1154 1155
f 1149 1157 1150
f 1157 1149 1156
f 1155 1156 1149
f 1156 1155 1158
f 1154 1145 1159
f 1145 1154 1147
f 1161 1159 1160
f 1159 1161 1154
f 1142 1160 1159
f 1160 1142 1162
f 1142 1145 1143
f 1145 1142 1159
f 1152 1144 1146
f 1144 1152 1163
f 1093 1163 1088
f 1163 1093 1144
f 1164 1088 1163
f 1088 1164 1089
f 1144 1094 1143
f 1094 1144 1093
f 1165 1163 1152
f 1163 1165 1164
f 1165 1168 1166
f 1168 1165 1167
f 1167 1152 1151
f 1152 1167 1165
f 1166 1164 1165
f 1164 1166 1169
f 1141 1126 1162
f 1162 1142 1141
f 1091 1130 1092
f 1130 1091 1139
f 1090 1139 1091
f 1139 1090 1140
f 1090 1171 1140
f 1171 1090 1170
f 1173 1170 1172
f 1170 1173 1171
f 1140 1174 1137
f 1174 1140 1171
f 1174 1177 1175
f 1177 1174 1176
f 1173 1179 1176
f 1179 1173 1178
f 1178 1172 1180
f 1172 1178 1173
f 1171 1176 1174
f 1176 1171 1173
f 1181 1180 1172
f 1180 1181 1182
f 1181 1184 1182
f 1184 1181 1183
f 1183 1186 1184
f 1186 1183 1185
f 1188 1185 1187
f 1185 1188 1186
f 1186 1190 1189
f 1190 1186 1188
f 1184 1189 1191
f 1189 1184 1186
f 1193 1187 1192
f 1187 1193 1188
f 1194 1192 1187
f 1192 1194 1195
f 1187 1196 1194
f 1196 1187 1185
f 1197 1185 1183
f 1185 1197 1196
f 1198 1196 1197
f 1196 1198 1199
f 1197 1201 1198
f 1201 1197 1200
f 1183 1200 1197
f 1200 1183 1181
f 1182 1203 1180
f 1203 1182 1202
f 1205 1191 1204
f 1191 1205 1202
f 1206 1202 1205
f 1202 1206 1203
f 1205 1208 1206
f 1208 1205 1207
f 1204 1207 1205
f 1207 1204 1209
f 1182 1191 1202
f 1191 1182 1184
f 1180 1210 1178
f 1210 1180 1203
f 1211 1178 1210
f 1178 1211 1179
f 1210 1213 1211
f 1213 1210 1212
f 1203 1212 1210
f 1212 1203 1206
f 1200 1172 1170
f 1172 1200 1181
f 1176 1214 1177
f 1214 1176 1179
f 1177 1216 1215
f 1216 1177 1214
f 1175 1215 1217
f 1215 1175 1177
f 1137 1175 1138
f 1175 1137 1174
f 1138 1217 1218
f 1217 1138 1175
f 1218 1220 1219
f 1220 1218 1217
f 1136 1218 1221
f 1218 1136 1138
f 1221 1132 1136
f 1132 1221 1134
f 1222 1134 1221
f 1134 1222 1223
f 1221 1219 1222
f 1219 1221 1218
f 1220 1226 1224
f 1226 1220 1225
f 1217 1225 1220
f 1225 1217 1215
f 1225 1228 1226
f 1228 1225 1227
f 1215 1227 1225
f 1227 1215 1216
f 1219 1224 1229
f 1224 1219 1220
f 1229 1231 1230
f 1231 1229 1224
f 1224 1232 1231
f 1232 1224 1226
f 1234 1214 1233
f 1214 1234 1216
f 1233 1236 1234
f 1236 1233 1235
f 1236 1235 1237
f 1237 1238 1236
f 1239 1234 1236
f 1234 1239 1240
f 1242 1239 1241
f 1239 1242 1240
f 1238 1243 1239
f 1239 1236 1238
f 1241 1243 1244
f 1243 1241 1239
f 1246 1242 1245
f 1242 1246 1228
f 1245 1241 1247
f 1241 1245 1242
f 1227 1242 1228
f 1242 1227 1240
f 1216 1240 1227
f 1240 1216 1234
f 1248 1237 1235
f 1235 1213 1248
f 1119 1120 1248
f 1248 1249 1119
f 1249 1206 1208
f 1206 1249 1212
f 1248 1212 1249
f 1212 1248 1213
f 1249 1208 1123
f 1123 1119 1249
f 1250 1237 1248
f 1248 1120 1250
f 1251 1238 1237
f 1237 1250 1251
f 1250 1111 1113
f 1113 1251 1250
f 1111 1250 1120
f 1120 1115 1111
f 1211 1235 1233
f 1235 1211 1213
f 1179 1233 1214
f 1233 1179 1211
f 1090 1200 1170
f 1200 1090 1201
f 1090 1252 1201
f 1252 1090 1089
f 1252 1164 1253
f 1164 1252 1089
f 1255 1253 1254
f 1253 1255 1252
f 1255 1199 1198
f 1199 1255 1256
f 1258 1256 1257
f 1256 1258 1199
f 1195 1258 1259
f 1258 1195 1194
f 1257 1259 1258
f 1259 1257 1260
f 1261 1263 1260
f 1263 1261 1262
f 1262 1265 1264
f 1265 1262 1261
f 1261 1267 1265
f 1267 1261 1266
f 1257 1268 1266
f 1268 1257 1256
f 1260 1266 1261
f 1266 1260 1257
f 1269 1266 1268
f 1266 1269 1267
f 1270 1264 1265
f 1264 1270 1271
f 1265 1272 1270
f 1272 1265 1267
f 1274 1262 1273
f 1262 1274 1263
f 1275 1263 1274
f 1263 1275 1276
f 1277 1279 1275
f 1279 1277 1278
f 1277 1274 1280
f 1274 1277 1275
f 1279 1276 1275
f 1276 1279 1281
f 1260 1276 1259
f 1276 1260 1263
f 1280 1273 1282
f 1273 1280 1274
f 1282 1284 1283
f 1284 1282 1273
f 1273 1264 1284
f 1264 1273 1262
f 1281 1259 1276
f 1259 1281 1195
f 1194 1199 1258
f 1199 1194 1196
f 1256 1254 1268
f 1254 1256 1255
f 1268 1285 1269
f 1285 1268 1254
f 1285 1287 1269
f 1287 1285 1286
f 1286 1289 1287
f 1289 1286 1288
f 1288 1291 1290
f 1291 1288 1286
f 1292 1286 1285
f 1286 1292 1291
f 1292 1164 1169
f 1164 1292 1253
f 1254 1292 1285
f 1292 1254 1253
f 1293 1292 1169
f 1292 1293 1291
f 1291 1293 1294
f 1294 1290 1291
f 1290 1296 1288
f 1296 1290 1295
f 1295 1294 1297
f 1294 1295 1290
f 1288 1298 1289
f 1298 1288 1296
f 1300 1298 1299
f 1298 1300 1301
f 1303 1304 1302
f 1304 1303 1301
f 1305 1301 1300
f 1301 1305 1304
f 1289 1301 1303
f 1301 1289 1298
f 1299 1307 1300
f 1307 1299 1306
f 1306 1309 1308
f 1309 1306 1299
f 1296 1299 1298
f 1299 1296 1309
f 1267 1287 1272
f 1287 1267 1269
f 1287 1303 1272
f 1303 1287 1289
f 1198 1252 1255
f 1252 1198 1201
f 1312 1313 1310
f 1310 1311 1312
f 1315 1311 1314
f 1311 1315 1316
f 1318 1315 1317
f 1315 1318 1316
f 1320 1314 1319
f 1314 1320 1315
f 1321 1323 1320
f 1323 1321 1322
f 1322 1325 1324
f 1325 1322 1321
f 1327 1324 1326
f 1324 1327 1322
f 1327 1329 1328
f 1329 1327 1326
f 1331 1326 1330
f 1326 1331 1329
f 1329 1333 1332
f 1333 1329 1331
f 1331 1335 1333
f 1335 1331 1334
f 1330 1334 1331
f 1334 1330 1336
f 1337 1339 1332
f 1339 1337 1338
f 1332 1340 1337
f 1340 1332 1333
f 1339 1329 1332
f 1329 1339 1328
f 1330 1324 1341
f 1324 1330 1326
f 1325 1341 1324
f 1341 1325 1342
f 1325 1344 1342
f 1344 1325 1343
f 1321 1343 1325
f 1343 1321 1345
f 1341 1336 1330
f 1336 1341 1346
f 1346 1342 1347
f 1342 1346 1341
f 1322 1348 1323
f 1348 1322 1327
f 1327 1349 1348
f 1349 1327 1328
f 1350 1328 1339
f 1328 1350 1349
f 1352 1350 1351
f 1350 1352 1353
f 1351 1339 1338
f 1339 1351 1350
f 1349 1353 1354
f 1353 1349 1350
f 1354 1348 1349
f 1348 1354 1355
f 1356 1355 1354
f 1355 1356 1357
f 1355 1323 1348
f 1323 1355 1317
f 1357 1317 1355
f 1317 1357 1318
f 1320 1345 1321
f 1345 1320 1319
f 1359 1345 1319
f 1319 1358 1359
f 1359 1360 1343
f 1343 1345 1359
f 1344 1343 1360
f 1360 1361 1344
f 1363 1344 1361
f 1361 1362 1363
f 1365 1363 1362
f 1362 1364 1365
f 1342 1363 1347
f 1363 1342 1344
f 1363 1367 1347
f 1367 1363 1366
f 1368 1366 1363
f 1363 1365 1368
f 1362 1361 1369
f 1369 1370 1362
f 1371 1372 1370
f 1370 1369 1371
f 1373 1374 1371
f 1371 1369 1373
f 1373 1369 1361
f 1361 1360 1373
f 1359 1375 1373
f 1373 1360 1359
f 1374 1373 1375
f 1375 1376 1374
f 1376 1378 1377
f 1377 1374 1376
f 1379 1380 1378
f 1378 1376 1379
f 1381 1379 1376
f 1376 1375 1381
f 1358 1381 1375
f 1375 1359 1358
f 1314 1382 1358
f 1358 1319 1314
f 1382 1383 1381
f 1381 1358 1382
f 1317 1320 1323
f 1320 1317 1315
f 1316 1312 1311
f 1312 1316 1384
f 1297 1386 1385
f 1386 1297 1384
f 1385 1388 1387
f 1388 1385 1386
f 1388 1390 1389
f 1389 1387 1388
f 1385 1392 1391
f 1392 1385 1387
f 1297 1391 1295
f 1391 1297 1385
f 1309 1295 1391
f 1295 1309 1296
f 1391 1308 1309
f 1308 1391 1392
f 1394 1392 1393
f 1392 1394 1308
f 1308 1395 1306
f 1395 1308 1394
f 1394 1397 1395
f 1397 1394 1396
f 1393 1396 1394
f 1396 1393 1398
f 1389 1393 1392
f 1392 1387 1389
f 1389 1398 1393
f 1398 1389 1399
f 1390 1399 1389
f 1399 1390 1400
f 1402 1390 1388
f 1388 1401 1402
f 1401 1404 1403
f 1403 1402 1401
f 1406 1407 1405
f 1407 1406 1404
f 1408 1405 1407
f 1405 1408 1409
f 1407 1411 1408
f 1411 1407 1410
f 1386 1401 1388
f 1401 1386 1410
f 1404 1410 1407
f 1410 1404 1401
f 1410 1384 1411
f 1384 1410 1386
f 1357 1409 1408
f 1409 1357 1356
f 1356 1413 1409
f 1413 1356 1412
f 1414 1409 1413
f 1409 1414 1405
f 1408 1318 1357
f 1318 1408 1411
f 1416 1417 1406
f 1406 1415 1416
f 1414 1419 1415
f 1419 1414 1418
f 1418 1421 1419
f 1421 1418 1420
f 1422 1420 1418
f 1420 1422 1423
f 1413 1418 1414
f 1418 1413 1422
f 1405 1415 1406
f 1415 1405 1414
f 1416 1415 1419
f 1419 1424 1416
f 1426 1427 1425
f 1425 1424 1426
f 1426 1419 1421
f 1419 1426 1424
f 1428 1416 1424
f 1424 1425 1428
f 1404 1406 1417
f 1417 1403 1404
f 1403 1417 1429
f 1429 1430 1403
f 1402 1403 1430
f 1430 1431 1402
f 1417 1416 1428
f 1428 1429 1417
f 1384 1318 1411
f 1318 1384 1316
f 1384 1294 1312
f 1294 1384 1297
f 1313 1312 1294
f 1294 1293 1313
f 1314 1310 1382
f 1310 1314 1311
f 1310 1432 1383
f 1383 1382 1310
f 1434 1435 1433
f 1433 1432 1434
f 1310 1313 1434
f 1434 1432 1310
f 1436 1434 1168
f 1434 1436 1435
f 1437 1435 1436
f 1435 1437 1438
f 1439 1438 1437
f 1438 1439 1440
f 1440 1442 1441
f 1442 1440 1439
f 1439 1444 1442
f 1444 1439 1443
f 1439 1445 1443
f 1445 1439 1437
f 1437 1446 1445
f 1446 1437 1436
f 1444 1448 1447
f 1448 1444 1443
f 1447 1450 1449
f 1450 1447 1448
f 1157 1448 1451
f 1448 1157 1450
f 1451 1443 1445
f 1443 1451 1448
f 1444 1453 1442
f 1453 1444 1452
f 1444 1454 1452
f 1454 1444 1447
f 1455 1442 1453
f 1442 1455 1441
f 1456 1441 1455
f 1441 1456 1457
f 1456 1460 1458
f 1460 1456 1459
f 1459 1455 1461
f 1455 1459 1456
f 1456 1458 1462
f 1462 1457 1456
f 1461 1453 1463
f 1453 1461 1455
f 1461 1465 1464
f 1465 1461 1463
f 1463 1467 1465
f 1467 1463 1466
f 1453 1466 1463
f 1466 1453 1452
f 1468 1441 1457
f 1441 1468 1440
f 1462 1469 1468
f 1468 1457 1462
f 1471 1468 1469
f 1469 1470 1471
f 1472 1380 1470
f 1470 1469 1472
f 1473 1472 1469
f 1469 1462 1473
f 1440 1471 1438
f 1471 1440 1468
f 1438 1433 1435
f 1433 1438 1471
f 1433 1471 1470
f 1470 1474 1433
f 1383 1474 1379
f 1379 1381 1383
f 1474 1470 1380
f 1380 1379 1474
f 1432 1433 1474
f 1474 1383 1432
f 1313 1168 1434
f 1168 1313 1166
f 1313 1169 1166
f 1169 1313 1293
f 1477 1478 1475
f 1475 1476 1477
f 1476 1364 1479
f 1479 1480 1476
f 1480 1479 1481
f 1481 1482 1480
f 1482 1485 1483
f 1483 1484 1482
f 1485 1487 1486
f 1486 1483 1485
f 1487 1489 1488
f 1488 1486 1487
f 1486 1488 1490
f 1490 1491 1486
f 1493 1491 1492
f 1491 1493 1494
f 1496 1492 1495
f 1492 1496 1493
f 1495 1498 1497
f 1498 1495 1492
f 1495 1158 1496
f 1158 1495 1499
f 1499 1497 1500
f 1497 1499 1495
f 1490 1502 1501
f 1501 1498 1490
f 1492 1490 1498
f 1490 1492 1491
f 1497 1501 1503
f 1501 1497 1498
f 1494 1505 1504
f 1505 1494 1493
f 1506 1493 1496
f 1493 1506 1505
f 1505 1161 1507
f 1161 1505 1506
f 1506 1154 1161
f 1154 1506 1155
f 1155 1496 1158
f 1496 1155 1506
f 1507 1504 1505
f 1504 1507 1508
f 1477 1510 1508
f 1508 1509 1477
f 1511 1508 1507
f 1508 1511 1509
f 1504 1508 1510
f 1510 1484 1504
f 1483 1486 1491
f 1491 1494 1483
f 1484 1483 1494
f 1494 1504 1484
f 1488 1512 1502
f 1502 1490 1488
f 1512 1514 1513
f 1513 1502 1512
f 1515 1516 1514
f 1514 1512 1515
f 1515 1518 1517
f 1517 1516 1515
f 1519 1518 1515
f 1515 1489 1519
f 1489 1515 1512
f 1512 1488 1489
f 1514 1521 1520
f 1520 1513 1514
f 1521 1523 1522
f 1522 1520 1521
f 1525 1523 1521
f 1521 1524 1525
f 1516 1524 1521
f 1521 1514 1516
f 1520 1527 1513
f 1527 1520 1526
f 1502 1513 1527
f 1527 1501 1502
f 1489 1487 1528
f 1528 1519 1489
f 1487 1485 1529
f 1529 1528 1487
f 1528 1529 1530
f 1530 1531 1528
f 1531 1532 1519
f 1519 1528 1531
f 1533 1518 1519
f 1519 1532 1533
f 1518 1533 1534
f 1534 1517 1518
f 1536 1534 1533
f 1533 1535 1536
f 1532 1537 1535
f 1535 1533 1532
f 1532 1531 1538
f 1538 1537 1532
f 1539 1538 1531
f 1531 1530 1539
f 1541 1537 1538
f 1538 1540 1541
f 1538 1539 1377
f 1377 1540 1538
f 1481 1372 1530
f 1530 1529 1481
f 1479 1370 1372
f 1372 1481 1479
f 1485 1482 1481
f 1481 1529 1485
f 1480 1482 1484
f 1484 1510 1480
f 1510 1477 1476
f 1476 1480 1510
f 1364 1362 1370
f 1370 1479 1364
f 1475 1365 1364
f 1364 1476 1475
f 1542 1368 1365
f 1365 1475 1542
f 1544 1368 1542
f 1542 1543 1544
f 1543 1546 1545
f 1545 1544 1543
f 1548 1549 1547
f 1547 1546 1548
f 1550 1551 1549
f 1549 1548 1550
f 1553 1554 1550
f 1550 1552 1553
f 1557 1552 1555
f 1555 1556 1557
f 1558 1553 1552
f 1552 1557 1558
f 1553 1558 1559
f 1559 1560 1553
f 1123 1559 1558
f 1558 1121 1123
f 1121 1558 1557
f 1557 1561 1121
f 1561 1557 1556
f 1556 1478 1561
f 1543 1542 1556
f 1556 1555 1543
f 1478 1556 1542
f 1542 1475 1478
f 1548 1555 1552
f 1552 1550 1548
f 1554 1562 1551
f 1551 1550 1554
f 1562 1564 1563
f 1563 1551 1562
f 1566 1563 1564
f 1564 1565 1566
f 1565 1564 1567
f 1567 1568 1565
f 1569 1567 1564
f 1564 1562 1569
f 1551 1563 1570
f 1570 1549 1551
f 1571 1569 1562
f 1562 1554 1571
f 1573 1571 1572
f 1571 1573 1569
f 1571 1560 1209
f 1209 1572 1571
f 1554 1553 1560
f 1560 1571 1554
f 1555 1548 1546
f 1546 1543 1555
f 1576 1547 1574
f 1574 1575 1576
f 1579 1576 1577
f 1577 1578 1579
f 1576 1579 1580
f 1580 1547 1576
f 1546 1547 1580
f 1580 1545 1546
f 1544 1545 1581
f 1581 1582 1544
f 1583 1581 1545
f 1545 1580 1583
f 1579 1584 1583
f 1583 1580 1579
f 1584 1586 1585
f 1585 1583 1584
f 1587 1588 1586
f 1586 1584 1587
f 1584 1579 1578
f 1578 1587 1584
f 1590 1591 1577
f 1577 1589 1590
f 1589 1593 1592
f 1592 1590 1589
f 1593 1595 1594
f 1594 1592 1593
f 1597 1595 1593
f 1593 1596 1597
f 1589 1575 1596
f 1596 1593 1589
f 1591 1590 1598
f 1598 1599 1591
f 1598 1592 1600
f 1592 1598 1590
f 1577 1576 1575
f 1575 1589 1577
f 1591 1601 1578
f 1578 1577 1591
f 1587 1578 1601
f 1601 1602 1587
f 1604 1602 1601
f 1601 1603 1604
f 1588 1587 1602
f 1602 1605 1588
f 1606 1605 1602
f 1602 1604 1606
f 1591 1599 1603
f 1603 1601 1591
f 1574 1570 1607
f 1607 1608 1574
f 1575 1574 1608
f 1608 1596 1575
f 1596 1608 1609
f 1609 1597 1596
f 1608 1607 1610
f 1610 1609 1608
f 1610 1607 1566
f 1566 1611 1610
f 1563 1566 1607
f 1607 1570 1563
f 1597 1609 1612
f 1612 1613 1597
f 1614 1595 1597
f 1597 1613 1614
f 1613 1616 1615
f 1615 1614 1613
f 1617 1618 1616
f 1616 1613 1617
f 1619 1617 1613
f 1613 1612 1619
f 1611 1612 1609
f 1609 1610 1611
f 1549 1570 1574
f 1574 1547 1549
f 1561 1478 1620
f 1620 1127 1561
f 1509 1621 1620
f 1621 1509 1511
f 1126 1125 1621
f 1621 1162 1126
f 1511 1162 1621
f 1162 1511 1160
f 1127 1620 1621
f 1621 1125 1127
f 1477 1509 1620
f 1620 1478 1477
f 1624 1625 1622
f 1622 1623 1624
f 1627 1624 1626
f 1624 1627 1625
f 1625 1629 1628
f 1628 1622 1625
f 1623 1622 1630
f 1630 1631 1623
f 1631 1630 1632
f 1632 1633 1631
f 1631 1635 1634
f 1634 1623 1631
f 1637 1638 1635
f 1635 1636 1637
f 1636 1640 1639
f 1639 1637 1636
f 1636 1633 1641
f 1641 1640 1636
f 1633 1632 1642
f 1642 1641 1633
f 1632 1644 1643
f 1643 1642 1632
f 1644 1632 1630
f 1630 1645 1644
f 1646 1647 1640
f 1640 1641 1646
f 1648 1646 1641
f 1641 1642 1648
f 1635 1631 1633
f 1633 1636 1635
f 1639 1651 1649
f 1649 1650 1639
f 1347 1650 1346
f 1650 1347 1367
f 1346 1649 1336
f 1649 1346 1650
f 1336 1652 1334
f 1652 1336 1649
f 1651 1653 1652
f 1652 1649 1651
f 1637 1639 1650
f 1650 1367 1637
f 1651 1639 1640
f 1640 1647 1651
f 1638 1637 1367
f 1367 1366 1638
f 1654 1634 1635
f 1635 1638 1654
f 1654 1638 1366
f 1366 1368 1654
f 1582 1655 1634
f 1634 1654 1582
f 1656 1655 1582
f 1582 1581 1656
f 1655 1657 1623
f 1623 1634 1655
f 1655 1656 1658
f 1658 1657 1655
f 1544 1582 1654
f 1654 1368 1544
f 1645 1630 1622
f 1622 1628 1645
f 1628 1660 1659
f 1659 1645 1628
f 1660 1662 1661
f 1661 1659 1660
f 1662 1664 1663
f 1663 1661 1662
f 1665 1663 1664
f 1663 1665 1400
f 1666 1667 1661
f 1661 1663 1666
f 1667 1666 1431
f 1431 1668 1667
f 1402 1431 1666
f 1666 1390 1402
f 1663 1400 1390
f 1390 1666 1663
f 1667 1669 1659
f 1659 1661 1667
f 1670 1400 1665
f 1400 1670 1399
f 1399 1671 1398
f 1671 1399 1670
f 1670 1673 1671
f 1673 1670 1672
f 1672 1675 1674
f 1675 1672 1670
f 1670 1676 1675
f 1676 1670 1665
f 1676 1664 1677
f 1664 1676 1665
f 1679 1677 1678
f 1677 1679 1676
f 1678 1681 1680
f 1681 1678 1677
f 1662 1677 1664
f 1677 1662 1681
f 1681 1660 1682
f 1660 1681 1662
f 1682 1680 1681
f 1680 1682 1683
f 1683 1685 1680
f 1685 1683 1684
f 1684 1687 1685
f 1687 1684 1686
f 1684 1689 1686
f 1689 1684 1688
f 1688 1683 1690
f 1683 1688 1684
f 1629 1683 1682
f 1683 1629 1690
f 1690 1625 1627
f 1625 1690 1629
f 1682 1628 1629
f 1628 1682 1660
f 1692 1693 1691
f 1691 1626 1692
f 1694 1695 1693
f 1693 1692 1694
f 1696 1697 1695
f 1695 1694 1696
f 1696 1699 1698
f 1698 1697 1696
f 1697 1698 1700
f 1700 1701 1697
f 1701 1704 1702
f 1702 1703 1701
f 1706 1702 1704
f 1704 1705 1706
f 1708 1706 1705
f 1705 1707 1708
f 1705 1710 1709
f 1709 1707 1705
f 1708 1707 1711
f 1711 1712 1708
f 1707 1709 1713
f 1713 1711 1707
f 1714 1715 1702
f 1702 1706 1714
f 1706 1708 1716
f 1716 1714 1706
f 1715 1714 1717
f 1717 1718 1715
f 1714 1716 1719
f 1719 1717 1714
f 1703 1702 1715
f 1715 1720 1703
f 1710 1705 1704
f 1704 1721 1710
f 1721 1723 1722
f 1722 1710 1721
f 1725 1722 1723
f 1723 1724 1725
f 1726 1727 1724
f 1724 1723 1726
f 1700 1726 1723
f 1723 1721 1700
f 1721 1704 1701
f 1701 1700 1721
f 1697 1701 1703
f 1703 1695 1697
f 1720 1693 1695
f 1695 1703 1720
f 1693 1720 1728
f 1728 1691 1693
f 1730 1728 1729
f 1728 1730 1691
f 1691 1627 1626
f 1627 1691 1730
f 1699 1732 1731
f 1731 1698 1699
f 1732 1699 1733
f 1733 1734 1732
f 1737 1734 1735
f 1735 1736 1737
f 1734 1737 1738
f 1738 1732 1734
f 1737 1740 1739
f 1739 1738 1737
f 1740 1737 1736
f 1736 1741 1740
f 1735 1743 1742
f 1742 1736 1735
f 1735 1745 1744
f 1744 1743 1735
f 1745 1735 1734
f 1734 1733 1745
f 1746 1733 1699
f 1699 1696 1746
f 1694 1747 1746
f 1746 1696 1694
f 1748 1749 1746
f 1746 1747 1748
f 1751 1748 1747
f 1747 1750 1751
f 1692 1750 1747
f 1747 1694 1692
f 1749 1745 1733
f 1733 1746 1749
f 1727 1726 1731
f 1731 1752 1727
f 1752 1731 1732
f 1732 1738 1752
f 1752 1754 1753
f 1753 1727 1752
f 1756 1753 1754
f 1754 1755 1756
f 1739 1757 1755
f 1755 1754 1739
f 1754 1752 1738
f 1738 1739 1754
f 1726 1700 1698
f 1698 1731 1726
f 1626 1750 1692
f 1750 1626 1624
f 1624 1623 1657
f 1657 1750 1624
f 1760 1761 1758
f 1758 1759 1760
f 1763 1764 1762
f 1762 1760 1763
f 1764 1763 1765
f 1765 1766 1764
f 1768 1769 1767
f 1767 1766 1768
f 1770 1771 1769
f 1769 1768 1770
f 1773 1770 1768
f 1768 1772 1773
f 1766 1765 1772
f 1772 1768 1766
f 1775 1765 1763
f 1763 1774 1775
f 1775 1774 1776
f 1776 1777 1775
f 1778 1772 1765
f 1765 1775 1778
f 1779 1773 1772
f 1772 1778 1779
f 1780 1781 1779
f 1779 1778 1780
f 1778 1775 1777
f 1777 1780 1778
f 1782 1776 1774
f 1774 1759 1782
f 1783 1784 1776
f 1776 1782 1783
f 1782 1786 1785
f 1785 1783 1782
f 1759 1758 1786
f 1786 1782 1759
f 1777 1776 1784
f 1784 1787 1777
f 1789 1790 1788
f 1788 1787 1789
f 1791 1789 1787
f 1787 1784 1791
f 1787 1788 1780
f 1780 1777 1787
f 1759 1774 1763
f 1763 1760 1759
f 1792 1793 1771
f 1771 1770 1792
f 1792 1795 1793
f 1795 1792 1794
f 1796 1794 1792
f 1794 1796 1797
f 1796 1799 1798
f 1798 1797 1796
f 1800 1801 1794
f 1794 1797 1800
f 1797 1798 1802
f 1802 1800 1797
f 1800 1804 1801
f 1804 1800 1803
f 1805 1803 1800
f 1800 1802 1805
f 1806 1807 1798
f 1798 1799 1806
f 1807 1806 1808
f 1808 1809 1807
f 1810 1808 1806
f 1806 1781 1810
f 1781 1806 1799
f 1799 1779 1781
f 1773 1779 1799
f 1799 1796 1773
f 1796 1792 1770
f 1770 1773 1796
f 1811 1794 1801
f 1794 1811 1795
f 1812 1793 1795
f 1793 1812 1813
f 1815 1812 1814
f 1812 1815 1813
f 1817 1814 1816
f 1814 1817 1815
f 1819 1813 1815
f 1815 1818 1819
f 1817 1820 1818
f 1818 1815 1817
f 1821 1814 1812
f 1814 1821 1822
f 1822 1824 1823
f 1824 1822 1821
f 1811 1824 1821
f 1824 1811 1825
f 1795 1821 1812
f 1821 1795 1811
f 1819 1771 1793
f 1793 1813 1819
f 1771 1819 1826
f 1826 1769 1771
f 1769 1826 1827
f 1827 1767 1769
f 1827 1830 1828
f 1828 1829 1827
f 1829 1828 1831
f 1831 1832 1829
f 1828 1834 1833
f 1833 1831 1828
f 1831 1833 1835
f 1835 1836 1831
f 1834 1838 1837
f 1837 1833 1834
f 1839 1840 1838
f 1838 1834 1839
f 1834 1828 1830
f 1830 1839 1834
f 1837 1843 1841
f 1841 1842 1837
f 1843 1837 1838
f 1838 1844 1843
f 1842 1835 1833
f 1833 1837 1842
f 1846 1847 1836
f 1836 1845 1846
f 1846 1850 1848
f 1848 1849 1846
f 1845 1851 1850
f 1850 1846 1845
f 1847 1846 1849
f 1849 1852 1847
f 1845 1836 1835
f 1835 1853 1845
f 1853 1854 1851
f 1851 1845 1853
f 1854 1853 1855
f 1855 1856 1854
f 1853 1835 1842
f 1842 1855 1853
f 1831 1836 1847
f 1847 1832 1831
f 1832 1858 1857
f 1857 1829 1832
f 1852 1858 1832
f 1832 1847 1852
f 1829 1857 1767
f 1767 1827 1829
f 1826 1859 1830
f 1830 1827 1826
f 1819 1818 1859
f 1859 1826 1819
f 1839 1830 1859
f 1859 1860 1839
f 1818 1820 1860
f 1860 1859 1818
f 1860 1861 1840
f 1840 1839 1860
f 1863 1840 1861
f 1861 1862 1863
f 1862 1865 1864
f 1864 1863 1862
f 1867 1862 1866
f 1862 1867 1865
f 1866 1861 1868
f 1861 1866 1862
f 1863 1864 1869
f 1869 1844 1863
f 1871 1869 1864
f 1864 1870 1871
f 1865 1872 1870
f 1870 1864 1865
f 1844 1838 1840
f 1840 1863 1844
f 1820 1868 1861
f 1861 1860 1820
f 1766 1767 1857
f 1857 1764 1766
f 1762 1764 1857
f 1857 1858 1762
f 1761 1760 1762
f 1762 1873 1761
f 1875 1761 1873
f 1873 1874 1875
f 1874 1877 1876
f 1876 1875 1874
f 1877 1879 1878
f 1878 1876 1877
f 1875 1876 1880
f 1880 1881 1875
f 1876 1883 1882
f 1882 1880 1876
f 1878 1884 1883
f 1883 1876 1878
f 1886 1887 1885
f 1885 1879 1886
f 1879 1877 1848
f 1848 1886 1879
f 1879 1885 1888
f 1888 1878 1879
f 1877 1874 1849
f 1849 1848 1877
f 1852 1849 1874
f 1874 1873 1852
f 1858 1852 1873
f 1873 1762 1858
f 1889 1890 1758
f 1758 1761 1889
f 1890 1889 1891
f 1891 1892 1890
f 1786 1758 1890
f 1890 1893 1786
f 1895 1896 1894
f 1894 1893 1895
f 1892 1895 1893
f 1893 1890 1892
f 1897 1898 1895
f 1895 1892 1897
f 1899 1900 1898
f 1898 1897 1899
f 1902 1899 1901
f 1899 1902 1900
f 1900 1904 1903
f 1903 1898 1900
f 1904 1902 1905
f 1902 1904 1900
f 1905 1907 1906
f 1907 1905 1902
f 1908 1902 1901
f 1902 1908 1907
f 1903 1904 1909
f 1909 1910 1903
f 1896 1895 1898
f 1898 1903 1896
f 1896 1903 1910
f 1910 1911 1896
f 1912 1909 1904
f 1904 1905 1912
f 1910 1909 1913
f 1913 1914 1910
f 1915 1913 1909
f 1909 1912 1915
f 1916 1901 1899
f 1901 1916 1917
f 1901 1918 1908
f 1918 1901 1917
f 1918 1920 1919
f 1919 1908 1918
f 1920 1923 1921
f 1923 1920 1922
f 1924 1922 1920
f 1920 1918 1924
f 1919 1921 1925
f 1921 1919 1920
f 1926 1924 1918
f 1918 1917 1926
f 1928 1929 1926
f 1926 1927 1928
f 1927 1926 1917
f 1917 1916 1927
f 1929 1930 1924
f 1924 1926 1929
f 1916 1899 1897
f 1897 1931 1916
f 1931 1932 1927
f 1927 1916 1931
f 1935 1932 1933
f 1933 1934 1935
f 1881 1880 1934
f 1934 1933 1881
f 1937 1935 1934
f 1934 1936 1937
f 1880 1882 1936
f 1936 1934 1880
f 1932 1931 1891
f 1891 1933 1932
f 1931 1897 1892
f 1892 1891 1931
f 1933 1891 1889
f 1889 1881 1933
f 1932 1935 1928
f 1928 1927 1932
f 1785 1894 1938
f 1938 1939 1785
f 1939 1940 1783
f 1783 1785 1939
f 1784 1783 1940
f 1940 1791 1784
f 1791 1940 1941
f 1941 1942 1791
f 1942 1941 1943
f 1943 1944 1942
f 1941 1946 1945
f 1945 1943 1941
f 1944 1943 1947
f 1947 1948 1944
f 1950 1944 1948
f 1948 1949 1950
f 1944 1950 1951
f 1951 1942 1944
f 1952 1953 1948
f 1948 1947 1952
f 1947 1955 1954
f 1954 1952 1947
f 1943 1945 1955
f 1955 1947 1943
f 1946 1957 1956
f 1956 1945 1946
f 1957 1946 1939
f 1939 1938 1957
f 1959 1956 1957
f 1957 1958 1959
f 1938 1911 1958
f 1958 1957 1938
f 1946 1941 1940
f 1940 1939 1946
f 1789 1791 1942
f 1942 1951 1789
f 1911 1938 1894
f 1894 1896 1911
f 1786 1893 1894
f 1894 1785 1786
f 1881 1889 1761
f 1761 1875 1881
f 1961 1963 1960
f 1963 1961 1962
f 1962 1965 1963
f 1965 1962 1964
f 1966 1968 1964
f 1968 1966 1967
f 1969 1967 1966
f 1967 1969 1970
f 1970 1972 1971
f 1972 1970 1969
f 1972 1975 1973
f 1975 1972 1974
f 1974 1977 1975
f 1977 1974 1976
f 1976 1979 1977
f 1979 1976 1978
f 1980 1978 1976
f 1978 1980 1981
f 1982 1984 1981
f 1984 1982 1983
f 1985 1981 1980
f 1981 1985 1982
f 1983 1987 1986
f 1987 1983 1982
f 1961 1982 1985
f 1982 1961 1987
f 1988 1981 1984
f 1981 1988 1978
f 1984 1990 1988
f 1990 1984 1989
f 1983 1989 1984
f 1989 1983 1991
f 1978 1992 1979
f 1992 1978 1988
f 1979 1994 1993
f 1994 1979 1992
f 1993 1977 1979
f 1977 1993 1995
f 1996 1993 1994
f 1993 1996 1997
f 1999 1994 1998
f 1994 1999 1996
f 1992 1998 1994
f 1998 1992 2000
f 1988 2000 1992
f 2000 1988 1990
f 1976 2001 1980
f 2001 1976 1974
f 1969 1974 1972
f 1974 1969 2001
f 2002 1980 2001
f 1980 2002 1985
f 1966 2001 1969
f 2001 1966 2002
f 1962 1985 2002
f 1985 1962 1961
f 1964 2002 1966
f 2002 1964 1962
f 1995 1975 1977
f 1975 1995 2003
f 1973 2003 2004
f 2003 1973 1975
f 1971 1973 2005
f 1973 1971 1972
f 1971 2007 1970
f 2007 1971 2006
f 2006 2005 2008
f 2005 2006 1971
f 2004 2005 1973
f 2005 2004 2009
f 2009 2011 2010
f 2011 2009 2004
f 2004 2012 2011
f 2012 2004 2003
f 2003 2013 2012
f 2013 2003 1995
f 2012 2015 2014
f 2015 2012 2013
f 2013 2016 2015
f 2016 2013 1997
f 2017 2014 2015
f 2014 2017 2018
f 2015 2019 2017
f 2019 2015 2016
f 1995 1997 2013
f 1997 1995 1993
f 1967 2021 1968
f 2021 1967 2020
f 2007 2023 2020
f 2023 2007 2022
f 2023 2022 2024
f 2024 2025 2023
f 2026 2027 2025
f 2025 2024 2026
f 2026 2030 2028
f 2028 2029 2026
f 2029 2028 2031
f 2031 2032 2029
f 2033 2034 2032
f 2032 2031 2033
f 2032 2036 2035
f 2035 2029 2032
f 2034 2037 2036
f 2036 2032 2034
f 2028 2039 2038
f 2038 2031 2028
f 2030 2040 2039
f 2039 2028 2030
f 2027 2026 2029
f 2029 2035 2027
f 2042 2025 2027
f 2027 2041 2042
f 2041 2027 2035
f 2035 2043 2041
f 2030 2026 2024
f 2024 2044 2030
f 2044 2024 2022
f 2022 2045 2044
f 2045 2047 2046
f 2046 2044 2045
f 2045 2008 2047
f 2008 2045 2006
f 2022 2006 2045
f 2006 2022 2007
f 2048 2023 2025
f 2025 2042 2048
f 2042 2050 2049
f 2049 2048 2042
f 2052 2053 2051
f 2051 2050 2052
f 2052 2041 2043
f 2043 2054 2052
f 2050 2042 2041
f 2041 2052 2050
f 2054 2055 2053
f 2053 2052 2054
f 2050 2051 2056
f 2056 2049 2050
f 2058 2056 2051
f 2051 2057 2058
f 2057 2051 2053
f 2053 2059 2057
f 2021 2020 2023
f 2023 2048 2021
f 2048 2049 2060
f 2060 2021 2048
f 2062 2063 2061
f 2063 2062 2060
f 2063 2060 2049
f 2049 2056 2063
f 1968 2060 2062
f 2060 1968 2021
f 2020 1970 2007
f 1970 2020 1967
f 2062 1964 1968
f 1964 2062 1965
f 2064 1963 1965
f 1963 2064 2065
f 1960 2065 2066
f 2065 1960 1963
f 2068 2066 2067
f 2066 2068 1960
f 1961 2068 2069
f 2068 1961 1960
f 2071 2072 2070
f 2072 2071 2069
f 2069 1987 1961
f 1987 2069 2071
f 2071 1986 1987
f 1986 2071 2073
f 2075 2073 2074
f 2073 2075 1986
f 2077 2078 2076
f 2078 2077 2074
f 2074 2079 2078
f 2079 2074 2073
f 2074 2080 2075
f 2080 2074 2077
f 2073 2070 2079
f 2070 2073 2071
f 2070 2082 2081
f 2082 2070 2072
f 2079 2081 2083
f 2081 2079 2070
f 2084 2069 2068
f 2069 2084 2072
f 2085 2072 2084
f 2072 2085 2082
f 2082 2087 2086
f 2087 2082 2085
f 2087 2090 2088
f 2090 2087 2089
f 2085 2089 2087
f 2089 2085 2091
f 2086 2088 2092
f 2088 2086 2087
f 2084 2091 2085
f 2091 2084 2093
f 2093 2095 2091
f 2095 2093 2094
f 2093 2096 2094
f 2096 2093 2067
f 2093 2068 2067
f 2068 2093 2084
f 2067 2097 2096
f 2097 2067 2066
f 2099 2097 2098
f 2097 2099 2100
f 2096 2100 2101
f 2100 2096 2097
f 2102 2096 2101
f 2096 2102 2094
f 2104 2101 2103
f 2101 2104 2102
f 2105 2094 2102
f 2094 2105 2095
f 2106 2102 2104
f 2102 2106 2105
f 2107 2101 2100
f 2101 2107 2103
f 2103 2109 2108
f 2109 2103 2107
f 2111 2107 2110
f 2107 2111 2109
f 2100 2110 2107
f 2110 2100 2099
f 2112 2065 2064
f 2065 2112 2098
f 2113 2098 2112
f 2098 2113 2099
f 2099 2114 2110
f 2114 2099 2113
f 2116 2113 2115
f 2113 2116 2114
f 2112 2115 2113
f 2115 2112 2117
f 2064 2117 2112
f 2117 2064 2061
f 2061 1965 2062
f 1965 2061 2064
f 2098 2066 2065
f 2066 2098 2097
f 2119 2121 2118
f 2121 2119 2120
f 2123 2124 2122
f 2124 2123 2119
f 2122 2126 2125
f 2126 2122 2124
f 2128 2122 2127
f 2122 2128 2123
f 2123 2130 2129
f 2130 2123 2128
f 2132 2127 2131
f 2127 2132 2128
f 2131 2134 2133
f 2134 2131 2127
f 2134 2136 2133
f 2136 2134 2135
f 2135 2138 2136
f 2138 2135 2137
f 2139 2137 2135
f 2137 2139 2140
f 2134 2139 2135
f 2139 2134 2125
f 2142 2139 2141
f 2139 2142 2140
f 2125 2141 2139
f 2141 2125 2126
f 2137 2144 2138
f 2144 2137 2143
f 2143 2146 2144
f 2146 2143 2145
f 2147 2145 2143
f 2145 2147 2148
f 2140 2143 2137
f 2143 2140 2147
f 2149 2136 2138
f 2136 2149 2150
f 2138 2151 2149
f 2151 2138 2144
f 2153 2133 2152
f 2133 2153 2131
f 2155 2153 2154
f 2153 2155 2156
f 2156 2158 2157
f 2158 2156 2155
f 2156 2131 2153
f 2131 2156 2132
f 2157 2132 2156
f 2132 2157 2159
f 2154 2161 2155
f 2161 2154 2160
f 2154 2163 2160
f 2163 2154 2162
f 2153 2162 2154
f 2162 2153 2152
f 2150 2133 2136
f 2133 2150 2152
f 2125 2127 2122
f 2127 2125 2134
f 2159 2128 2132
f 2128 2159 2130
f 2130 2165 2164
f 2165 2130 2159
f 2164 2167 2166
f 2167 2164 2165
f 2166 2169 2168
f 2169 2166 2167
f 2171 2166 2170
f 2166 2171 2164
f 2129 2164 2171
f 2164 2129 2130
f 2168 2170 2166
f 2170 2168 2172
f 2174 2170 2173
f 2170 2174 2171
f 2173 2172 2175
f 2172 2173 2170
f 2177 2169 2176
f 2169 2177 2178
f 2179 2178 2177
f 2178 2179 2180
f 2177 2182 2179
f 2182 2177 2181
f 2176 2181 2177
f 2181 2176 2183
f 2167 2176 2169
f 2176 2167 2184
f 2184 2183 2176
f 2183 2184 2185
f 2185 2187 2186
f 2187 2185 2184
f 2165 2184 2167
f 2184 2165 2187
f 2178 2168 2169
f 2168 2178 2188
f 2172 2188 2189
f 2188 2172 2168
f 2189 2191 2190
f 2191 2189 2188
f 2188 2180 2191
f 2180 2188 2178
f 2187 2159 2157
f 2159 2187 2165
f 2129 2119 2123
f 2119 2129 2120
f 2121 2193 2192
f 2193 2121 2120
f 2194 2192 2193
f 2192 2194 2195
f 2195 2197 2196
f 2197 2195 2194
f 2198 2197 2194
f 2197 2198 2199
f 2199 2201 2200
f 2201 2199 2198
f 2198 2174 2201
f 2174 2198 2202
f 2203 2200 2201
f 2200 2203 2204
f 2201 2173 2203
f 2173 2201 2174
f 2206 2199 2205
f 2199 2206 2197
f 2205 2200 2207
f 2200 2205 2199
f 2202 2194 2193
f 2194 2202 2198
f 2196 2209 2195
f 2209 2196 2208
f 2211 2206 2210
f 2206 2211 2208
f 2213 2210 2212
f 2210 2213 2211
f 2212 2215 2214
f 2215 2212 2210
f 2210 2205 2215
f 2205 2210 2206
f 2197 2208 2196
f 2208 2197 2206
f 2216 2208 2211
f 2208 2216 2209
f 2195 2217 2192
f 2217 2195 2209
f 2218 2209 2216
f 2209 2218 2217
f 2193 2129 2202
f 2129 2193 2120
f 2220 2124 2219
f 2124 2220 2126
f 2126 2221 2141
f 2221 2126 2220
f 2141 2222 2142
f 2222 2141 2221
f 2222 2225 2223
f 2225 2222 2224
f 2224 2227 2225
f 2227 2224 2226
f 2228 2226 2224
f 2226 2228 2229
f 2230 2229 2228
f 2229 2230 2231
f 2232 2231 2230
f 2231 2232 2233
f 2231 2235 2234
f 2235 2231 2233
f 936 2233 937
f 2233 936 2235
f 2236 2233 2232
f 2233 2236 937
f 2219 2230 2220
f 2230 2219 2232
f 2118 2232 2219
f 2232 2118 2236
f 2119 2219 2124
f 2219 2119 2118
f 2228 2220 2230
f 2220 2228 2221
f 2221 2224 2222
f 2224 2221 2228
f 2229 2238 2226
f 2238 2229 2237
f 2231 2237 2229
f 2237 2231 2234
f 2237 998 2238
f 998 2237 2239
f 2239 2234 926
f 2234 2239 2237
f 2239 996 998
f 996 2239 921
f 918 2239 926
f 2239 918 921
f 2238 2227 2226
f 2227 2238 2240
f 2238 997 2240
f 997 2238 998
f 2227 2242 2225
f 2242 2227 2241
f 2244 2241 2243
f 2241 2244 2242
f 2244 2247 2245
f 2247 2244 2246
f 2248 2247 2246
f 2247 2248 2249
f 2251 2246 2250
f 2246 2251 2248
f 2243 2246 2244
f 2246 2243 2250
f 2252 2245 2247
f 2245 2252 2253
f 2245 2242 2244
f 2242 2245 2254
f 2254 2253 2255
f 2253 2254 2245
f 2243 2257 2256
f 2257 2243 2241
f 997 2257 2240
f 2257 997 1000
f 2240 2241 2227
f 2241 2240 2257
f 2256 1000 2258
f 1000 2256 2257
f 2256 2260 2259
f 2260 2256 2258
f 2262 2258 2261
f 2258 2262 2260
f 2261 1000 999
f 1000 2261 2258
f 2254 2225 2242
f 2225 2254 2223
f 2255 2223 2254
f 2223 2255 2263
f 2140 2263 2147
f 2263 2140 2142
f 2147 2255 2148
f 2255 2147 2263
f 2142 2223 2263
f 2223 2142 2222
f 2121 2236 2118
f 2236 2121 2264
f 2236 935 937
f 935 2236 2264
f 2264 934 935
f 934 2264 2265
f 2265 2267 934
f 2267 2265 2266
f 2266 2269 2267
f 2269 2266 2268
f 2271 2268 2270
f 2268 2271 2269
f 2271 2274 2272
f 2274 2271 2273
f 2270 2273 2271
f 2273 2270 2275
f 2275 2277 2276
f 2277 2275 2270
f 2279 2277 2278
f 2277 2279 2280
f 2280 2282 2281
f 2282 2280 2279
f 2276 2280 2283
f 2280 2276 2277
f 2283 2281 2284
f 2281 2283 2280
f 2281 2213 2285
f 2213 2281 2282
f 2282 2211 2213
f 2211 2282 2216
f 2216 2279 2218
f 2279 2216 2282
f 2278 2218 2279
f 2218 2278 2286
f 2286 2217 2218
f 2217 2286 2287
f 2266 2287 2286
f 2287 2266 2265
f 2268 2286 2278
f 2286 2268 2266
f 2278 2270 2268
f 2270 2278 2277
f 2289 2275 2288
f 2275 2289 2273
f 2291 2288 2290
f 2288 2291 2289
f 2292 2290 2288
f 2290 2292 2293
f 2276 2288 2275
f 2288 2276 2292
f 2294 2289 2291
f 2289 2294 2295
f 2294 2297 2296
f 2297 2294 2291
f 2297 2290 2298
f 2290 2297 2291
f 2295 2273 2289
f 2273 2295 2274
f 955 2272 2274
f 2272 955 954
f 2274 2299 955
f 2299 2274 2295
f 2272 2269 2271
f 2269 2272 2300
f 2300 2267 2269
f 2267 2300 938
f 934 938 933
f 938 934 2267
f 938 956 939
f 956 938 2300
f 954 2300 2272
f 2300 954 956
f 2121 2265 2264
f 2265 2121 2287
f 2192 2287 2121
f 2287 2192 2217
f 2303 2304 2301
f 2301 2302 2303
f 2303 2306 2305
f 2305 2304 2303
f 2308 2305 2306
f 2306 2307 2308
f 2310 2311 2309
f 2309 2307 2310
f 2310 2314 2312
f 2312 2313 2310
f 2311 2310 2313
f 2313 2315 2311
f 2316 2311 2315
f 2311 2316 2317
f 2317 2309 2311
f 2309 2317 2318
f 2318 2320 2319
f 2320 2318 2317
f 2319 2322 2321
f 2322 2319 2320
f 2321 2324 2323
f 2324 2321 2322
f 2325 2324 2322
f 2324 2325 2326
f 2320 2325 2322
f 2325 2320 2327
f 2329 2319 2328
f 2319 2329 2318
f 2321 2328 2319
f 2328 2321 2330
f 2317 2327 2320
f 2327 2317 2316
f 2316 2332 2327
f 2332 2316 2331
f 2331 2315 2333
f 2315 2331 2316
f 2309 2318 2329
f 2329 2334 2309
f 2334 2329 2335
f 2335 2336 2334
f 2308 2334 2336
f 2336 2337 2308
f 2337 2336 2338
f 2338 2339 2337
f 2336 2335 2340
f 2340 2338 2336
f 2334 2308 2307
f 2307 2309 2334
f 2341 2333 2315
f 2315 2313 2341
f 2342 2343 2333
f 2333 2341 2342
f 2345 2342 2341
f 2341 2344 2345
f 2313 2312 2344
f 2344 2341 2313
f 2312 2347 2346
f 2346 2344 2312
f 2347 2349 2348
f 2348 2346 2347
f 2349 2347 2350
f 2350 2351 2349
f 2347 2312 2314
f 2314 2350 2347
f 2344 2346 2352
f 2352 2345 2344
f 2345 2352 2353
f 2353 2354 2345
f 2354 2355 2342
f 2342 2345 2354
f 2353 2358 2356
f 2356 2357 2353
f 2352 2359 2358
f 2358 2353 2352
f 2357 2360 2354
f 2354 2353 2357
f 2346 2348 2359
f 2359 2352 2346
f 2361 2342 2355
f 2342 2361 2343
f 2343 2363 2362
f 2363 2343 2361
f 2363 2366 2364
f 2366 2363 2365
f 2365 2361 2367
f 2361 2365 2363
f 2365 2369 2366
f 2369 2365 2368
f 2367 2368 2365
f 2368 2367 2370
f 2372 2373 2371
f 2373 2372 2364
f 2364 2374 2373
f 2374 2364 2366
f 2362 2364 2372
f 2364 2362 2363
f 2333 2362 2331
f 2362 2333 2343
f 2367 2355 2375
f 2355 2367 2361
f 2376 2375 2360
f 2375 2376 2377
f 2378 2376 2360
f 2360 2357 2378
f 2377 2380 2379
f 2380 2377 2376
f 2380 2376 2378
f 2378 2381 2380
f 2354 2375 2355
f 2375 2354 2360
f 2375 2370 2367
f 2370 2375 2377
f 2314 2310 2307
f 2307 2306 2314
f 2305 2308 2337
f 2337 2382 2305
f 2382 2337 2339
f 2339 2383 2382
f 2386 2383 2384
f 2384 2385 2386
f 2383 2386 2387
f 2387 2382 2383
f 2387 2388 2301
f 2301 2304 2387
f 2382 2387 2304
f 2304 2305 2382
f 2388 2387 2386
f 2386 2389 2388
f 2389 2391 2390
f 2390 2388 2389
f 2393 2394 2392
f 2392 2391 2393
f 2395 2393 2391
f 2391 2389 2395
f 2391 2392 2396
f 2396 2390 2391
f 2389 2386 2385
f 2385 2395 2389
f 2395 2385 2397
f 2397 2398 2395
f 2385 2384 2399
f 2399 2397 2385
f 2400 2301 2388
f 2388 2390 2400
f 2390 2396 2401
f 2401 2400 2390
f 2404 2401 2402
f 2402 2403 2404
f 2401 2396 2405
f 2405 2402 2401
f 2406 2400 2401
f 2401 2404 2406
f 2301 2400 2406
f 2406 2302 2301
f 2383 2339 2407
f 2407 2384 2383
f 2407 2410 2408
f 2408 2409 2407
f 2409 2408 2411
f 2411 2412 2409
f 2408 2414 2413
f 2413 2411 2408
f 2416 2413 2415
f 2413 2416 2411
f 2415 2418 2417
f 2418 2415 2413
f 2419 2413 2414
f 2413 2419 2418
f 2421 2422 2420
f 2420 2416 2421
f 2415 2421 2416
f 2421 2415 2423
f 2412 2411 2416
f 2416 2420 2412
f 2410 2424 2414
f 2414 2408 2410
f 2338 2340 2424
f 2424 2410 2338
f 2414 2425 2419
f 2425 2414 2424
f 2424 2426 2425
f 2426 2424 2340
f 2410 2407 2339
f 2339 2338 2410
f 2384 2407 2409
f 2409 2399 2384
f 2399 2409 2412
f 2412 2427 2399
f 2430 2427 2428
f 2428 2429 2430
f 2432 2430 2429
f 2429 2431 2432
f 2434 2432 2431
f 2431 2433 2434
f 2433 2431 2435
f 2435 2436 2433
f 2431 2429 2437
f 2437 2435 2431
f 2397 2399 2427
f 2427 2430 2397
f 2398 2397 2430
f 2430 2432 2398
f 2429 2428 2438
f 2438 2437 2429
f 2437 2438 2439
f 2439 2440 2437
f 2438 2422 2441
f 2441 2439 2438
f 2428 2420 2422
f 2422 2438 2428
f 2420 2428 2427
f 2427 2412 2420
f 2350 2314 2306
f 2306 2303 2350
f 2351 2350 2303
f 2303 2302 2351
f 2302 2443 2442
f 2442 2351 2302
f 2443 2445 2444
f 2444 2442 2443
f 2445 2447 2446
f 2446 2444 2445
f 2447 2450 2448
f 2448 2449 2447
f 2449 2452 2451
f 2451 2447 2449
f 2454 2455 2453
f 2453 2452 2454
f 2455 2454 2456
f 2456 2457 2455
f 2455 2459 2458
f 2458 2453 2455
f 2459 2461 2460
f 2460 2458 2459
f 2461 2463 2462
f 2462 2460 2461
f 2463 2465 2464
f 2464 2462 2463
f 2466 2467 2465
f 2465 2463 2466
f 2463 2461 2468
f 2468 2466 2463
f 2469 2470 2458
f 2458 2460 2469
f 2471 2469 2460
f 2460 2462 2471
f 2461 2459 2472
f 2472 2468 2461
f 2459 2455 2457
f 2457 2472 2459
f 2473 2474 2468
f 2468 2472 2473
f 2475 2473 2472
f 2472 2457 2475
f 2452 2453 2476
f 2476 2451 2452
f 2447 2451 2477
f 2477 2446 2447
f 2478 2444 2446
f 2446 2477 2478
f 2477 2480 2479
f 2479 2478 2477
f 2451 2476 2480
f 2480 2477 2451
f 2453 2458 2470
f 2470 2476 2453
f 2482 2483 2456
f 2456 2481 2482
f 2485 2482 2481
f 2481 2484 2485
f 2485 2488 2486
f 2486 2487 2485
f 2487 2489 2482
f 2482 2485 2487
f 2490 2491 2489
f 2489 2487 2490
f 2492 2490 2487
f 2487 2486 2492
f 2495 2488 2493
f 2493 2494 2495
f 2488 2485 2484
f 2484 2493 2488
f 2488 2495 2496
f 2496 2486 2488
f 2484 2481 2497
f 2497 2498 2484
f 2452 2449 2497
f 2497 2454 2452
f 2454 2497 2481
f 2481 2456 2454
f 2498 2497 2449
f 2449 2448 2498
f 2483 2482 2489
f 2489 2499 2483
f 2457 2456 2483
f 2483 2475 2457
f 2499 2500 2475
f 2475 2483 2499
f 2501 2502 2500
f 2500 2499 2501
f 2491 2501 2499
f 2499 2489 2491
f 2406 2450 2443
f 2443 2302 2406
f 2445 2443 2450
f 2450 2447 2445
f 2404 2448 2450
f 2450 2406 2404
f 2351 2442 2503
f 2503 2349 2351
f 2504 2348 2349
f 2349 2503 2504
f 2348 2504 2505
f 2505 2359 2348
f 2506 2358 2359
f 2359 2505 2506
f 2505 2508 2507
f 2507 2506 2505
f 2509 2510 2507
f 2507 2508 2509
f 2510 2509 2470
f 2470 2469 2510
f 2510 2512 2511
f 2511 2507 2510
f 2471 2514 2513
f 2513 2512 2471
f 2469 2471 2512
f 2512 2510 2469
f 2512 2513 2515
f 2515 2511 2512
f 2511 2516 2506
f 2506 2507 2511
f 2509 2480 2476
f 2476 2470 2509
f 2480 2509 2508
f 2508 2479 2480
f 2508 2505 2504
f 2504 2479 2508
f 2516 2356 2358
f 2358 2506 2516
f 2503 2478 2479
f 2479 2504 2503
f 2442 2444 2478
f 2478 2503 2442
f 2518 2520 2517
f 2520 2518 2519
f 2521 2519 2518
f 2519 2521 2522
f 2524 2525 2523
f 2525 2524 2522
f 2523 2527 2526
f 2527 2523 2525
f 2526 2529 2528
f 2529 2526 2527
f 2529 2531 2528
f 2531 2529 2530
f 2533 2530 2532
f 2530 2533 2534
f 2530 2535 2531
f 2535 2530 2534
f 2537 2538 2536
f 2538 2537 2535
f 2539 2536 2538
f 2536 2539 2540
f 2540 2542 2541
f 2542 2540 2539
f 2542 2544 2543
f 2544 2542 2539
f 2538 2544 2539
f 2544 2538 2533
f 2546 2540 2545
f 2540 2546 2536
f 2547 2536 2546
f 2536 2547 2537
f 2535 2533 2538
f 2533 2535 2534
f 2531 2537 2548
f 2537 2531 2535
f 2531 2550 2528
f 2550 2531 2549
f 2531 2551 2549
f 2551 2531 2548
f 2550 2551 2552
f 2551 2550 2549
f 2550 2526 2528
f 2526 2550 2553
f 2544 2533 2532
f 2532 2554 2544
f 2556 2544 2554
f 2554 2555 2556
f 2557 2559 2555
f 2559 2557 2558
f 2558 2561 2560
f 2561 2558 2557
f 2558 2563 2559
f 2563 2558 2562
f 2562 2560 2564
f 2560 2562 2558
f 2555 2565 2557
f 2565 2555 2554
f 2566 2568 2565
f 2568 2566 2567
f 2532 2565 2554
f 2565 2532 2566
f 2565 2561 2557
f 2561 2565 2568
f 2559 2569 2556
f 2556 2555 2559
f 2569 2571 2570
f 2570 2556 2569
f 2573 2571 2569
f 2569 2572 2573
f 2563 2572 2569
f 2569 2559 2563
f 2530 2566 2532
f 2566 2530 2574
f 2574 2577 2575
f 2577 2574 2576
f 2527 2576 2529
f 2576 2527 2577
f 2578 2575 2577
f 2575 2578 2579
f 2577 2525 2578
f 2525 2577 2527
f 2530 2576 2574
f 2576 2530 2529
f 2566 2575 2567
f 2575 2566 2574
f 2523 2581 2524
f 2581 2523 2580
f 2583 2580 2582
f 2580 2583 2581
f 2584 2524 2581
f 2524 2584 2585
f 2586 2519 2585
f 2519 2586 2520
f 2585 2522 2524
f 2522 2585 2519
f 2520 2588 2587
f 2588 2520 2586
f 2587 2590 2589
f 2590 2587 2588
f 2589 2592 2591
f 2592 2589 2590
f 2590 2594 2592
f 2594 2590 2593
f 2588 2593 2590
f 2593 2588 2595
f 2597 2587 2596
f 2587 2597 2520
f 2596 2589 2598
f 2589 2596 2587
f 2595 2586 2599
f 2586 2595 2588
f 2601 2599 2600
f 2599 2601 2595
f 2602 2600 2599
f 2599 2584 2602
f 2599 2585 2584
f 2585 2599 2586
f 2583 2602 2584
f 2584 2581 2583
f 2583 2603 2602
f 2603 2583 2545
f 2541 2605 2604
f 2604 2603 2541
f 2604 2607 2606
f 2607 2604 2605
f 2609 2607 2608
f 2607 2609 2610
f 2612 2607 2611
f 2607 2612 2608
f 2614 2607 2613
f 2607 2614 2611
f 2605 2613 2607
f 2613 2605 2615
f 2606 2610 2616
f 2610 2606 2607
f 2601 2604 2617
f 2604 2601 2600
f 2617 2606 2618
f 2606 2617 2604
f 2603 2604 2600
f 2600 2602 2603
f 2605 2541 2542
f 2542 2615 2605
f 2541 2545 2540
f 2545 2541 2603
f 2545 2582 2546
f 2582 2545 2583
f 2580 2619 2582
f 2619 2580 2553
f 2553 2550 2552
f 2552 2619 2553
f 2619 2546 2582
f 2546 2619 2547
f 2552 2547 2619
f 2547 2552 2551
f 2580 2526 2553
f 2526 2580 2523
f 2578 2522 2521
f 2522 2578 2525
f 2579 2521 2620
f 2521 2579 2578
f 2620 2622 2579
f 2622 2620 2621
f 2624 2621 2623
f 2621 2624 2622
f 2626 2623 2625
f 2623 2626 2624
f 2627 2625 2623
f 2625 2627 2628
f 2630 2628 2629
f 2628 2630 2631
f 2632 2628 2631
f 2628 2632 2625
f 2633 2632 2631
f 2632 2633 2634
f 2631 2635 2633
f 2635 2631 2630
f 2629 2638 2636
f 2638 2629 2637
f 2637 2628 2627
f 2628 2637 2629
f 2629 2639 2630
f 2639 2629 2636
f 2623 2640 2627
f 2640 2623 2621
f 2621 2641 2640
f 2641 2621 2620
f 2640 2643 2642
f 2643 2640 2641
f 2641 2517 2643
f 2517 2641 2518
f 2620 2518 2641
f 2518 2620 2521
f 2627 2642 2637
f 2642 2627 2640
f 2560 2626 2644
f 2626 2560 2561
f 2644 2625 2632
f 2625 2644 2626
f 2564 2644 2645
f 2644 2564 2560
f 2632 2645 2644
f 2645 2632 2634
f 2564 2647 2646
f 2647 2564 2645
f 2645 2648 2647
f 2648 2645 2634
f 2561 2624 2626
f 2624 2561 2568
f 2568 2622 2624
f 2622 2568 2567
f 2567 2579 2622
f 2579 2567 2575
f 2649 2520 2597
f 2520 2649 2517
f 2643 2649 2650
f 2649 2643 2517
f 2642 2650 2651
f 2650 2642 2643
f 2637 2651 2638
f 2651 2637 2642
f 2638 2653 2652
f 2653 2638 2651
f 2652 2655 2654
f 2655 2652 2653
f 2653 2657 2655
f 2657 2653 2656
f 2656 2651 2650
f 2651 2656 2653
f 2656 2659 2657
f 2659 2656 2658
f 2658 2661 2659
f 2661 2658 2660
f 2597 2662 2660
f 2662 2597 2596
f 2660 2663 2661
f 2663 2660 2662
f 2661 2665 2664
f 2665 2661 2663
f 2663 2667 2665
f 2667 2663 2666
f 2662 2666 2663
f 2666 2662 2668
f 2668 2596 2598
f 2596 2668 2662
f 2649 2660 2658
f 2660 2649 2597
f 2657 2670 2669
f 2670 2657 2659
f 2664 2659 2661
f 2659 2664 2670
f 2669 2672 2671
f 2672 2669 2670
f 2671 2674 2673
f 2674 2671 2672
f 2672 2676 2674
f 2676 2672 2675
f 2670 2675 2672
f 2675 2670 2664
f 2669 2655 2657
f 2655 2669 2677
f 2677 2671 2678
f 2671 2677 2669
f 2650 2658 2656
f 2658 2650 2649
f 2654 2677 2679
f 2677 2654 2655
f 2681 2682 2680
f 2682 2681 2679
f 2683 2679 2681
f 2679 2683 2654
f 2684 2654 2683
f 2654 2684 2652
f 2636 2652 2684
f 2652 2636 2638
f 2639 2684 2685
f 2684 2639 2636
f 2685 2683 2686
f 2683 2685 2684
f 2639 2688 2687
f 2688 2639 2685
f 2688 2686 2689
f 2686 2688 2685
f 2686 2681 2690
f 2681 2686 2683
f 2680 2690 2681
f 2690 2680 2691
f 2691 2693 2692
f 2693 2691 2680
f 2692 2695 2694
f 2695 2692 2693
f 2693 2697 2695
f 2697 2693 2696
f 2680 2696 2693
f 2696 2680 2682
f 2699 2691 2698
f 2691 2699 2690
f 2698 2692 2700
f 2692 2698 2691
f 2689 2690 2699
f 2690 2689 2686
f 2679 2678 2682
f 2678 2679 2677
f 2702 2704 2701
f 2704 2702 2703
f 2702 2706 2703
f 2706 2702 2705
f 2706 2708 2707
f 2708 2706 2705
f 2706 2711 2709
f 2711 2706 2710
f 2710 2713 2711
f 2713 2710 2712
f 2712 2716 2714
f 2716 2712 2715
f 2715 2718 2716
f 2718 2715 2717
f 2706 2717 2710
f 2717 2706 2707
f 2719 2707 2708
f 2707 2719 2720
f 2720 2719 2573
f 2573 2572 2720
f 2718 2707 2720
f 2707 2718 2717
f 2718 2572 2563
f 2572 2718 2720
f 2719 2571 2573
f 2571 2719 2721
f 2543 2571 2721
f 2571 2543 2570
f 2543 2721 2615
f 2615 2542 2543
f 2719 2615 2721
f 2615 2719 2613
f 2614 2719 2708
f 2719 2614 2613
f 2614 2705 2702
f 2705 2614 2708
f 2712 2717 2715
f 2717 2712 2710
f 2716 2723 2722
f 2723 2716 2718
f 2724 2723 2646
f 2723 2724 2722
f 2725 2646 2647
f 2646 2725 2724
f 2725 2647 2648
f 2648 2726 2725
f 2724 2727 2714
f 2727 2724 2725
f 2727 2725 2726
f 2726 2728 2727
f 2722 2714 2716
f 2714 2722 2724
f 2723 2564 2646
f 2564 2723 2562
f 2718 2562 2723
f 2562 2718 2563
f 2713 2714 2727
f 2714 2713 2712
f 2729 2727 2728
f 2727 2729 2713
f 2729 2728 2730
f 2730 2731 2729
f 2732 2729 2731
f 2729 2732 2733
f 2735 2733 2734
f 2733 2735 2736
f 2738 2736 2737
f 2736 2738 2709
f 2736 2739 2737
f 2739 2736 2735
f 2709 2733 2736
f 2733 2709 2711
f 2734 2742 2740
f 2742 2734 2741
f 2734 2732 2741
f 2732 2734 2733
f 2743 2734 2740
f 2734 2743 2735
f 2729 2711 2713
f 2711 2729 2733
f 2730 2732 2731
f 2732 2730 2744
f 2730 2746 2745
f 2745 2744 2730
f 2745 2732 2744
f 2732 2745 2747
f 2728 2726 2746
f 2746 2730 2728
f 2745 2749 2748
f 2749 2745 2746
f 2726 2648 2749
f 2749 2746 2726
f 2704 2706 2709
f 2706 2704 2703
f 2750 2709 2738
f 2709 2750 2704
f 2751 2704 2750
f 2704 2751 2701
f 2752 2751 2750
f 2751 2752 2616
f 2753 2750 2738
f 2750 2753 2752
f 2754 2752 2753
f 2752 2754 2618
f 2755 2618 2754
f 2618 2755 2617
f 2757 2755 2756
f 2755 2757 2758
f 2754 2756 2755
f 2756 2754 2759
f 2758 2617 2755
f 2617 2758 2601
f 2759 2753 2760
f 2753 2759 2754
f 2738 2760 2753
f 2760 2738 2737
f 2760 2762 2759
f 2762 2760 2761
f 2737 2761 2760
f 2761 2737 2739
f 2616 2618 2606
f 2618 2616 2752
f 2609 2701 2751
f 2701 2609 2608
f 2608 2702 2701
f 2702 2608 2612
f 2609 2616 2610
f 2616 2609 2751
f 2611 2702 2612
f 2702 2611 2614
f 2764 2766 2763
f 2766 2764 2765
f 2765 2769 2767
f 2769 2765 2768
f 2770 2769 2768
f 2769 2770 2771
f 2773 2770 2772
f 2770 2773 2774
f 2774 2776 2775
f 2776 2774 2773
f 2774 2771 2770
f 2771 2774 2777
f 2777 2779 2771
f 2779 2777 2778
f 2781 2778 2780
f 2778 2781 2779
f 2771 2782 2769
f 2782 2771 2779
f 2782 2785 2783
f 2785 2782 2784
f 2787 2781 2786
f 2781 2787 2784
f 2784 2779 2781
f 2779 2784 2782
f 2784 2788 2785
f 2788 2784 2787
f 2783 2769 2782
f 2769 2783 2767
f 2767 2790 2789
f 2790 2767 2783
f 2791 2783 2785
f 2783 2791 2790
f 2786 2780 2792
f 2780 2786 2781
f 2792 2794 2786
f 2794 2792 2793
f 2796 2797 2795
f 2797 2796 2793
f 2793 2798 2797
f 2798 2793 2792
f 2799 2793 2796
f 2793 2799 2794
f 2792 2800 2798
f 2800 2792 2780
f 2800 2803 2801
f 2803 2800 2802
f 2780 2802 2800
f 2802 2780 2778
f 2798 2801 2804
f 2801 2798 2800
f 2778 2805 2802
f 2805 2778 2777
f 2802 2806 2803
f 2806 2802 2805
f 2807 2803 2806
f 2803 2807 2808
f 2807 2810 2809
f 2809 2808 2807
f 2801 2808 2811
f 2808 2801 2803
f 2811 2809 2812
f 2809 2811 2808
f 2813 2814 2807
f 2807 2806 2813
f 2805 2813 2806
f 2813 2805 2775
f 2815 2816 2814
f 2814 2813 2815
f 2775 2815 2813
f 2815 2775 2776
f 2777 2775 2805
f 2775 2777 2774
f 2773 2818 2776
f 2818 2773 2817
f 2817 2772 2819
f 2772 2817 2773
f 2820 2819 2772
f 2819 2820 2821
f 2822 2820 2764
f 2820 2822 2821
f 2821 2824 2823
f 2824 2821 2822
f 2823 2826 2825
f 2826 2823 2824
f 2826 2828 2827
f 2827 2825 2826
f 2830 2826 2829
f 2826 2830 2828
f 2826 2832 2829
f 2832 2826 2831
f 2824 2831 2826
f 2831 2824 2833
f 2825 2835 2823
f 2835 2825 2834
f 2823 2819 2821
f 2819 2823 2835
f 2822 2833 2824
f 2833 2822 2836
f 2836 2838 2833
f 2838 2836 2837
f 2837 2763 2839
f 2763 2837 2836
f 2764 2836 2822
f 2836 2764 2763
f 2765 2820 2768
f 2820 2765 2764
f 2768 2772 2770
f 2772 2768 2820
f 2841 2817 2840
f 2817 2841 2818
f 2842 2841 2840
f 2841 2842 2843
f 2834 2840 2835
f 2840 2834 2842
f 2819 2840 2817
f 2840 2819 2835
f 2844 2843 2842
f 2843 2844 2845
f 2844 2847 2846
f 2846 2845 2844
f 2848 2849 2847
f 2847 2844 2848
f 2849 2848 2827
f 2827 2850 2849
f 2834 2827 2848
f 2827 2834 2825
f 2842 2848 2844
f 2848 2842 2834
f 2852 2846 2847
f 2847 2851 2852
f 2854 2855 2853
f 2853 2851 2854
f 2851 2847 2849
f 2849 2854 2851
f 2856 2852 2851
f 2851 2853 2856
f 2857 2858 2845
f 2845 2846 2857
f 2859 2857 2846
f 2846 2852 2859
f 2860 2861 2841
f 2841 2843 2860
f 2862 2863 2860
f 2860 2858 2862
f 2862 2858 2857
f 2857 2864 2862
f 2866 2863 2862
f 2862 2865 2866
f 2867 2865 2862
f 2862 2864 2867
f 2858 2860 2843
f 2843 2845 2858
f 2863 2868 2861
f 2861 2860 2863
f 2869 2868 2863
f 2863 2866 2869
f 2871 2861 2868
f 2868 2870 2871
f 2872 2870 2868
f 2868 2869 2872
f 2861 2871 2818
f 2818 2841 2861
f 2871 2776 2818
f 2776 2871 2815
f 2766 2767 2789
f 2767 2766 2765
f 2839 2766 2873
f 2766 2839 2763
f 2873 2759 2762
f 2759 2873 2756
f 2756 2766 2757
f 2766 2756 2873
f 2839 2762 2874
f 2762 2839 2873
f 2837 2874 2875
f 2874 2837 2839
f 2838 2875 2876
f 2875 2838 2837
f 2876 2879 2877
f 2879 2876 2878
f 2881 2878 2880
f 2878 2881 2879
f 2882 2879 2881
f 2879 2882 2883
f 2885 2881 2884
f 2881 2885 2882
f 2886 2888 2884
f 2888 2886 2887
f 2887 2890 2889
f 2890 2887 2886
f 2884 2880 2886
f 2880 2884 2881
f 2891 2886 2880
f 2886 2891 2890
f 2887 2740 2742
f 2740 2887 2889
f 2890 2740 2889
f 2740 2890 2743
f 2887 2892 2888
f 2892 2887 2742
f 2893 2888 2892
f 2888 2893 2894
f 2896 2892 2895
f 2892 2896 2893
f 2741 2892 2742
f 2892 2741 2895
f 2884 2894 2885
f 2894 2884 2888
f 2882 2898 2897
f 2898 2882 2885
f 2897 2900 2899
f 2900 2897 2898
f 2898 2902 2900
f 2902 2898 2901
f 2901 2885 2894
f 2885 2901 2898
f 2883 2897 2903
f 2897 2883 2882
f 2903 2905 2883
f 2905 2903 2904
f 2906 2905 2904
f 2905 2906 2907
f 2909 2910 2908
f 2908 2906 2909
f 2909 2904 2911
f 2904 2909 2906
f 2832 2906 2908
f 2906 2832 2907
f 2877 2883 2905
f 2883 2877 2879
f 2905 2912 2877
f 2912 2905 2907
f 2904 2913 2911
f 2913 2904 2903
f 2913 2915 2911
f 2915 2913 2914
f 2913 2916 2914
f 2916 2913 2899
f 2899 2903 2897
f 2903 2899 2913
f 2891 2878 2917
f 2878 2891 2880
f 2875 2918 2917
f 2918 2875 2874
f 2917 2919 2891
f 2919 2917 2918
f 2739 2918 2761
f 2918 2739 2919
f 2743 2891 2919
f 2891 2743 2890
f 2735 2919 2739
f 2919 2735 2743
f 2874 2761 2918
f 2761 2874 2762
f 2876 2917 2878
f 2917 2876 2875
f 2877 2838 2876
f 2838 2877 2912
f 2594 2766 2789
f 2766 2594 2757
f 2922 2923 2920
f 2920 2921 2922
f 2925 2926 2924
f 2924 2921 2925
f 2927 2928 2926
f 2926 2925 2927
f 2929 2930 2928
f 2928 2927 2929
f 2930 2929 2931
f 2931 2932 2930
f 2934 2928 2930
f 2930 2933 2934
f 2936 2934 2933
f 2933 2935 2936
f 2934 2936 2937
f 2937 2938 2934
f 2924 2926 2938
f 2938 2939 2924
f 2939 278 2940
f 278 2939 2941
f 2937 2941 2939
f 2939 2938 2937
f 277 2941 270
f 2941 277 278
f 270 2937 268
f 2937 270 2941
f 2942 280 314
f 280 2942 2940
f 276 2940 278
f 2940 276 280
f 2924 2940 2942
f 2940 2924 2939
f 2928 2934 2938
f 2938 2926 2928
f 2936 269 268
f 268 2937 2936
f 269 2936 2935
f 2935 2943 269
f 2943 2935 2944
f 2944 788 2943
f 2945 2943 788
f 788 787 2945
f 789 258 2945
f 2945 787 789
f 267 269 2943
f 2943 2945 267
f 257 267 2945
f 2945 258 257
f 2946 786 788
f 788 2944 2946
f 786 2946 2947
f 2947 785 786
f 2949 2947 2946
f 2946 2948 2949
f 2944 2950 2948
f 2948 2946 2944
f 2935 2933 2950
f 2950 2944 2935
f 2933 2930 2932
f 2932 2950 2933
f 2951 2952 2932
f 2932 2931 2951
f 2952 2951 2953
f 2953 2954 2952
f 2954 2949 2948
f 2948 2952 2954
f 2954 2953 2955
f 2955 2956 2954
f 2958 2955 2953
f 2953 2957 2958
f 2960 2958 2957
f 2957 2959 2960
f 2958 2962 2961
f 2961 2955 2958
f 2960 2963 2962
f 2962 2958 2960
f 2957 2953 2951
f 2951 2964 2957
f 2964 2965 2959
f 2959 2957 2964
f 2965 2964 2966
f 2966 2967 2965
f 2931 2966 2964
f 2964 2951 2931
f 2956 2968 2949
f 2949 2954 2956
f 2947 2949 2968
f 2968 2969 2947
f 2968 2971 2970
f 2970 2969 2968
f 2968 2956 2972
f 2972 2971 2968
f 2961 2972 2956
f 2956 2955 2961
f 2952 2948 2950
f 2950 2932 2952
f 2929 2973 2966
f 2966 2931 2929
f 2973 2974 2967
f 2967 2966 2973
f 2976 2977 2974
f 2974 2975 2976
f 2974 2973 2978
f 2978 2975 2974
f 2925 2979 2978
f 2978 2927 2925
f 2978 2979 2980
f 2980 2975 2978
f 2979 2920 2981
f 2981 2980 2979
f 2979 2925 2921
f 2921 2920 2979
f 2927 2978 2973
f 2973 2929 2927
f 2982 2976 2975
f 2975 2980 2982
f 2983 2984 2976
f 2976 2982 2983
f 2984 2983 2985
f 2985 2986 2984
f 2988 2985 2983
f 2983 2987 2988
f 2987 2983 2982
f 2982 2989 2987
f 2984 2990 2977
f 2977 2976 2984
f 2980 2981 2989
f 2989 2982 2980
f 2977 2991 2967
f 2967 2974 2977
f 2991 2992 2965
f 2965 2967 2991
f 2992 2993 2959
f 2959 2965 2992
f 2960 2959 2993
f 2993 2994 2960
f 2994 2993 2995
f 2995 2996 2994
f 2997 2995 2993
f 2993 2992 2997
f 2992 2991 2998
f 2998 2997 2992
f 2999 3000 2997
f 2997 2998 2999
f 3001 2999 2998
f 2998 2990 3001
f 2990 2998 2991
f 2991 2977 2990
f 2922 2924 2942
f 2924 2922 2921
f 2923 3004 3002
f 3004 2923 3003
f 3003 3006 3004
f 3006 3003 3005
f 3007 3006 3005
f 3006 3007 3008
f 3010 3011 3009
f 3011 3010 3008
f 3009 3013 3012
f 3013 3009 3011
f 3012 3015 3014
f 3015 3012 3013
f 3012 3017 3009
f 3017 3012 3016
f 3019 3016 3018
f 3016 3019 3017
f 3021 3018 3020
f 3018 3021 3019
f 3021 3020 3022
f 3022 3023 3021
f 3019 3025 3024
f 3025 3019 3021
f 3023 3026 3025
f 3025 3021 3023
f 3027 3020 3018
f 3020 3027 3028
f 3018 3029 3027
f 3029 3018 3016
f 3017 3024 3030
f 3024 3017 3019
f 3030 3009 3017
f 3009 3030 3010
f 3014 3016 3012
f 3016 3014 3029
f 3029 3032 3031
f 3032 3029 3014
f 3033 3031 3032
f 3031 3033 3034
f 3036 3032 3035
f 3032 3036 3033
f 3014 3035 3032
f 3035 3014 3015
f 3013 3038 3015
f 3038 3013 3037
f 3037 3040 3038
f 3040 3037 3039
f 3039 3042 3041
f 3042 3039 3037
f 3037 3011 3042
f 3011 3037 3013
f 3007 3041 3042
f 3041 3007 3043
f 3008 3042 3011
f 3042 3008 3007
f 3044 3007 3005
f 3007 3044 3043
f 3041 3046 3039
f 3046 3041 3045
f 3043 3045 3041
f 3045 3043 3047
f 3048 3039 3046
f 3039 3048 3040
f 3049 3038 3040
f 3038 3049 3050
f 3051 3050 3049
f 3050 3051 3052
f 3054 3049 3053
f 3049 3054 3051
f 3040 3053 3049
f 3053 3040 3048
f 3015 3050 3035
f 3050 3015 3038
f 3055 3008 3010
f 3008 3055 3006
f 3057 3055 3056
f 3055 3057 3058
f 3061 3057 3059
f 3059 3060 3061
f 3062 3058 3057
f 3057 3061 3062
f 3061 2987 2989
f 2989 3062 3061
f 3062 3004 3058
f 3004 3062 3002
f 2920 2923 3002
f 3002 2981 2920
f 2981 3002 3062
f 3062 2989 2981
f 3058 3006 3055
f 3006 3058 3004
f 2987 3061 3060
f 3060 2988 2987
f 3063 3064 2988
f 2988 3060 3063
f 3064 3063 3065
f 3065 3066 3064
f 3068 3069 3066
f 3066 3067 3068
f 3065 3070 3067
f 3067 3066 3065
f 3066 3069 3071
f 3071 3064 3066
f 3065 3063 3072
f 3072 3073 3065
f 3072 3075 3074
f 3074 3073 3072
f 3073 3076 3070
f 3070 3065 3073
f 3074 3077 3076
f 3076 3073 3074
f 3060 3059 3072
f 3072 3063 3060
f 3075 3072 3059
f 3059 3078 3075
f 3059 3056 3078
f 3056 3059 3057
f 3056 3010 3030
f 3010 3056 3055
f 3079 3005 3003
f 3005 3079 3044
f 2922 3003 2923
f 3003 2922 3079
f 3079 3081 3044
f 3081 3079 3080
f 3080 3083 3081
f 3083 3080 3082
f 312 3082 310
f 3082 312 317
f 310 3080 311
f 3080 310 3082
f 3082 318 3083
f 318 3082 317
f 3084 3081 3083
f 3081 3084 3047
f 3085 3047 3084
f 3047 3085 3045
f 3086 3045 3085
f 3045 3086 3046
f 3046 3087 3048
f 3087 3046 3086
f 3086 3089 3087
f 3089 3086 3088
f 3085 3088 3086
f 3088 3085 3090
f 3090 3084 3091
f 3084 3090 3085
f 3093 3091 3092
f 3091 3093 3090
f 318 3092 3091
f 3092 318 319
f 3083 3091 3084
f 3091 3083 318
f 3044 3047 3043
f 3047 3044 3081
f 311 3079 3094
f 3079 311 3080
f 3094 309 311
f 309 3094 313
f 3079 313 3094
f 313 3079 2922
f 2922 314 313
f 314 2922 2942
f 3096 3098 3095
f 3098 3096 3097
f 3097 3101 3099
f 3101 3097 3100
f 3100 2896 3101
f 2896 3100 3102
f 2893 3102 3103
f 3102 2893 2896
f 3103 2894 2893
f 2894 3103 2901
f 2901 3104 2902
f 3104 2901 3103
f 3105 2902 3104
f 2902 3105 3106
f 3104 3108 3105
f 3108 3104 3107
f 3107 3103 3102
f 3103 3107 3104
f 3107 3110 3108
f 3110 3107 3109
f 3100 3110 3109
f 3110 3100 3111
f 3110 3113 3112
f 3113 3110 3111
f 3108 3112 3114
f 3112 3108 3110
f 3112 3116 3115
f 3116 3112 3113
f 3117 3118 3116
f 3116 3113 3117
f 3117 3111 3096
f 3111 3117 3113
f 3096 3100 3097
f 3100 3096 3111
f 3102 3109 3107
f 3109 3102 3100
f 3119 3106 3105
f 3106 3119 3120
f 3121 3119 3114
f 3119 3121 3122
f 3124 3125 3123
f 3125 3124 3122
f 3120 3122 3124
f 3122 3120 3119
f 3127 3124 3126
f 3124 3127 3120
f 3120 3128 3106
f 3128 3120 3127
f 3123 3126 3124
f 3126 3123 3129
f 3123 3131 3130
f 3130 3129 3123
f 3131 3123 3125
f 3125 3132 3131
f 3133 3122 3121
f 3122 3133 3125
f 3121 3134 3133
f 3134 3121 3115
f 3133 3136 3135
f 3136 3133 3134
f 3137 3138 3136
f 3136 3134 3137
f 3116 3137 3134
f 3134 3115 3116
f 3115 3114 3112
f 3114 3115 3121
f 3114 3105 3108
f 3105 3114 3119
f 3099 3140 3139
f 3140 3099 3101
f 3098 3099 3141
f 3099 3098 3097
f 3098 3143 3142
f 3143 3098 3141
f 3142 3145 3144
f 3145 3142 3143
f 3146 3098 3142
f 3098 3146 3147
f 3149 3146 3148
f 3146 3149 3147
f 3151 3146 3150
f 3146 3151 3148
f 586 3148 3151
f 3148 586 606
f 3149 606 607
f 606 3149 3148
f 3153 3150 3152
f 3150 3153 3151
f 3144 3152 3150
f 3152 3144 3154
f 3146 3144 3150
f 3144 3146 3142
f 3098 3149 3155
f 3149 3098 3147
f 607 3155 3149
f 3155 607 3156
f 3156 611 3157
f 611 3156 608
f 608 607 604
f 607 608 3156
f 3157 3155 3156
f 3155 3157 3158
f 3158 3098 3155
f 3098 3158 3095
f 3096 3159 3117
f 3159 3096 3095
f 3160 3095 3158
f 3095 3160 3159
f 3162 3163 3161
f 3163 3162 3145
f 3165 3162 3164
f 3162 3165 3154
f 3167 3168 3166
f 3168 3167 3164
f 3170 3167 3169
f 3167 3170 3171
f 3166 3169 3167
f 3169 3166 3172
f 3171 3164 3167
f 3164 3171 3165
f 3164 3161 3168
f 3161 3164 3162
f 3166 3174 3173
f 3174 3166 3168
f 3175 3168 3161
f 3168 3175 3174
f 3145 3154 3144
f 3154 3145 3162
f 3163 3143 3176
f 3143 3163 3145
f 3163 3178 3177
f 3178 3163 3176
f 3178 3180 3179
f 3180 3178 3176
f 3177 3182 3181
f 3182 3177 3178
f 3179 3182 3178
f 3182 3179 3183
f 3176 3141 3180
f 3141 3176 3143
f 3161 3177 3175
f 3177 3161 3163
f 3099 3180 3141
f 3180 3099 3139
f 2747 3180 3139
f 3180 2747 3179
f 2732 3139 3140
f 3139 2732 2747
f 2895 2732 3140
f 2732 2895 2741
f 2895 3101 2896
f 3101 2895 3140
f 3186 3187 3184
f 3184 3185 3186
f 3189 3190 3186
f 3186 3188 3189
f 3192 3189 3188
f 3188 3191 3192
f 3193 3192 3191
f 3192 3193 3194
f 3193 3196 3195
f 3195 3194 3193
f 3197 3198 3192
f 3192 3194 3197
f 3194 3195 3199
f 3199 3197 3194
f 3196 3201 3200
f 3200 3195 3196
f 3202 3203 3196
f 3196 3193 3202
f 3204 3205 3203
f 3203 3202 3204
f 3204 3207 3206
f 3206 3205 3204
f 3204 3209 3208
f 3208 3207 3204
f 3209 3204 3202
f 3202 3210 3209
f 3211 3201 3196
f 3196 3203 3211
f 3212 3211 3203
f 3203 3205 3212
f 3191 3202 3193
f 3202 3191 3210
f 3214 3215 3200
f 3200 3213 3214
f 3216 3217 3214
f 3217 3219 3215
f 3215 3214 3217
f 3219 3217 3220
f 3220 3221 3219
f 3218 3220 3217
f 3217 3216 3218
f 3200 3201 3222
f 3222 3213 3200
f 3195 3200 3215
f 3215 3199 3195
f 3219 3223 3199
f 3199 3215 3219
f 3223 3224 3197
f 3197 3199 3223
f 3225 3226 3224
f 3224 3223 3225
f 3223 3219 3221
f 3221 3225 3223
f 3224 3187 3198
f 3198 3197 3224
f 3187 3186 3190
f 3190 3198 3187
f 3198 3190 3189
f 3189 3192 3198
f 3187 3224 3226
f 3226 3184 3187
f 3184 3226 3227
f 3227 3228 3184
f 3231 3228 3229
f 3229 3230 3231
f 3185 3184 3228
f 3228 3231 3185
f 3233 3185 3231
f 3231 3232 3233
f 3230 3234 3232
f 3232 3231 3230
f 3236 3229 3235
f 3229 3236 3230
f 3237 3235 3229
f 3235 3237 3238
f 3228 3227 3237
f 3237 3229 3228
f 3191 3188 3239
f 3239 3210 3191
f 3185 3239 3188
f 3188 3186 3185
f 3185 3233 3240
f 3240 3239 3185
f 3209 3240 3233
f 3233 3208 3209
f 3210 3239 3240
f 3240 3209 3210
f 3242 3244 3241
f 3244 3242 3243
f 3243 3245 3244
f 3245 3243 2293
f 3246 3244 3245
f 3244 3246 3247
f 3247 3249 3248
f 3249 3247 3246
f 3250 3248 3249
f 3248 3250 3251
f 3252 3251 3250
f 3251 3252 3253
f 3250 3255 3252
f 3255 3250 3254
f 3249 3254 3250
f 3254 3249 3256
f 3257 3258 3256
f 3258 3257 2284
f 2284 2285 3258
f 2285 2284 2281
f 3259 3256 3258
f 3256 3259 3254
f 3254 3260 3255
f 3260 3254 3259
f 3259 3262 3260
f 3262 3259 3261
f 3258 3261 3259
f 3261 3258 2285
f 3245 3257 3246
f 3257 3245 3263
f 2292 2283 3263
f 2283 2292 2276
f 3263 2293 2292
f 2293 3263 3245
f 3263 2284 3257
f 2284 3263 2283
f 3246 3256 3249
f 3256 3246 3257
f 3264 3253 3252
f 3253 3264 3265
f 3265 3267 3253
f 3267 3265 3266
f 3269 3270 3268
f 3270 3269 3266
f 3270 3272 3268
f 3272 3270 3271
f 3274 3271 3273
f 3271 3274 3272
f 3271 3276 3273
f 3276 3271 3275
f 3270 3275 3271
f 3275 3270 3277
f 3272 3269 3268
f 3269 3272 3278
f 3266 3277 3270
f 3277 3266 3265
f 3279 3266 3269
f 3266 3279 3267
f 3267 3281 3280
f 3281 3267 3279
f 3279 3283 3281
f 3283 3279 3282
f 3282 3269 3278
f 3269 3282 3279
f 3280 3253 3267
f 3253 3280 3251
f 3284 3251 3280
f 3251 3284 3248
f 3280 3285 3284
f 3285 3280 3281
f 3286 3265 3264
f 3265 3286 3277
f 3277 3287 3275
f 3287 3277 3286
f 3275 3288 3276
f 3288 3275 3287
f 3288 3291 3289
f 3291 3288 3290
f 3287 3290 3288
f 3290 3287 3292
f 3276 3289 3293
f 3289 3276 3288
f 3286 3292 3287
f 3292 3286 3294
f 3294 3296 3292
f 3296 3294 3295
f 3295 3298 3297
f 3298 3295 3294
f 3264 3294 3286
f 3294 3264 3298
f 3298 3252 3255
f 3252 3298 3264
f 3248 3299 3247
f 3299 3248 3284
f 3247 3241 3244
f 3241 3247 3299
f 3299 3301 3241
f 3301 3299 3300
f 3303 3285 3302
f 3285 3303 3300
f 3305 3302 3304
f 3302 3305 3303
f 3306 3303 3305
f 3303 3306 3307
f 3307 3309 3308
f 3309 3307 3306
f 3307 3300 3303
f 3300 3307 3301
f 3308 3301 3307
f 3301 3308 3310
f 3305 3312 3306
f 3312 3305 3311
f 3311 3304 3313
f 3304 3311 3305
f 3304 3283 3314
f 3283 3304 3302
f 3314 3282 3315
f 3282 3314 3283
f 3317 3315 3316
f 3315 3317 3314
f 3316 3319 3318
f 3319 3316 3315
f 3278 3315 3282
f 3315 3278 3319
f 3314 3313 3304
f 3313 3314 3317
f 3281 3302 3285
f 3302 3281 3283
f 3284 3300 3299
f 3300 3284 3285
f 3310 3241 3301
f 3241 3310 3242
f 2293 2298 2290
f 2298 2293 3243
f 3242 2298 3243
f 2298 3242 3320
f 3320 2297 2298
f 2297 3320 3321
f 3321 2296 2297
f 2296 3321 3322
f 3324 3322 3323
f 3322 3324 2296
f 2296 3325 2294
f 3325 2296 3324
f 2294 2299 2295
f 2299 2294 3325
f 3325 951 2299
f 951 3325 952
f 3324 952 3325
f 952 3324 3326
f 950 3326 3327
f 3326 950 952
f 3327 3329 3328
f 3329 3327 3326
f 3328 3331 3330
f 3331 3328 3329
f 3330 3333 3332
f 3333 3330 3331
f 3335 3331 3334
f 3331 3335 3333
f 3329 3334 3331
f 3334 3329 3323
f 3330 3337 3328
f 3337 3330 3336
f 3328 897 3327
f 897 3328 3337
f 3326 3323 3329
f 3323 3326 3324
f 893 3327 897
f 3327 893 950
f 3323 3338 3334
f 3338 3323 3322
f 3340 3338 3339
f 3338 3340 3341
f 3335 3343 3342
f 3343 3335 3341
f 3341 3344 3343
f 3344 3341 3340
f 3346 3339 3345
f 3339 3346 3340
f 3340 3347 3344
f 3347 3340 3346
f 3349 3347 3348
f 3347 3349 3350
f 3346 3348 3347
f 3348 3346 3351
f 3352 3347 3350
f 3347 3352 3344
f 3351 3345 3353
f 3345 3351 3346
f 3242 3345 3320
f 3345 3242 3353
f 3321 3345 3339
f 3345 3321 3320
f 3355 3343 3354
f 3343 3355 3342
f 3357 3354 3356
f 3354 3357 3355
f 3344 3354 3343
f 3354 3344 3352
f 3352 3356 3354
f 3356 3352 3358
f 3360 3361 3359
f 3361 3360 3358
f 3358 3350 3361
f 3350 3358 3352
f 3362 3358 3360
f 3358 3362 3356
f 3363 3356 3362
f 3356 3363 3357
f 3365 3362 3364
f 3362 3365 3363
f 3366 3357 3363
f 3357 3366 3367
f 3363 3368 3366
f 3368 3363 3365
f 3367 3355 3357
f 3355 3367 3369
f 3369 1049 3370
f 1049 3369 1050
f 1050 3367 1051
f 3367 1050 3369
f 3370 3355 3369
f 3355 3370 3342
f 3341 3334 3338
f 3334 3341 3335
f 3339 3322 3321
f 3322 3339 3338
f 3242 3371 3353
f 3371 3242 3310
f 3353 3372 3351
f 3372 3353 3371
f 3372 3375 3373
f 3375 3372 3374
f 3377 3374 3376
f 3374 3377 3375
f 3373 3379 3378
f 3379 3373 3375
f 3380 3378 3379
f 3378 3380 3381
f 3381 3383 3382
f 3383 3381 3380
f 3380 3385 3383
f 3385 3380 3384
f 3387 3384 3386
f 3384 3387 3385
f 3383 3389 3388
f 3389 3383 3385
f 3389 3391 3388
f 3391 3389 3390
f 3389 3393 3390
f 3393 3389 3392
f 3385 3392 3389
f 3392 3385 3387
f 3382 3388 3394
f 3388 3382 3383
f 3395 3386 3384
f 3386 3395 3396
f 3398 3399 3397
f 3399 3398 3396
f 3377 3396 3395
f 3396 3377 3399
f 3400 3396 3398
f 3396 3400 3386
f 3387 3400 3401
f 3400 3387 3386
f 3401 3392 3387
f 3392 3401 3402
f 3403 3402 3401
f 3402 3403 3404
f 3401 3405 3403
f 3405 3401 3400
f 3379 3384 3380
f 3384 3379 3395
f 3381 3349 3378
f 3349 3381 3406
f 3406 3382 3407
f 3382 3406 3381
f 3359 3406 3407
f 3406 3359 3361
f 3409 3407 3408
f 3407 3409 3359
f 3409 3412 3410
f 3412 3409 3411
f 3411 3414 3412
f 3414 3411 3413
f 3413 3416 3415
f 3416 3413 3411
f 3411 3408 3416
f 3408 3411 3409
f 3364 3360 3410
f 3360 3364 3362
f 3417 3410 3412
f 3410 3417 3364
f 3359 3410 3360
f 3410 3359 3409
f 3408 3382 3394
f 3382 3408 3407
f 3349 3361 3350
f 3361 3349 3406
f 3348 3378 3349
f 3378 3348 3373
f 3351 3373 3348
f 3373 3351 3372
f 3375 3395 3379
f 3395 3375 3377
f 3376 3399 3377
f 3399 3376 3418
f 3418 3397 3399
f 3397 3418 3419
f 3421 3422 3420
f 3422 3421 3419
f 3423 3425 3421
f 3425 3423 3424
f 3428 3423 3426
f 3426 3427 3428
f 3423 3428 3429
f 3429 3424 3423
f 3430 3431 3424
f 3424 3429 3430
f 3432 3424 3431
f 3424 3432 3425
f 3428 3434 3433
f 3433 3429 3428
f 3436 3433 3434
f 3434 3435 3436
f 3437 3438 3435
f 3435 3434 3437
f 3434 3428 3427
f 3427 3437 3434
f 3439 3426 3420
f 3426 3439 3440
f 3441 3420 3422
f 3420 3441 3439
f 3442 3440 3439
f 3440 3442 3443
f 3439 3444 3442
f 3444 3439 3441
f 3423 3420 3426
f 3420 3423 3421
f 3426 3440 3445
f 3445 3427 3426
f 3445 3446 3437
f 3437 3427 3445
f 3446 3445 3447
f 3447 3448 3446
f 3443 3447 3445
f 3445 3440 3443
f 3425 3419 3421
f 3419 3425 3397
f 3419 3449 3422
f 3449 3419 3418
f 3422 3450 3441
f 3450 3422 3449
f 3312 3441 3450
f 3441 3312 3444
f 3450 3306 3312
f 3306 3450 3309
f 3309 3449 3451
f 3449 3309 3450
f 3451 3308 3309
f 3308 3451 3452
f 3452 3376 3374
f 3376 3452 3451
f 3452 3310 3308
f 3310 3452 3371
f 3374 3371 3452
f 3371 3374 3372
f 3418 3451 3449
f 3451 3418 3376
f 3454 3456 3453
f 3456 3454 3455
f 3457 3456 3455
f 3456 3457 3458
f 3459 3461 3458
f 3461 3459 3460
f 3460 3464 3462
f 3462 3463 3460
f 3464 3466 3465
f 3465 3462 3464
f 3468 3465 3466
f 3466 3467 3468
f 3466 1674 3467
f 1674 3466 1672
f 3469 1757 3468
f 3468 3467 3469
f 3470 1755 1757
f 1757 3469 3470
f 3471 1756 1755
f 1755 3470 3471
f 3471 3473 3472
f 3473 3471 3470
f 3474 3472 3473
f 3472 3474 3475
f 3473 3477 3474
f 3477 3473 3476
f 3476 3470 3469
f 3470 3476 3473
f 1756 3471 3478
f 3478 3479 1756
f 3479 3478 3480
f 3480 3481 3479
f 3482 3480 3478
f 3480 3482 3483
f 3472 3478 3471
f 3478 3472 3482
f 1674 3469 3467
f 3469 1674 3476
f 3468 1740 1741
f 1741 3465 3468
f 3462 3465 1741
f 1741 3484 3462
f 3484 1741 1736
f 1736 1742 3484
f 3463 3462 3484
f 3484 3485 3463
f 3487 3463 3485
f 3485 3486 3487
f 3486 3485 3488
f 3488 3489 3486
f 1742 3488 3485
f 3485 3484 1742
f 1740 3468 1757
f 1757 1739 1740
f 3466 3464 1673
f 1673 1672 3466
f 3459 1673 3464
f 3464 3460 3459
f 3459 1671 1673
f 1671 3459 3490
f 1398 3490 1396
f 3490 1398 1671
f 1396 3457 1397
f 3457 1396 3490
f 3458 3490 3459
f 3490 3458 3457
f 3455 1397 3457
f 1397 3455 3491
f 1395 3491 3492
f 3491 1395 1397
f 3493 3492 3491
f 3492 3493 3494
f 3454 3491 3455
f 3491 3454 3493
f 3494 3496 3495
f 3496 3494 3493
f 3497 3493 3454
f 3493 3497 3496
f 1306 3492 1307
f 3492 1306 1395
f 1307 3494 3498
f 3494 1307 3492
f 1305 3500 3499
f 3500 1305 3498
f 3498 3495 3500
f 3495 3498 3494
f 3498 1300 1307
f 1300 3498 1305
f 3463 3487 3461
f 3461 3460 3463
f 3461 3501 3456
f 3456 3458 3461
f 3504 3501 3502
f 3502 3503 3504
f 3504 3506 3505
f 3506 3504 3503
f 3508 3503 3507
f 3503 3508 3506
f 3508 3510 3509
f 3509 3506 3508
f 3511 3512 3510
f 3510 3508 3511
f 3512 3511 3513
f 3513 3514 3512
f 3511 3516 3515
f 3515 3513 3511
f 3507 3511 3508
f 3511 3507 3516
f 3512 3518 3517
f 3517 3510 3512
f 3510 3517 3519
f 3519 3509 3510
f 3506 3509 3520
f 3520 3505 3506
f 3505 3520 3521
f 3521 3522 3505
f 3505 3453 3504
f 3453 3505 3522
f 3454 3522 3523
f 3522 3454 3453
f 3523 3522 3521
f 3521 3524 3523
f 3526 3521 3520
f 3520 3525 3526
f 3509 3519 3525
f 3525 3520 3509
f 3527 3507 3503
f 3503 3502 3527
f 3527 3516 3507
f 3516 3527 3528
f 3528 3515 3516
f 3515 3528 3529
f 3529 3531 3515
f 3531 3529 3530
f 3530 3533 3532
f 3533 3530 3529
f 3529 3534 3533
f 3534 3529 3528
f 3486 3528 3527
f 3528 3486 3534
f 3486 3527 3502
f 3502 3487 3486
f 3487 3502 3501
f 3501 3461 3487
f 3453 3456 3501
f 3501 3504 3453
f 3454 3535 3497
f 3535 3454 3523
f 3497 3537 3536
f 3537 3497 3535
f 3540 3537 3538
f 3538 3539 3540
f 3536 3540 3541
f 3540 3536 3537
f 3496 3536 3542
f 3536 3496 3497
f 3495 3542 3543
f 3542 3495 3496
f 3545 3546 3544
f 3546 3545 3543
f 3543 3547 3546
f 3547 3543 3542
f 3546 3549 3548
f 3549 3546 3547
f 3550 3548 3549
f 3548 3550 3551
f 3553 3551 3552
f 3551 3553 3548
f 3552 3555 3554
f 3555 3552 3551
f 3551 3556 3555
f 3556 3551 3550
f 3557 3558 3550
f 3550 3549 3557
f 3559 3560 3558
f 3558 3557 3559
f 3540 3559 3557
f 3557 3541 3540
f 3547 3557 3549
f 3557 3547 3541
f 3542 3541 3547
f 3541 3542 3536
f 3544 3548 3553
f 3548 3544 3546
f 3562 3553 3561
f 3553 3562 3544
f 3552 3561 3553
f 3561 3552 3563
f 3554 3563 3552
f 3563 3554 3564
f 3565 3561 3563
f 3561 3565 3566
f 3567 3563 3564
f 3563 3567 3565
f 3562 3566 3568
f 3566 3562 3561
f 3562 3570 3569
f 3570 3562 3568
f 3569 3544 3562
f 3544 3569 3545
f 3543 3500 3495
f 3500 3543 3545
f 3539 3571 3559
f 3559 3540 3539
f 3571 3539 3572
f 3572 3573 3571
f 3573 3572 3574
f 3574 3575 3573
f 3572 3577 3576
f 3576 3574 3572
f 3538 3579 3578
f 3578 3577 3538
f 3539 3538 3577
f 3577 3572 3539
f 3537 3535 3579
f 3579 3538 3537
f 3580 3578 3579
f 3579 3524 3580
f 3580 3582 3581
f 3581 3578 3580
f 3582 3580 3526
f 3526 3583 3582
f 3580 3524 3521
f 3521 3526 3580
f 3535 3523 3524
f 3524 3579 3535
f 3581 3576 3577
f 3577 3578 3581
f 3576 3585 3584
f 3584 3574 3576
f 3585 3587 3586
f 3586 3584 3585
f 3589 3586 3587
f 3587 3588 3589
f 3588 3587 3590
f 3590 3591 3588
f 3587 3585 3592
f 3592 3590 3587
f 3584 3586 3593
f 3593 3594 3584
f 3574 3584 3594
f 3594 3575 3574
f 3581 3592 3585
f 3585 3576 3581
f 3573 3596 3595
f 3595 3571 3573
f 3599 3596 3597
f 3597 3598 3599
f 3596 3599 3600
f 3600 3595 3596
f 3560 3559 3571
f 3571 3595 3560
f 3595 3600 3601
f 3601 3560 3595
f 3600 3603 3602
f 3602 3601 3600
f 3560 3601 3604
f 3604 3558 3560
f 3601 3602 3605
f 3605 3604 3601
f 3603 3607 3606
f 3606 3602 3603
f 3608 3609 3607
f 3607 3603 3608
f 3599 3608 3603
f 3603 3600 3599
f 3598 3610 3608
f 3608 3599 3598
f 3610 3598 3611
f 3611 3612 3610
f 3610 3613 3609
f 3609 3608 3610
f 3613 3616 3614
f 3614 3615 3613
f 3612 3616 3613
f 3613 3610 3612
f 3613 3615 3617
f 3617 3609 3613
f 3619 3620 3618
f 3618 3611 3619
f 3594 3593 3620
f 3620 3619 3594
f 3575 3594 3619
f 3619 3597 3575
f 3597 3619 3611
f 3611 3598 3597
f 3622 3618 3620
f 3620 3621 3622
f 3623 3612 3611
f 3611 3618 3623
f 3618 3622 3624
f 3624 3623 3618
f 3596 3573 3575
f 3575 3597 3596
f 3626 3628 3625
f 3628 3626 3627
f 3629 3628 3627
f 3628 3629 3630
f 3630 3632 3631
f 3632 3630 3629
f 3634 3631 3632
f 3632 3633 3634
f 3633 3636 3635
f 3635 3634 3633
f 3639 3636 3637
f 3637 3638 3639
f 3638 3637 3640
f 3640 3641 3638
f 3643 3640 3637
f 3637 3642 3643
f 3633 3632 3644
f 3644 3642 3633
f 3645 3643 3642
f 3642 3644 3645
f 3646 3647 3643
f 3643 3645 3646
f 3645 3649 3648
f 3648 3646 3645
f 3649 3645 3644
f 3644 3650 3649
f 3629 3644 3632
f 3644 3629 3650
f 3642 3637 3636
f 3636 3633 3642
f 3651 3652 3641
f 3641 3640 3651
f 3652 3651 3653
f 3653 3654 3652
f 3656 3641 3652
f 3652 3655 3656
f 3655 3652 3654
f 3654 3657 3655
f 3658 3653 3651
f 3651 3647 3658
f 3654 3653 3659
f 3659 3660 3654
f 3661 3659 3653
f 3653 3658 3661
f 3647 3651 3640
f 3640 3643 3647
f 3638 3663 3662
f 3662 3639 3638
f 3656 3665 3664
f 3664 3663 3656
f 3665 3656 3655
f 3655 3666 3665
f 3668 3669 3667
f 3667 3666 3668
f 3657 3671 3668
f 3671 3657 3670
f 3657 3668 3666
f 3666 3655 3657
f 3668 3672 3669
f 3672 3668 3671
f 3674 3675 3667
f 3667 3673 3674
f 3673 3667 3669
f 3669 3583 3673
f 3675 3665 3666
f 3666 3667 3675
f 3676 3664 3665
f 3665 3675 3676
f 3677 3678 3664
f 3664 3676 3677
f 3677 3681 3679
f 3679 3680 3677
f 3676 3682 3681
f 3681 3677 3676
f 3678 3677 3680
f 3680 3683 3678
f 3678 3662 3663
f 3663 3664 3678
f 3675 3674 3682
f 3682 3676 3675
f 3663 3638 3641
f 3641 3656 3663
f 3684 3685 3639
f 3639 3662 3684
f 3686 3687 3685
f 3685 3684 3686
f 3688 3689 3687
f 3687 3686 3688
f 3688 3692 3690
f 3690 3691 3688
f 3692 3688 3686
f 3686 3693 3692
f 3689 3688 3691
f 3691 3694 3689
f 3687 3695 3635
f 3635 3685 3687
f 3695 3687 3689
f 3689 3696 3695
f 3684 3683 3693
f 3693 3686 3684
f 3683 3684 3662
f 3662 3678 3683
f 3685 3635 3636
f 3636 3639 3685
f 3631 3634 3697
f 3697 3698 3631
f 3700 3698 3699
f 3698 3700 3701
f 3701 3703 3702
f 3703 3701 3700
f 3631 3701 3630
f 3701 3631 3698
f 3702 3630 3701
f 3630 3702 3628
f 3704 3628 3702
f 3628 3704 3625
f 3705 3702 3703
f 3702 3705 3704
f 3707 3703 3706
f 3703 3707 3705
f 3706 3709 3707
f 3709 3706 3708
f 3708 3711 3710
f 3711 3708 3706
f 3700 3706 3703
f 3706 3700 3711
f 3712 3704 3705
f 3704 3712 3713
f 3713 3715 3714
f 3715 3713 3712
f 3713 3625 3704
f 3625 3713 3716
f 3716 3714 3717
f 3714 3716 3713
f 3718 3705 3707
f 3705 3718 3712
f 3718 3721 3719
f 3721 3718 3720
f 3720 3707 3709
f 3707 3720 3718
f 3712 3719 3715
f 3719 3712 3718
f 3699 3711 3700
f 3711 3699 3722
f 3699 3724 3723
f 3723 3722 3699
f 3724 3696 3725
f 3725 3723 3724
f 3726 3727 3723
f 3723 3725 3726
f 3725 3694 3728
f 3728 3726 3725
f 3696 3689 3694
f 3694 3725 3696
f 3697 3695 3696
f 3696 3724 3697
f 3634 3635 3695
f 3695 3697 3634
f 3698 3697 3724
f 3724 3699 3698
f 3727 3729 3722
f 3722 3723 3727
f 3730 3731 3729
f 3729 3727 3730
f 3710 3722 3729
f 3722 3710 3711
f 3732 3729 3731
f 3729 3732 3710
f 3627 3650 3629
f 3650 3627 3733
f 3733 3736 3734
f 3734 3735 3733
f 3736 3733 3627
f 3627 3626 3736
f 3736 3738 3737
f 3737 3734 3736
f 3740 3737 3738
f 3738 3739 3740
f 3741 3742 3740
f 3740 3739 3741
f 3744 3741 3739
f 3739 3743 3744
f 3743 3746 3745
f 3745 3744 3743
f 3747 3748 3741
f 3741 3744 3747
f 3747 3749 1749
f 1749 1748 3747
f 3744 3745 3749
f 3749 3747 3744
f 1748 1751 3748
f 3748 3747 1748
f 3746 3743 3750
f 3750 3751 3746
f 3750 3743 3739
f 3739 3738 3750
f 3752 3751 3750
f 3750 3626 3752
f 3750 3738 3736
f 3736 3626 3750
f 3746 3754 3753
f 3753 3745 3746
f 3754 3746 3751
f 3751 3755 3754
f 3753 3754 3756
f 3756 3757 3753
f 3754 3755 3758
f 3758 3756 3754
f 3748 3759 3742
f 3742 3741 3748
f 1751 1658 3759
f 3759 3748 1751
f 1586 3742 3759
f 3759 1585 1586
f 1588 3740 3742
f 3742 1586 1588
f 3737 3740 1588
f 1588 1605 3737
f 1658 1656 1585
f 1585 3759 1658
f 1605 1606 3734
f 3734 3737 1605
f 1606 3760 3735
f 3735 3734 1606
f 3760 1606 1604
f 1604 3761 3760
f 3761 1604 1603
f 1603 3762 3761
f 3762 3764 3763
f 3763 3761 3762
f 3765 3766 3764
f 3764 3762 3765
f 1600 1599 1598
f 1599 1600 3765
f 3762 1603 1599
f 1599 3765 3762
f 3766 3765 1600
f 1600 3767 3766
f 3764 3769 3768
f 3768 3763 3764
f 3761 3763 3648
f 3648 3760 3761
f 3646 3648 3763
f 3763 3768 3646
f 3769 3661 3658
f 3658 3768 3769
f 3770 3771 3661
f 3661 3769 3770
f 3769 3764 3766
f 3766 3770 3769
f 3760 3648 3649
f 3649 3735 3760
f 3735 3649 3650
f 3650 3733 3735
f 3626 3716 3752
f 3716 3626 3625
f 3774 3775 3772
f 3772 3773 3774
f 3776 3777 3775
f 3775 3774 3776
f 3777 3776 3778
f 3778 3779 3777
f 3781 3775 3777
f 3777 3780 3781
f 3783 3780 3782
f 3780 3783 3781
f 3785 3781 3783
f 3783 3784 3785
f 3787 3772 3785
f 3785 3786 3787
f 3789 3790 3788
f 3788 3786 3789
f 3784 3789 3786
f 3786 3785 3784
f 3791 3792 3789
f 3789 3784 3791
f 3792 3791 3793
f 3793 3794 3792
f 3793 3796 3795
f 3796 3793 3791
f 3783 3791 3784
f 3791 3783 3796
f 3792 3797 3790
f 3790 3789 3792
f 3797 3799 3798
f 3798 3790 3797
f 3800 3788 3790
f 3790 3798 3800
f 3801 3802 3799
f 3799 3797 3801
f 3804 3798 3799
f 3799 3803 3804
f 3803 3799 3802
f 3802 3805 3803
f 3794 3801 3797
f 3797 3792 3794
f 3806 3787 3786
f 3786 3788 3806
f 3806 3809 3807
f 3807 3808 3806
f 3810 3811 3808
f 3808 3807 3810
f 3807 3813 3812
f 3812 3810 3807
f 3809 3814 3813
f 3813 3807 3809
f 3811 3810 3815
f 3815 3816 3811
f 3811 3818 3817
f 3817 3808 3811
f 3818 3811 3816
f 3816 3819 3818
f 3808 3817 3787
f 3787 3806 3808
f 3772 3787 3817
f 3817 3773 3772
f 3788 3800 3809
f 3809 3806 3788
f 3781 3785 3772
f 3772 3775 3781
f 3782 3796 3783
f 3796 3782 3820
f 3820 3822 3821
f 3822 3820 3782
f 3821 3824 3823
f 3824 3821 3822
f 3821 3826 3820
f 3826 3821 3825
f 3825 3828 3826
f 3828 3825 3827
f 3829 3831 3827
f 3831 3829 3830
f 3827 3832 3829
f 3832 3827 3825
f 3833 3827 3831
f 3827 3833 3828
f 3834 3826 3828
f 3826 3834 3795
f 3820 3795 3796
f 3795 3820 3826
f 3823 3825 3821
f 3825 3823 3832
f 3835 3832 3823
f 3823 3824 3835
f 3824 3837 3836
f 3837 3824 3822
f 3779 3837 3780
f 3780 3777 3779
f 3838 3836 3837
f 3837 3779 3838
f 3838 3841 3839
f 3839 3840 3838
f 3841 3838 3779
f 3779 3778 3841
f 3840 3842 3836
f 3836 3838 3840
f 3822 3780 3837
f 3780 3822 3782
f 3776 3774 3843
f 3843 3778 3776
f 3844 3845 3843
f 3843 3774 3844
f 3846 3847 3845
f 3845 3844 3846
f 3773 3846 3844
f 3844 3774 3773
f 3846 3849 3848
f 3848 3847 3846
f 3851 3852 3849
f 3849 3850 3851
f 3854 3852 3851
f 3851 3853 3854
f 3854 3857 3855
f 3855 3856 3854
f 3857 3859 3858
f 3858 3855 3857
f 3861 3862 3860
f 3860 3859 3861
f 3859 3857 3863
f 3863 3861 3859
f 3859 3860 3864
f 3864 3858 3859
f 3857 3854 3853
f 3853 3863 3857
f 3865 3866 3863
f 3863 3853 3865
f 3819 3865 3853
f 3853 3851 3819
f 3852 3854 3856
f 3856 3867 3852
f 3852 3867 3848
f 3848 3849 3852
f 3850 3818 3819
f 3819 3851 3850
f 3818 3850 3773
f 3773 3817 3818
f 3846 3773 3850
f 3850 3849 3846
f 3845 3847 3868
f 3868 3869 3845
f 3869 3868 3870
f 3870 3871 3869
f 3874 3871 3872
f 3872 3873 3874
f 3841 3873 3875
f 3875 3839 3841
f 3839 3875 3876
f 3876 3877 3839
f 3875 3879 3878
f 3878 3876 3875
f 3873 3872 3879
f 3879 3875 3873
f 3873 3841 3778
f 3778 3874 3873
f 3843 3880 3874
f 3874 3778 3843
f 3880 3869 3871
f 3871 3874 3880
f 3871 3870 3881
f 3881 3872 3871
f 3882 3883 3881
f 3881 3870 3882
f 3883 3882 3884
f 3884 3138 3883
f 3882 3886 3885
f 3885 3884 3882
f 3870 3868 3886
f 3886 3882 3870
f 3887 3879 3872
f 3872 3881 3887
f 3887 3881 3883
f 3883 3888 3887
f 3845 3869 3880
f 3880 3843 3845
f 3893 3890 3891
f 3891 3892 3893
f 3894 3889 3890
f 3890 3893 3894
f 3077 3896 3895
f 3895 3076 3077
f 3898 3899 3897
f 3897 3896 3898
f 3899 3898 3900
f 3900 3901 3899
f 3899 3903 3902
f 3902 3897 3899
f 3896 3897 3904
f 3904 3895 3896
f 3907 3904 3905
f 3905 3906 3907
f 3904 3907 3908
f 3908 3895 3904
f 3909 3910 3895
f 3895 3908 3909
f 3911 3912 3910
f 3910 3909 3911
f 3913 3914 3912
f 3912 3911 3913
f 3914 3913 3915
f 3915 3916 3914
f 3913 3918 3917
f 3917 3915 3913
f 3911 3919 3918
f 3918 3913 3911
f 3070 3910 3912
f 3912 3067 3070
f 3067 3912 3914
f 3914 3068 3067
f 3909 3920 3919
f 3919 3911 3909
f 3920 3922 3921
f 3921 3919 3920
f 3923 3924 3922
f 3922 3920 3923
f 3920 3909 3908
f 3908 3923 3920
f 3907 3925 3923
f 3923 3908 3907
f 3925 3805 3924
f 3924 3923 3925
f 3926 3803 3805
f 3805 3925 3926
f 3803 3926 3927
f 3927 3804 3803
f 3927 3930 3928
f 3928 3929 3927
f 3926 3906 3930
f 3930 3927 3926
f 3929 3931 3804
f 3804 3927 3929
f 3925 3907 3906
f 3906 3926 3925
f 3906 3905 3932
f 3932 3930 3906
f 3933 3928 3930
f 3930 3932 3933
f 3928 3933 3934
f 3934 3935 3928
f 3934 3938 3936
f 3936 3937 3934
f 3938 3940 3939
f 3939 3936 3938
f 3941 3942 3940
f 3940 3938 3941
f 3933 3941 3938
f 3938 3934 3933
f 3935 3934 3937
f 3937 3943 3935
f 3944 3945 3943
f 3943 3937 3944
f 3937 3936 3946
f 3946 3944 3937
f 3941 3933 3932
f 3932 3947 3941
f 3941 3947 3948
f 3948 3942 3941
f 3903 3948 3947
f 3947 3902 3903
f 3942 3948 3949
f 3949 3950 3942
f 3948 3903 3951
f 3951 3949 3948
f 3905 3902 3947
f 3947 3932 3905
f 3897 3902 3905
f 3905 3904 3897
f 3901 3951 3903
f 3903 3899 3901
f 3952 3953 3901
f 3901 3900 3952
f 3900 3955 3954
f 3954 3952 3900
f 3898 3956 3955
f 3955 3900 3898
f 3023 3955 3956
f 3956 3026 3023
f 3077 3074 3026
f 3026 3956 3077
f 3896 3077 3956
f 3956 3898 3896
f 3954 3955 3023
f 3023 3022 3954
f 3957 3958 3952
f 3952 3954 3957
f 3959 3960 3958
f 3958 3957 3959
f 3960 3959 3961
f 3961 3962 3960
f 3960 3964 3963
f 3963 3958 3960
f 3962 3965 3964
f 3964 3960 3962
f 3967 3968 3961
f 3961 3966 3967
f 3966 3961 3959
f 3959 3969 3966
f 3962 3961 3968
f 3968 3970 3962
f 3957 3971 3969
f 3969 3959 3957
f 3971 3028 3972
f 3972 3969 3971
f 3971 3022 3020
f 3020 3028 3971
f 3971 3957 3954
f 3954 3022 3971
f 3953 3952 3958
f 3958 3963 3953
f 3953 3973 3951
f 3951 3901 3953
f 3973 3974 3949
f 3949 3951 3973
f 3975 3976 3974
f 3974 3973 3975
f 3963 3975 3973
f 3973 3953 3963
f 3910 3070 3076
f 3076 3895 3910
f 3979 3980 3977
f 3977 3978 3979
f 3978 3977 3981
f 3981 3982 3978
f 3984 3985 3983
f 3985 3984 3982
f 3987 3983 3986
f 3983 3987 3984
f 3986 3983 3988
f 3988 3989 3986
f 3987 3991 3990
f 3991 3987 3986
f 3984 3987 3978
f 3978 3982 3984
f 3987 3979 3978
f 3979 3987 3990
f 3979 3990 3992
f 3992 3993 3979
f 3995 3992 3994
f 3992 3995 3993
f 3995 3994 3996
f 3996 3997 3995
f 3996 3999 3998
f 3999 3996 3994
f 3994 4000 3999
f 4000 3994 3992
f 3997 4002 4001
f 4001 3995 3997
f 4003 4004 4002
f 4002 3997 4003
f 4005 4003 3997
f 3997 3996 4005
f 3995 4001 4006
f 4006 3993 3995
f 3980 3979 3993
f 3993 4006 3980
f 4006 4008 4007
f 4007 3980 4006
f 4008 4006 4001
f 4001 4009 4008
f 3990 4000 3992
f 4000 3990 3991
f 4011 3991 4010
f 3991 4011 4000
f 3989 4010 3991
f 3991 3986 3989
f 3989 3988 4012
f 4012 4013 3989
f 4010 3989 4013
f 4013 4014 4010
f 4011 4010 4014
f 4014 4015 4011
f 4011 4016 3999
f 3999 4000 4011
f 4015 4017 4016
f 4016 4011 4015
f 3983 4019 4018
f 4018 3988 3983
f 4019 4021 4020
f 4020 4018 4019
f 4018 4020 4012
f 4012 3988 4018
f 4021 4019 4024
f 4024 4022 4021
f 3983 4024 4019
f 4024 3983 3985
f 3985 4026 4024
f 4026 3985 4025
f 4028 4026 4025
f 4025 4027 4028
f 4028 4030 4029
f 4030 4028 4027
f 4030 4032 4031
f 4031 4029 4030
f 4034 4031 4032
f 4032 4033 4034
f 4032 4036 4035
f 4035 4033 4032
f 3981 4036 4032
f 4032 4030 3981
f 4028 4029 4037
f 4037 4026 4028
f 4029 4031 4038
f 4038 4037 4029
f 4027 3981 4030
f 3981 4027 3982
f 3982 4025 3985
f 4025 3982 4027
f 3977 4039 4036
f 4036 3981 3977
f 4040 4039 2910
f 2910 2909 4040
f 4041 4036 4039
f 4039 4040 4041
f 4042 4035 4036
f 4036 4041 4042
f 4042 4044 3238
f 3238 4043 4042
f 4043 3238 3237
f 3237 4045 4043
f 4047 4048 4046
f 4046 4045 4047
f 3225 3221 4048
f 4048 4047 3225
f 4048 4050 4049
f 4049 4046 4048
f 4051 4043 4045
f 4045 4046 4051
f 4046 4049 4052
f 4052 4051 4046
f 4051 4035 4042
f 4042 4043 4051
f 4051 4052 4053
f 4053 4035 4051
f 4055 4049 4050
f 4050 4054 4055
f 4057 4058 4056
f 4056 4055 4057
f 4054 4059 4057
f 4057 4055 4054
f 4060 4052 4049
f 4049 4055 4060
f 4060 4055 4056
f 4056 4061 4060
f 4062 4063 4054
f 4054 4050 4062
f 3220 4064 4062
f 4062 3221 3220
f 3221 4062 4050
f 4050 4048 3221
f 4064 4065 4063
f 4063 4062 4064
f 4047 3227 3226
f 3226 3225 4047
f 4045 3237 3227
f 3227 4047 4045
f 3238 4066 3235
f 4066 3238 4044
f 4066 4069 4067
f 4069 4066 4068
f 4068 4044 4070
f 4044 4068 4066
f 4041 2915 4070
f 2915 4041 4040
f 4070 4042 4041
f 4042 4070 4044
f 2914 4070 2915
f 4070 2914 4068
f 4069 2914 2916
f 2914 4069 4068
f 3127 2916 3128
f 2916 3127 4069
f 3127 4067 4069
f 4067 3127 4071
f 4071 3236 4067
f 3236 4071 4072
f 3230 4072 3234
f 4072 3230 3236
f 3234 4074 4073
f 4074 3234 4072
f 4072 4075 4074
f 4075 4072 4071
f 4067 3235 4066
f 3235 4067 3236
f 4071 3126 4075
f 3126 4071 3127
f 2911 4040 2909
f 4040 2911 2915
f 4076 2910 4039
f 4039 3977 4076
f 4076 4077 2908
f 2908 2910 4076
f 4077 4076 4007
f 4007 4078 4077
f 2830 4078 4079
f 4079 4080 2830
f 4081 4080 2855
f 2855 2854 4081
f 2828 4081 2850
f 2850 2827 2828
f 2850 4081 2854
f 2854 2849 2850
f 4081 2828 2830
f 2830 4080 4081
f 4082 2855 4080
f 4080 4079 4082
f 4079 4008 4009
f 4009 4082 4079
f 4082 2853 2855
f 2853 4082 4083
f 4086 4083 4084
f 4084 4085 4086
f 4087 2856 4086
f 4086 4085 4087
f 4087 4089 4088
f 4088 2859 4087
f 4087 4085 4090
f 4090 4089 4087
f 4087 2859 2852
f 2852 2856 4087
f 4083 2856 2853
f 2856 4083 4086
f 4004 4003 4090
f 4090 4085 4004
f 4084 4002 4004
f 4004 4085 4084
f 4009 4001 4002
f 4002 4084 4009
f 4084 4083 4082
f 4082 4009 4084
f 4078 4007 4008
f 4008 4079 4078
f 4078 2830 2829
f 2829 4077 4078
f 2832 2908 4077
f 4077 2829 2832
f 4076 3977 3980
f 3980 4007 4076
f 4097 4094 4095
f 4095 4096 4097
f 4094 4097 4098
f 4098 4091 4094
f 4092 4061 4056
f 4056 4058 4092
f 4092 4091 4098
f 4098 4061 4092
f 4089 4100 4099
f 4099 4088 4089
f 2867 2864 4088
f 4088 4099 2867
f 4099 4101 2865
f 2865 2867 4099
f 4101 4102 2866
f 2866 2865 4101
f 4102 4103 2869
f 2869 2866 4102
f 2869 4103 4104
f 4104 2872 2869
f 2872 4104 4105
f 4105 4106 2872
f 4106 4107 2814
f 2814 2816 4106
f 4105 4108 4107
f 4107 4106 4105
f 4108 4105 4109
f 4109 4110 4108
f 4112 4108 4110
f 4110 4111 4112
f 4112 4113 2809
f 2809 2810 4112
f 4111 4114 4113
f 4113 4112 4111
f 4108 4112 2810
f 2810 4107 4108
f 4115 4116 4111
f 4111 4110 4115
f 4117 4115 4110
f 4110 4109 4117
f 4118 4109 4105
f 4105 4104 4118
f 4104 4103 4119
f 4119 4118 4104
f 4119 4122 4120
f 4120 4121 4119
f 4103 4102 4122
f 4122 4119 4103
f 4121 4123 4118
f 4118 4119 4121
f 4123 4117 4109
f 4109 4118 4123
f 2807 2814 4107
f 4107 2810 2807
f 4106 2816 2870
f 2870 2872 4106
f 4102 4101 4124
f 4124 4122 4102
f 4125 4120 4122
f 4122 4124 4125
f 4128 4129 4126
f 4126 4127 4128
f 4124 4128 4127
f 4127 4125 4124
f 4130 4128 4124
f 4124 4101 4130
f 4130 4101 4099
f 4099 4100 4130
f 4130 3998 4129
f 4129 4128 4130
f 4130 3996 3998
f 3996 4130 4100
f 4005 3996 4100
f 4100 4131 4005
f 4003 4005 4131
f 4131 4090 4003
f 4131 4100 4089
f 4089 4090 4131
f 4134 4135 4132
f 4132 4133 4134
f 4133 4138 4136
f 4136 4137 4133
f 4138 4140 4139
f 4139 4136 4138
f 4137 4136 4141
f 4141 4142 4137
f 4134 4133 4137
f 4137 4143 4134
f 4134 3206 3207
f 3207 4135 4134
f 3206 4134 4143
f 4143 4144 3206
f 4142 4145 4143
f 4143 4137 4142
f 4136 4139 4146
f 4146 4141 4136
f 3212 4144 4147
f 4147 4148 3212
f 3211 3212 4148
f 4148 4149 3211
f 4144 4143 4145
f 4145 4147 4144
f 4140 4151 4150
f 4150 4139 4140
f 4151 4140 4152
f 4152 4153 4151
f 4154 4150 4151
f 4151 4153 4154
f 4155 4156 4150
f 4150 4154 4155
f 4157 4158 4155
f 4155 4154 4157
f 4154 4153 4159
f 4159 4157 4154
f 4160 4159 4153
f 4153 4152 4160
f 4152 4162 4161
f 4161 4160 4152
f 4159 4160 3130
f 3130 3131 4159
f 4163 3130 4160
f 4160 4161 4163
f 4159 3131 4164
f 4164 4157 4159
f 3892 3891 4165
f 4165 4164 3892
f 3132 3892 4164
f 4164 3131 3132
f 4164 4165 4158
f 4158 4157 4164
f 4139 4150 4156
f 4156 4146 4139
f 4162 4152 4140
f 4140 4138 4162
f 4162 4133 4132
f 4133 4162 4138
f 4161 4132 4166
f 4132 4161 4162
f 4135 4166 4132
f 4166 4135 4167
f 4168 4167 4135
f 4167 4168 4073
f 3232 4073 4168
f 4073 3232 3234
f 3232 4168 3208
f 3208 3233 3232
f 3207 3208 4168
f 4168 4135 3207
f 4166 4170 4169
f 4170 4166 4167
f 4074 4171 4170
f 4171 4074 4075
f 4170 4163 4169
f 4163 4170 4171
f 4169 4163 4161
f 4161 4166 4169
f 3129 3130 4163
f 4163 4171 3129
f 3129 4075 3126
f 4075 3129 4171
f 4073 4170 4167
f 4170 4073 4074
f 4174 4175 4172
f 4172 4173 4174
f 4174 4177 4176
f 4176 4175 4174
f 4177 4179 4178
f 4178 4176 4177
f 4180 4181 4175
f 4175 4176 4180
f 4181 4180 4182
f 4182 4183 4181
f 4172 4175 4181
f 4181 4184 4172
f 4173 4172 4185
f 4185 4186 4173
f 4188 4189 4187
f 4189 4188 4185
f 4187 4191 4190
f 4191 4187 4189
f 4193 4191 4192
f 4191 4193 4190
f 4195 4193 4194
f 4193 4195 4190
f 4196 4190 4195
f 4190 4196 4187
f 4198 4199 4192
f 4192 4197 4198
f 4191 4200 4197
f 4197 4192 4191
f 4193 4192 4199
f 4199 4201 4193
f 4189 4184 4200
f 4200 4191 4189
f 4184 4181 4183
f 4183 4200 4184
f 4185 4172 4184
f 4184 4189 4185
f 4202 4187 4196
f 4187 4202 4188
f 4204 4202 4203
f 4202 4204 4205
f 4205 4188 4202
f 4188 4205 4206
f 4207 4206 4205
f 4206 4207 4208
f 4207 4204 4209
f 4204 4207 4205
f 4203 4196 4210
f 4196 4203 4202
f 4211 4204 4203
f 4204 4211 4212
f 4211 4210 4213
f 4210 4211 4203
f 4206 4185 4188
f 4185 4206 4186
f 4208 4186 4206
f 4186 4208 4214
f 4214 4217 4215
f 4215 4216 4214
f 4218 4214 4208
f 4214 4218 4217
f 4186 4214 4216
f 4216 4173 4186
f 4220 4221 4182
f 4182 4219 4220
f 4219 4182 4180
f 4180 4222 4219
f 4222 4180 4176
f 4176 4178 4222
f 4178 4224 4223
f 4223 4222 4178
f 4226 4227 4225
f 4225 4224 4226
f 4228 4226 4179
f 4226 4228 4229
f 4224 4178 4179
f 4179 4226 4224
f 4227 4229 4230
f 4229 4227 4226
f 4225 4233 4231
f 4231 4232 4225
f 4233 4225 4227
f 4227 4234 4233
f 4224 4225 4232
f 4232 4223 4224
f 4222 4223 4235
f 4235 4219 4222
f 4235 4238 4236
f 4236 4237 4235
f 4220 4237 4239
f 4239 4240 4220
f 4241 4221 4220
f 4220 4240 4241
f 4240 4198 4197
f 4197 4241 4240
f 4240 4239 4242
f 4242 4198 4240
f 4237 4236 4243
f 4243 4239 4237
f 4245 4243 4236
f 4236 4244 4245
f 4238 4246 4244
f 4244 4236 4238
f 4219 4235 4237
f 4237 4220 4219
f 4223 4232 4238
f 4238 4235 4223
f 4183 4182 4221
f 4221 4241 4183
f 4177 4228 4179
f 4228 4177 4247
f 4228 4249 4248
f 4249 4228 4247
f 4251 4252 4250
f 4250 4249 4251
f 4253 4251 4249
f 4249 4247 4253
f 4247 4177 4254
f 4254 4253 4247
f 4255 4256 4253
f 4253 4254 4255
f 4256 4255 4257
f 4257 4258 4256
f 4256 4258 4259
f 4259 4260 4256
f 4256 4260 4251
f 4251 4253 4256
f 4260 4259 4261
f 4261 4262 4260
f 4259 4264 4263
f 4263 4261 4259
f 4258 4265 4264
f 4264 4259 4258
f 4266 4267 4265
f 4265 4258 4266
f 4266 4269 4268
f 4268 4267 4266
f 4266 4271 4270
f 4270 4269 4266
f 4271 4266 4258
f 4258 4257 4271
f 4255 4273 4272
f 4272 4257 4255
f 4273 4275 4274
f 4274 4272 4273
f 4276 4271 4257
f 4257 4272 4276
f 4272 4274 4277
f 4277 4276 4272
f 4278 4279 4275
f 4275 4273 4278
f 4281 4274 4275
f 4275 4280 4281
f 4280 4275 4279
f 4279 4282 4280
f 4254 4278 4273
f 4273 4255 4254
f 4278 4254 4177
f 4177 4174 4278
f 4252 4251 4260
f 4260 4262 4252
f 4284 4250 4252
f 4252 4283 4284
f 4283 4286 4285
f 4285 4284 4283
f 4287 4288 4286
f 4286 4283 4287
f 4289 4290 4288
f 4288 4287 4289
f 4263 4291 4289
f 4289 4261 4263
f 4261 4289 4287
f 4287 4262 4261
f 4290 4289 4291
f 4291 4292 4290
f 4288 4294 4293
f 4293 4286 4288
f 4294 4288 4290
f 4290 4295 4294
f 4262 4287 4283
f 4283 4252 4262
f 4296 4298 4285
f 4298 4296 4297
f 4300 4301 4299
f 4301 4300 4297
f 4302 4297 4300
f 4297 4302 4298
f 4300 4304 4302
f 4304 4300 4303
f 4303 4299 4305
f 4299 4303 4300
f 4301 4308 4306
f 4308 4301 4307
f 4297 4307 4301
f 4307 4297 4296
f 4299 4306 4309
f 4306 4299 4301
f 4296 4285 4286
f 4286 4293 4296
f 4310 4285 4298
f 4285 4310 4284
f 4311 4298 4302
f 4298 4311 4310
f 4312 4310 4311
f 4310 4312 4313
f 4315 4311 4314
f 4311 4315 4312
f 4302 4314 4311
f 4314 4302 4304
f 4284 4313 4250
f 4313 4284 4310
f 4248 4250 4313
f 4250 4248 4249
f 4279 4278 4174
f 4174 4173 4279
f 4282 4279 4173
f 4173 4216 4282
f 4317 4319 4316
f 4319 4317 4318
f 4218 4317 4320
f 4317 4218 4318
f 4317 4322 4321
f 4322 4317 4316
f 4323 4322 4316
f 4322 4323 4324
f 2108 4324 4325
f 4324 2108 4322
f 4321 2108 2109
f 2108 4321 4322
f 2109 4326 4321
f 4326 2109 2111
f 4328 4326 4327
f 4326 4328 4320
f 4320 4321 4326
f 4321 4320 4317
f 4320 4217 4218
f 4217 4320 4328
f 4217 4328 4329
f 4329 4215 4217
f 4330 4331 4215
f 4215 4329 4330
f 4329 4333 4332
f 4332 4330 4329
f 4327 4329 4328
f 4329 4327 4333
f 4327 2111 4334
f 2111 4327 4326
f 4333 4334 4335
f 4334 4333 4327
f 2114 4335 4334
f 4335 2114 2116
f 4333 4335 4336
f 4336 4332 4333
f 4337 4338 4332
f 4332 4336 4337
f 4340 4337 4336
f 4336 4339 4340
f 4339 4336 4335
f 4335 2116 4339
f 2110 4334 2111
f 4334 2110 2114
f 4341 2104 4325
f 2104 4341 2106
f 4342 2106 4341
f 2106 4342 4343
f 4344 4343 4342
f 4343 4344 4345
f 4346 4345 4344
f 4345 4346 4347
f 4347 4349 4348
f 4349 4347 4346
f 4347 4351 4345
f 4351 4347 4350
f 4350 4348 4352
f 4348 4350 4347
f 4348 4354 4353
f 4354 4348 4349
f 4356 4349 4355
f 4349 4356 4354
f 4346 4355 4349
f 4355 4346 4357
f 4344 4357 4346
f 4357 4344 4358
f 4360 4358 4359
f 4358 4360 4357
f 4361 4359 4358
f 4359 4361 4362
f 4342 4358 4344
f 4358 4342 4361
f 2105 4343 4363
f 4343 2105 2106
f 4351 4365 4363
f 4365 4351 4364
f 2090 4367 4366
f 4367 2090 4364
f 4364 4350 4367
f 4350 4364 4351
f 2089 4364 2090
f 4364 2089 4365
f 4345 4363 4343
f 4363 4345 4351
f 4363 2095 2105
f 2095 4363 4365
f 4341 4361 4342
f 4361 4341 4368
f 4368 4362 4361
f 4362 4368 4369
f 4324 4369 4368
f 4369 4324 4323
f 4323 4371 4369
f 4371 4323 4370
f 4316 4370 4323
f 4370 4316 4319
f 4372 4369 4371
f 4369 4372 4362
f 4374 4372 4373
f 4372 4374 4375
f 4371 4373 4372
f 4373 4371 4376
f 4362 4375 4359
f 4375 4362 4372
f 4368 4325 4324
f 4325 4368 4341
f 4325 2103 2108
f 2103 4325 2104
f 4318 4209 4319
f 4209 4318 4207
f 4318 4208 4207
f 4208 4318 4218
f 4319 4378 4370
f 4378 4319 4377
f 4380 4377 4379
f 4377 4380 4378
f 4370 4376 4371
f 4376 4370 4378
f 4381 4378 4380
f 4378 4381 4376
f 4383 4380 4382
f 4380 4383 4381
f 4376 4384 4373
f 4384 4376 4381
f 4383 4385 4384
f 4384 4381 4383
f 4385 4383 4386
f 4386 4387 4385
f 4385 4389 4384
f 4389 4385 4388
f 4387 4388 4385
f 4388 4387 4390
f 4390 4392 4391
f 4392 4390 4387
f 4394 4390 4393
f 4390 4394 4388
f 4393 4391 4395
f 4391 4393 4390
f 4391 4397 4396
f 4397 4391 4392
f 4398 4399 4397
f 4397 4392 4398
f 4386 4398 4392
f 4392 4387 4386
f 4388 4400 4389
f 4400 4388 4394
f 4389 4402 4401
f 4402 4389 4400
f 4384 4401 4403
f 4401 4384 4389
f 4405 4401 4402
f 4402 4404 4405
f 4406 4407 4404
f 4404 4402 4406
f 4400 4406 4402
f 4406 4400 4408
f 4408 4394 4409
f 4394 4408 4400
f 4409 4393 4410
f 4393 4409 4394
f 4412 4409 4411
f 4409 4412 4408
f 4410 4411 4409
f 4411 4410 4413
f 4386 4415 4414
f 4415 4386 4383
f 4414 4417 4416
f 4417 4414 4415
f 4416 4419 4418
f 4419 4416 4417
f 4421 4416 4420
f 4416 4421 4414
f 4386 4414 4421
f 4421 4398 4386
f 4422 4420 4416
f 4416 4418 4422
f 4424 4421 4420
f 4420 4423 4424
f 4420 4425 4423
f 4425 4420 4422
f 4418 4427 4426
f 4427 4418 4419
f 4426 4429 4428
f 4429 4426 4427
f 4430 4429 4427
f 4429 4430 4431
f 4419 4430 4427
f 4430 4419 4432
f 4432 4417 4433
f 4417 4432 4419
f 4433 4434 4432
f 4434 4433 4213
f 4435 4213 4433
f 4213 4435 4211
f 4415 4433 4417
f 4433 4415 4435
f 4435 4383 4382
f 4383 4435 4415
f 4435 4212 4211
f 4212 4435 4382
f 4382 4379 4212
f 4379 4382 4380
f 4319 4379 4377
f 4379 4319 4209
f 4212 4209 4204
f 4209 4212 4379
f 4373 4403 4374
f 4403 4373 4384
f 4438 4439 4436
f 4436 4437 4438
f 4441 4442 4440
f 4440 4437 4441
f 4443 4444 4442
f 4442 4441 4443
f 4445 4446 4444
f 4444 4443 4445
f 4447 4448 4446
f 4446 4445 4447
f 4448 4447 4449
f 4449 4450 4448
f 4450 4452 4451
f 4451 4448 4450
f 4453 4454 4452
f 4452 4450 4453
f 4455 4453 4450
f 4450 4449 4455
f 4457 4455 4449
f 4449 4456 4457
f 4459 4457 4456
f 4456 4458 4459
f 4460 4461 4455
f 4455 4457 4460
f 4457 4459 4462
f 4462 4460 4457
f 4447 4463 4456
f 4456 4449 4447
f 4463 4464 4458
f 4458 4456 4463
f 4465 4466 4464
f 4464 4463 4465
f 4463 4447 4445
f 4445 4465 4463
f 4467 4468 4454
f 4454 4453 4467
f 4461 4467 4453
f 4453 4455 4461
f 4469 4470 4468
f 4468 4467 4469
f 4471 4469 4467
f 4467 4461 4471
f 4472 4473 4470
f 4470 4469 4472
f 4469 4471 4474
f 4474 4472 4469
f 4476 4454 4468
f 4468 4475 4476
f 4470 4477 4475
f 4475 4468 4470
f 4452 4479 4478
f 4478 4451 4452
f 4451 4478 4480
f 4480 4481 4451
f 4483 4480 4478
f 4478 4482 4483
f 4480 4483 4484
f 4484 4485 4480
f 4483 4487 4486
f 4486 4484 4483
f 4487 4483 4482
f 4482 4488 4487
f 4482 4478 4479
f 4479 4488 4482
f 4476 4489 4488
f 4488 4479 4476
f 4479 4452 4454
f 4454 4476 4479
f 4446 4481 4490
f 4490 4444 4446
f 4444 4490 4491
f 4491 4442 4444
f 4448 4451 4481
f 4481 4446 4448
f 4485 4490 4481
f 4481 4480 4485
f 4443 4492 4465
f 4465 4445 4443
f 4466 4465 4492
f 4492 4493 4466
f 4494 4495 4493
f 4493 4492 4494
f 4494 4441 4437
f 4437 4436 4494
f 4496 4495 4494
f 4494 4436 4496
f 4497 4498 4495
f 4495 4496 4497
f 4500 4501 4499
f 4499 4497 4500
f 4502 4500 4497
f 4497 4496 4502
f 4498 4497 4499
f 4499 4503 4498
f 4498 4504 4493
f 4493 4495 4498
f 4502 4496 4436
f 4436 4439 4502
f 4441 4494 4492
f 4492 4443 4441
f 4505 4466 4493
f 4493 4504 4505
f 4466 4505 4506
f 4506 4464 4466
f 4507 4509 4506
f 4509 4507 4508
f 4508 4511 4510
f 4511 4508 4507
f 4511 4514 4512
f 4514 4511 4513
f 4513 4507 4515
f 4507 4513 4511
f 4512 4510 4511
f 4510 4512 4516
f 4518 4508 4517
f 4508 4518 4509
f 4510 4517 4508
f 4517 4510 4519
f 4505 4515 4507
f 4507 4506 4505
f 4464 4506 4509
f 4509 4458 4464
f 4520 4515 4505
f 4505 4504 4520
f 4503 4520 4504
f 4504 4498 4503
f 4521 4515 4520
f 4515 4521 4513
f 4513 4522 4514
f 4522 4513 4521
f 4521 4524 4522
f 4524 4521 4523
f 4525 4514 4522
f 4514 4525 4526
f 4527 4522 4524
f 4522 4527 4525
f 4503 4521 4520
f 4521 4503 4523
f 4437 4440 4528
f 4528 4438 4437
f 4528 4530 4529
f 4529 4438 4528
f 4532 4530 4528
f 4528 4531 4532
f 4530 4532 4533
f 4533 4534 4530
f 4536 4537 4535
f 4535 4534 4536
f 4538 4539 4537
f 4537 4536 4538
f 4538 4542 4540
f 4540 4541 4538
f 4541 4543 4539
f 4539 4538 4541
f 4539 4543 4544
f 4544 4545 4539
f 4547 4544 4543
f 4543 4546 4547
f 4543 4541 4548
f 4548 4546 4543
f 4549 4548 4541
f 4541 4540 4549
f 4549 4552 4550
f 4550 4551 4549
f 4552 4549 4540
f 4540 4553 4552
f 4548 4549 4551
f 4551 4554 4548
f 4542 4555 4553
f 4553 4540 4542
f 4556 4557 4555
f 4555 4542 4556
f 4555 4559 4558
f 4558 4553 4555
f 4557 4560 4559
f 4559 4555 4557
f 4542 4538 4536
f 4536 4556 4542
f 4537 4539 4545
f 4545 4561 4537
f 4564 4561 4562
f 4562 4563 4564
f 4563 4562 4565
f 4565 4566 4563
f 4563 4568 4567
f 4567 4564 4563
f 4568 4563 4566
f 4566 4569 4568
f 4570 4562 4561
f 4561 4545 4570
f 4545 4544 4571
f 4571 4570 4545
f 4572 4565 4562
f 4562 4570 4572
f 4570 4571 4573
f 4573 4572 4570
f 4535 4537 4561
f 4561 4564 4535
f 4529 4535 4564
f 4564 4567 4529
f 4535 4529 4530
f 4530 4534 4535
f 4556 4536 4534
f 4534 4533 4556
f 4533 4574 4557
f 4557 4556 4533
f 4532 4575 4574
f 4574 4533 4532
f 4575 4577 4576
f 4576 4574 4575
f 4577 4575 4578
f 4578 4579 4577
f 4575 4532 4531
f 4531 4578 4575
f 4574 4576 4560
f 4560 4557 4574
f 4440 4580 4531
f 4531 4528 4440
f 4580 4581 4578
f 4578 4531 4580
f 4581 4582 4579
f 4579 4578 4581
f 4582 4584 4583
f 4583 4579 4582
f 4584 4586 4585
f 4585 4583 4584
f 4587 4588 4586
f 4586 4584 4587
f 4587 4589 4484
f 4484 4486 4587
f 4584 4582 4589
f 4589 4587 4584
f 4588 4587 4486
f 4486 4590 4588
f 4592 4585 4586
f 4586 4591 4592
f 4594 4592 4591
f 4591 4593 4594
f 4593 4591 4595
f 4595 4596 4593
f 4591 4586 4588
f 4588 4595 4591
f 4597 4598 4583
f 4583 4585 4597
f 4585 4592 4599
f 4599 4597 4585
f 4582 4581 4600
f 4600 4589 4582
f 4485 4484 4589
f 4589 4600 4485
f 4600 4491 4490
f 4490 4485 4600
f 4491 4600 4581
f 4581 4580 4491
f 4442 4491 4580
f 4580 4440 4442
f 4438 4529 4567
f 4567 4439 4438
f 4601 4602 4502
f 4502 4439 4601
f 4567 4568 4601
f 4601 4439 4567
f 4603 4604 4602
f 4602 4601 4603
f 4605 4606 4604
f 4604 4603 4605
f 4605 4609 4607
f 4607 4608 4605
f 4609 4611 4610
f 4610 4607 4609
f 4611 4613 4612
f 4612 4610 4611
f 4615 4612 4613
f 4613 4614 4615
f 4614 4617 4616
f 4616 4615 4614
f 4617 4619 4618
f 4618 4616 4617
f 4621 4618 4619
f 4619 4620 4621
f 4618 4621 4622
f 4622 4623 4618
f 4621 4625 4624
f 4624 4622 4621
f 4625 4621 4620
f 4620 4626 4625
f 4620 4619 4627
f 4627 4628 4620
f 4629 4630 4628
f 4628 4627 4629
f 4571 4629 4627
f 4627 4573 4571
f 4573 4627 4619
f 4619 4617 4573
f 4615 4616 4631
f 4631 4632 4615
f 4631 4634 4633
f 4633 4632 4631
f 4615 4632 4635
f 4635 4612 4615
f 4636 4635 4632
f 4632 4633 4636
f 4616 4618 4623
f 4623 4631 4616
f 4572 4573 4617
f 4617 4614 4572
f 4565 4572 4614
f 4614 4613 4565
f 4613 4611 4566
f 4566 4565 4613
f 4607 4610 4637
f 4637 4638 4607
f 4640 4641 4639
f 4639 4638 4640
f 4642 4643 4641
f 4641 4640 4642
f 4643 4642 4644
f 4644 4645 4643
f 4648 4645 4646
f 4646 4647 4648
f 4645 4644 4649
f 4649 4646 4645
f 4650 4643 4645
f 4645 4648 4650
f 4651 4652 4644
f 4644 4642 4651
f 4653 4651 4642
f 4642 4640 4653
f 4654 4655 4652
f 4652 4651 4654
f 4636 4654 4651
f 4651 4653 4636
f 4656 4641 4643
f 4643 4650 4656
f 4658 4656 4650
f 4650 4657 4658
f 4659 4639 4641
f 4641 4656 4659
f 4660 4659 4656
f 4656 4658 4660
f 4638 4637 4653
f 4653 4640 4638
f 4610 4612 4635
f 4635 4637 4610
f 4653 4637 4635
f 4635 4636 4653
f 4608 4607 4638
f 4638 4639 4608
f 4661 4608 4639
f 4639 4659 4661
f 4659 4660 4662
f 4662 4661 4659
f 4661 4662 4663
f 4663 4606 4661
f 4665 4663 4662
f 4662 4664 4665
f 4660 4666 4664
f 4664 4662 4660
f 4606 4605 4608
f 4608 4661 4606
f 4569 4566 4611
f 4611 4609 4569
f 4603 4569 4609
f 4609 4605 4603
f 4604 4668 4667
f 4667 4602 4604
f 4668 4670 4669
f 4669 4667 4668
f 4602 4667 4500
f 4500 4502 4602
f 4667 4669 4501
f 4501 4500 4667
f 4501 3291 4671
f 3291 4501 4669
f 4499 4671 4672
f 4671 4499 4501
f 4499 4523 4503
f 4523 4499 4672
f 4672 4524 4523
f 4524 4672 4673
f 3296 4673 4674
f 4673 3296 4675
f 4676 4527 4675
f 4527 4676 4677
f 3295 4675 3296
f 4675 3295 4676
f 4675 4524 4673
f 4524 4675 4527
f 4674 4672 4671
f 4672 4674 4673
f 4674 3292 3296
f 3292 4674 3290
f 3290 4671 3291
f 4671 3290 4674
f 3289 4669 4670
f 4669 3289 3291
f 3293 4670 4665
f 4670 3293 3289
f 4670 4668 4663
f 4663 4665 4670
f 4668 4604 4606
f 4606 4663 4668
f 4601 4568 4569
f 4569 4603 4601
f 4679 4681 4678
f 4681 4679 4680
f 4681 4683 4682
f 4683 4681 4680
f 4683 4685 4684
f 4684 4682 4683
f 4687 4682 4686
f 4682 4687 4681
f 4681 4688 4678
f 4688 4681 4687
f 4687 4690 4688
f 4690 4687 4689
f 4689 4692 4690
f 4692 4689 4691
f 4694 4695 4693
f 4695 4694 4691
f 4695 4698 4696
f 4698 4695 4697
f 4697 4699 4698
f 4699 4697 4686
f 4689 4686 4697
f 4686 4689 4687
f 4686 4684 4699
f 4684 4686 4682
f 4696 4701 4700
f 4701 4696 4698
f 4698 4702 4701
f 4702 4698 4699
f 4691 4697 4695
f 4697 4691 4689
f 4693 4696 4703
f 4696 4693 4695
f 4705 4703 4704
f 4703 4705 4693
f 4704 4707 4706
f 4707 4704 4703
f 4703 4700 4707
f 4700 4703 4696
f 4709 4705 4708
f 4705 4709 4710
f 4705 4711 4708
f 4711 4705 4704
f 4694 4693 4705
f 4705 4710 4694
f 4712 4691 4694
f 4691 4712 4692
f 4715 4712 4713
f 4713 4714 4715
f 4717 4715 4714
f 4714 4716 4717
f 4719 4720 4717
f 4717 4718 4719
f 4716 4721 4718
f 4718 4717 4716
f 4722 4717 4720
f 4717 4722 4715
f 4714 4724 4716
f 4724 4714 4723
f 4723 4713 4725
f 4713 4723 4714
f 4715 4692 4712
f 4692 4715 4722
f 4722 4690 4692
f 4690 4722 4726
f 4712 4694 4710
f 4710 4713 4712
f 4727 4678 4688
f 4678 4727 4728
f 4730 4727 4729
f 4727 4730 4728
f 4729 4726 4731
f 4726 4729 4727
f 4720 4726 4722
f 4726 4720 4731
f 4729 4731 4732
f 4732 4733 4729
f 4730 4729 4733
f 4733 4734 4730
f 4719 4736 4735
f 4735 4732 4719
f 4720 4719 4732
f 4732 4731 4720
f 4735 4737 4733
f 4733 4732 4735
f 4688 4726 4727
f 4726 4688 4690
f 4738 4678 4728
f 4678 4738 4679
f 4679 4740 4739
f 4740 4679 4738
f 4739 4742 4741
f 4742 4739 4740
f 4741 4744 4743
f 4744 4741 4742
f 4745 4746 4744
f 4744 4742 4745
f 4742 4740 4747
f 4747 4745 4742
f 4739 4749 4679
f 4749 4739 4748
f 4741 4748 4739
f 4748 4741 4750
f 4738 4747 4740
f 4747 4738 4751
f 4752 4753 4747
f 4747 4751 4752
f 4751 4730 4734
f 4734 4752 4751
f 4751 4728 4730
f 4728 4751 4738
f 4685 4755 4754
f 4754 4684 4685
f 4757 4754 4755
f 4755 4756 4757
f 4757 4760 4758
f 4758 4759 4757
f 4763 4760 4761
f 4761 4762 4763
f 4765 4766 4764
f 4764 4762 4765
f 4767 4768 4766
f 4766 4765 4767
f 4769 4770 4768
f 4768 4767 4769
f 4769 4773 4771
f 4771 4772 4769
f 4767 4774 4773
f 4773 4769 4767
f 4770 4769 4772
f 4772 4775 4770
f 4777 4768 4770
f 4770 4776 4777
f 4778 4766 4768
f 4768 4777 4778
f 4765 4779 4774
f 4774 4767 4765
f 4780 4779 4761
f 4761 4756 4780
f 4762 4761 4779
f 4779 4765 4762
f 4781 4774 4779
f 4779 4780 4781
f 4766 4778 4782
f 4782 4764 4766
f 4783 4784 4782
f 4782 4778 4783
f 4786 4783 4785
f 4783 4786 4784
f 4783 4788 4787
f 4787 4785 4783
f 4788 4783 4778
f 4778 4777 4788
f 4789 4790 4764
f 4764 4782 4789
f 4790 4789 4791
f 4791 4792 4790
f 4794 4791 4789
f 4789 4793 4794
f 4269 4270 4793
f 4793 4789 4269
f 4789 4782 4784
f 4784 4269 4789
f 4790 4763 4762
f 4762 4764 4790
f 4795 4758 4760
f 4760 4763 4795
f 4795 4797 4758
f 4797 4795 4796
f 4792 4796 4795
f 4796 4792 4798
f 4792 4795 4763
f 4763 4790 4792
f 4756 4761 4760
f 4760 4757 4756
f 4701 4759 4799
f 4759 4701 4702
f 4801 4797 4800
f 4797 4801 4799
f 4796 4800 4797
f 4800 4796 4802
f 4804 4802 4803
f 4802 4804 4805
f 4805 4807 4806
f 4807 4805 4804
f 4809 4804 4808
f 4804 4809 4807
f 4808 4803 4810
f 4803 4808 4804
f 4802 4798 4803
f 4798 4802 4796
f 4800 4805 4811
f 4805 4800 4802
f 4813 4814 4812
f 4814 4813 4811
f 4811 4806 4814
f 4806 4811 4805
f 4811 4801 4800
f 4801 4811 4813
f 4799 4758 4797
f 4758 4799 4759
f 4700 4799 4801
f 4799 4700 4701
f 4754 4757 4759
f 4759 4702 4754
f 4702 4699 4684
f 4684 4754 4702
f 4756 4755 4815
f 4815 4780 4756
f 4816 4781 4780
f 4780 4815 4816
f 4818 4819 4816
f 4816 4817 4818
f 4817 4816 4815
f 4815 4820 4817
f 4821 4822 4820
f 4820 4685 4821
f 4821 4824 4822
f 4824 4821 4823
f 4826 4823 4821
f 4821 4825 4826
f 4823 4828 4824
f 4828 4823 4827
f 4827 4826 4829
f 4826 4827 4823
f 4822 4830 4817
f 4817 4820 4822
f 4824 4831 4830
f 4830 4822 4824
f 4685 4683 4825
f 4825 4821 4685
f 4820 4815 4755
f 4755 4685 4820
f 4832 4818 4817
f 4817 4830 4832
f 4833 4834 4818
f 4818 4832 4833
f 4836 4834 4833
f 4833 4835 4836
f 4838 4834 4836
f 4836 4837 4838
f 4840 4837 4836
f 4836 4839 4840
f 4839 4836 4835
f 4835 4841 4839
f 4842 4835 4833
f 4835 4842 4843
f 4845 4842 4844
f 4842 4845 4843
f 4842 4847 4846
f 4846 4844 4842
f 4832 4847 4842
f 4842 4833 4832
f 4819 4818 4834
f 4834 4838 4819
f 4838 4849 4848
f 4848 4819 4838
f 4781 4816 4819
f 4819 4848 4781
f 4832 4831 4847
f 4831 4832 4830
f 4850 4825 4683
f 4683 4680 4850
f 4851 4826 4825
f 4825 4850 4851
f 4749 4851 4850
f 4851 4749 4852
f 4852 4854 4851
f 4854 4852 4853
f 4853 4856 4854
f 4856 4853 4855
f 4858 4859 4857
f 4859 4858 4855
f 4861 4862 4860
f 4862 4861 4858
f 4860 4864 4863
f 4864 4860 4862
f 4863 4866 4865
f 4866 4863 4864
f 4864 4868 4866
f 4868 4864 4867
f 4867 4862 4869
f 4862 4867 4864
f 4861 4871 4870
f 4871 4861 4860
f 4860 4872 4871
f 4872 4860 4863
f 4858 4869 4862
f 4869 4858 4857
f 4857 4874 4869
f 4874 4857 4873
f 4857 4875 4873
f 4875 4857 4859
f 4861 4855 4858
f 4855 4861 4856
f 4876 4854 4856
f 4854 4876 4829
f 4829 4877 4827
f 4877 4829 4876
f 4876 4879 4877
f 4879 4876 4878
f 4880 4876 4870
f 4876 4880 4878
f 4876 4861 4870
f 4861 4876 4856
f 4826 4851 4854
f 4854 4829 4826
f 4855 4881 4859
f 4881 4855 4853
f 4881 4884 4882
f 4884 4881 4883
f 4881 4853 4852
f 4852 4883 4881
f 4883 4750 4884
f 4750 4883 4748
f 4882 4886 4885
f 4886 4882 4884
f 4887 4884 4750
f 4884 4887 4886
f 4852 4748 4883
f 4748 4852 4749
f 4882 4859 4881
f 4859 4882 4875
f 4850 4679 4749
f 4679 4850 4680
f 4890 4891 4888
f 4888 4889 4890
f 4893 4894 4892
f 4892 4889 4893
f 4894 4893 4895
f 4895 4896 4894
f 4895 4898 4897
f 4897 4896 4895
f 4899 4900 4898
f 4898 4895 4899
f 4902 4900 4899
f 4899 4901 4902
f 4904 4900 4902
f 4902 4903 4904
f 4904 4903 4737
f 4737 4735 4904
f 4906 4737 4903
f 4903 4905 4906
f 4905 4908 4907
f 4907 4906 4905
f 4902 4909 4905
f 4905 4903 4902
f 4908 4905 4909
f 4909 4910 4908
f 4907 4911 4753
f 4753 4752 4907
f 4908 4912 4911
f 4911 4907 4908
f 4906 4907 4752
f 4752 4734 4906
f 4734 4733 4737
f 4737 4906 4734
f 4913 4898 4900
f 4900 4904 4913
f 4898 4913 4914
f 4914 4897 4898
f 4915 4916 4897
f 4897 4914 4915
f 4918 4915 4914
f 4914 4917 4918
f 4917 4914 4913
f 4913 4736 4917
f 4921 4916 4919
f 4919 4920 4921
f 4916 4915 4922
f 4922 4919 4916
f 4896 4897 4916
f 4916 4921 4896
f 4904 4735 4736
f 4736 4913 4904
f 4909 4902 4901
f 4901 4923 4909
f 4924 4925 4901
f 4901 4899 4924
f 4924 4893 4889
f 4889 4888 4924
f 4925 4924 4888
f 4888 4926 4925
f 4891 4927 4926
f 4926 4888 4891
f 4929 4925 4926
f 4926 4928 4929
f 4930 4928 4926
f 4926 4927 4930
f 4899 4895 4893
f 4893 4924 4899
f 4925 4929 4923
f 4923 4901 4925
f 4910 4909 4923
f 4923 4931 4910
f 4934 4931 4932
f 4932 4933 4934
f 4935 4936 4934
f 4934 4933 4935
f 4938 4935 4933
f 4933 4937 4938
f 4932 4939 4937
f 4937 4933 4932
f 4929 4932 4931
f 4931 4923 4929
f 4931 4934 4940
f 4940 4910 4931
f 4934 4936 4941
f 4941 4940 4934
f 4912 4908 4910
f 4910 4940 4912
f 4942 4912 4940
f 4940 4941 4942
f 4921 4943 4894
f 4894 4896 4921
f 4943 4946 4944
f 4944 4945 4943
f 4946 4948 4947
f 4947 4944 4946
f 4949 4950 4945
f 4945 4944 4949
f 4952 4953 4949
f 4949 4951 4952
f 4955 4952 4954
f 4952 4955 4953
f 4806 4955 4956
f 4955 4806 4807
f 4957 4955 4954
f 4955 4957 4956
f 4814 4956 4958
f 4956 4814 4806
f 4959 4956 4957
f 4956 4959 4958
f 4807 4953 4955
f 4953 4807 4809
f 4950 4949 4953
f 4953 4809 4950
f 4960 4954 4952
f 4954 4960 4957
f 4957 4961 4959
f 4961 4957 4960
f 4959 4963 4962
f 4963 4959 4961
f 4964 4965 4963
f 4963 4961 4964
f 4964 4960 4966
f 4960 4964 4961
f 4960 4952 4951
f 4951 4966 4960
f 4966 4951 4947
f 4947 4967 4966
f 4944 4947 4951
f 4951 4949 4944
f 4950 4968 4892
f 4892 4945 4950
f 4889 4892 4968
f 4968 4890 4889
f 4894 4943 4945
f 4945 4892 4894
f 4968 4810 4890
f 4810 4968 4808
f 4809 4808 4968
f 4968 4950 4809
f 4969 4967 4947
f 4947 4948 4969
f 4967 4969 4970
f 4970 4971 4967
f 4973 4974 4970
f 4970 4972 4973
f 4974 4973 4975
f 4975 4976 4974
f 4977 4978 4974
f 4974 4976 4977
f 4979 4980 4977
f 4977 4976 4979
f 4976 4975 4981
f 4981 4979 4976
f 4983 4975 4973
f 4973 4982 4983
f 4982 4922 4984
f 4984 4983 4982
f 4985 4981 4975
f 4975 4983 4985
f 4986 4985 4983
f 4983 4984 4986
f 4982 4973 4972
f 4972 4987 4982
f 4919 4987 4988
f 4988 4920 4919
f 4987 4972 4989
f 4989 4988 4987
f 4922 4982 4987
f 4987 4919 4922
f 4972 4970 4969
f 4969 4989 4972
f 4978 4971 4970
f 4970 4974 4978
f 4971 4978 4965
f 4965 4964 4971
f 4967 4971 4964
f 4964 4966 4967
f 4948 4988 4989
f 4989 4969 4948
f 4920 4988 4948
f 4948 4946 4920
f 4943 4921 4920
f 4920 4946 4943
f 4990 4794 4891
f 4891 4890 4990
f 4990 4991 4791
f 4791 4794 4990
f 4990 4810 4991
f 4810 4990 4890
f 4792 4791 4991
f 4991 4798 4792
f 4991 4803 4798
f 4803 4991 4810
f 4994 4995 4992
f 4992 4993 4994
f 4994 4998 4996
f 4996 4997 4994
f 4998 5000 4999
f 4999 4996 4998
f 4997 4996 4292
f 4292 4291 4997
f 4995 4994 4997
f 4997 5001 4995
f 4264 5002 5001
f 5001 4263 4264
f 4995 5002 5003
f 4995 5005 5004
f 5005 4995 5003
f 5005 5008 5006
f 5008 5005 5007
f 5008 5007 5009
f 5009 5010 5008
f 5006 5012 5011
f 5012 5006 5008
f 5010 5013 5012
f 5012 5008 5010
f 5016 5009 5014
f 5014 5015 5016
f 5007 5017 5014
f 5014 5009 5007
f 5010 5009 5016
f 5016 5018 5010
f 5007 5003 5017
f 5003 5007 5005
f 5004 5006 5019
f 5006 5004 5005
f 4992 5004 5020
f 5004 4992 4995
f 5021 5022 4993
f 4993 4992 5021
f 5020 5021 4992
f 5021 5020 5023
f 5020 5019 5024
f 5019 5020 5004
f 5019 5011 5025
f 5011 5019 5006
f 5024 5025 5026
f 5025 5024 5019
f 5017 5002 5027
f 5002 5017 5003
f 4265 5027 5002
f 5002 4264 4265
f 5028 5014 5017
f 5017 5027 5028
f 5015 5014 5028
f 5028 5029 5015
f 5031 5032 5030
f 5030 5029 5031
f 4267 5031 5029
f 5029 5028 4267
f 5033 5015 5029
f 5029 5030 5033
f 4267 5028 5027
f 5027 4265 4267
f 5001 4997 4291
f 4291 4263 5001
f 4996 4999 5034
f 5034 4292 4996
f 4999 5036 5035
f 5035 5034 4999
f 4292 5034 4295
f 4295 4290 4292
f 5034 5035 5037
f 5037 4295 5034
f 5039 5035 5036
f 5036 5038 5039
f 5038 5041 5040
f 5040 5039 5038
f 5043 5040 5041
f 5041 5042 5043
f 5045 5046 5044
f 5046 5045 5043
f 5045 5047 5040
f 5040 5043 5045
f 5047 5045 4308
f 4308 5048 5047
f 4306 5045 5044
f 5045 4306 4308
f 5044 5050 5049
f 5050 5044 5046
f 5046 5052 5050
f 5052 5046 5051
f 5042 5051 5046
f 5046 5043 5042
f 5042 5041 5053
f 5053 5054 5042
f 5055 5056 5054
f 5054 5053 5055
f 5056 5055 5057
f 5057 5058 5056
f 5057 5055 5059
f 5059 5060 5057
f 5059 5055 5053
f 5053 5061 5059
f 5054 5062 5051
f 5051 5042 5054
f 5056 5063 5062
f 5062 5054 5056
f 5061 5053 5041
f 5041 5038 5061
f 5035 5039 5064
f 5064 5037 5035
f 4295 5037 5065
f 5065 4294 4295
f 5067 5065 5066
f 5066 5048 5067
f 5037 5064 5066
f 5066 5065 5037
f 5065 5067 4293
f 4293 4294 5065
f 5047 5064 5039
f 5039 5040 5047
f 5068 5061 5038
f 5038 5036 5068
f 5069 5059 5061
f 5061 5068 5069
f 5059 5069 5070
f 5070 5060 5059
f 5071 5072 5070
f 5070 5069 5071
f 5070 5074 5060
f 5074 5070 5073
f 5072 5073 5070
f 5073 5072 5075
f 5071 5069 5068
f 5068 5000 5071
f 5000 5068 5036
f 5036 4999 5000
f 5076 5071 5000
f 5000 4998 5076
f 4993 5076 4998
f 4998 4994 4993
f 5079 5080 5077
f 5077 5078 5079
f 5081 5082 5080
f 5080 5079 5081
f 5081 5079 5083
f 5083 5084 5081
f 5086 5087 5084
f 5084 5085 5086
f 5086 5089 5088
f 5089 5086 5085
f 5085 5091 5089
f 5091 5085 5090
f 5092 5093 5091
f 5091 5090 5092
f 5094 5095 5093
f 5093 5092 5094
f 5095 5094 5096
f 5096 5097 5095
f 5097 5099 5098
f 5098 5095 5097
f 5093 5098 5100
f 5098 5093 5095
f 5102 5099 5101
f 5099 5102 5103
f 5104 5101 5099
f 5099 5097 5104
f 5098 5103 5105
f 5103 5098 5099
f 5104 5097 5096
f 5096 5106 5104
f 5106 5108 5107
f 5107 5104 5106
f 5109 5110 5108
f 5108 5106 5109
f 5106 5096 5111
f 5111 5109 5106
f 5112 5111 5096
f 5096 5094 5112
f 5113 5112 5094
f 5094 5092 5113
f 5113 5083 5079
f 5079 5078 5113
f 5092 5090 5083
f 5083 5113 5092
f 5112 5113 5078
f 5078 5114 5112
f 5114 5115 5111
f 5111 5112 5114
f 5117 5118 5116
f 5116 5115 5117
f 5119 5117 5115
f 5115 5114 5119
f 5115 5116 5109
f 5109 5111 5115
f 5089 5121 5120
f 5121 5089 5091
f 5100 5091 5093
f 5091 5100 5121
f 5120 5123 5122
f 5123 5120 5121
f 5088 5120 5124
f 5120 5088 5089
f 5126 5088 5125
f 5088 5126 5086
f 5125 5124 5127
f 5124 5125 5088
f 5124 5122 5128
f 5122 5124 5120
f 5129 5128 5122
f 5128 5129 5130
f 5122 5131 5129
f 5131 5122 5123
f 5121 5132 5123
f 5132 5121 5100
f 5133 5123 5132
f 5123 5133 5131
f 5131 5135 5134
f 5135 5131 5133
f 5133 5137 5135
f 5137 5133 5136
f 5136 5132 5105
f 5132 5136 5133
f 5105 5100 5098
f 5100 5105 5132
f 5084 5083 5090
f 5090 5085 5084
f 5138 5086 5126
f 5086 5138 5087
f 5087 5139 5081
f 5081 5084 5087
f 5082 5081 5139
f 5139 5140 5082
f 5140 5142 5141
f 5141 5082 5140
f 5143 5080 5082
f 5082 5141 5143
f 5141 5145 5144
f 5144 5143 5141
f 5145 5141 5142
f 5142 5146 5145
f 5148 5149 5144
f 5144 5147 5148
f 5145 5150 5147
f 5147 5144 5145
f 5149 5151 5143
f 5143 5144 5149
f 5080 5143 5151
f 5151 5077 5080
f 5152 5153 5077
f 5077 5151 5152
f 5077 5153 5154
f 5154 5078 5077
f 5155 5156 5142
f 5142 5140 5155
f 5156 5155 5157
f 5157 5158 5156
f 5160 5161 5159
f 5159 5158 5160
f 5162 5163 5161
f 5161 5160 5162
f 5160 5164 3436
f 3436 5162 5160
f 5158 5157 5164
f 5164 5160 5158
f 5158 5159 5165
f 5165 5156 5158
f 5167 5165 5159
f 5159 5166 5167
f 5166 5159 5161
f 5161 5168 5166
f 5155 5170 5169
f 5169 5157 5155
f 5138 5170 5139
f 5139 5087 5138
f 5171 5169 5170
f 5170 5138 5171
f 5126 5171 5138
f 5171 5126 5172
f 5170 5155 5140
f 5140 5139 5170
f 5154 5119 5114
f 5114 5078 5154
f 5175 5176 5173
f 5173 5174 5175
f 5178 5179 5177
f 5177 5175 5178
f 5179 5178 5180
f 5180 5181 5179
f 5183 5177 5179
f 5179 5182 5183
f 5183 5182 5184
f 5184 5185 5183
f 5187 5183 5185
f 5185 5186 5187
f 5189 5190 5187
f 5187 5188 5189
f 5188 5192 5191
f 5191 5189 5188
f 5189 5191 5193
f 5193 5194 5189
f 5196 5193 5191
f 5191 5195 5196
f 5195 5198 5197
f 5197 5196 5195
f 5199 5200 5198
f 5198 5195 5199
f 5195 5191 5192
f 5192 5199 5195
f 5190 5189 5194
f 5194 5176 5190
f 5177 5183 5187
f 5187 5190 5177
f 5175 5177 5190
f 5190 5176 5175
f 5192 5188 5201
f 5201 5202 5192
f 5205 5202 5203
f 5203 5204 5205
f 5199 5192 5202
f 5202 5205 5199
f 5205 5206 5200
f 5200 5199 5205
f 5206 5205 5204
f 5204 5207 5206
f 5206 5209 5208
f 5208 5200 5206
f 5209 5206 5207
f 5207 5210 5209
f 5203 5211 5118
f 5118 5117 5203
f 5201 5186 5212
f 5212 5211 5201
f 5202 5201 5211
f 5211 5203 5202
f 5211 5212 5213
f 5213 5118 5211
f 5117 5119 5204
f 5204 5203 5117
f 5186 5201 5188
f 5188 5187 5186
f 5214 5215 5185
f 5185 5184 5214
f 5184 5217 5216
f 5216 5214 5184
f 5182 5218 5217
f 5217 5184 5182
f 5220 5217 5218
f 5218 5219 5220
f 5222 5223 5220
f 5220 5221 5222
f 5219 5224 5221
f 5221 5220 5219
f 5217 5220 5223
f 5223 5216 5217
f 5225 5219 5218
f 5218 5181 5225
f 5181 5180 5226
f 5226 5225 5181
f 5181 5218 5182
f 5182 5179 5181
f 5215 5214 5227
f 5227 5228 5215
f 5212 5215 5228
f 5228 5213 5212
f 5186 5185 5215
f 5215 5212 5186
f 5229 5230 5213
f 5213 5228 5229
f 5230 5229 5231
f 5231 5110 5230
f 5116 5230 5110
f 5110 5109 5116
f 5118 5213 5230
f 5230 5116 5118
f 5231 5234 5232
f 5232 5233 5231
f 5234 5231 5229
f 5229 5235 5234
f 5110 5231 5233
f 5233 5108 5110
f 5235 5229 5228
f 5228 5227 5235
f 5236 5237 5235
f 5235 5227 5236
f 5238 5239 5236
f 5236 5227 5238
f 5214 5216 5238
f 5238 5227 5214
f 5178 5241 5240
f 5240 5180 5178
f 5241 5243 5242
f 5242 5240 5241
f 5174 5173 5243
f 5243 5241 5174
f 5178 5175 5174
f 5174 5241 5178
f 5247 5240 5242
f 5242 5244 5247
f 5240 5247 5226
f 5226 5180 5240
f 5249 5226 5247
f 5247 5248 5249
f 5245 5246 5250
f 5250 5248 5245
f 5247 5244 5245
f 5245 5248 5247
f 5251 5249 5248
f 5248 5250 5251
f 5254 4655 5252
f 5252 5253 5254
f 5255 4652 4655
f 4655 5254 5255
f 4652 5255 4649
f 4649 4644 4652
f 4649 5255 5256
f 5256 5257 4649
f 4646 4649 5257
f 5257 5258 4646
f 5259 5258 3447
f 3447 3443 5259
f 3443 5260 5259
f 5260 3443 3442
f 5259 5261 4647
f 5261 5259 5260
f 5260 5263 5261
f 5263 5260 5262
f 5262 3313 5263
f 3313 5262 3311
f 5264 5261 5263
f 5261 5264 5265
f 5265 4647 5261
f 4647 5265 4648
f 4657 4650 4648
f 4648 5265 4657
f 5266 5265 5264
f 5265 5266 4657
f 3317 5263 3313
f 5263 3317 5264
f 3444 3311 5262
f 3311 3444 3312
f 5262 3442 3444
f 3442 5262 5260
f 4647 4646 5258
f 5258 5259 4647
f 5258 5257 3448
f 3448 3447 5258
f 5257 5256 5267
f 5267 3448 5257
f 5269 5267 5256
f 5256 5268 5269
f 5271 5269 5268
f 5268 5270 5271
f 5270 5268 5254
f 5254 5253 5270
f 5268 5256 5255
f 5255 5254 5268
f 5270 5273 5272
f 5272 5271 5270
f 5273 5275 5274
f 5274 5272 5273
f 5276 5277 5274
f 5274 5275 5276
f 5278 5279 5277
f 5277 5276 5278
f 5281 5278 5276
f 5276 5280 5281
f 5278 5283 5282
f 5282 5279 5278
f 5283 5278 5281
f 5281 5284 5283
f 5274 5277 5285
f 5285 5272 5274
f 5286 5285 5277
f 5277 5279 5286
f 5280 5276 5275
f 5275 5287 5280
f 5288 5289 5280
f 5280 5287 5288
f 5291 5288 5287
f 5287 5290 5291
f 5290 5287 5275
f 5275 5273 5290
f 5290 5273 5270
f 5270 5253 5290
f 5292 5293 5269
f 5269 5271 5292
f 5293 5292 5294
f 5294 5295 5293
f 5295 3438 5296
f 5296 5293 5295
f 5293 5296 5267
f 5267 5269 5293
f 5297 3435 3438
f 3438 5295 5297
f 5298 5297 5295
f 5295 5294 5298
f 5162 3436 3435
f 3435 5297 5162
f 5297 5298 5163
f 5163 5162 5297
f 5286 5294 5292
f 5292 5285 5286
f 5272 5285 5292
f 5292 5271 5272
f 5252 5301 5299
f 5299 5300 5252
f 5252 5300 5302
f 5302 5253 5252
f 5291 5302 5303
f 5303 5304 5291
f 5305 5306 5304
f 5304 5303 5305
f 5306 5305 5307
f 5307 5308 5306
f 5310 5306 5308
f 5308 5309 5310
f 5310 5313 5311
f 5311 5312 5310
f 5312 5311 5289
f 5289 5288 5312
f 5311 5313 5314
f 5314 5315 5311
f 5313 5317 5316
f 5316 5314 5313
f 5310 5309 5317
f 5317 5313 5310
f 5311 5315 5318
f 5318 5289 5311
f 5318 5315 5319
f 5319 5320 5318
f 5315 5314 5321
f 5321 5319 5315
f 5306 5310 5312
f 5312 5304 5306
f 5288 5291 5304
f 5304 5312 5288
f 5322 5323 5309
f 5309 5308 5322
f 5326 5322 5324
f 5324 5325 5326
f 5325 5324 5327
f 5327 5328 5325
f 5330 5331 5329
f 5329 5328 5330
f 5332 5333 5331
f 5331 5330 5332
f 5335 5332 5330
f 5330 5334 5335
f 5328 5327 5334
f 5334 5330 5328
f 5328 5329 5336
f 5336 5325 5328
f 5324 5322 5308
f 5308 5307 5324
f 5307 5337 5327
f 5327 5324 5307
f 5305 5338 5337
f 5337 5307 5305
f 5326 5325 5336
f 5336 5339 5326
f 5339 5341 5340
f 5340 5326 5339
f 5322 5326 5340
f 5340 5323 5322
f 5340 5341 5342
f 5342 5343 5340
f 5338 5305 5303
f 5303 5344 5338
f 5346 5338 5344
f 5344 5345 5346
f 5345 5348 5347
f 5347 5346 5345
f 4623 4622 5347
f 5347 5348 4623
f 4622 4624 5349
f 5349 5347 4622
f 5335 5349 4624
f 4624 5350 5335
f 5346 5347 5349
f 5349 5351 5346
f 5349 5335 5334
f 5334 5351 5349
f 4631 4623 5348
f 5348 4634 4631
f 5299 4634 5348
f 5348 5345 5299
f 4634 5299 5301
f 5301 4633 4634
f 4654 4636 4633
f 4633 5301 4654
f 4655 4654 5301
f 5301 5252 4655
f 5300 5299 5345
f 5345 5344 5300
f 5302 5300 5344
f 5344 5303 5302
f 5302 5291 5290
f 5290 5253 5302
f 5354 5355 5352
f 5352 5353 5354
f 5355 5354 5356
f 5356 5357 5355
f 5355 5359 5358
f 5358 5352 5355
f 5361 5362 5360
f 5360 5359 5361
f 5362 5361 5363
f 5363 5364 5362
f 5367 5364 5365
f 5365 5366 5367
f 5369 5370 5368
f 5368 5366 5369
f 5371 5372 5370
f 5370 5369 5371
f 5372 5371 5373
f 5373 5374 5372
f 5376 5372 5374
f 5374 5375 5376
f 5376 5379 5377
f 5377 5378 5376
f 5375 5380 5379
f 5379 5376 5375
f 5378 5370 5372
f 5372 5376 5378
f 5381 5382 5375
f 5375 5374 5381
f 5374 5373 5383
f 5383 5381 5374
f 5371 5385 5384
f 5384 5373 5371
f 5369 5386 5385
f 5385 5371 5369
f 5365 5388 5387
f 5387 5386 5365
f 5366 5365 5386
f 5386 5369 5366
f 5389 5385 5386
f 5386 5387 5389
f 5390 5384 5385
f 5385 5389 5390
f 5391 5392 5384
f 5384 5390 5391
f 5394 5391 5390
f 5390 5393 5394
f 5389 5395 5393
f 5393 5390 5389
f 5396 5367 5366
f 5366 5368 5396
f 5367 5396 5397
f 5397 5398 5367
f 5398 5362 5364
f 5364 5367 5398
f 5362 5398 5399
f 5399 5360 5362
f 5398 5397 5400
f 5400 5399 5398
f 5402 5397 5396
f 5396 5401 5402
f 5403 5400 5397
f 5397 5402 5403
f 5401 5396 5368
f 5368 5404 5401
f 5406 5401 5404
f 5404 5405 5406
f 5377 5408 5407
f 5407 5405 5377
f 5378 5377 5405
f 5405 5404 5378
f 5405 5407 5409
f 5409 5406 5405
f 5404 5368 5370
f 5370 5378 5404
f 5388 5365 5364
f 5364 5363 5388
f 5363 5411 5410
f 5410 5388 5363
f 5412 5411 5357
f 5357 5356 5412
f 5414 5412 5356
f 5356 5413 5414
f 5412 5414 5415
f 5415 5416 5412
f 5416 5415 5417
f 5417 5418 5416
f 5416 5410 5411
f 5411 5412 5416
f 5410 5416 5418
f 5418 5419 5410
f 5414 5421 5420
f 5420 5415 5414
f 5413 5422 5421
f 5421 5414 5413
f 5421 5424 5423
f 5423 5420 5421
f 5422 5425 5424
f 5424 5421 5422
f 5354 5426 5413
f 5413 5356 5354
f 5429 5426 5427
f 5427 5428 5429
f 5426 5354 5353
f 5353 5427 5426
f 5426 5429 5422
f 5422 5413 5426
f 5361 5357 5411
f 5411 5363 5361
f 5359 5355 5357
f 5357 5361 5359
f 5430 5358 5359
f 5359 5360 5430
f 5358 5430 5431
f 5431 5432 5358
f 5432 5433 5352
f 5352 5358 5432
f 5434 5435 5433
f 5433 5432 5434
f 5435 5434 5436
f 5436 5437 5435
f 5439 5433 5435
f 5435 5438 5439
f 5438 5441 5440
f 5440 5439 5438
f 5442 5443 5441
f 5441 5438 5442
f 5437 5442 5438
f 5438 5435 5437
f 5445 5446 5440
f 5440 5444 5445
f 5444 5440 5441
f 5441 5447 5444
f 5439 5440 5446
f 5446 5448 5439
f 5433 5439 5448
f 5448 5352 5433
f 5436 5451 5449
f 5449 5450 5436
f 5451 5436 5434
f 5434 5452 5451
f 5454 5451 5452
f 5452 5453 5454
f 5431 5455 5453
f 5453 5452 5431
f 5432 5431 5452
f 5452 5434 5432
f 5456 5449 5451
f 5451 5454 5456
f 5457 5458 5449
f 5449 5456 5457
f 5456 5460 5459
f 5459 5457 5456
f 5460 5456 5454
f 5454 5461 5460
f 5463 5464 5462
f 5462 5450 5463
f 5463 5458 5465
f 5465 5466 5463
f 5450 5449 5458
f 5458 5463 5450
f 5464 5463 5466
f 5466 5467 5464
f 5462 5468 5442
f 5442 5437 5462
f 5464 5469 5468
f 5468 5462 5464
f 5437 5436 5450
f 5450 5462 5437
f 5430 5470 5455
f 5455 5431 5430
f 5471 5470 5399
f 5399 5400 5471
f 5471 5474 5472
f 5472 5473 5471
f 5470 5471 5473
f 5473 5455 5470
f 5455 5473 5475
f 5475 5453 5455
f 5473 5472 5476
f 5476 5475 5473
f 5476 5472 5477
f 5477 5478 5476
f 5478 5477 5479
f 5479 5480 5478
f 5482 5476 5478
f 5478 5481 5482
f 5481 5478 5480
f 5480 5483 5481
f 5472 5474 5484
f 5484 5477 5472
f 5403 5485 5484
f 5484 5474 5403
f 5400 5403 5474
f 5474 5471 5400
f 5461 5454 5453
f 5453 5475 5461
f 5475 5476 5482
f 5482 5461 5475
f 5360 5399 5470
f 5470 5430 5360
f 5448 5486 5353
f 5353 5352 5448
f 5427 5353 5486
f 5486 5487 5427
f 5487 5488 5428
f 5428 5427 5487
f 5488 5490 5489
f 5489 5428 5488
f 5490 5492 5491
f 5491 5489 5490
f 5489 5491 5493
f 5493 5494 5489
f 5491 5496 5495
f 5495 5493 5491
f 5492 5497 5496
f 5496 5491 5492
f 5497 5492 5498
f 5498 5499 5497
f 5497 5501 5500
f 5500 5496 5497
f 5501 5503 5502
f 5502 5500 5501
f 5504 5505 5503
f 5503 5501 5504
f 5499 5504 5501
f 5501 5497 5499
f 5506 5498 5492
f 5492 5490 5506
f 5507 5506 5490
f 5490 5488 5507
f 5508 5509 5498
f 5498 5506 5508
f 5510 5508 5506
f 5506 5507 5510
f 5509 4473 5499
f 5499 5498 5509
f 5511 5495 5496
f 5496 5500 5511
f 5495 5511 5512
f 5512 5513 5495
f 5493 5495 5513
f 5513 5514 5493
f 5515 5424 5425
f 5425 5514 5515
f 5514 5513 5516
f 5516 5515 5514
f 5494 5493 5514
f 5514 5425 5494
f 5513 5512 5517
f 5517 5516 5513
f 5512 5519 5518
f 5518 5517 5512
f 5511 5520 5519
f 5519 5512 5511
f 5520 5511 5500
f 5500 5502 5520
f 5428 5489 5494
f 5494 5429 5428
f 5521 5507 5488
f 5488 5487 5521
f 5522 5510 5507
f 5507 5521 5522
f 5521 5524 5523
f 5523 5522 5521
f 5524 5521 5487
f 5487 5486 5524
f 5446 5445 5523
f 5523 5524 5446
f 5523 4596 5525
f 5525 5522 5523
f 5525 5526 5510
f 5510 5522 5525
f 5508 5510 5526
f 5526 5527 5508
f 4477 5527 5528
f 5528 4475 4477
f 5527 5526 5529
f 5529 5528 5527
f 5509 5508 5527
f 5527 4477 5509
f 5529 5526 5525
f 5525 5530 5529
f 5531 5529 5530
f 5530 4590 5531
f 4595 4588 4590
f 4590 5530 4595
f 4596 4595 5530
f 5530 5525 4596
f 5445 4593 4596
f 4596 5523 5445
f 5486 5448 5446
f 5446 5524 5486
f 4872 5533 5532
f 5532 4871 4872
f 5535 4872 5534
f 4872 5535 5533
f 5537 5534 5536
f 5534 5537 5535
f 5538 5533 5535
f 5533 5538 5539
f 5535 5540 5538
f 5540 5535 5537
f 4405 5537 5536
f 5536 5541 4405
f 5543 5536 5542
f 5536 5543 5541
f 5545 5542 5544
f 5542 5545 5543
f 5544 4865 4866
f 4865 5544 5542
f 5544 4360 5545
f 4360 5544 5546
f 4866 5546 5544
f 5546 4866 4868
f 4357 5546 4355
f 5546 4357 4360
f 4868 4355 5546
f 4355 4868 4356
f 4359 5545 4360
f 5545 4359 4375
f 4375 5543 5545
f 5543 4375 4374
f 5534 5542 5536
f 5542 5534 4865
f 4374 5541 5543
f 5541 4374 4403
f 4401 4405 5541
f 5541 4403 4401
f 5540 5537 4405
f 4405 4404 5540
f 5547 5538 5540
f 5538 5547 5548
f 4404 4407 5547
f 5547 5540 4404
f 5547 5549 5548
f 5549 5547 5023
f 5549 5552 5550
f 5552 5549 5551
f 5553 5555 5551
f 5555 5553 5554
f 5023 5551 5549
f 5551 5023 5553
f 5554 5024 5026
f 5024 5554 5553
f 5023 5024 5553
f 5024 5023 5020
f 5551 5556 5552
f 5556 5551 5555
f 5556 5558 5557
f 5558 5556 5555
f 5558 5554 5559
f 5554 5558 5555
f 5561 5550 5560
f 5550 5561 5562
f 5562 5563 5539
f 5563 5562 5561
f 5563 5561 5564
f 5564 5565 5563
f 5560 5564 5561
f 5564 5560 5566
f 5567 5550 5552
f 5550 5567 5560
f 5569 5570 5568
f 5570 5569 5567
f 5567 5556 5570
f 5556 5567 5552
f 5566 5567 5569
f 5567 5566 5560
f 5550 5548 5549
f 5548 5550 5562
f 5548 5539 5538
f 5539 5548 5562
f 4407 5023 5547
f 5023 4407 5021
f 4872 4865 5534
f 4865 4872 4863
f 5533 5539 5563
f 5563 5532 5533
f 4880 4870 4871
f 4871 5532 4880
f 5571 5572 4880
f 4880 5532 5571
f 5572 5571 5573
f 5573 5574 5572
f 4878 5572 5575
f 5572 4878 4880
f 5575 5574 5576
f 5574 5575 5572
f 5578 5574 5577
f 5574 5578 5576
f 5579 5576 5578
f 5576 5579 5580
f 5581 5580 5579
f 5580 5581 5582
f 5584 5582 5583
f 5582 5584 5580
f 5576 5584 5575
f 5584 5576 5580
f 4879 5575 5584
f 5575 4879 4878
f 4879 5583 5585
f 5583 4879 5584
f 5583 5587 5586
f 5587 5583 5582
f 5585 5586 5588
f 5586 5585 5583
f 5582 5589 5587
f 5589 5582 5581
f 5591 5579 5590
f 5579 5591 5581
f 5590 5593 5591
f 5593 5590 5592
f 5594 5592 5590
f 5592 5594 5595
f 5592 5597 5593
f 5597 5592 5596
f 5595 5596 5592
f 5596 5595 5598
f 5581 5599 5589
f 5599 5581 5591
f 5591 5600 5599
f 5600 5591 5593
f 5601 5589 5599
f 5589 5601 5602
f 5599 5603 5601
f 5603 5599 5600
f 5590 5578 5594
f 5578 5590 5579
f 5577 5594 5578
f 5594 5577 5604
f 5606 5607 5604
f 5604 5605 5606
f 5608 5609 5607
f 5607 5606 5608
f 5608 5606 5610
f 5610 5611 5608
f 5608 5611 5612
f 5612 5613 5608
f 5032 5613 5612
f 5612 5030 5032
f 5609 5608 5613
f 5613 5614 5609
f 5615 5614 5613
f 5613 5032 5615
f 5617 5612 5611
f 5611 5616 5617
f 5620 5616 5618
f 5618 5619 5620
f 5610 5618 5616
f 5616 5611 5610
f 5616 5620 5621
f 5621 5617 5616
f 5604 5595 5594
f 5595 5604 5607
f 5607 5598 5595
f 5598 5607 5609
f 5610 5606 5605
f 5605 5622 5610
f 5605 5604 5577
f 5577 5623 5605
f 5623 5577 5574
f 5574 5573 5623
f 5622 5605 5623
f 5623 5624 5622
f 5573 5625 5624
f 5624 5623 5573
f 5625 5573 5571
f 5571 5565 5625
f 5565 5571 5532
f 5532 5563 5565
f 4554 5626 4546
f 4546 4548 4554
f 5627 4547 4546
f 4546 5626 5627
f 5629 4630 5627
f 5627 5628 5629
f 5630 5628 5627
f 5627 5626 5630
f 5631 5632 5630
f 5630 5626 5631
f 5632 5634 5633
f 5633 5630 5632
f 5634 5636 5635
f 5635 5633 5634
f 5635 5636 5637
f 5637 5638 5635
f 5635 5640 5639
f 5639 5633 5635
f 5639 5640 5629
f 5629 5628 5639
f 5639 5628 5630
f 5630 5633 5639
f 5629 5640 5641
f 5641 5642 5629
f 4630 5629 5642
f 5642 4628 4630
f 5638 5641 5640
f 5640 5635 5638
f 5641 5638 5643
f 5643 5644 5641
f 5638 5637 5645
f 5645 5643 5638
f 4554 5649 5631
f 5631 5626 4554
f 4547 5627 4630
f 4630 4629 4547
f 5651 5653 5650
f 5653 5651 5652
f 5652 5656 5654
f 5656 5652 5655
f 5655 5651 5657
f 5651 5655 5652
f 5651 5659 5658
f 5658 5657 5651
f 5658 5659 5660
f 5660 5661 5658
f 5657 5658 5662
f 5662 5663 5657
f 5663 5662 5664
f 5664 5665 5663
f 5662 5667 5666
f 5666 5664 5662
f 5664 5666 5668
f 5668 5669 5664
f 5669 5668 2490
f 2490 2492 5669
f 5668 5670 2491
f 2491 2490 5668
f 5670 5668 5666
f 5666 5671 5670
f 5669 5672 5665
f 5665 5664 5669
f 5672 5669 2492
f 2492 5673 5672
f 5675 5665 5672
f 5672 5674 5675
f 5673 5676 5674
f 5674 5672 5673
f 5678 5667 5661
f 5661 5677 5678
f 5671 5666 5667
f 5667 5678 5671
f 5678 5680 5679
f 5679 5671 5678
f 5680 5682 5681
f 5681 5679 5680
f 5683 5684 5682
f 5682 5680 5683
f 5677 5683 5680
f 5680 5678 5677
f 5667 5662 5658
f 5658 5661 5667
f 5685 5677 5661
f 5661 5660 5685
f 5660 5687 5686
f 5686 5685 5660
f 5687 5660 5659
f 5659 5688 5687
f 5655 5657 5663
f 5663 5689 5655
f 5689 5690 5656
f 5656 5655 5689
f 5692 5656 5690
f 5690 5691 5692
f 5691 5690 5693
f 5693 5694 5691
f 5696 5691 5694
f 5694 5695 5696
f 5695 5694 5697
f 5697 5698 5695
f 5694 5693 5699
f 5699 5697 5694
f 5700 5692 5691
f 5691 5696 5700
f 5702 5700 5701
f 5700 5702 5692
f 5700 5704 5703
f 5703 5701 5700
f 5704 5700 5696
f 5696 5705 5704
f 5654 5692 5702
f 5692 5654 5656
f 5707 5702 5706
f 5702 5707 5654
f 5653 5654 5707
f 5654 5653 5652
f 5675 5693 5690
f 5690 5689 5675
f 5665 5675 5689
f 5689 5663 5665
f 5650 5659 5651
f 5659 5650 5688
f 5650 5709 5688
f 5709 5650 5708
f 5709 5711 5710
f 5711 5709 5708
f 5710 5713 5712
f 5713 5710 5711
f 5714 5712 5713
f 5712 5714 5715
f 5717 5718 5716
f 5718 5717 5715
f 5717 5721 5719
f 5721 5717 5720
f 5720 5716 5722
f 5716 5720 5717
f 5719 5715 5717
f 5715 5719 5712
f 5716 5724 5723
f 5724 5716 5718
f 5726 5718 5725
f 5718 5726 5724
f 5715 5725 5718
f 5725 5715 5714
f 5727 5714 5713
f 5714 5727 5728
f 5728 5730 5729
f 5730 5728 5727
f 5729 5732 5731
f 5732 5729 5730
f 5730 5734 5732
f 5734 5730 5733
f 5735 5730 5727
f 5730 5735 5733
f 5714 5736 5725
f 5736 5714 5728
f 5736 5729 5737
f 5729 5736 5728
f 5735 5713 5711
f 5713 5735 5727
f 5710 5739 5709
f 5739 5710 5738
f 5741 5738 5740
f 5738 5741 5739
f 5709 5687 5688
f 5687 5709 5739
f 5739 5686 5687
f 5686 5739 5741
f 5743 5721 5742
f 5721 5743 5740
f 5719 5740 5738
f 5740 5719 5721
f 5744 5740 5743
f 5740 5744 5741
f 5738 5712 5719
f 5712 5738 5710
f 5708 5735 5711
f 5735 5708 5745
f 5653 5708 5650
f 5708 5653 5745
f 5653 5735 5745
f 5735 5653 5746
f 5653 5747 5746
f 5747 5653 5707
f 5735 5747 5733
f 5747 5735 5746
f 5733 5748 5734
f 5748 5733 5747
f 5747 5706 5748
f 5706 5747 5707
f 5751 5752 5749
f 5749 5750 5751
f 5753 5754 5750
f 5750 5749 5753
f 5754 5753 5755
f 5755 5756 5754
f 5754 5758 5757
f 5757 5750 5754
f 5760 5757 5758
f 5758 5759 5760
f 5762 5760 5759
f 5759 5761 5762
f 5763 5764 5760
f 5760 5762 5763
f 5763 5766 5765
f 5766 5763 5762
f 5762 5767 5766
f 5767 5762 5761
f 5761 5769 5767
f 5769 5761 5768
f 5768 5771 5769
f 5771 5768 5770
f 5773 5770 5768
f 5768 5772 5773
f 5772 5768 5761
f 5761 5759 5772
f 5766 5775 5774
f 5775 5766 5767
f 5767 5776 5775
f 5776 5767 5769
f 5774 5765 5766
f 5765 5774 5777
f 5779 5777 5778
f 5777 5779 5765
f 5765 5780 5763
f 5780 5765 5779
f 5782 5778 5781
f 5778 5782 5783
f 5784 5778 5777
f 5778 5784 5781
f 5783 5779 5778
f 5779 5783 5785
f 5786 5777 5774
f 5777 5786 5784
f 5786 5789 5787
f 5789 5786 5788
f 5788 5774 5775
f 5774 5788 5786
f 5787 5784 5786
f 5784 5787 5790
f 5764 5763 5780
f 5780 5791 5764
f 5791 5793 5792
f 5792 5764 5791
f 5793 5791 5794
f 5794 5795 5793
f 5797 5793 5795
f 5795 5796 5797
f 5798 5794 5791
f 5791 5780 5798
f 5798 5779 5785
f 5779 5798 5780
f 5757 5760 5764
f 5764 5792 5757
f 5750 5757 5792
f 5792 5751 5750
f 5751 5792 5793
f 5793 5797 5751
f 5799 5772 5759
f 5759 5758 5799
f 5756 5799 5758
f 5758 5754 5756
f 5800 5801 5799
f 5799 5756 5800
f 5802 5803 5801
f 5801 5800 5802
f 5802 5805 5803
f 5805 5802 5804
f 5804 5807 5805
f 5807 5804 5806
f 5806 5809 5808
f 5809 5806 5804
f 5804 5810 5809
f 5810 5804 5802
f 5801 5811 5773
f 5811 5801 5803
f 5803 5812 5811
f 5812 5803 5805
f 5810 5802 5800
f 5800 5813 5810
f 5813 5815 5814
f 5814 5810 5813
f 5815 5813 5755
f 5755 5816 5815
f 5813 5800 5756
f 5756 5755 5813
f 5801 5773 5772
f 5772 5799 5801
f 5817 5755 5753
f 5753 5749 5817
f 5818 5819 5817
f 5817 5749 5818
f 5819 5818 5820
f 5820 5821 5819
f 5819 5823 5822
f 5822 5817 5819
f 5823 5825 5824
f 5824 5822 5823
f 5825 5827 5826
f 5826 5824 5825
f 5829 5826 5827
f 5827 5828 5829
f 5831 5832 5830
f 5830 5829 5831
f 5832 5831 5833
f 5833 5834 5832
f 5836 5833 5831
f 5831 5835 5836
f 5829 5828 5835
f 5835 5831 5829
f 5838 5830 5832
f 5832 5837 5838
f 5830 5839 5826
f 5826 5829 5830
f 5830 5838 5840
f 5840 5839 5830
f 5841 5842 5828
f 5828 5827 5841
f 5843 5841 5827
f 5827 5825 5843
f 5483 5480 5841
f 5841 5843 5483
f 5845 5483 5843
f 5843 5844 5845
f 5844 5843 5825
f 5825 5823 5844
f 5480 5479 5842
f 5842 5841 5480
f 5846 5835 5828
f 5828 5842 5846
f 5842 5479 5847
f 5847 5846 5842
f 5839 5848 5824
f 5824 5826 5839
f 5816 5848 5849
f 5849 5815 5816
f 5850 5814 5815
f 5815 5849 5850
f 5849 5840 5851
f 5851 5850 5849
f 5848 5839 5840
f 5840 5849 5848
f 5822 5824 5848
f 5848 5816 5822
f 5817 5822 5816
f 5816 5755 5817
f 5821 5844 5823
f 5823 5819 5821
f 5844 5821 5852
f 5852 5845 5844
f 5821 5820 5853
f 5853 5852 5821
f 5855 5853 5820
f 5820 5854 5855
f 5855 5854 5856
f 5856 5857 5855
f 5859 5856 5854
f 5854 5858 5859
f 5820 5818 5858
f 5858 5854 5820
f 5860 5861 5852
f 5852 5853 5860
f 5855 5862 5860
f 5860 5853 5855
f 5845 5852 5861
f 5861 5863 5845
f 5864 5482 5481
f 5481 5863 5864
f 5461 5482 5864
f 5864 5460 5461
f 5460 5864 5865
f 5865 5459 5460
f 5861 5865 5864
f 5864 5863 5861
f 5483 5845 5863
f 5863 5481 5483
f 5752 5858 5818
f 5818 5749 5752
f 5866 5859 5858
f 5858 5752 5866
f 5752 5751 5797
f 5797 5866 5752
f 5867 5868 5859
f 5859 5866 5867
f 5856 5859 5868
f 5868 5869 5856
f 5857 5856 5869
f 5869 5870 5857
f 5866 5797 5796
f 5796 5867 5866
f 5872 5874 5871
f 5874 5872 5873
f 5873 5877 5875
f 5877 5873 5876
f 5876 5879 5877
f 5879 5876 5878
f 5880 5879 5878
f 5879 5880 5881
f 5881 5883 5882
f 5883 5881 5880
f 5885 5883 5884
f 5883 5885 5886
f 5888 5889 5887
f 5889 5888 5886
f 5882 5886 5888
f 5886 5882 5883
f 5891 5888 5890
f 5888 5891 5882
f 5890 5887 5892
f 5887 5890 5888
f 5892 5894 5893
f 5894 5892 5887
f 5895 5887 5889
f 5887 5895 5894
f 5897 5890 5896
f 5890 5897 5891
f 5899 5896 5898
f 5896 5899 5897
f 5900 5891 5897
f 5891 5900 5901
f 5902 5897 5899
f 5897 5902 5900
f 5896 5892 5903
f 5892 5896 5890
f 5898 5903 5904
f 5903 5898 5896
f 5905 5904 5903
f 5904 5905 5906
f 5893 5903 5892
f 5903 5893 5905
f 5901 5882 5891
f 5882 5901 5881
f 5907 5881 5901
f 5881 5907 5879
f 5877 5907 5908
f 5907 5877 5879
f 5886 5909 5889
f 5909 5886 5885
f 5885 5911 5909
f 5911 5885 5910
f 5913 5910 5912
f 5910 5913 5911
f 5914 5909 5911
f 5909 5914 5915
f 5915 5889 5909
f 5889 5915 5895
f 5916 5895 5915
f 5895 5916 5917
f 5915 5918 5916
f 5918 5915 5914
f 5911 5919 5914
f 5919 5911 5913
f 5921 5913 5920
f 5913 5921 5919
f 5912 5920 5913
f 5920 5912 5922
f 5912 5924 5923
f 5924 5912 5910
f 5910 5884 5924
f 5884 5910 5885
f 5924 5926 5925
f 5926 5924 5884
f 5880 5884 5883
f 5884 5880 5926
f 5923 5925 5927
f 5925 5923 5924
f 5922 5923 5928
f 5923 5922 5912
f 5927 5928 5923
f 5928 5927 5929
f 5878 5926 5880
f 5926 5878 5930
f 5930 5925 5926
f 5925 5930 5931
f 5931 5927 5925
f 5927 5931 5932
f 5932 5929 5927
f 5929 5932 5933
f 5934 5933 5932
f 5933 5934 5935
f 5935 5937 5933
f 5937 5935 5936
f 5936 5939 5937
f 5939 5936 5938
f 5940 5938 5936
f 5938 5940 5941
f 5942 5936 5935
f 5936 5942 5940
f 5935 5943 5942
f 5943 5935 5934
f 5932 5944 5934
f 5944 5932 5931
f 5934 5945 5943
f 5945 5934 5944
f 5933 5946 5929
f 5946 5933 5937
f 5929 5947 5928
f 5947 5929 5946
f 5949 5946 5948
f 5946 5949 5947
f 5950 5928 5947
f 5928 5950 5922
f 5951 5947 5949
f 5947 5951 5950
f 5937 5948 5946
f 5948 5937 5939
f 5931 5952 5944
f 5952 5931 5930
f 5872 5944 5952
f 5944 5872 5945
f 5871 5945 5872
f 5945 5871 5953
f 5953 5955 5954
f 5955 5953 5871
f 5954 5957 5956
f 5957 5954 5955
f 5959 5955 5958
f 5955 5959 5957
f 5955 5874 5958
f 5874 5955 5871
f 5953 5943 5945
f 5943 5953 5960
f 5960 5954 5961
f 5954 5960 5953
f 5952 5873 5872
f 5873 5952 5876
f 5930 5876 5952
f 5876 5930 5878
f 5874 5875 5962
f 5875 5874 5873
f 5964 5965 5963
f 5965 5964 5962
f 5967 5964 5966
f 5964 5967 5968
f 5874 5964 5968
f 5964 5874 5962
f 5959 5874 5968
f 5874 5959 5958
f 5968 5969 5959
f 5969 5968 5967
f 5967 5971 5969
f 5971 5967 5970
f 5970 5973 5971
f 5973 5970 5972
f 5972 5975 5973
f 5975 5972 5974
f 5974 5977 5976
f 5977 5974 5972
f 5972 5978 5977
f 5978 5972 5970
f 5976 5980 5979
f 5980 5976 5977
f 5977 5981 5980
f 5981 5977 5978
f 5983 5974 5982
f 5974 5983 5975
f 5984 5975 5983
f 5975 5984 5985
f 5987 5983 5986
f 5983 5987 5984
f 5986 5982 5988
f 5982 5986 5983
f 5982 5976 5989
f 5976 5982 5974
f 5989 5988 5982
f 5988 5989 5990
f 5991 5990 5989
f 5990 5991 5992
f 5989 5979 5991
f 5979 5989 5976
f 5971 5994 5993
f 5994 5971 5973
f 5969 5993 5995
f 5993 5969 5971
f 5993 5997 5996
f 5997 5993 5994
f 5998 5994 5985
f 5994 5998 5997
f 5985 5973 5975
f 5973 5985 5994
f 5966 5970 5967
f 5970 5966 5978
f 5978 5999 5981
f 5999 5978 5966
f 6000 5981 5999
f 5981 6000 6001
f 6001 6003 6002
f 6003 6001 6000
f 6005 6000 6004
f 6000 6005 6003
f 5999 6004 6000
f 6004 5999 5963
f 5966 5963 5999
f 5963 5966 5964
f 6006 5963 5965
f 5963 6006 6004
f 5965 6008 6006
f 6008 5965 6007
f 6007 6009 6008
f 6009 6007 5908
f 6008 6011 6010
f 6011 6008 6009
f 6010 6006 6008
f 6006 6010 6012
f 6013 6012 6010
f 6012 6013 6014
f 6014 6005 6012
f 6005 6014 6015
f 6015 6017 6016
f 6017 6015 6014
f 6014 6018 6017
f 6018 6014 6013
f 6010 6019 6013
f 6019 6010 6011
f 6012 6004 6006
f 6004 6012 6005
f 6009 6021 6011
f 6021 6009 6020
f 6021 5900 5902
f 5900 6021 6020
f 6023 5902 6022
f 5902 6023 6021
f 6024 6026 6022
f 6026 6024 6025
f 6022 5899 6024
f 5899 6022 5902
f 6022 6027 6023
f 6027 6022 6026
f 6011 6023 6019
f 6023 6011 6021
f 5901 6020 5907
f 6020 5901 5900
f 5908 6020 6009
f 6020 5908 5907
f 5875 5908 6007
f 5908 5875 5877
f 5962 6007 5965
f 6007 5962 5875
f 6030 6031 6028
f 6028 6029 6030
f 6032 6033 6030
f 6030 6029 6032
f 6032 6035 6034
f 6034 6033 6032
f 6036 6037 5250
f 5250 5246 6036
f 5251 5250 6037
f 6037 6038 5251
f 6038 6040 6039
f 6039 5251 6038
f 6040 6038 6041
f 6041 6042 6040
f 6035 6041 6038
f 6038 6037 6035
f 6034 6035 6037
f 6037 6036 6034
f 6032 6029 6041
f 6041 6035 6032
f 6044 6045 6043
f 6043 6028 6044
f 6047 6045 6044
f 6044 6046 6047
f 6046 6049 6048
f 6048 6047 6046
f 6049 6051 6050
f 6050 6048 6049
f 6051 3860 3862
f 3862 6050 6051
f 6048 6050 6052
f 6052 6053 6048
f 6053 6054 6047
f 6047 6048 6053
f 6055 6056 6053
f 6053 6052 6055
f 6058 6055 6052
f 6052 6057 6058
f 3862 3861 6059
f 6059 6057 3862
f 6057 6052 6050
f 6050 3862 6057
f 6057 6059 6060
f 6060 6058 6057
f 6061 6062 6056
f 6056 6055 6061
f 6055 6058 6063
f 6063 6061 6055
f 6056 6064 6054
f 6054 6053 6056
f 6066 6067 6065
f 6065 6064 6066
f 6068 6069 6067
f 6067 6066 6068
f 6066 6062 6070
f 6070 6068 6066
f 6064 6056 6062
f 6062 6066 6064
f 6072 6073 6071
f 6071 6065 6072
f 6065 6067 6074
f 6074 6072 6065
f 6071 6054 6064
f 6064 6065 6071
f 6045 6047 6054
f 6054 6071 6045
f 6073 6043 6045
f 6045 6071 6073
f 6043 6073 6075
f 6075 6076 6043
f 6028 6043 6076
f 6076 6029 6028
f 6077 3864 3860
f 3860 6051 6077
f 6078 6077 6051
f 6051 6049 6078
f 6079 6078 6049
f 6049 6046 6079
f 6080 6079 6046
f 6046 6044 6080
f 6031 6080 6044
f 6044 6028 6031
f 6076 6042 6041
f 6041 6029 6076
f 165 71 78
f 71 165 68
f 164 68 165
f 68 164 69
f 162 166 157
f 166 162 207
f 6081 221 245
f 221 6081 219
f 219 6082 220
f 6082 219 6081
f 6082 6081 6083
f 6083 6084 6082
f 796 797 6084
f 6084 6083 796
f 6082 6086 6085
f 6086 6082 6084
f 6085 6088 6087
f 6088 6085 6086
f 6085 220 6082
f 220 6085 6089
f 6089 6087 6090
f 6087 6089 6085
f 6090 6092 6091
f 6092 6090 6087
f 227 6091 228
f 6091 227 6090
f 6093 228 6091
f 228 6093 6094
f 6093 6092 6095
f 6092 6093 6091
f 217 6090 227
f 6090 217 6089
f 6087 6096 6092
f 6096 6087 6088
f 6098 6086 6097
f 6086 6098 6088
f 6098 6096 6088
f 6096 6098 6099
f 6100 6099 6098
f 6099 6100 827
f 6097 6100 6098
f 6100 6097 798
f 215 6089 217
f 6089 215 220
f 6097 6084 797
f 6084 6097 6086
f 6083 253 254
f 254 796 6083
f 6081 245 253
f 253 6083 6081
f 87 241 85
f 241 87 236
f 85 6101 86
f 6101 85 241
f 6102 86 6101
f 86 6102 34
f 6101 6104 6102
f 6104 6101 6103
f 241 6103 6101
f 6103 241 237
f 6104 237 239
f 237 6104 6103
f 6102 28 27
f 28 6102 6104
f 6104 400 28
f 400 6104 239
f 27 34 6102
f 34 27 30
f 83 34 33
f 34 83 86
f 234 396 240
f 396 234 229
f 430 6105 436
f 6105 430 432
f 436 653 654
f 653 436 6105
f 6107 6105 6106
f 6105 6107 653
f 6106 6109 6107
f 6109 6106 6108
f 6111 6108 6110
f 6108 6111 6109
f 6107 6113 6112
f 6113 6107 6109
f 653 6112 652
f 6112 653 6107
f 652 648 645
f 648 652 6112
f 6112 6114 648
f 6114 6112 6113
f 6116 6113 6115
f 6113 6116 6114
f 6114 6118 6117
f 6118 6114 6116
f 6120 6116 6119
f 6116 6120 6118
f 6118 6122 6121
f 6122 6118 6120
f 6117 6121 6123
f 6121 6117 6118
f 6119 6125 6120
f 6125 6119 6124
f 6126 6124 6119
f 6124 6126 6127
f 6115 6119 6116
f 6119 6115 6126
f 648 6117 646
f 6117 648 6114
f 6109 6115 6113
f 6115 6109 6111
f 6111 6126 6115
f 6126 6111 6128
f 6127 6128 6129
f 6128 6127 6126
f 6129 6131 6127
f 6131 6129 6130
f 6130 6133 6132
f 6133 6130 6129
f 6134 6129 6128
f 6129 6134 6133
f 6128 6110 6134
f 6110 6128 6111
f 6135 6134 6110
f 6134 6135 6136
f 6110 6137 6135
f 6137 6110 6108
f 6138 6108 6106
f 6108 6138 6137
f 432 6106 6105
f 6106 432 6138
f 6137 6140 6139
f 6140 6137 6138
f 431 6138 432
f 6138 431 6140
f 6139 417 6141
f 417 6139 6140
f 6139 6135 6137
f 6135 6139 6142
f 6136 6142 6143
f 6142 6136 6135
f 6145 6143 6144
f 6143 6145 6136
f 6146 6144 6143
f 6144 6146 6147
f 6148 6147 6146
f 6147 6148 6149
f 6147 6151 6144
f 6151 6147 6150
f 6150 6149 6152
f 6149 6150 6147
f 6153 6144 6151
f 6144 6153 6145
f 6132 6145 6153
f 6145 6132 6133
f 6133 6136 6145
f 6136 6133 6134
f 6154 6143 6142
f 6143 6154 6146
f 6142 6141 6154
f 6141 6142 6139
f 6154 412 6155
f 412 6154 6141
f 6141 410 412
f 410 6141 417
f 6146 6155 6148
f 6155 6146 6154
f 6140 416 417
f 416 6140 431
f 654 435 436
f 435 654 655
f 6156 408 390
f 408 6156 413
f 6157 413 6156
f 413 6157 414
f 414 6159 6158
f 6159 414 6157
f 6161 6159 6160
f 6159 6161 6162
f 6162 6158 6159
f 6158 6162 6163
f 6163 6165 6158
f 6165 6163 6164
f 6165 6148 6155
f 6148 6165 6164
f 411 6158 6165
f 6158 411 414
f 6155 411 6165
f 411 6155 412
f 6149 6164 6166
f 6164 6149 6148
f 6164 6167 6166
f 6167 6164 6163
f 6168 6163 6162
f 6163 6168 6167
f 6169 6167 6168
f 6167 6169 6170
f 6166 6170 6171
f 6170 6166 6167
f 6171 6173 6172
f 6173 6171 6170
f 6174 6170 6169
f 6170 6174 6173
f 6168 6176 6169
f 6176 6168 6175
f 6175 6178 6176
f 6178 6175 6177
f 6177 6161 6179
f 6161 6177 6175
f 6175 6162 6161
f 6162 6175 6168
f 6152 6166 6171
f 6166 6152 6149
f 6160 6157 6180
f 6157 6160 6159
f 6180 6156 6181
f 6156 6180 6157
f 6181 6183 6180
f 6183 6181 6182
f 6182 6185 6183
f 6185 6182 6184
f 6093 6184 6094
f 6184 6093 6185
f 6183 6187 6186
f 6187 6183 6185
f 6188 6186 6187
f 6186 6188 6179
f 6187 6189 6188
f 6189 6187 6095
f 6095 6185 6093
f 6185 6095 6187
f 6180 6186 6160
f 6186 6180 6183
f 232 6184 6190
f 6184 232 6094
f 231 6190 6191
f 6190 231 232
f 229 6191 396
f 6191 229 231
f 391 396 6191
f 396 391 393
f 392 6191 6190
f 6191 392 391
f 392 6184 6182
f 6184 392 6190
f 389 6182 6181
f 6182 389 392
f 6181 390 389
f 390 6181 6156
f 6160 6179 6161
f 6179 6160 6186
f 388 408 394
f 408 388 390
f 561 524 516
f 524 561 527
f 516 523 515
f 523 516 524
f 519 515 523
f 515 519 507
f 526 841 532
f 841 526 525
f 565 6192 838
f 6192 565 564
f 6194 6192 6193
f 6192 6194 6195
f 839 6197 6196
f 6197 839 6195
f 6198 6195 6194
f 6195 6198 6197
f 6193 6200 6194
f 6200 6193 6199
f 6199 573 574
f 573 6199 6193
f 6199 3170 6200
f 3170 6199 6201
f 6201 574 591
f 574 6201 6199
f 3171 6201 6202
f 6201 3171 3170
f 591 6202 6201
f 6202 591 592
f 3165 6202 6203
f 6202 3165 3171
f 3152 593 3153
f 593 3152 6203
f 592 6203 6202
f 6203 592 593
f 6203 3154 3165
f 3154 6203 3152
f 6194 6204 6198
f 6204 6194 6200
f 6198 6206 6205
f 6206 6198 6204
f 6205 6208 6207
f 6208 6205 6206
f 6207 6210 6209
f 6210 6207 6208
f 6212 6208 6211
f 6208 6212 6210
f 6211 6206 3172
f 6206 6211 6208
f 6205 6197 6198
f 6197 6205 6213
f 6213 6207 6214
f 6207 6213 6205
f 6204 3172 6206
f 3172 6204 3169
f 6200 3169 6204
f 3169 6200 3170
f 6193 564 573
f 564 6193 6192
f 6196 6213 6215
f 6213 6196 6197
f 837 6196 6216
f 6196 837 839
f 835 6218 6217
f 6218 835 6216
f 6217 6220 6219
f 6220 6217 6218
f 6222 6225 6223
f 6225 6222 6224
f 6221 6224 6222
f 6224 6221 6226
f 6219 6226 6221
f 6226 6219 6220
f 6228 6220 6227
f 6220 6228 6226
f 6218 6227 6220
f 6227 6218 6215
f 6216 6215 6218
f 6215 6216 6196
f 6216 834 837
f 834 6216 835
f 838 6195 839
f 6195 838 6192
f 684 814 717
f 814 684 680
f 680 6229 814
f 6229 680 681
f 6230 814 6229
f 814 6230 812
f 6230 6233 6231
f 6233 6230 6232
f 6234 6233 6232
f 6233 6234 6235
f 6236 6234 6232
f 6234 6236 6237
f 681 6236 6229
f 6236 681 6238
f 6237 6238 6239
f 6238 6237 6236
f 6241 6239 6240
f 6239 6241 6237
f 6234 6241 6242
f 6241 6234 6237
f 6242 6244 6243
f 6244 6242 6241
f 6244 6247 6245
f 6247 6244 6246
f 6244 6240 6246
f 6240 6244 6241
f 6243 6245 6248
f 6245 6243 6244
f 6235 6242 6249
f 6242 6235 6234
f 6249 6243 6250
f 6243 6249 6242
f 6251 6240 6239
f 6240 6251 6252
f 6239 686 6251
f 686 6239 6238
f 6253 6252 6251
f 6252 6253 6254
f 6253 6256 6254
f 6256 6253 6255
f 685 6255 6253
f 6255 685 687
f 685 6251 686
f 6251 685 6253
f 6256 6259 6257
f 6259 6256 6258
f 6258 6255 6260
f 6255 6258 6256
f 6256 6261 6254
f 6261 6256 6257
f 6254 6262 6252
f 6262 6254 6261
f 6246 6252 6262
f 6252 6246 6240
f 6247 6262 6263
f 6262 6247 6246
f 6261 6263 6262
f 6263 6261 6264
f 678 6238 681
f 6238 678 686
f 6232 6229 6236
f 6229 6232 6230
f 6265 6231 6233
f 6231 6265 6266
f 6265 6235 6267
f 6235 6265 6233
f 6267 6269 6265
f 6269 6267 6268
f 6270 6150 6268
f 6150 6270 6151
f 6151 6271 6153
f 6271 6151 6270
f 6272 6153 6271
f 6153 6272 6132
f 6274 6272 6273
f 6272 6274 6275
f 6271 6273 6272
f 6273 6271 6276
f 6275 6132 6272
f 6132 6275 6130
f 6276 6270 6277
f 6270 6276 6271
f 6250 6277 6249
f 6277 6250 6276
f 6267 6249 6277
f 6249 6267 6235
f 6268 6277 6270
f 6277 6268 6267
f 6268 6152 6269
f 6152 6268 6150
f 6172 6265 6269
f 6265 6172 6266
f 6266 813 6231
f 813 6266 6278
f 817 6173 6174
f 6173 817 6278
f 6172 6278 6266
f 6278 6172 6173
f 811 6278 817
f 6278 811 813
f 6231 812 6230
f 812 6231 813
f 6269 6171 6172
f 6171 6269 6152
f 828 799 800
f 799 828 6279
f 827 6279 825
f 6279 827 6100
f 828 825 6279
f 825 828 826
f 798 6279 6100
f 6279 798 799
f 6281 1066 1087
f 1066 6281 1064
f 1063 6281 6280
f 6281 1063 1064
f 1063 6282 876
f 6282 1063 6280
f 881 876 6282
f 876 881 874
f 885 898 883
f 898 885 887
f 958 902 904
f 902 958 903
f 948 896 903
f 896 948 894
f 903 949 948
f 949 903 958
f 1041 6283 1031
f 6283 1041 1051
f 1031 6284 1029
f 6284 1031 6283
f 6285 1029 6284
f 1029 6285 1030
f 6286 1030 6285
f 1030 6286 6287
f 6287 1038 1035
f 1038 6287 6288
f 6290 6288 6289
f 6288 6290 1038
f 6289 6292 6291
f 6292 6289 6288
f 6292 6294 6291
f 6294 6292 6293
f 6293 6296 6294
f 6296 6293 6295
f 6295 6298 6297
f 6298 6295 6293
f 6298 6300 6297
f 6300 6298 6299
f 6285 6298 6286
f 6298 6285 6299
f 6286 6293 6292
f 6293 6286 6298
f 6295 6302 6296
f 6302 6295 6301
f 6301 178 6302
f 178 6301 6303
f 6301 3414 6303
f 3414 6301 6304
f 6304 6295 6297
f 6295 6304 6301
f 6296 6306 6305
f 6306 6296 6302
f 6294 6305 6307
f 6305 6294 6296
f 6291 6309 6289
f 6309 6291 6308
f 6308 6311 6309
f 6311 6308 6310
f 6312 6308 6307
f 6308 6312 6310
f 6310 6314 6311
f 6314 6310 6313
f 6312 6313 6310
f 6313 6312 123
f 6315 6289 6309
f 6289 6315 6290
f 6316 6309 6311
f 6309 6316 6315
f 6307 6291 6294
f 6291 6307 6308
f 6286 6288 6287
f 6288 6286 6292
f 1030 1035 1028
f 1035 1030 6287
f 6284 6299 6285
f 6299 6284 3368
f 6283 3368 6284
f 3368 6283 3366
f 3366 1051 3367
f 1051 3366 6283
f 3332 3370 1049
f 3370 3332 3333
f 1045 1049 1043
f 1049 1045 3332
f 1045 1058 3336
f 1058 1045 1046
f 1204 1189 6317
f 1189 1204 1191
f 1209 6317 1572
f 6317 1209 1204
f 6318 1572 6317
f 1572 6318 1573
f 1189 6318 6317
f 6318 1189 1190
f 6319 1573 6318
f 1573 6319 6320
f 1569 6320 1567
f 6320 1569 1573
f 6321 1567 6320
f 1567 6321 1568
f 6319 6321 6320
f 6321 6319 6322
f 1190 6319 6318
f 6319 1190 6323
f 6323 6322 6319
f 6322 6323 6324
f 6324 6326 6322
f 6326 6324 6325
f 6326 6328 6327
f 6328 6326 6325
f 6327 6330 6329
f 6330 6327 6328
f 6332 6330 6331
f 6330 6332 6333
f 6328 6331 6330
f 6331 6328 6334
f 6329 6333 6335
f 6333 6329 6330
f 6337 6329 6336
f 6329 6337 6327
f 6327 6338 6326
f 6338 6327 6337
f 6334 6325 6339
f 6325 6334 6328
f 6341 6339 6340
f 6339 6341 6334
f 6342 6340 6339
f 6340 6342 6343
f 6324 6339 6325
f 6339 6324 6342
f 6322 6338 6321
f 6338 6322 6326
f 6324 1193 6342
f 1193 6324 6323
f 6323 1188 1193
f 1188 6323 1190
f 6344 6321 6338
f 6321 6344 1568
f 1565 1568 6344
f 6344 6345 1565
f 6344 6346 1619
f 1619 6345 6344
f 6337 6344 6338
f 6344 6337 6346
f 1617 1619 6346
f 6346 6347 1617
f 6336 6349 6348
f 6348 6347 6336
f 6349 6351 6350
f 6350 6348 6349
f 6352 1618 6348
f 6348 6350 6352
f 1618 1617 6347
f 6347 6348 1618
f 6354 6350 6351
f 6351 6353 6354
f 6351 6356 6353
f 6356 6351 6355
f 6355 6349 6335
f 6349 6355 6351
f 6335 6336 6329
f 6336 6335 6349
f 6347 6346 6337
f 6337 6336 6347
f 1611 1566 1565
f 1565 6345 1611
f 1612 1611 6345
f 6345 1619 1612
f 6343 1195 1281
f 1195 6343 1192
f 6342 1192 6343
f 1192 6342 1193
f 1122 1121 1561
f 1561 1127 1122
f 1559 1123 1208
f 1208 1207 1559
f 1207 1209 1560
f 1560 1559 1207
f 6357 6358 1251
f 1251 1113 6357
f 6359 6360 6358
f 6358 6357 6359
f 6362 6359 6357
f 6357 6361 6362
f 6359 6362 6363
f 6363 6364 6359
f 6364 6363 6365
f 6365 6366 6364
f 6363 6368 6367
f 6367 6365 6363
f 6368 6370 6369
f 6369 6367 6368
f 6365 6367 6371
f 6371 6372 6365
f 6366 6365 6372
f 6372 6373 6366
f 6375 6376 6374
f 6374 6373 6375
f 6377 6378 6376
f 6376 6375 6377
f 6380 6377 6375
f 6375 6379 6380
f 6373 6372 6379
f 6379 6375 6373
f 6382 6376 6381
f 6376 6382 6374
f 6383 6366 6373
f 6373 6374 6383
f 6382 6384 6383
f 6383 6374 6382
f 6386 6387 6371
f 6371 6385 6386
f 6388 6386 6385
f 6385 6369 6388
f 6369 6370 6389
f 6389 6388 6369
f 6385 6371 6367
f 6367 6369 6385
f 6387 6386 6390
f 6390 6391 6387
f 6387 6379 6372
f 6372 6371 6387
f 6391 6380 6379
f 6379 6387 6391
f 6391 6390 6392
f 6392 6393 6391
f 6395 6392 6390
f 6390 6394 6395
f 6394 6390 6386
f 6386 6388 6394
f 6370 6368 6396
f 6396 6397 6370
f 6362 6396 6368
f 6368 6363 6362
f 6397 6396 6398
f 6398 6399 6397
f 1114 1116 6399
f 6399 6398 1114
f 6398 6361 1112
f 1112 1114 6398
f 6361 6398 6396
f 6396 6362 6361
f 6361 6357 1113
f 1113 1112 6361
f 6399 6401 6400
f 6400 6397 6399
f 6401 6403 6402
f 6402 6400 6401
f 6403 6404 6402
f 6404 6403 1223
f 1133 1223 6403
f 1223 1133 1134
f 6403 6401 1117
f 1117 1133 6403
f 6400 6389 6370
f 6370 6397 6400
f 6389 6400 6402
f 6402 6405 6389
f 1116 1117 6401
f 6401 6399 1116
f 6360 6359 6364
f 6364 6406 6360
f 1244 6360 6406
f 6406 6407 1244
f 1247 1244 6407
f 1244 1247 1241
f 1247 6407 6384
f 6384 6382 1247
f 6384 6407 6406
f 6406 6383 6384
f 1243 6358 6360
f 6360 1244 1243
f 1243 1238 1251
f 1251 6358 1243
f 6383 6406 6364
f 6364 6366 6383
f 1167 1436 1168
f 1436 1167 1446
f 1371 1539 1530
f 1530 1372 1371
f 1160 1507 1161
f 1507 1160 1511
f 1583 1585 1656
f 1656 1581 1583
f 1335 1334 1652
f 1652 6408 1335
f 1653 6409 6408
f 6408 1652 1653
f 6409 6411 6410
f 6410 6408 6409
f 6411 6413 6412
f 6412 6410 6411
f 6414 1335 6408
f 6408 6410 6414
f 6415 1340 6414
f 1340 6415 6416
f 6412 6418 6417
f 6417 6415 6412
f 6410 6412 6415
f 6415 6414 6410
f 6418 6412 6413
f 6413 6419 6418
f 6419 6421 6420
f 6420 6418 6419
f 6419 6413 6422
f 6422 6423 6419
f 6413 6411 6424
f 6424 6422 6413
f 6423 6427 6425
f 6425 6426 6423
f 6422 6428 6427
f 6427 6423 6422
f 6421 6419 6423
f 6423 6426 6421
f 6431 6420 6429
f 6429 6430 6431
f 6431 6417 6418
f 6418 6420 6431
f 6433 6431 6432
f 6431 6433 6417
f 6434 6431 6430
f 6431 6434 6432
f 6429 6437 6435
f 6435 6436 6429
f 6420 6421 6437
f 6437 6429 6420
f 6430 6429 6436
f 6436 6438 6430
f 6417 6416 6415
f 6416 6417 6433
f 6440 6433 6439
f 6433 6440 6416
f 6440 1338 1337
f 1338 6440 6441
f 6442 1338 6441
f 1338 6442 1351
f 6442 6445 6443
f 6445 6442 6444
f 6441 6444 6442
f 6444 6441 6446
f 1351 6443 1352
f 6443 1351 6442
f 6439 6441 6440
f 6441 6439 6446
f 6447 6446 6439
f 6446 6447 6448
f 6439 6432 6447
f 6432 6439 6433
f 1337 6416 6440
f 6416 1337 1340
f 6414 1333 1335
f 1333 6414 1340
f 6449 6424 6411
f 6411 6409 6449
f 6450 6451 6424
f 6424 6449 6450
f 6450 6453 6452
f 6452 6451 6450
f 6453 6455 6454
f 6454 6452 6453
f 6451 6452 6456
f 6456 6428 6451
f 6428 6422 6424
f 6424 6451 6428
f 6428 6456 6457
f 6457 6427 6428
f 6459 6460 6457
f 6457 6458 6459
f 6458 6457 6456
f 6456 6461 6458
f 6458 6463 6462
f 6462 6459 6458
f 6461 6464 6463
f 6463 6458 6461
f 6465 6466 6460
f 6460 6459 6465
f 6460 6425 6427
f 6427 6457 6460
f 6425 6460 6466
f 6466 6467 6425
f 6461 6456 6452
f 6452 6454 6461
f 6454 6468 6464
f 6464 6461 6454
f 6468 6470 6469
f 6469 6464 6468
f 6471 6472 6470
f 6470 6468 6471
f 6455 6471 6468
f 6468 6454 6455
f 6473 6474 6455
f 6455 6453 6473
f 1646 1648 6473
f 6473 6475 1646
f 1646 6475 6476
f 6476 1647 1646
f 6476 6449 6409
f 6409 1653 6476
f 6449 6476 6475
f 6475 6450 6449
f 1647 6476 1653
f 1653 1651 1647
f 6453 6450 6475
f 6475 6473 6453
f 1648 6477 6474
f 6474 6473 1648
f 6479 6474 6477
f 6477 6478 6479
f 6478 6477 1643
f 1643 6480 6478
f 6480 1668 6481
f 6481 6478 6480
f 1669 1667 1668
f 1668 6480 1669
f 1644 1669 6480
f 6480 1643 1644
f 6478 6481 6482
f 6482 6479 6478
f 6479 6482 6472
f 6472 6471 6479
f 6472 6482 1429
f 1429 1428 6472
f 6482 6481 1430
f 1430 1429 6482
f 6474 6479 6471
f 6471 6455 6474
f 6477 1648 1642
f 1642 1643 6477
f 1645 1659 1669
f 1669 1644 1645
f 1690 1730 1688
f 1730 1690 1627
f 1688 1729 1689
f 1729 1688 1730
f 1686 6484 6483
f 6484 1686 1689
f 6483 6486 6485
f 6486 6483 6484
f 6483 1687 1686
f 1687 6483 6487
f 6488 1687 6487
f 1687 6488 6489
f 6491 6492 6490
f 6492 6491 6489
f 1685 6489 6491
f 6489 1685 1687
f 6491 1680 1685
f 1680 6491 1678
f 1678 6490 1679
f 6490 1678 6491
f 3474 1679 6490
f 1679 3474 3477
f 6490 3475 3474
f 3475 6490 6492
f 6489 6493 6492
f 6493 6489 6488
f 6495 6487 6494
f 6487 6495 6488
f 6496 6488 6495
f 6488 6496 6493
f 6493 6498 6497
f 6498 6493 6496
f 6497 6492 6493
f 6492 6497 3475
f 6500 6495 6499
f 6495 6500 6496
f 6502 6499 6501
f 6499 6502 6500
f 6501 6504 6503
f 6504 6501 6499
f 6494 6499 6495
f 6499 6494 6504
f 6483 6494 6487
f 6494 6483 6485
f 6504 6485 6505
f 6485 6504 6494
f 6506 6508 6505
f 6508 6506 6507
f 6486 6510 6506
f 6510 6486 6509
f 6486 6505 6485
f 6505 6486 6506
f 6509 6484 6511
f 6484 6509 6486
f 6511 1717 6509
f 1717 6511 1718
f 6509 1719 6510
f 1719 6509 1717
f 6506 6512 6507
f 6512 6506 6510
f 6510 6513 6512
f 6513 6510 1719
f 1729 1718 6511
f 1718 1729 1728
f 6511 1689 1729
f 1689 6511 6484
f 6505 6503 6504
f 6503 6505 6508
f 6503 6515 6514
f 6515 6503 6508
f 6515 6517 6514
f 6517 6515 6516
f 6516 6519 6517
f 6519 6516 6518
f 6520 6519 6518
f 6519 6520 6521
f 6522 6523 6521
f 6521 6520 6522
f 6523 6519 6521
f 6519 6523 6524
f 6526 6520 6518
f 6518 6525 6526
f 6527 6528 6526
f 6526 6525 6527
f 6530 6525 6529
f 6525 6530 6527
f 6518 6529 6525
f 6529 6518 6516
f 6517 6524 6531
f 6524 6517 6519
f 6531 6514 6517
f 6514 6531 6532
f 6533 6532 6531
f 6532 6533 6534
f 6531 6535 6533
f 6535 6531 6524
f 6536 6516 6515
f 6516 6536 6529
f 6529 6537 6530
f 6537 6529 6536
f 6530 6539 6538
f 6539 6530 6537
f 6537 6513 6539
f 6513 6537 6512
f 6536 6512 6537
f 6512 6536 6507
f 6515 6507 6536
f 6507 6515 6508
f 1657 1658 1751
f 1751 1750 1657
f 6540 1594 1595
f 1595 1614 6540
f 1614 6542 6541
f 6541 6540 1614
f 6544 6541 6542
f 6542 6543 6544
f 6546 6544 6543
f 6543 6545 6546
f 6546 3589 3588
f 3588 6547 6546
f 6544 6546 6547
f 6547 6548 6544
f 6548 6549 6541
f 6541 6544 6548
f 6550 3771 6549
f 6549 6548 6550
f 6550 6551 3660
f 3660 3659 6550
f 6551 3591 3670
f 3670 3660 6551
f 3591 6551 6547
f 6547 3588 3591
f 6548 6547 6551
f 6551 6550 6548
f 3771 6550 3659
f 3659 3661 3771
f 6549 6552 6540
f 6540 6541 6549
f 1594 6540 6552
f 6552 3767 1594
f 3767 6552 3770
f 3770 3766 3767
f 6552 6549 3771
f 3771 3770 6552
f 6545 6553 3589
f 3589 6546 6545
f 6554 3621 6553
f 6553 6545 6554
f 6555 6554 6545
f 6545 6543 6555
f 6554 6555 6556
f 6556 6557 6554
f 6556 6560 6558
f 6558 6559 6556
f 6562 6560 6561
f 6561 1615 6562
f 6563 6558 6560
f 6560 6562 6563
f 6564 6565 6563
f 6563 6562 6564
f 1616 6564 6562
f 6562 1615 1616
f 6561 6555 6543
f 6543 6542 6561
f 6560 6556 6555
f 6555 6561 6560
f 1615 6561 6542
f 6542 1614 1615
f 6567 6568 6566
f 6566 6559 6567
f 6568 6567 6569
f 6569 6570 6568
f 6571 6572 6569
f 6569 6567 6571
f 6559 6558 6571
f 6571 6567 6559
f 3622 6557 6566
f 6566 3624 3622
f 3624 6566 6568
f 6568 6573 3624
f 6559 6566 6557
f 6557 6556 6559
f 6557 3622 3621
f 3621 6554 6557
f 6553 3593 3586
f 3586 3589 6553
f 3621 3620 3593
f 3593 6553 3621
f 1600 1594 3767
f 1594 1600 1592
f 1884 1878 1888
f 1888 6574 1884
f 6574 1888 6575
f 6575 6576 6574
f 6578 6574 6576
f 6576 6577 6578
f 6577 6580 6579
f 6579 6578 6577
f 6580 6577 6581
f 6581 6582 6580
f 6584 6579 6580
f 6580 6583 6584
f 6586 6584 6583
f 6583 6585 6586
f 6589 6586 6587
f 6587 6588 6589
f 6586 6589 6590
f 6590 6584 6586
f 6579 6584 6590
f 6590 6591 6579
f 6591 6592 6578
f 6578 6579 6591
f 6593 6594 6592
f 6592 6591 6593
f 6591 6590 6595
f 6595 6593 6591
f 6595 6590 6589
f 6589 6596 6595
f 6596 6598 6597
f 6597 6595 6596
f 6600 6597 6598
f 6598 6599 6600
f 6599 6598 6601
f 6601 6602 6599
f 6598 6596 6603
f 6603 6601 6598
f 6596 6589 6588
f 6588 6603 6596
f 6604 6605 6603
f 6603 6588 6604
f 6588 6587 6606
f 6606 6604 6588
f 6585 6607 6587
f 6587 6586 6585
f 6608 6609 6607
f 6607 6585 6608
f 6609 6608 6610
f 6610 6611 6609
f 6611 6613 6612
f 6612 6609 6611
f 6614 6607 6609
f 6609 6612 6614
f 6616 6617 6610
f 6610 6615 6616
f 6608 6618 6615
f 6615 6610 6608
f 6617 6619 6611
f 6611 6610 6617
f 6585 6583 6618
f 6618 6608 6585
f 6582 6618 6583
f 6583 6580 6582
f 6618 6582 6620
f 6620 6615 6618
f 6620 6623 6621
f 6621 6622 6620
f 6615 6620 6622
f 6622 6616 6615
f 6622 6625 6624
f 6624 6616 6622
f 6625 6627 6626
f 6626 6624 6625
f 6625 6629 6628
f 6628 6627 6625
f 6622 6621 6629
f 6629 6625 6622
f 2039 6621 6623
f 6623 2038 2039
f 6581 6630 2038
f 2038 6623 6581
f 6623 6620 6582
f 6582 6581 6623
f 6630 6581 6577
f 6577 6576 6630
f 6574 6578 6592
f 6592 1884 6574
f 6576 6575 2033
f 2033 6630 6576
f 6575 6631 2034
f 2034 2033 6575
f 2037 2034 6631
f 6631 6632 2037
f 1885 1887 6632
f 6632 6631 1885
f 6634 2037 6632
f 6632 6633 6634
f 6635 6636 6634
f 6634 6633 6635
f 6636 6635 6637
f 6637 6638 6636
f 6639 6640 6634
f 6634 6636 6639
f 6636 6638 6641
f 6641 6639 6636
f 6638 6643 6642
f 6642 6641 6638
f 6644 6643 6638
f 6638 6637 6644
f 6640 6639 2054
f 2054 2043 6640
f 2036 6640 2043
f 2043 2035 2036
f 6640 2036 2037
f 2037 6634 6640
f 6639 6641 2055
f 2055 2054 6639
f 6635 6646 6645
f 6645 6637 6635
f 6646 6648 6647
f 6647 6645 6646
f 6648 1851 1854
f 1854 6647 6648
f 6645 6647 6649
f 6649 6650 6645
f 6647 1854 1856
f 1856 6649 6647
f 1851 6648 6651
f 6651 1850 1851
f 6651 6652 1887
f 1887 1886 6651
f 6652 6651 6648
f 6648 6646 6652
f 1886 1848 1850
f 1850 6651 1886
f 6633 6652 6646
f 6646 6635 6633
f 6652 6633 6632
f 6632 1887 6652
f 1888 1885 6631
f 6631 6575 1888
f 1884 6592 6594
f 6594 1883 1884
f 1883 6594 6653
f 6653 1882 1883
f 1882 6653 6654
f 6654 1936 1882
f 1936 6654 6655
f 6655 1937 1936
f 6656 6657 1937
f 1937 6655 6656
f 6656 6660 6658
f 6658 6659 6656
f 6660 6662 6661
f 6661 6658 6660
f 6662 6660 6602
f 6602 6601 6662
f 6662 6605 6663
f 6663 6661 6662
f 6663 6665 6661
f 6665 6663 6664
f 6666 6668 6664
f 6668 6666 6667
f 6663 6669 6666
f 6666 6664 6663
f 6666 6614 6612
f 6614 6666 6669
f 6614 6669 6604
f 6604 6606 6614
f 6605 6604 6669
f 6669 6663 6605
f 6667 6612 6613
f 6612 6667 6666
f 6667 6671 6668
f 6671 6667 6670
f 6613 6670 6667
f 6670 6613 6672
f 6665 6668 6673
f 6668 6665 6664
f 6673 6675 6665
f 6675 6673 6674
f 6677 6678 6676
f 6678 6677 6674
f 6674 6679 6678
f 6679 6674 6673
f 6680 6674 6677
f 6674 6680 6675
f 6675 6661 6665
f 6661 6675 6658
f 6659 6675 6680
f 6675 6659 6658
f 6601 6603 6605
f 6605 6662 6601
f 6655 6602 6660
f 6660 6656 6655
f 6657 6656 6659
f 6659 6681 6657
f 6657 1928 1935
f 1935 1937 6657
f 6657 6681 1929
f 1929 1928 6657
f 1930 1929 6681
f 6681 6682 1930
f 6677 6682 6680
f 6682 6677 6683
f 6683 6676 6684
f 6676 6683 6677
f 6684 6686 6683
f 6686 6684 6685
f 1923 6688 6687
f 6688 1923 6685
f 6685 6689 6688
f 6689 6685 6684
f 1922 6685 1923
f 6685 1922 6686
f 6690 6684 6676
f 6684 6690 6689
f 6692 6690 6691
f 6690 6692 6693
f 6691 6676 6678
f 6676 6691 6690
f 6689 6693 6694
f 6693 6689 6690
f 6683 1930 6682
f 1930 6683 6686
f 6681 6680 6682
f 6680 6681 6659
f 6602 6655 6654
f 6654 6599 6602
f 6599 6654 6653
f 6653 6600 6599
f 6594 6593 6600
f 6600 6653 6594
f 1618 6352 6564
f 6564 1616 1618
f 6352 6695 6565
f 6565 6564 6352
f 6354 6697 6696
f 6696 6695 6354
f 6700 6697 6698
f 6698 6699 6700
f 6697 6700 6701
f 6701 6696 6697
f 6695 6696 6702
f 6702 6565 6695
f 6705 6702 6703
f 6703 6704 6705
f 6571 6558 6563
f 6563 6705 6571
f 6704 6572 6571
f 6571 6705 6704
f 6704 6703 6706
f 6706 6707 6704
f 6572 6704 6707
f 6707 6708 6572
f 6710 6711 6709
f 6709 6708 6710
f 6713 6711 6710
f 6710 6712 6713
f 6712 6710 6714
f 6714 6715 6712
f 6708 6707 6714
f 6714 6710 6708
f 6717 6709 6711
f 6711 6716 6717
f 6569 6572 6708
f 6708 6709 6569
f 6570 6569 6709
f 6709 6717 6570
f 6706 6718 6714
f 6714 6707 6706
f 6719 6720 6718
f 6718 6706 6719
f 6701 6719 6706
f 6706 6703 6701
f 6721 6722 6720
f 6720 6719 6721
f 6700 6721 6719
f 6719 6701 6700
f 6714 6718 6723
f 6723 6715 6714
f 6723 6718 6720
f 6720 6724 6723
f 6702 6705 6563
f 6563 6565 6702
f 6696 6701 6703
f 6703 6702 6696
f 6721 6700 6699
f 6699 6725 6721
f 6699 6727 6725
f 6727 6699 6726
f 6726 6729 6727
f 6729 6726 6728
f 6730 6732 6728
f 6732 6730 6731
f 6733 6728 6726
f 6728 6733 6730
f 6356 6730 6733
f 6730 6356 6734
f 6731 6734 6735
f 6734 6731 6730
f 6735 6737 6731
f 6737 6735 6736
f 6738 6736 6735
f 6736 6738 6739
f 6740 6735 6734
f 6735 6740 6738
f 6734 6355 6740
f 6355 6734 6356
f 6353 6733 6698
f 6733 6353 6356
f 6353 6698 6697
f 6697 6354 6353
f 6726 6698 6733
f 6698 6726 6699
f 6728 6741 6729
f 6741 6728 6732
f 6741 6744 6742
f 6744 6741 6743
f 6743 6746 6744
f 6746 6743 6745
f 6745 6748 6746
f 6748 6745 6747
f 6745 6750 6747
f 6750 6745 6749
f 6745 6751 6749
f 6751 6745 6743
f 6752 6742 6744
f 6742 6752 6753
f 6752 6746 6754
f 6746 6752 6744
f 6732 6743 6741
f 6743 6732 6751
f 6729 6742 6755
f 6742 6729 6741
f 6727 6755 6756
f 6755 6727 6729
f 6756 6725 6727
f 6725 6756 6757
f 6755 6753 6758
f 6753 6755 6742
f 6756 6758 6759
f 6758 6756 6755
f 6751 6731 6737
f 6731 6751 6732
f 6350 6354 6695
f 6695 6352 6350
f 1986 1991 1983
f 1991 1986 2075
f 2078 2083 6760
f 2083 2078 2079
f 6762 6763 6761
f 6763 6762 6760
f 6760 2076 2078
f 2076 6760 6762
f 2076 6765 6764
f 6765 2076 6762
f 6764 6767 6766
f 6767 6764 6765
f 6764 2077 2076
f 2077 6764 6768
f 6768 2080 2077
f 2080 6768 6769
f 6769 6771 6770
f 6771 6769 6768
f 6770 6773 6772
f 6773 6770 6771
f 6774 6772 6773
f 6772 6774 6775
f 6777 6778 6776
f 6778 6777 6775
f 6780 6778 6779
f 6778 6780 6776
f 6778 6782 6779
f 6782 6778 6781
f 6775 6781 6778
f 6781 6775 6774
f 6784 6785 6783
f 6785 6784 6777
f 6786 6777 6776
f 6777 6786 6785
f 6784 6775 6777
f 6775 6784 6772
f 6773 6788 6774
f 6788 6773 6787
f 6787 6790 6788
f 6790 6787 6789
f 6789 6792 6790
f 6792 6789 6791
f 6767 6791 6789
f 6791 6767 6793
f 6766 6789 6787
f 6789 6766 6767
f 6774 6794 6781
f 6794 6774 6788
f 6788 6795 6794
f 6795 6788 6790
f 6771 6787 6773
f 6787 6771 6766
f 6797 6770 6796
f 6770 6797 6769
f 6797 6799 6798
f 6799 6797 6796
f 6798 6801 6800
f 6801 6798 6799
f 6799 6802 6801
f 6802 6799 6783
f 6783 6796 6784
f 6796 6783 6799
f 6797 2080 6769
f 2080 6797 6803
f 6803 6798 6804
f 6798 6803 6797
f 6796 6772 6784
f 6772 6796 6770
f 6768 6766 6771
f 6766 6768 6764
f 6765 6793 6767
f 6793 6765 6805
f 6762 6805 6765
f 6805 6762 6761
f 6761 6807 6805
f 6807 6761 6806
f 6809 6806 6808
f 6806 6809 6807
f 6810 6805 6807
f 6805 6810 6793
f 6793 6811 6791
f 6811 6793 6810
f 6813 6811 6812
f 6811 6813 6814
f 6814 6816 6815
f 6816 6814 6813
f 6814 6791 6811
f 6791 6814 6792
f 6792 6815 6817
f 6815 6792 6814
f 6810 6812 6811
f 6812 6810 6818
f 6812 6820 6813
f 6820 6812 6819
f 6818 6819 6812
f 6819 6818 6821
f 6807 6818 6810
f 6818 6807 6809
f 6821 6809 6822
f 6809 6821 6818
f 6808 6822 6809
f 6822 6808 6823
f 6822 6825 6821
f 6825 6822 6824
f 6824 6823 6826
f 6823 6824 6822
f 6806 6828 6808
f 6828 6806 6827
f 6827 6830 6828
f 6830 6827 6829
f 6832 6829 6831
f 6829 6832 6830
f 6833 6828 6830
f 6828 6833 6834
f 6826 6834 6835
f 6834 6826 6823
f 6835 6833 6836
f 6833 6835 6834
f 6828 6823 6808
f 6823 6828 6834
f 6837 6830 6832
f 6830 6837 6833
f 6838 6831 2092
f 6831 6838 6832
f 6832 6839 6837
f 6839 6832 6838
f 6840 6831 6829
f 6831 6840 6841
f 2081 2086 6841
f 2086 2081 2082
f 6841 2083 2081
f 2083 6841 6840
f 6840 6760 2083
f 6760 6840 6763
f 6829 6763 6840
f 6763 6829 6827
f 6841 2092 6831
f 2092 6841 2086
f 6761 6827 6806
f 6827 6761 6763
f 6803 2075 2080
f 2075 6803 1991
f 6842 2092 2088
f 2092 6842 6838
f 6838 6843 6839
f 6843 6838 6842
f 6844 6839 6843
f 6839 6844 6845
f 6845 6847 6846
f 6847 6845 6844
f 6847 6850 6848
f 6850 6847 6849
f 6844 6849 6847
f 6849 6844 6851
f 6851 6843 6852
f 6843 6851 6844
f 6852 6842 4366
f 6842 6852 6843
f 6852 6854 6851
f 6854 6852 6853
f 4367 4352 6853
f 4352 4367 4350
f 4366 6853 6852
f 6853 4366 4367
f 6853 6855 6854
f 6855 6853 4352
f 6856 6854 6855
f 6854 6856 6857
f 6857 6859 6858
f 6859 6857 6856
f 6859 6861 6860
f 6861 6859 6856
f 6855 6861 6856
f 6861 6855 4353
f 6851 6857 6849
f 6857 6851 6854
f 4352 4353 6855
f 4353 4352 4348
f 6849 6858 6850
f 6858 6849 6857
f 6850 6863 6862
f 6863 6850 6858
f 6864 6862 6863
f 6862 6864 6865
f 6864 6867 6865
f 6867 6864 6866
f 6868 6866 6864
f 6866 6868 6869
f 6871 6869 6870
f 6869 6871 6866
f 6870 6873 6872
f 6873 6870 6869
f 6869 6874 6873
f 6874 6869 6868
f 6866 6875 6867
f 6875 6866 6871
f 6876 6875 1816
f 6875 6876 6867
f 6877 1816 6875
f 1816 6877 1817
f 6871 6877 6875
f 6877 6871 6878
f 6880 6865 6879
f 6865 6880 6862
f 6848 6862 6880
f 6862 6848 6850
f 1823 6876 1822
f 6876 1823 6879
f 6867 6879 6865
f 6879 6867 6876
f 6879 6881 6880
f 6881 6879 1823
f 6864 6882 6868
f 6882 6864 6863
f 6883 6868 6882
f 6868 6883 6874
f 6884 6874 6883
f 6874 6884 6885
f 6886 6883 6860
f 6883 6886 6884
f 6860 6882 6859
f 6882 6860 6883
f 6858 6882 6863
f 6882 6858 6859
f 6848 6846 6847
f 6846 6848 6887
f 6888 6846 6887
f 6846 6888 6889
f 6889 6845 6846
f 6845 6889 6890
f 6845 6837 6839
f 6837 6845 6890
f 6836 6837 6890
f 6837 6836 6833
f 6890 6891 6836
f 6891 6890 6889
f 6893 6891 6892
f 6891 6893 6894
f 6895 6835 6894
f 6835 6895 6826
f 6897 6898 6896
f 6896 6895 6897
f 6894 6897 6895
f 6897 6894 6893
f 6895 6896 6824
f 6824 6826 6895
f 6836 6894 6835
f 6894 6836 6891
f 6900 6892 6899
f 6892 6900 6893
f 6893 6901 6897
f 6901 6893 6900
f 1803 6900 1804
f 6900 1803 6901
f 6899 1804 6900
f 1804 6899 1825
f 6899 6888 6902
f 6888 6899 6892
f 6887 6902 6888
f 6902 6887 6881
f 6892 6889 6888
f 6889 6892 6891
f 6887 6880 6881
f 6880 6887 6848
f 4366 2088 2090
f 2088 4366 6842
f 2171 2202 2129
f 2202 2171 2174
f 2403 2498 2448
f 2448 2404 2403
f 2498 2403 2493
f 2493 2484 2498
f 2403 2402 2494
f 2494 2493 2403
f 2402 2405 6903
f 6903 2494 2402
f 6904 2495 2494
f 2494 6903 6904
f 6905 2496 2495
f 2495 6904 6905
f 2496 6905 5676
f 5676 5673 2496
f 6905 6907 6906
f 6906 5676 6905
f 6907 6909 6908
f 6908 6906 6907
f 6909 6911 6910
f 6910 6908 6909
f 5697 5699 6906
f 6906 6908 5697
f 5676 6906 5699
f 5699 5674 5676
f 6908 6910 5698
f 5698 5697 6908
f 6911 6913 6912
f 6912 6910 6911
f 6913 6911 6914
f 6914 6915 6913
f 6915 6914 6916
f 6916 6917 6915
f 6919 6920 6917
f 6917 6918 6919
f 6918 6917 6916
f 6916 6921 6918
f 6920 6922 6915
f 6915 6917 6920
f 6923 6914 6911
f 6911 6909 6923
f 6914 6923 6924
f 6924 6916 6914
f 6915 6922 6925
f 6925 6913 6915
f 6926 6912 6913
f 6913 6925 6926
f 6927 5698 6910
f 6910 6912 6927
f 5698 6927 6928
f 6928 5695 5698
f 5705 5696 5695
f 5695 6928 5705
f 6929 6930 5705
f 5705 6928 6929
f 6930 6929 6931
f 6931 6932 6930
f 6934 6931 6929
f 6929 6933 6934
f 6929 6928 6927
f 6927 6933 6929
f 6933 6927 6912
f 6912 6926 6933
f 6935 6923 6909
f 6909 6907 6935
f 6923 6935 6936
f 6936 6924 6923
f 6903 6936 6935
f 6935 6904 6903
f 6924 6936 6937
f 6937 6938 6924
f 6916 6924 6938
f 6938 6921 6916
f 6939 6921 6938
f 6938 2394 6939
f 6940 6939 2394
f 2394 2393 6940
f 2434 6941 6939
f 6939 6940 2434
f 2432 2434 6940
f 6940 2398 2432
f 2393 2395 2398
f 2398 6940 2393
f 6941 6918 6921
f 6921 6939 6941
f 6937 2392 2394
f 2394 6938 6937
f 6936 6903 2405
f 2405 6937 6936
f 2396 2392 6937
f 6937 2405 2396
f 6907 6905 6904
f 6904 6935 6907
f 2598 2591 6942
f 2591 2598 2589
f 2598 6943 2668
f 6943 2598 6942
f 6945 6943 6944
f 6943 6945 6946
f 2666 6947 2667
f 6947 2666 6946
f 2667 6949 6948
f 6949 2667 6947
f 6948 6951 6950
f 6951 6948 6949
f 6950 6953 6948
f 6953 6950 6952
f 6954 6952 6950
f 6952 6954 6955
f 6956 6958 6955
f 6958 6956 6957
f 6960 6961 6959
f 6961 6960 6957
f 6963 6960 6962
f 6960 6963 6964
f 6962 6959 6965
f 6959 6962 6960
f 6964 6957 6960
f 6957 6964 6958
f 6966 6959 6961
f 6959 6966 6967
f 6969 6961 6968
f 6961 6969 6966
f 6968 6957 6956
f 6957 6968 6961
f 6970 6955 6954
f 6955 6970 6956
f 6971 6956 6970
f 6956 6971 6968
f 6970 6973 6971
f 6973 6970 6972
f 6968 6974 6969
f 6974 6968 6971
f 6971 6975 6974
f 6975 6971 6973
f 6954 6972 6970
f 6972 6954 6976
f 6951 6978 6976
f 6978 6951 6977
f 6950 6976 6954
f 6976 6950 6951
f 6979 6976 6978
f 6976 6979 6972
f 6955 2676 6952
f 2676 6955 6958
f 6952 2675 6953
f 2675 6952 2676
f 2664 6953 2675
f 6953 2664 2665
f 2665 6948 6953
f 6948 2665 2667
f 6949 6977 6951
f 6977 6949 6980
f 6981 6983 6980
f 6983 6981 6982
f 6982 6945 6984
f 6945 6982 6981
f 6983 6986 6985
f 6986 6983 6982
f 6983 6977 6980
f 6977 6983 6987
f 6987 6978 6977
f 6978 6987 6988
f 6988 6990 6989
f 6990 6988 6987
f 6987 6985 6990
f 6985 6987 6983
f 6991 6985 6986
f 6985 6991 6992
f 6994 6995 6993
f 6995 6994 6992
f 6992 6996 6995
f 6996 6992 6991
f 6990 6992 6994
f 6992 6990 6985
f 6986 2799 6991
f 2799 6986 6997
f 6997 2794 2799
f 2794 6997 6998
f 6998 6984 6999
f 6984 6998 6997
f 6982 6997 6986
f 6997 6982 6984
f 6944 6984 6945
f 6984 6944 6999
f 6944 2788 6999
f 2788 6944 7000
f 2791 6942 2591
f 6942 2791 7000
f 6944 6942 7000
f 6942 6944 6943
f 7000 2785 2788
f 2785 7000 2791
f 6946 6981 6947
f 6981 6946 6945
f 6947 6980 6949
f 6980 6947 6981
f 2668 6946 2666
f 6946 2668 6943
f 2595 2758 2593
f 2758 2595 2601
f 2790 2591 2592
f 2591 2790 2791
f 2551 2537 2547
f 2537 2551 2548
f 2570 2543 2544
f 2544 2556 2570
f 2593 2757 2594
f 2757 2593 2758
f 2592 2789 2790
f 2789 2592 2594
f 2833 2912 2831
f 2912 2833 2838
f 2749 2634 2633
f 2634 2749 2648
f 2748 2633 2635
f 2633 2748 2749
f 2747 3183 3179
f 3183 2747 2745
f 7001 2745 2748
f 2745 7001 3183
f 3183 7002 3182
f 7002 3183 7001
f 3182 7003 3181
f 7003 3182 7002
f 2699 7003 2689
f 7003 2699 7004
f 7004 2698 7005
f 2698 7004 2699
f 7007 7008 7006
f 7008 7007 7005
f 7006 7009 6212
f 7009 7006 7008
f 3173 7007 7006
f 7007 3173 3174
f 7010 7005 7007
f 7005 7010 7004
f 3175 3181 7010
f 3181 3175 3177
f 7010 3174 3175
f 3174 7010 7007
f 3181 7004 7010
f 7004 3181 7003
f 6211 7006 6212
f 7006 6211 3173
f 7012 7009 7011
f 7009 7012 7013
f 7013 7015 7014
f 7015 7013 7012
f 7016 7011 2694
f 7011 7016 7012
f 2694 7017 7016
f 7017 2694 2695
f 7018 7012 7016
f 7012 7018 7015
f 7016 7019 7018
f 7019 7016 7017
f 2694 2700 2692
f 2700 2694 7011
f 7011 7008 2700
f 7008 7011 7009
f 7014 7021 6209
f 7021 7014 7020
f 7023 7024 7022
f 7024 7023 7020
f 7014 7024 7020
f 7024 7014 7015
f 6228 7020 7023
f 7020 6228 7021
f 6210 7014 6209
f 7014 6210 7013
f 6212 7013 6210
f 7013 6212 7009
f 2700 7005 2698
f 7005 2700 7008
f 7002 2689 7003
f 2689 7002 2688
f 7002 2687 2688
f 2687 7002 7001
f 7001 2635 2687
f 2635 7001 2748
f 1676 3477 1675
f 3477 1676 1679
f 1431 1430 6481
f 6481 1668 1431
f 3159 7025 3118
f 3118 3117 3159
f 7025 3887 3888
f 3888 3118 7025
f 7025 3878 3879
f 3879 3887 7025
f 3878 3159 3160
f 3159 3878 7025
f 3878 7026 3876
f 7026 3878 3160
f 3876 7027 3877
f 7027 3876 7026
f 7026 611 7027
f 611 7026 3157
f 7029 3877 7027
f 7027 7028 7029
f 7028 7031 7030
f 7030 7029 7028
f 610 612 7031
f 7031 7028 610
f 7031 7033 7032
f 7032 7030 7031
f 3842 3840 7029
f 7029 7030 3842
f 7030 7032 3835
f 3835 3842 7030
f 7032 3829 3832
f 3832 3835 7032
f 7033 3830 3829
f 3829 7032 7033
f 7034 635 3830
f 3830 7033 7034
f 620 7034 619
f 7034 620 635
f 612 619 7034
f 619 612 613
f 7033 7031 612
f 612 7034 7033
f 611 610 7028
f 7028 7027 611
f 3840 3839 3877
f 3877 7029 3840
f 7026 3158 3157
f 3158 7026 3160
f 3137 3116 3118
f 3118 3888 3137
f 3888 3883 3138
f 3138 3137 3888
f 3151 587 586
f 587 3151 3153
f 3128 2899 2900
f 2899 3128 2916
f 2900 3106 3128
f 3106 2900 2902
f 3135 3893 3892
f 3892 3132 3135
f 3133 3135 3132
f 3132 3125 3133
f 3431 3405 3432
f 3405 3431 5172
f 3398 3405 3400
f 3405 3398 3432
f 5127 3405 5125
f 3405 5127 3403
f 3405 5126 5125
f 5126 3405 5172
f 5172 3430 5171
f 3430 5172 3431
f 5127 5128 7035
f 5128 5127 5124
f 3403 7035 3404
f 7035 3403 5127
f 7036 3404 7035
f 3404 7036 7037
f 7038 7037 7036
f 7037 7038 7039
f 7040 7039 7038
f 7039 7040 7041
f 7041 7043 7039
f 7043 7041 7042
f 7045 7042 7044
f 7042 7045 7043
f 7045 7047 7046
f 7047 7045 7044
f 7044 7049 7047
f 7049 7044 7048
f 7049 362 7050
f 362 7049 7048
f 7051 7047 7049
f 7047 7051 7052
f 7052 7046 7047
f 7046 7052 7053
f 7053 7055 7054
f 7055 7053 7052
f 7052 7056 7055
f 7056 7052 7051
f 7049 7057 7051
f 7057 7049 7050
f 7059 7050 7058
f 7050 7059 7057
f 7050 361 7058
f 361 7050 362
f 360 7048 7060
f 7048 360 362
f 7060 364 360
f 364 7060 7061
f 7061 7063 364
f 7063 7061 7062
f 7041 7062 7061
f 7062 7041 7040
f 7042 7061 7060
f 7061 7042 7041
f 7060 7044 7042
f 7044 7060 7048
f 7043 3393 7064
f 3393 7043 7045
f 7064 7039 7043
f 7039 7064 7037
f 7037 3402 3404
f 3402 7037 7064
f 3392 7064 3393
f 7064 3392 3402
f 3393 7046 3390
f 7046 3393 7045
f 7066 7038 7065
f 7038 7066 7040
f 7040 7067 7062
f 7067 7040 7066
f 7066 7069 7067
f 7069 7066 7068
f 7068 7071 7069
f 7071 7068 7070
f 7073 7070 7072
f 7070 7073 7071
f 7074 7071 7073
f 7071 7074 7075
f 7069 7075 7076
f 7075 7069 7071
f 7076 7067 7069
f 7067 7076 7077
f 7077 7079 7078
f 7079 7077 7076
f 7080 7076 7075
f 7076 7080 7079
f 7075 7081 7080
f 7081 7075 7074
f 7083 7074 7082
f 7074 7083 7081
f 7073 7082 7074
f 7082 7073 7084
f 7084 7072 7085
f 7072 7084 7073
f 7085 7087 7084
f 7087 7085 7086
f 7089 7086 7088
f 7086 7089 7087
f 7090 7088 7086
f 7088 7090 7091
f 5137 7086 7085
f 7086 5137 7090
f 5135 7085 7072
f 7085 5135 5137
f 7072 5134 5135
f 5134 7072 7070
f 7092 7070 7068
f 7070 7092 5134
f 7065 7068 7066
f 7068 7065 7092
f 7036 7065 7038
f 7065 7036 5130
f 7092 5130 5129
f 5130 7092 7065
f 5129 5134 7092
f 5134 5129 5131
f 7062 7077 7063
f 7077 7062 7067
f 5130 7035 5128
f 7035 5130 7036
f 5157 5169 7093
f 7093 5164 5157
f 5164 7093 3433
f 3433 3436 5164
f 3429 3433 7093
f 7093 3430 3429
f 3430 7093 5169
f 5169 5171 3430
f 3397 3432 3398
f 3432 3397 3425
f 3582 3672 3592
f 3592 3581 3582
f 3583 3669 3672
f 3672 3582 3583
f 3672 3671 3590
f 3590 3592 3672
f 3583 3526 3525
f 3525 3673 3583
f 3519 3674 3673
f 3673 3525 3519
f 3486 3489 7094
f 7094 3534 3486
f 7096 3758 7095
f 3758 7096 7094
f 7095 7098 7096
f 7098 7095 7097
f 7097 7100 7098
f 7100 7097 7099
f 7102 7099 7101
f 7099 7102 7100
f 7101 7104 7102
f 7104 7101 7103
f 3715 7103 7101
f 7103 3715 3719
f 7103 7106 7104
f 7106 7103 7105
f 7108 3721 7107
f 3721 7108 7105
f 7109 7110 7108
f 7108 7107 7109
f 7112 7113 7111
f 7111 7109 7112
f 7112 7109 7107
f 7107 7114 7112
f 7109 7111 7115
f 7115 7110 7109
f 7116 7105 7108
f 7105 7116 7106
f 7117 7108 7110
f 7108 7117 7116
f 7107 3720 7114
f 3720 7107 3721
f 7105 3719 3721
f 3719 7105 7103
f 7118 7102 7104
f 7102 7118 7119
f 7120 7122 7119
f 7122 7120 7121
f 7121 3532 7122
f 3532 7121 3530
f 3530 7123 3531
f 7123 3530 7121
f 7121 7124 7123
f 7124 7121 7120
f 7119 7125 7120
f 7125 7119 7118
f 7127 7118 7126
f 7118 7127 7125
f 7126 7104 7106
f 7104 7126 7118
f 7119 7100 7102
f 7100 7119 7122
f 7122 7098 7100
f 7098 7122 3532
f 3714 7101 7099
f 7101 3714 3715
f 3717 7099 7097
f 7099 3717 3714
f 7097 7128 3717
f 7128 7097 7095
f 3717 3752 3716
f 3752 3717 7128
f 3751 3752 7128
f 7128 3755 3751
f 7128 7095 3758
f 3758 3755 7128
f 7094 3533 3534
f 3533 7094 7096
f 7096 3532 3533
f 3532 7096 7098
f 3756 3758 7094
f 7094 3489 3756
f 3757 3756 3489
f 3489 3488 3757
f 3488 1742 1743
f 1743 3757 3488
f 1743 1744 3753
f 3753 3757 1743
f 3513 3515 3531
f 3531 7129 3513
f 7131 7132 7130
f 7130 7129 7131
f 7132 7131 7133
f 7133 7134 7132
f 7136 7130 7132
f 7132 7135 7136
f 7135 7132 7134
f 7134 7137 7135
f 7137 7139 7138
f 7138 7135 7137
f 7139 7141 7140
f 7140 7138 7139
f 7138 7140 7142
f 7142 7143 7138
f 7140 3692 3693
f 3693 7142 7140
f 7143 7142 3680
f 3680 3679 7143
f 7143 7136 7135
f 7135 7138 7143
f 3679 7144 7136
f 7136 7143 3679
f 7142 3693 3683
f 3683 3680 7142
f 3692 7140 7141
f 7141 3690 3692
f 3690 7141 7145
f 7145 7146 3690
f 7147 7148 7146
f 7146 7145 7147
f 7145 7150 7149
f 7149 7147 7145
f 7141 7139 7150
f 7150 7145 7141
f 7151 7150 7139
f 7139 7137 7151
f 7150 7151 7152
f 7152 7149 7150
f 7153 7154 7149
f 7149 7152 7153
f 7154 7153 7155
f 7155 7156 7154
f 7158 7154 7156
f 7156 7157 7158
f 7159 7160 7157
f 7157 7156 7159
f 7156 7155 7161
f 7161 7159 7156
f 7153 7163 7162
f 7162 7155 7153
f 7163 7153 7152
f 7152 7164 7163
f 7163 7166 7165
f 7165 7162 7163
f 7166 7163 7164
f 7164 7167 7166
f 7151 7168 7164
f 7164 7152 7151
f 7167 7164 7168
f 7168 7169 7167
f 7169 7171 7170
f 7170 7167 7169
f 7133 7124 7171
f 7171 7169 7133
f 7169 7168 7134
f 7134 7133 7169
f 7137 7134 7168
f 7168 7151 7137
f 3514 3513 7129
f 7129 7130 3514
f 7130 7136 7144
f 7144 3514 7130
f 7131 7123 7124
f 7124 7133 7131
f 7129 3531 7123
f 7123 7131 7129
f 2986 3001 2990
f 2990 2984 2986
f 7172 7173 3001
f 3001 2986 7172
f 7173 7172 7174
f 7174 7175 7173
f 7173 7176 2999
f 2999 3001 7173
f 3000 2999 7176
f 7176 7177 3000
f 7177 7179 7178
f 7178 3000 7177
f 7179 7181 7180
f 7180 7178 7179
f 7181 7183 7182
f 7182 7180 7181
f 7183 7185 7184
f 7184 7182 7183
f 7185 7187 7186
f 7186 7184 7185
f 7182 7184 7188
f 7188 7189 7182
f 7180 7182 7189
f 7189 2996 7180
f 7189 7188 7190
f 7190 7191 7189
f 7193 7190 7188
f 7188 7192 7193
f 7184 7186 7192
f 7192 7188 7184
f 7187 7196 7194
f 7196 7187 7195
f 7197 7199 7195
f 7199 7197 7198
f 7195 7185 7197
f 7185 7195 7187
f 7195 7200 7196
f 7200 7195 7199
f 7194 7203 7201
f 7201 7202 7194
f 7194 7204 7203
f 7204 7194 7196
f 7187 7194 7202
f 7202 7186 7187
f 7183 7197 7185
f 7197 7183 7205
f 7198 7205 7206
f 7205 7198 7197
f 7206 7208 7198
f 7208 7206 7207
f 7210 7206 7209
f 7206 7210 7207
f 7206 7211 7209
f 7211 7206 7205
f 7181 7205 7183
f 7205 7181 7211
f 7179 7211 7181
f 7211 7179 7212
f 7212 7209 7211
f 7209 7212 7213
f 7214 7209 7213
f 7209 7214 7210
f 7210 7216 7215
f 7216 7210 7214
f 7215 7218 7217
f 7218 7215 7216
f 7216 7220 7218
f 7220 7216 7219
f 7214 7219 7216
f 7219 7214 7221
f 7221 7213 7222
f 7213 7221 7214
f 7224 7225 7223
f 7225 7224 7222
f 7225 7213 7212
f 7213 7225 7222
f 7222 7226 7221
f 7226 7222 7224
f 7225 7212 7179
f 7179 7177 7225
f 7178 7180 2996
f 2996 2995 7178
f 3000 7178 2995
f 2995 2997 3000
f 7177 7176 7223
f 7223 7225 7177
f 7175 7223 7176
f 7176 7173 7175
f 7223 7227 7224
f 7227 7223 7175
f 7227 7230 7228
f 7230 7227 7229
f 7175 7229 7227
f 7229 7175 7174
f 7174 7232 7229
f 7232 7174 7231
f 7234 7235 7233
f 7235 7234 7231
f 7236 7235 7172
f 7172 2986 7236
f 7235 7236 7237
f 7237 7233 7235
f 3069 7237 7236
f 7236 3071 3069
f 2986 2985 3071
f 3071 7236 2986
f 7235 7231 7174
f 7174 7172 7235
f 7238 7231 7234
f 7231 7238 7232
f 7239 7232 7238
f 7232 7239 7240
f 7229 7240 7230
f 7240 7229 7232
f 7234 7242 7238
f 7242 7234 7241
f 7241 7245 7243
f 7243 7244 7241
f 7233 7241 7234
f 7241 7233 7245
f 7246 7241 7244
f 7241 7246 7242
f 7247 7226 7228
f 7226 7247 7248
f 7249 7248 7247
f 7248 7249 7250
f 7250 6247 6263
f 6247 7250 7249
f 6245 7249 7251
f 7249 6245 6247
f 7247 7251 7249
f 7251 7247 7252
f 6248 7251 7253
f 7251 6248 6245
f 7253 7252 7254
f 7252 7253 7251
f 7219 7250 7220
f 7250 7219 7248
f 7250 6264 7220
f 6264 7250 6263
f 7221 7248 7219
f 7248 7221 7226
f 7228 7252 7247
f 7252 7228 7230
f 7224 7228 7226
f 7228 7224 7227
f 7230 7254 7252
f 7254 7230 7240
f 7240 7255 7254
f 7255 7240 7239
f 7254 7256 7253
f 7256 7254 7255
f 7257 7253 7256
f 7253 7257 6248
f 6276 7257 6273
f 7257 6276 6250
f 7256 6273 7257
f 6273 7256 6274
f 6250 6248 7257
f 6248 6250 6243
f 6274 7255 7258
f 7255 6274 7256
f 7258 6275 6274
f 6275 7258 7259
f 7260 7259 7258
f 7259 7260 7261
f 7242 7261 7260
f 7261 7242 7246
f 7260 7238 7242
f 7238 7260 7239
f 7239 7258 7255
f 7258 7239 7260
f 6131 7261 7262
f 7261 6131 7259
f 7262 6127 6131
f 6127 7262 6124
f 6124 7263 6125
f 7263 6124 7262
f 7264 6125 7263
f 6125 7264 7265
f 7244 7243 7266
f 7266 7264 7244
f 7265 7266 7267
f 7266 7265 7264
f 6122 7267 7268
f 7267 6122 7265
f 7268 7267 3917
f 3917 7269 7268
f 3915 3917 7267
f 7267 7266 3915
f 3916 3915 7266
f 7266 7243 3916
f 7263 7244 7264
f 7244 7263 7246
f 7262 7246 7263
f 7246 7262 7261
f 6130 7259 6131
f 7259 6130 6275
f 7270 7245 7233
f 7233 7237 7270
f 3916 7243 7245
f 7245 7270 3916
f 3068 3914 3916
f 3916 7270 3068
f 7270 7237 3069
f 3069 3068 7270
f 3064 3071 2985
f 2985 2988 3064
f 3816 7271 3865
f 3865 3819 3816
f 7271 7272 3866
f 3866 3865 7271
f 6059 3866 7272
f 7272 6060 6059
f 6060 7272 7273
f 7273 7274 6060
f 7273 7277 7275
f 7275 7276 7273
f 3815 7278 7275
f 7275 7277 3815
f 7275 7278 7279
f 7279 7276 7275
f 7281 7276 7279
f 7279 7280 7281
f 7280 7283 7282
f 7282 7281 7280
f 3945 3944 7283
f 7283 7280 3945
f 7283 7285 7284
f 7284 7282 7283
f 6070 7284 7285
f 7285 7286 6070
f 7286 7285 3946
f 3946 7287 7286
f 3944 3946 7285
f 7285 7283 3944
f 7281 7282 6063
f 6063 7274 7281
f 6061 6063 7282
f 7282 7284 6061
f 7280 7279 7288
f 7288 3945 7280
f 3812 7288 7279
f 7279 7278 3812
f 3813 7289 7288
f 7288 3812 3813
f 3945 7288 7289
f 7289 3943 3945
f 7274 7273 7276
f 7276 7281 7274
f 3810 3812 7278
f 7278 3815 3810
f 3816 3815 7277
f 7277 7271 3816
f 7277 7273 7272
f 7272 7271 7277
f 3800 3931 3814
f 3814 3809 3800
f 3798 3804 3931
f 3931 3800 3798
f 3814 7290 7289
f 7289 3813 3814
f 7290 3935 3943
f 3943 7289 7290
f 3935 7290 3929
f 3929 3928 3935
f 7290 3814 3931
f 3931 3929 7290
f 3842 3835 3824
f 3824 3836 3842
f 3026 3074 3075
f 3075 3025 3026
f 3075 3024 3025
f 3024 3075 3078
f 3924 7292 7291
f 7291 3922 3924
f 7292 7294 7293
f 7293 7291 7292
f 7295 7294 3801
f 3801 3794 7295
f 7294 7295 7296
f 7296 7293 7294
f 7293 7296 7297
f 7297 7298 7293
f 7296 7299 640
f 640 7297 7296
f 7301 7297 7300
f 7297 7301 7298
f 7291 7293 7298
f 7298 7302 7291
f 7302 7298 7301
f 7301 7303 7302
f 7303 7304 3921
f 3921 7302 7303
f 7304 3918 3919
f 3919 3921 7304
f 7269 3917 3918
f 3918 7304 7269
f 7304 7303 7305
f 7305 7269 7304
f 7301 7305 7303
f 7305 7301 7306
f 7308 7306 7307
f 7306 7308 7305
f 7310 7306 7309
f 7306 7310 7307
f 7306 7300 7309
f 7300 7306 7301
f 3922 7291 7302
f 7302 3921 3922
f 7300 640 638
f 640 7300 7297
f 7299 3834 7311
f 3834 7299 7312
f 3794 3793 7312
f 7312 7295 3794
f 7295 7312 7299
f 7299 7296 7295
f 3795 7312 3793
f 7312 3795 3834
f 7311 3828 3833
f 3828 7311 3834
f 640 7311 639
f 7311 640 7299
f 639 3833 636
f 3833 639 7311
f 3802 3801 7294
f 7294 7292 3802
f 7292 3924 3805
f 3805 3802 7292
f 2907 2831 2912
f 2831 2907 2832
f 4023 4022 4024
f 4024 4026 4023
f 4023 4026 4096
f 4096 4095 4023
f 4097 4026 4037
f 4026 4097 4096
f 4053 7313 4033
f 4033 4035 4053
f 7313 7314 4034
f 4034 4033 7313
f 7314 4037 4038
f 4037 7314 4097
f 4098 4097 7314
f 7314 7313 4098
f 4038 4031 4034
f 4034 7314 4038
f 7313 4053 4061
f 4061 4098 7313
f 4060 4061 4053
f 4053 4052 4060
f 2859 4088 2864
f 2864 2857 2859
f 3998 3999 4016
f 4016 4129 3998
f 4129 4016 4017
f 4017 4126 4129
f 2816 2815 2871
f 2871 2870 2816
f 4144 3212 3205
f 3205 3206 4144
f 4149 3222 3201
f 3201 3211 4149
f 3218 7315 4064
f 4064 3220 3218
f 4065 4064 7315
f 7315 7316 4065
f 4065 7316 4093
f 4093 4063 4065
f 4059 4054 4063
f 4063 4093 4059
f 4216 4215 4331
f 4331 4282 4216
f 4282 4331 7317
f 7317 4280 4282
f 7318 7317 4331
f 4331 4330 7318
f 7317 7318 7319
f 7319 7320 7317
f 7321 7322 7320
f 7320 7319 7321
f 7323 7324 7322
f 7322 7321 7323
f 7321 7326 7325
f 7325 7323 7321
f 7328 7325 7326
f 7326 7327 7328
f 7327 7326 7329
f 7329 7330 7327
f 7329 7319 7318
f 7318 4338 7329
f 7326 7321 7319
f 7319 7329 7326
f 7330 7329 4338
f 4338 4337 7330
f 7332 7327 7330
f 7330 7331 7332
f 7331 7330 4337
f 4337 4340 7331
f 7331 7334 7333
f 7333 7332 7331
f 7334 7331 4340
f 4340 7335 7334
f 7327 7332 7336
f 7336 7328 7327
f 7337 7338 7328
f 7328 7336 7337
f 7336 7340 7339
f 7339 7337 7336
f 7332 7333 7340
f 7340 7336 7332
f 6642 7339 7340
f 7340 7341 6642
f 7341 7340 7333
f 7333 2059 7341
f 7337 7343 7342
f 7342 7338 7337
f 7325 7328 7338
f 7338 7344 7325
f 7338 7342 7345
f 7345 7344 7338
f 7347 7342 7343
f 7343 7346 7347
f 7346 7343 7348
f 7348 7349 7346
f 7348 7343 7337
f 7337 7339 7348
f 7350 7351 7324
f 7324 7323 7350
f 7344 7350 7323
f 7323 7325 7344
f 7350 7353 7352
f 7352 7351 7350
f 7354 7355 7351
f 7351 7352 7354
f 7354 7357 4930
f 4930 7356 7354
f 7358 7355 7354
f 7354 7356 7358
f 7360 7358 7356
f 7356 7359 7360
f 7361 7362 7355
f 7355 7358 7361
f 7358 7360 7363
f 7363 7361 7358
f 7356 4930 4927
f 4927 7359 7356
f 7357 4939 4928
f 4928 4930 7357
f 7364 4937 4939
f 4939 7357 7364
f 7353 7365 7364
f 7364 7352 7353
f 7352 7364 7357
f 7357 7354 7352
f 4937 7364 7365
f 7365 4938 4937
f 7351 7355 7362
f 7362 7324 7351
f 7366 7322 7324
f 7324 7362 7366
f 7322 7366 4281
f 4281 7320 7322
f 4280 7317 7320
f 7320 4281 4280
f 4274 4281 7366
f 7366 4277 4274
f 4277 7366 7362
f 7362 7361 4277
f 7344 7345 7353
f 7353 7350 7344
f 4338 7318 4330
f 4330 4332 4338
f 4421 4424 4399
f 4399 4398 4421
f 4412 5022 4406
f 4406 4408 4412
f 4395 4396 7367
f 4396 4395 4391
f 7369 7367 7368
f 7367 7369 4395
f 7370 7368 7367
f 7368 7370 7371
f 7367 7372 7370
f 7372 7367 4396
f 4396 4234 7372
f 4234 4396 4397
f 7372 7373 7370
f 7373 7372 4230
f 7370 4315 7371
f 4315 7370 7373
f 7371 7375 7368
f 7375 7371 7374
f 7377 7374 7376
f 7374 7377 7375
f 7368 7378 7369
f 7378 7368 7375
f 7380 7378 7379
f 7378 7380 4413
f 7382 7379 7381
f 7379 7382 7380
f 7377 7381 7379
f 7381 7377 7383
f 7375 7379 7378
f 7379 7375 7377
f 7369 4413 4410
f 4413 7369 7378
f 4410 4395 7369
f 4395 4410 4393
f 7383 7376 7384
f 7376 7383 7377
f 7385 7383 7384
f 7383 7385 7386
f 7384 4305 7385
f 4305 7384 4303
f 7385 5052 7386
f 5052 7385 5050
f 4305 5050 7385
f 5050 4305 5049
f 7384 4304 4303
f 4304 7384 7376
f 4314 7376 7374
f 7376 4314 4304
f 7374 4315 4314
f 4315 7374 7371
f 4312 7373 7387
f 7373 4312 4315
f 4230 7387 7373
f 7387 4230 4229
f 7387 4313 4312
f 4313 7387 4248
f 4229 4248 7387
f 4248 4229 4228
f 7372 4227 4230
f 4227 7372 4234
f 4745 4747 4753
f 4753 7388 4745
f 7388 7389 4746
f 4746 4745 7388
f 7390 7391 1871
f 1871 7389 7390
f 7390 7393 7392
f 7392 7391 7390
f 7391 7394 1869
f 1869 1871 7391
f 1844 1869 7394
f 7394 1843 1844
f 1843 7394 7395
f 7395 1841 1843
f 7395 7397 7396
f 7396 1841 7395
f 7397 7395 7392
f 7392 7398 7397
f 7400 7401 7399
f 7399 7398 7400
f 7398 7392 7393
f 7393 7400 7398
f 7395 7394 7391
f 7391 7392 7395
f 4941 7400 7393
f 7393 4942 4941
f 7390 7402 4942
f 4942 7393 7390
f 7401 7400 4941
f 4941 4936 7401
f 4936 4935 7403
f 7403 7401 4936
f 7401 7403 7404
f 7404 7399 7401
f 7405 7397 7398
f 7398 7399 7405
f 7406 7405 7399
f 7399 7404 7406
f 7404 7408 7407
f 7407 7406 7404
f 7405 7406 7409
f 7409 7410 7405
f 7411 7409 7406
f 7406 7407 7411
f 7410 7396 7397
f 7397 7405 7410
f 1841 7396 1855
f 1855 1842 1841
f 7396 7410 1856
f 1856 1855 7396
f 7389 7388 7402
f 7402 7390 7389
f 7389 1871 1870
f 1870 4746 7389
f 4911 7402 7388
f 7388 4753 4911
f 4750 4743 4887
f 4743 4750 4741
f 4887 7413 7412
f 7413 4887 4743
f 4744 1872 7413
f 7413 4743 4744
f 7412 1867 7414
f 1867 7412 7413
f 1866 7414 1867
f 7414 1866 6878
f 6872 7414 6870
f 7414 6872 7412
f 4886 7412 6872
f 7412 4886 4887
f 6878 6870 7414
f 6870 6878 6871
f 7413 1865 1867
f 1865 7413 1872
f 4746 1870 1872
f 1872 4744 4746
f 7363 4270 4271
f 4271 4276 7363
f 4276 4277 7361
f 7361 7363 4276
f 4268 7415 5031
f 5031 4267 4268
f 7415 5615 5032
f 5032 5031 7415
f 4786 5615 7415
f 7415 4784 4786
f 7415 4268 4269
f 4269 4784 7415
f 5614 4786 7416
f 4786 5614 5615
f 7416 4785 7417
f 4785 7416 4786
f 7417 5598 7416
f 5598 7417 5596
f 5596 7418 5597
f 7418 5596 7417
f 7419 7418 4787
f 7418 7419 7420
f 7420 7422 7421
f 7422 7420 7419
f 7421 7424 7423
f 7424 7421 7422
f 7425 7423 7424
f 7423 7425 7426
f 7428 7429 7427
f 7429 7428 7426
f 7426 7430 7429
f 7430 7426 7425
f 7431 7432 7430
f 7430 7425 7431
f 7434 7435 7431
f 7431 7433 7434
f 7433 7431 7425
f 7425 7424 7433
f 7432 7431 7435
f 7435 7436 7432
f 7429 7438 7437
f 7438 7429 7430
f 7439 7438 7430
f 7430 7432 7439
f 7437 7427 7429
f 7427 7437 7440
f 7442 7440 7441
f 7440 7442 7443
f 7441 7445 7442
f 7445 7441 7444
f 5602 7443 7442
f 7443 5602 5601
f 7446 7442 7445
f 7442 7446 5602
f 7440 7447 7441
f 7447 7440 7437
f 7438 7447 7437
f 7447 7438 7448
f 7447 7444 7441
f 7444 7447 7449
f 7448 7449 7447
f 7449 7448 7450
f 7427 7443 7451
f 7443 7427 7440
f 7452 7427 7451
f 7427 7452 7428
f 7452 5603 7453
f 5603 7452 7451
f 5601 7451 7443
f 7451 5601 5603
f 7452 7426 7428
f 7426 7452 7423
f 7423 7453 7421
f 7453 7423 7452
f 7454 7421 7453
f 7421 7454 7420
f 7420 5597 7418
f 5597 7420 7454
f 7454 5593 5597
f 5593 7454 5600
f 5600 7453 5603
f 7453 5600 7454
f 7455 7433 7424
f 7424 7422 7455
f 7456 7455 7422
f 7422 7419 7456
f 4776 7457 7455
f 7455 7456 4776
f 7433 7455 7457
f 7457 7434 7433
f 7457 4775 7458
f 7458 7434 7457
f 7458 7459 7435
f 7435 7434 7458
f 7461 7459 7458
f 7458 7460 7461
f 7460 7458 4775
f 4775 4772 7460
f 4776 4770 4775
f 4775 7457 4776
f 4777 4776 7456
f 7456 4788 4777
f 4788 7456 7419
f 7419 4787 4788
f 7417 4787 7418
f 4787 7417 4785
f 5609 7416 5598
f 7416 5609 5614
f 7359 4794 4793
f 4793 7360 7359
f 4270 7363 7360
f 7360 4793 4270
f 4794 7359 4927
f 4927 4891 4794
f 4929 4928 4939
f 4939 4932 4929
f 4707 4801 4813
f 4801 4707 4700
f 4707 4812 4706
f 4812 4707 4813
f 7462 5076 4993
f 4993 5022 7462
f 5076 7462 5072
f 5072 5071 5076
f 7462 7463 5075
f 5075 5072 7462
f 7463 7465 7464
f 7464 5075 7463
f 7465 7380 7382
f 7382 7464 7465
f 7466 7464 7382
f 7464 7466 7467
f 7467 5075 7464
f 5075 7467 5073
f 5073 7468 5074
f 7468 5073 7467
f 7468 5063 7469
f 5063 7468 7470
f 7470 5062 5063
f 5062 7470 7471
f 5051 7471 5052
f 7471 5051 5062
f 5052 7472 7386
f 7472 5052 7471
f 7471 7466 7472
f 7466 7471 7470
f 7382 7472 7466
f 7472 7382 7381
f 7470 7467 7466
f 7467 7470 7468
f 7381 7386 7472
f 7386 7381 7383
f 5058 7469 5063
f 5063 5056 5058
f 7469 5074 7468
f 5074 7469 5058
f 4413 7465 4411
f 7465 4413 7380
f 7463 4411 7465
f 4411 7463 4412
f 4412 7463 7462
f 7462 5022 4412
f 4406 5022 5021
f 5021 4407 4406
f 5559 5026 7473
f 5026 5559 5554
f 7473 7476 7474
f 7476 7473 7475
f 7475 5026 5025
f 5026 7475 7473
f 7478 7475 7477
f 7475 7478 7476
f 7476 7480 7479
f 7480 7476 7478
f 7479 7482 7481
f 7482 7479 7480
f 7474 7479 7483
f 7479 7474 7476
f 7484 7474 7483
f 7474 7484 7485
f 7473 7485 5559
f 7485 7473 7474
f 7486 5559 7485
f 5559 7486 5558
f 7487 5558 7486
f 5558 7487 5557
f 7489 7487 7488
f 7487 7489 5557
f 7488 7491 7489
f 7491 7488 7490
f 7492 7490 7488
f 7490 7492 7493
f 7492 7487 7494
f 7487 7492 7488
f 7486 7494 7487
f 7494 7486 7495
f 7497 7495 7496
f 7495 7497 7494
f 7484 7496 7495
f 7496 7484 7498
f 7485 7495 7486
f 7495 7485 7484
f 7498 7483 7499
f 7483 7498 7484
f 7499 7500 7498
f 7500 7499 7481
f 7483 7481 7499
f 7481 7483 7479
f 7481 7501 7500
f 7501 7481 7482
f 7482 7503 7502
f 7502 7501 7482
f 7503 7505 7504
f 7504 7502 7503
f 7506 7507 7505
f 7505 7503 7506
f 7503 7482 7480
f 7480 7506 7503
f 7509 7500 7501
f 7501 7508 7509
f 7501 7502 7510
f 7510 7508 7501
f 7511 7506 7480
f 7480 7478 7511
f 7512 7511 7478
f 7478 7477 7512
f 5012 7512 7477
f 7477 5011 5012
f 5013 7513 7512
f 7512 5012 5013
f 7513 7514 7511
f 7511 7512 7513
f 7511 7514 7507
f 7507 7506 7511
f 7514 7516 7515
f 7515 7507 7514
f 7516 7518 7517
f 7517 7515 7516
f 7519 7520 7518
f 7518 7516 7519
f 7513 7519 7516
f 7516 7514 7513
f 7519 7513 5013
f 5013 7521 7519
f 7521 7522 7520
f 7520 7519 7521
f 7524 7525 7522
f 7522 7523 7524
f 7521 5018 7523
f 7523 7522 7521
f 7526 7520 7522
f 7522 7525 7526
f 5018 7521 5013
f 5013 5010 5018
f 7477 5025 5011
f 5025 7477 7475
f 5119 5154 5207
f 5207 5204 5119
f 5154 5153 5210
f 5210 5207 5154
f 7528 5209 5210
f 5210 7527 7528
f 7527 7530 7529
f 7529 7528 7527
f 7530 7532 7531
f 7531 7529 7530
f 7529 7531 7533
f 7533 7534 7529
f 7536 7533 7531
f 7531 7535 7536
f 7536 7539 7537
f 7537 7538 7536
f 7538 7537 7540
f 7540 7541 7538
f 7538 7541 7542
f 7542 7545 7538
f 7546 7545 7542
f 7542 7543 7546
f 7547 7550 7549
f 7549 7548 7547
f 7537 7550 7547
f 7547 7540 7537
f 7533 7536 7538
f 7538 7545 7533
f 7545 7546 7534
f 7534 7533 7545
f 7528 7529 7534
f 7534 7551 7528
f 5209 7528 7551
f 7551 5208 5209
f 7546 7552 7551
f 7551 7534 7546
f 5208 7551 7552
f 7552 7553 5208
f 7537 7539 7554
f 7554 7550 7537
f 7556 7557 7554
f 7554 7555 7556
f 7555 7554 7539
f 7539 7558 7555
f 7539 7536 7535
f 7535 7558 7539
f 7532 7559 7535
f 7535 7531 7532
f 7558 7535 7559
f 7559 7560 7558
f 7560 7561 7555
f 7555 7558 7560
f 7561 7562 7556
f 7556 7555 7561
f 7563 7564 7562
f 7562 7561 7563
f 7565 7563 7561
f 7561 7560 7565
f 7557 7549 7550
f 7550 7554 7557
f 7566 7567 7549
f 7549 7557 7566
f 7557 7556 7568
f 7568 7566 7557
f 7568 7570 5321
f 5321 7569 7568
f 7570 7568 7556
f 7556 7562 7570
f 7569 7571 7566
f 7566 7568 7569
f 7567 7566 7571
f 7571 7572 7567
f 7572 7571 7573
f 7573 7574 7572
f 7572 7576 7575
f 7575 7567 7572
f 7574 7577 7576
f 7576 7572 7574
f 7532 7530 7578
f 7578 7579 7532
f 5149 5148 7579
f 7579 7578 5149
f 5151 5149 7578
f 7578 5152 5151
f 5152 7578 7530
f 7530 7527 5152
f 7559 7532 7579
f 7579 7580 7559
f 7580 7565 7560
f 7560 7559 7580
f 7581 7582 7565
f 7565 7580 7581
f 7583 7584 7582
f 7582 7581 7583
f 7585 7586 7584
f 7584 7583 7585
f 7586 7585 7587
f 7587 7588 7586
f 5167 7588 7587
f 7587 7589 5167
f 5150 5145 5146
f 5146 7589 5150
f 7589 7587 7585
f 7585 5150 7589
f 5165 5167 7589
f 7589 5146 5165
f 7591 7586 7588
f 7588 7590 7591
f 7590 7593 7592
f 7592 7591 7590
f 7593 7595 7594
f 7594 7592 7593
f 5168 7596 7595
f 7595 7593 5168
f 5166 5168 7593
f 7593 7590 5166
f 7586 7591 7597
f 7597 7584 7586
f 7598 7597 7591
f 7591 7592 7598
f 5167 5166 7590
f 7590 7588 5167
f 7583 5147 5150
f 5150 7585 7583
f 7581 5148 5147
f 5147 7583 7581
f 7582 7599 7563
f 7563 7565 7582
f 7584 7597 7599
f 7599 7582 7584
f 7599 7600 7564
f 7564 7563 7599
f 7600 7602 7601
f 7601 7564 7600
f 5319 7601 7602
f 7602 5320 5319
f 7570 7562 7564
f 7564 7601 7570
f 5321 7570 7601
f 7601 5319 5321
f 7603 5284 5320
f 5320 7602 7603
f 7592 7594 7603
f 7603 7598 7592
f 7598 7603 7602
f 7602 7600 7598
f 5284 7603 7594
f 7594 5283 5284
f 7597 7598 7600
f 7600 7599 7597
f 5148 7581 7580
f 7580 7579 5148
f 5153 5152 7527
f 7527 5210 5153
f 5200 5208 7553
f 7553 5198 5200
f 5225 7604 5224
f 5224 5219 5225
f 5224 7604 6039
f 6039 7605 5224
f 7607 7608 7606
f 7606 7605 7607
f 7608 7607 7609
f 7609 7610 7608
f 7612 7613 7611
f 7611 7610 7612
f 6075 7612 7610
f 7610 7609 6075
f 6042 7609 7607
f 7607 6040 6042
f 7609 6042 6076
f 6076 6075 7609
f 6072 6074 7613
f 7613 7612 6072
f 7613 7615 7614
f 7614 7611 7613
f 7617 7614 7615
f 7615 7616 7617
f 7618 7619 7614
f 7614 7617 7618
f 7621 7618 7617
f 7617 7620 7621
f 7618 7621 7622
f 7622 7623 7618
f 7625 7622 7621
f 7621 7624 7625
f 7624 7621 7620
f 7620 7626 7624
f 7623 7627 7619
f 7619 7618 7623
f 7627 7623 7628
f 7628 7629 7627
f 7631 7619 7627
f 7627 7630 7631
f 7629 5222 7630
f 7630 7627 7629
f 7619 7631 7611
f 7611 7614 7619
f 7610 7611 7631
f 7631 7608 7610
f 7620 7617 7616
f 7616 7632 7620
f 7616 7615 7633
f 7633 7634 7616
f 7634 7635 7632
f 7632 7616 7634
f 7636 7637 7635
f 7635 7634 7636
f 7634 7633 6069
f 6069 7636 7634
f 7615 7613 6074
f 6074 7633 7615
f 6073 6072 7612
f 7612 6075 6073
f 6040 7607 7605
f 7605 6039 6040
f 5221 7606 7630
f 7630 5222 5221
f 7630 7606 7608
f 7608 7631 7630
f 5221 5224 7605
f 7605 7606 5221
f 5249 5251 6039
f 6039 7604 5249
f 5226 5249 7604
f 7604 5225 5226
f 7553 7552 7544
f 7544 7638 7553
f 5198 7553 7638
f 7638 5197 5198
f 5281 5280 5289
f 5289 5318 5281
f 5338 5346 5351
f 5351 5337 5338
f 7569 5321 5314
f 5314 5316 7569
f 5309 5323 7639
f 7639 5317 5309
f 7639 5343 7574
f 7574 7573 7639
f 5343 7639 5323
f 5323 5340 5343
f 5317 7639 7573
f 7573 5316 5317
f 7640 5625 5565
f 5565 5564 7640
f 7641 5624 5625
f 5625 7640 7641
f 7642 5622 5624
f 5624 7641 7642
f 5622 7642 5618
f 5618 5610 5622
f 7642 7643 5619
f 5619 5618 7642
f 7645 7646 7644
f 7644 7643 7645
f 7647 7648 7646
f 7646 7645 7647
f 5564 5566 7647
f 7647 7640 5564
f 7640 7647 7645
f 7645 7641 7640
f 5569 7647 5566
f 7647 5569 7648
f 7650 7646 7648
f 7648 7649 7650
f 7646 7650 7651
f 7651 7644 7646
f 7644 7652 5619
f 5619 7643 7644
f 7652 7653 5620
f 5620 5619 7652
f 7653 7652 7654
f 7654 7655 7653
f 7651 7654 7652
f 7652 7644 7651
f 7651 7650 7656
f 7656 7657 7651
f 7659 7657 7656
f 7656 7658 7659
f 7657 7659 7660
f 7660 7661 7657
f 7663 7660 7659
f 7659 7662 7663
f 7658 7664 7662
f 7662 7659 7658
f 7666 7656 7665
f 7656 7666 7658
f 7667 7658 7666
f 7658 7667 7664
f 7667 7490 7493
f 7490 7667 7666
f 7665 7490 7666
f 7490 7665 7491
f 7649 7665 7656
f 7656 7650 7649
f 5568 7491 7665
f 7665 7649 5568
f 7648 5568 7649
f 5568 7648 5569
f 7641 7645 7643
f 7643 7642 7641
f 5570 7489 7491
f 7491 5568 5570
f 7489 5570 5556
f 5556 5557 7489
f 4877 5585 7668
f 5585 4877 4879
f 7669 4828 7668
f 4828 7669 7670
f 7670 4847 4831
f 4847 7670 4846
f 7669 7671 4846
f 4846 7670 7669
f 7669 5585 5588
f 5585 7669 7668
f 7672 7669 5588
f 7669 7672 7671
f 4844 4846 7671
f 7671 7673 4844
f 7672 7674 7673
f 7673 7671 7672
f 7675 5588 5586
f 5588 7675 7672
f 7676 7672 7675
f 7672 7676 7674
f 7677 7673 7674
f 7673 7677 7678
f 7680 7681 7679
f 7681 7680 7677
f 7680 7678 7677
f 7678 7680 7682
f 7680 7684 7683
f 7683 7682 7680
f 7679 7685 7684
f 7684 7680 7679
f 7444 7676 7445
f 7676 7444 7681
f 7681 7674 7676
f 7674 7681 7677
f 7449 7681 7444
f 7681 7449 7679
f 7445 7675 7446
f 7675 7445 7676
f 5586 7446 7675
f 7446 5586 5587
f 4844 7678 4845
f 7678 4844 7673
f 4824 7670 4831
f 7670 4824 4828
f 4827 7668 4828
f 7668 4827 4877
f 5238 7687 7686
f 7686 5239 5238
f 7687 5238 5216
f 5216 5223 7687
f 7686 7687 7629
f 7629 7628 7686
f 7628 7689 7688
f 7688 7686 7628
f 7689 7622 7625
f 7625 7690 7689
f 7692 7693 7691
f 7691 7690 7692
f 7693 7692 7694
f 7694 7695 7693
f 7697 7691 7693
f 7693 7696 7697
f 7697 7700 7698
f 7698 7699 7697
f 7688 7691 7697
f 7697 7699 7688
f 7689 7690 7691
f 7691 7688 7689
f 7699 5239 7686
f 7686 7688 7699
f 5239 7699 7698
f 7698 5236 5239
f 5237 5236 7698
f 7698 7701 5237
f 7701 7703 7702
f 7702 5237 7701
f 7703 7701 7704
f 7704 7705 7703
f 7701 7698 7700
f 7700 7704 7701
f 7696 7706 7700
f 7700 7697 7696
f 7706 7696 7707
f 7707 7708 7706
f 7706 7709 7704
f 7704 7700 7706
f 7709 7710 7705
f 7705 7704 7709
f 7711 7712 7710
f 7710 7709 7711
f 7709 7706 7708
f 7708 7711 7709
f 7713 7714 7708
f 7708 7707 7713
f 7714 7713 7715
f 7715 7716 7714
f 7718 7715 7713
f 7713 7717 7718
f 7707 7695 7717
f 7717 7713 7707
f 7695 7707 7696
f 7696 7693 7695
f 7721 7694 7719
f 7719 7720 7721
f 7723 7721 7720
f 7720 7722 7723
f 7725 7726 7724
f 7724 7722 7725
f 7722 7720 7727
f 7727 7725 7722
f 7720 7719 7728
f 7728 7727 7720
f 7729 3965 7726
f 7726 7725 7729
f 7725 7727 7730
f 7730 7729 7725
f 7731 3964 3965
f 3965 7729 7731
f 7729 7730 7732
f 7732 7731 7729
f 7726 3970 7733
f 7733 7724 7726
f 3970 7726 3965
f 3965 3962 3970
f 7724 7718 7723
f 7723 7722 7724
f 7723 7718 7717
f 7717 7721 7723
f 7721 7717 7695
f 7695 7694 7721
f 7692 7734 7719
f 7719 7694 7692
f 7719 7734 7735
f 7735 7728 7719
f 7735 7624 7626
f 7626 7736 7735
f 7736 7626 7737
f 7737 7738 7736
f 7740 7736 7738
f 7738 7739 7740
f 7741 7742 7739
f 7739 7738 7741
f 7738 7737 7743
f 7743 7741 7738
f 7728 7735 7736
f 7736 7740 7728
f 7734 7625 7624
f 7624 7735 7734
f 7690 7625 7734
f 7734 7692 7690
f 7689 7628 7623
f 7623 7622 7689
f 7629 7687 5223
f 5223 5222 7629
f 5235 5237 7702
f 7702 5234 5235
f 4554 4551 5648
f 5648 5649 4554
f 4551 4550 5647
f 5647 5648 4551
f 7746 7747 7745
f 7745 7744 7746
f 7744 5647 4550
f 4550 7746 7744
f 7748 7749 7747
f 7747 7746 7748
f 4558 7750 7749
f 7749 7748 4558
f 4559 7751 7750
f 7750 4558 4559
f 7753 7750 7751
f 7751 7752 7753
f 7755 7756 7754
f 7754 7752 7755
f 7755 7759 7757
f 7757 7758 7755
f 7756 7755 7758
f 7758 7760 7756
f 7762 7756 7760
f 7760 7761 7762
f 7761 7760 4599
f 4599 7763 7761
f 4597 4599 7760
f 7760 7758 4597
f 4598 4597 7758
f 7758 7757 4598
f 7757 4576 4577
f 4577 4598 7757
f 4576 7757 7759
f 7759 4560 4576
f 7759 7755 7752
f 7752 7751 7759
f 7765 7766 7754
f 7754 7764 7765
f 7768 7765 7764
f 7764 7767 7768
f 7762 7769 7767
f 7767 7764 7762
f 7771 7768 7767
f 7767 7770 7771
f 7770 7767 7769
f 7769 7772 7770
f 7773 7774 7766
f 7766 7765 7773
f 7774 7773 7775
f 7775 7776 7774
f 7773 7778 7777
f 7777 7775 7773
f 7765 7768 7778
f 7778 7773 7765
f 7766 7753 7752
f 7752 7754 7766
f 7774 7779 7753
f 7753 7766 7774
f 7764 7754 7756
f 7756 7762 7764
f 7751 4559 4560
f 4560 7759 7751
f 7779 7749 7750
f 7750 7753 7779
f 7749 7779 7780
f 7780 7747 7749
f 7781 7782 7780
f 7780 7776 7781
f 7784 7783 7775
f 7775 7777 7784
f 7777 7786 7785
f 7785 7784 7777
f 7783 7781 7776
f 7776 7775 7783
f 7776 7780 7779
f 7779 7774 7776
f 7747 7780 7782
f 7782 7745 7747
f 4553 4558 7748
f 7748 4552 4553
f 4552 7748 7746
f 7746 4550 4552
f 4544 4547 4629
f 4629 4571 4544
f 5732 7788 7787
f 7788 5732 5734
f 7787 7790 7789
f 7790 7787 7788
f 7789 7792 7791
f 7792 7789 7790
f 7794 7789 7793
f 7789 7794 7787
f 5731 7787 7794
f 7787 5731 5732
f 7796 7794 7795
f 7794 7796 5731
f 7798 7795 7797
f 7795 7798 7796
f 5737 5731 7796
f 5731 5737 5729
f 7799 7796 7798
f 7796 7799 5737
f 7801 7798 7800
f 7798 7801 7799
f 7802 7804 7801
f 7804 7802 7803
f 7805 7807 7802
f 7807 7805 7806
f 7802 7800 7805
f 7800 7802 7801
f 7807 7803 7802
f 7803 7807 7808
f 7801 7809 7799
f 7809 7801 7804
f 5726 7804 7810
f 7804 5726 7809
f 7810 7803 7811
f 7803 7810 7804
f 7800 7797 7812
f 7797 7800 7798
f 7812 7814 7813
f 7814 7812 7797
f 7797 7815 7814
f 7815 7797 7795
f 7816 7813 7814
f 7813 7816 7817
f 7814 7818 7816
f 7818 7814 7815
f 7805 7812 7819
f 7812 7805 7800
f 7813 7819 7812
f 7819 7813 7820
f 7795 7793 7815
f 7793 7795 7794
f 7815 7821 7818
f 7821 7815 7793
f 7818 7823 7822
f 7823 7818 7821
f 7823 7826 7824
f 7826 7823 7825
f 7821 7825 7823
f 7825 7821 7791
f 7827 7826 7825
f 7826 7827 7828
f 7827 7791 7792
f 7791 7827 7825
f 7822 7824 7829
f 7824 7822 7823
f 7830 7829 7824
f 7829 7830 7831
f 7824 7832 7830
f 7832 7824 7826
f 7793 7791 7821
f 7791 7793 7789
f 7833 7792 7790
f 7792 7833 7834
f 7833 7788 7835
f 7788 7833 7790
f 7835 5734 5748
f 5734 7835 7788
f 7835 7837 7833
f 7837 7835 7836
f 7836 5703 7837
f 5703 7836 5701
f 7834 7837 7838
f 7837 7834 7833
f 7838 7840 7834
f 7840 7838 7839
f 7842 7839 7841
f 7839 7842 7840
f 7842 7844 7828
f 7844 7842 7843
f 7844 6758 6753
f 6758 7844 7843
f 7843 6759 6758
f 6759 7843 7845
f 7843 7841 7845
f 7841 7843 7842
f 7828 7840 7842
f 7840 7828 7827
f 7834 7827 7792
f 7827 7834 7840
f 7846 7841 7839
f 7841 7846 7847
f 7846 7849 7848
f 7848 7847 7846
f 7847 7845 7841
f 7845 7847 7850
f 7851 7850 7847
f 7847 7848 7851
f 7849 6932 7852
f 7852 7848 7849
f 7853 6930 6932
f 6932 7849 7853
f 7854 7853 7849
f 7849 7846 7854
f 7854 7839 7838
f 7839 7854 7846
f 7837 7854 7838
f 7854 7837 5703
f 5706 5701 7836
f 5701 5706 5702
f 5748 7836 7835
f 7836 5748 5706
f 5704 7853 7854
f 7854 5703 5704
f 5857 7855 5862
f 5862 5855 5857
f 7855 7857 7856
f 7856 5862 7855
f 7858 7859 7856
f 7856 7857 7858
f 7858 7861 7860
f 7860 7859 7858
f 7862 7863 7861
f 7861 7858 7862
f 7857 7864 7862
f 7862 7858 7857
f 7855 5857 5870
f 5870 7865 7855
f 7865 7864 7857
f 7857 7855 7865
f 7867 7860 7861
f 7861 7866 7867
f 7869 7867 7866
f 7866 7868 7869
f 7867 7869 5466
f 5466 5465 7867
f 7860 7867 5465
f 5465 7870 7860
f 5458 5457 7870
f 7870 5465 5458
f 7870 7871 7859
f 7859 7860 7870
f 7856 7859 7871
f 7871 7872 7856
f 5860 7872 5865
f 5865 5861 5860
f 7872 7871 5459
f 5459 5865 7872
f 5862 7856 7872
f 7872 5860 5862
f 7871 7870 5457
f 5457 5459 7871
f 7869 7873 5467
f 5467 5466 7869
f 7875 7876 7874
f 7874 7873 7875
f 7875 7878 7877
f 7877 7876 7875
f 7879 7874 7876
f 7876 7786 7879
f 7879 7778 7768
f 7768 7771 7879
f 7786 7777 7778
f 7778 7879 7786
f 7771 7880 7874
f 7874 7879 7771
f 7786 7876 7877
f 7877 7785 7786
f 7868 7881 7878
f 7878 7875 7868
f 7873 7869 7868
f 7868 7875 7873
f 7882 7881 7868
f 7868 7866 7882
f 7866 7861 7863
f 7863 7882 7866
f 7873 7874 7880
f 7880 5467 7873
f 7884 5959 7883
f 5959 7884 5957
f 7883 7886 7884
f 7886 7883 7885
f 7888 7885 7887
f 7885 7888 7889
f 7888 7892 7890
f 7892 7888 7891
f 7887 7891 7888
f 7891 7887 5996
f 5996 5995 5993
f 5995 5996 7887
f 7887 7883 5995
f 7883 7887 7885
f 7891 7894 7892
f 7894 7891 7893
f 5997 7895 7893
f 7895 5997 5998
f 7893 7896 7894
f 7896 7893 7895
f 7897 7894 7896
f 7894 7897 7898
f 7900 7896 7899
f 7896 7900 7897
f 7897 7902 7901
f 7902 7897 7900
f 7901 7904 7903
f 7904 7901 7902
f 7904 7902 7905
f 7905 7906 7904
f 7900 7905 7902
f 7905 7900 7907
f 7899 7907 7900
f 7907 7899 7908
f 7909 7908 7899
f 7908 7909 7910
f 7899 7895 7909
f 7895 7899 7896
f 7901 7898 7897
f 7898 7901 7911
f 7911 7903 7912
f 7903 7911 7901
f 7914 7915 7913
f 7915 7914 7912
f 7912 7916 7915
f 7916 7912 7903
f 7917 7912 7914
f 7912 7917 7911
f 7911 7918 7898
f 7918 7911 7917
f 7917 7920 7918
f 7920 7917 7919
f 7898 7892 7894
f 7892 7898 7918
f 7918 7890 7892
f 7890 7918 7920
f 7909 5998 7921
f 5998 7909 7895
f 5984 7922 7921
f 7922 5984 5987
f 7921 7910 7909
f 7910 7921 7922
f 7922 7924 7910
f 7924 7922 7923
f 7926 7923 7925
f 7923 7926 7924
f 7910 7927 7908
f 7927 7910 7924
f 7924 7928 7927
f 7928 7924 7926
f 7930 7931 7925
f 7925 7929 7930
f 7925 7932 7929
f 7932 7925 7923
f 7926 7925 7931
f 7931 7933 7926
f 7923 5987 7932
f 5987 7923 7922
f 5985 7921 5998
f 7921 5985 5984
f 5996 7893 7891
f 7893 5996 5997
f 7889 7890 7934
f 7890 7889 7888
f 7936 7934 7935
f 7934 7936 7889
f 7937 7935 7934
f 7935 7937 7938
f 7934 7920 7937
f 7920 7934 7890
f 7938 7940 7939
f 7940 7938 7937
f 7939 7942 7941
f 7942 7939 7940
f 7944 7942 7943
f 7942 7944 7945
f 7945 7947 7946
f 7947 7945 7944
f 7944 7948 7947
f 7948 7944 7913
f 7913 7943 7914
f 7943 7913 7944
f 7949 7951 7946
f 7951 7949 7950
f 7946 7952 7949
f 7952 7946 7947
f 7953 7946 7951
f 7946 7953 7945
f 7945 7941 7942
f 7941 7945 7953
f 7955 7953 7954
f 7953 7955 7941
f 7956 7941 7955
f 7941 7956 7939
f 7940 7943 7942
f 7943 7940 7919
f 7937 7919 7940
f 7919 7937 7920
f 7958 7938 7957
f 7938 7958 7935
f 7958 7936 7935
f 7936 7958 7959
f 7959 7886 7936
f 7886 7959 7960
f 7960 7958 7961
f 7958 7960 7959
f 7884 7960 7962
f 7960 7884 7886
f 7962 7961 7963
f 7961 7962 7960
f 7936 7885 7889
f 7885 7936 7886
f 7956 7965 7957
f 7965 7956 7964
f 7967 7968 7966
f 7968 7967 7964
f 7964 7969 7965
f 7969 7964 7967
f 7969 7971 7970
f 7971 7969 7967
f 7972 7967 7966
f 7967 7972 7971
f 7968 7974 7966
f 7974 7968 7973
f 7954 7968 7955
f 7968 7954 7973
f 7964 7955 7968
f 7955 7964 7956
f 7957 7939 7956
f 7939 7957 7938
f 7961 7957 7965
f 7957 7961 7958
f 5959 5995 7883
f 5995 5959 5969
f 5956 5961 5954
f 5961 5956 7975
f 7976 7975 7970
f 7975 7976 5961
f 7978 7976 7977
f 7976 7978 7979
f 5960 5942 5943
f 5942 5960 7979
f 7979 5940 5942
f 5940 7979 7978
f 7978 5941 5940
f 5941 7978 7980
f 7980 7982 5941
f 7982 7980 7981
f 7981 7984 7982
f 7984 7981 7983
f 7983 7986 7984
f 7986 7983 7985
f 7988 7985 7987
f 7985 7988 7986
f 7984 7990 7989
f 7990 7984 7986
f 7989 7982 7984
f 7982 7989 7991
f 7989 7993 7992
f 7993 7989 7990
f 7990 7995 7993
f 7995 7990 7994
f 7994 7986 7988
f 7986 7994 7990
f 7996 7998 7987
f 7998 7996 7997
f 8000 7996 7999
f 7996 8000 8001
f 7999 7987 7985
f 7987 7999 7996
f 7997 8001 8002
f 8001 7997 7996
f 8004 7998 8003
f 7998 8004 8005
f 7997 8003 7998
f 8003 7997 8006
f 8005 7987 7998
f 7987 8005 7988
f 8007 7985 7983
f 7985 8007 7999
f 8009 8007 8008
f 8007 8009 8010
f 8011 8000 8010
f 8000 8011 8012
f 7974 8010 8009
f 8010 7974 8011
f 7999 8010 8000
f 8010 7999 8007
f 7972 8008 8013
f 8008 7972 8009
f 7981 8013 8008
f 8013 7981 7980
f 8008 7983 7981
f 7983 8008 8007
f 7977 7980 7978
f 7980 7977 8013
f 7970 7977 7976
f 7977 7970 7971
f 8013 7971 7972
f 7971 8013 7977
f 7979 5961 7976
f 5961 7979 5960
f 7970 7963 7969
f 7963 7970 7975
f 7962 7975 5956
f 7975 7962 7963
f 5957 7962 5956
f 7962 5957 7884
f 5980 6001 8014
f 6001 5980 5981
f 5979 8014 8015
f 8014 5979 5980
f 8015 5991 5979
f 5991 8015 8016
f 8016 8018 8017
f 8018 8016 8015
f 8017 8020 8019
f 8020 8017 8018
f 8019 8022 8021
f 8022 8019 8020
f 8024 8019 8023
f 8019 8024 8017
f 8026 8027 8025
f 8025 8024 8026
f 8026 8030 8028
f 8028 8029 8026
f 8027 8026 8029
f 8029 8031 8027
f 8034 8031 8032
f 8032 8033 8034
f 8031 8029 8035
f 8035 8032 8031
f 8036 8027 8031
f 8031 8034 8036
f 8029 8028 8037
f 8037 8035 8029
f 8028 8039 8038
f 8038 8037 8028
f 8030 8040 8039
f 8039 8028 8030
f 8030 8026 8024
f 8024 8023 8030
f 8021 8023 8019
f 8023 8021 8041
f 8023 8041 8040
f 8040 8030 8023
f 8041 8043 8042
f 8042 8040 8041
f 8041 8044 8043
f 8044 8041 8021
f 8025 8017 8024
f 8017 8025 8016
f 8016 5992 5991
f 5992 8016 8025
f 5992 8025 8027
f 8027 8036 5992
f 8022 8047 8045
f 8047 8022 8046
f 8048 8050 8046
f 8050 8048 8049
f 8051 8049 8048
f 8049 8051 6002
f 8051 8015 8014
f 8015 8051 8018
f 8018 8048 8020
f 8048 8018 8051
f 8020 8046 8022
f 8046 8020 8048
f 8014 6002 8051
f 6002 8014 6001
f 8049 8053 8050
f 8053 8049 8052
f 6003 6015 8052
f 6015 6003 6005
f 6002 8052 8049
f 8052 6002 6003
f 8052 6016 8053
f 6016 8052 6015
f 8054 8050 8053
f 8050 8054 8055
f 8053 8056 8054
f 8056 8053 6016
f 8046 8055 8047
f 8055 8046 8050
f 8045 8058 8057
f 8058 8045 8047
f 8045 8021 8022
f 8021 8045 8044
f 8044 8057 8059
f 8057 8044 8045
f 8059 8061 8060
f 8061 8059 8057
f 8057 8062 8061
f 8062 8057 8058
f 8047 8063 8058
f 8063 8047 8055
f 8055 8064 8063
f 8064 8055 8054
f 8054 8065 8064
f 8065 8054 8056
f 8066 8063 8064
f 8063 8066 8067
f 8064 8068 8066
f 8068 8064 8065
f 8058 8067 8062
f 8067 8058 8063
f 7633 6074 6067
f 6067 6069 7633
f 1081 8070 8069
f 8070 1081 8071
f 8071 8073 8070
f 8073 8071 8072
f 8072 8075 8074
f 8075 8072 8071
f 1080 8071 1081
f 8071 1080 8075
f 1086 1081 8069
f 1081 1086 1074
f 154 367 161
f 367 154 153
f 7059 149 175
f 149 7059 150
f 148 366 155
f 366 148 150
f 150 7058 366
f 7058 150 7059
f 175 7057 7059
f 7057 175 176
f 180 6306 177
f 6306 180 183
f 7051 176 7056
f 176 7051 7057
f 7056 173 181
f 173 7056 176
f 7058 363 366
f 363 7058 361
f 7055 181 8077
f 181 7055 7056
f 179 8077 181
f 8077 179 8078
f 8078 3415 8077
f 3415 8078 3413
f 3413 6303 3414
f 6303 3413 8078
f 179 6303 8078
f 6303 179 178
f 7054 8077 3415
f 8077 7054 7055
f 3412 6304 3417
f 6304 3412 3414
f 6302 177 6306
f 177 6302 178
f 183 6305 6306
f 6305 183 8079
f 8079 6307 6305
f 6307 8079 6312
f 121 6312 8079
f 6312 121 123
f 122 8079 183
f 8079 122 121
f 113 106 8080
f 106 113 103
f 8080 6314 113
f 6314 8080 8081
f 8081 8083 8082
f 8083 8081 8080
f 8082 8085 8084
f 8085 8082 8083
f 8087 8084 8086
f 8084 8087 8082
f 8086 8089 8088
f 8089 8086 8084
f 8091 8088 8090
f 8088 8091 8086
f 8090 8093 8092
f 8093 8090 8088
f 8092 8095 8094
f 8095 8092 8093
f 8097 8092 8096
f 8092 8097 8090
f 8090 8098 8091
f 8098 8090 8097
f 8097 1037 8098
f 1037 8097 8099
f 8096 8099 8097
f 8099 8096 8100
f 8094 8096 8092
f 8096 8094 8101
f 8102 8101 8094
f 8101 8102 1082
f 8100 8101 1077
f 8101 8100 8096
f 1077 1082 1076
f 1082 1077 8101
f 8095 8105 8103
f 8105 8095 8104
f 8107 8104 8106
f 8104 8107 8105
f 8106 8109 8108
f 8109 8106 8104
f 8093 8104 8095
f 8104 8093 8109
f 8110 8103 8105
f 8103 8110 8074
f 8103 8094 8095
f 8094 8103 8102
f 8074 8102 8103
f 8102 8074 8075
f 8088 8109 8093
f 8109 8088 8089
f 8089 8108 8109
f 8108 8089 8111
f 8113 8111 8112
f 8111 8113 8108
f 8112 8085 8114
f 8085 8112 8111
f 8111 8084 8085
f 8084 8111 8089
f 8086 8115 8087
f 8115 8086 8091
f 8087 6315 6316
f 6315 8087 8115
f 6316 8082 8087
f 8082 6316 8081
f 6290 8115 8116
f 8115 6290 6315
f 1036 8098 1037
f 8098 1036 8116
f 8116 8091 8098
f 8091 8116 8115
f 1038 8116 1036
f 8116 1038 6290
f 8114 8083 8117
f 8083 8114 8085
f 8119 8117 8118
f 8117 8119 8114
f 132 8118 133
f 8118 132 8119
f 8120 8114 8119
f 8114 8120 8112
f 8112 8121 8113
f 8121 8112 8120
f 8113 8123 8122
f 8123 8113 8121
f 8124 8122 8123
f 8122 8124 8125
f 8127 8123 8126
f 8123 8127 8124
f 8125 8129 8128
f 8129 8125 8124
f 8124 8130 8129
f 8130 8124 8127
f 8108 8122 8106
f 8122 8108 8113
f 8125 8106 8122
f 8106 8125 8107
f 8126 8121 8131
f 8121 8126 8123
f 8132 8134 8131
f 8134 8132 8133
f 8120 8131 8121
f 8131 8120 8132
f 8135 8131 8134
f 8131 8135 8126
f 8119 8132 8120
f 8132 8119 132
f 107 133 8118
f 133 107 109
f 106 8118 8117
f 8118 106 107
f 8080 8117 8083
f 8117 8080 106
f 6311 8081 6316
f 8081 6311 6314
f 113 6313 111
f 6313 113 6314
f 111 123 112
f 123 111 6313
f 56 52 124
f 52 56 49
f 43 47 8136
f 47 43 37
f 8136 8138 8137
f 8138 8136 47
f 8137 8140 8139
f 8140 8137 8138
f 8137 8142 8136
f 8142 8137 8141
f 130 8141 131
f 8141 130 8142
f 8136 53 43
f 53 8136 8142
f 52 8142 130
f 8142 52 53
f 131 8144 8143
f 8144 131 8141
f 8143 8146 8145
f 8146 8143 8144
f 8145 8148 8147
f 8148 8145 8146
f 8147 8150 8149
f 8150 8147 8148
f 8149 8152 8151
f 8152 8149 8150
f 8154 8149 8153
f 8149 8154 8147
f 8147 8155 8145
f 8155 8147 8154
f 8134 8153 8135
f 8153 8134 8154
f 8156 8135 8153
f 8135 8156 8157
f 8153 8151 8156
f 8151 8153 8149
f 8159 8152 8158
f 8152 8159 8160
f 8160 8162 8161
f 8162 8160 8159
f 8164 8159 8163
f 8159 8164 8162
f 8158 8163 8159
f 8163 8158 8165
f 8150 8158 8152
f 8158 8150 8166
f 8168 8169 8167
f 8169 8168 8166
f 8148 8166 8150
f 8166 8148 8169
f 8166 8165 8158
f 8165 8166 8168
f 8160 8151 8152
f 8151 8160 8170
f 8170 8156 8151
f 8156 8170 8171
f 8171 8173 8172
f 8173 8171 8170
f 8161 8170 8160
f 8170 8161 8173
f 8169 8146 8174
f 8146 8169 8148
f 8174 8167 8169
f 8167 8174 8175
f 8175 8139 8140
f 8139 8175 8174
f 8139 8141 8137
f 8141 8139 8144
f 8144 8174 8146
f 8174 8144 8139
f 478 8140 480
f 8140 478 8175
f 8138 480 8140
f 480 8138 8176
f 8175 477 8167
f 477 8175 478
f 8143 129 131
f 129 8143 135
f 8145 135 8143
f 135 8145 8155
f 47 8176 8138
f 8176 47 46
f 8177 46 45
f 46 8177 8176
f 8176 476 480
f 476 8176 8177
f 467 8177 465
f 8177 467 476
f 45 465 8177
f 465 45 466
f 44 466 45
f 466 44 8178
f 25 468 8178
f 468 25 24
f 35 8178 44
f 8178 35 25
f 8178 464 466
f 464 8178 468
f 402 24 26
f 24 402 468
f 8155 134 135
f 134 8155 8133
f 8154 8133 8155
f 8133 8154 8134
f 132 8133 8132
f 8133 132 134
f 226 6094 232
f 6094 226 228
f 797 798 6097
f 798 797 794
f 239 397 400
f 397 239 238
f 538 842 491
f 842 538 540
f 491 8179 489
f 8179 491 842
f 490 8179 8180
f 8179 490 489
f 8182 8185 8183
f 8185 8182 8184
f 8187 8184 8186
f 8184 8187 8185
f 8163 8187 8164
f 8187 8163 8188
f 8189 8191 8188
f 8191 8189 8190
f 8193 8190 8192
f 8190 8193 8191
f 8188 8185 8187
f 8185 8188 8191
f 8191 8183 8185
f 8183 8191 8193
f 8192 494 8193
f 494 8192 493
f 493 472 473
f 472 493 8192
f 8194 8192 8190
f 8192 8194 472
f 8190 8195 8194
f 8195 8190 8189
f 8168 8189 8165
f 8189 8168 8195
f 8165 8188 8163
f 8188 8165 8189
f 8164 8186 8196
f 8186 8164 8187
f 8196 8162 8164
f 8162 8196 8197
f 8183 8181 8182
f 8181 8183 8199
f 8199 8193 494
f 8193 8199 8183
f 8181 490 8180
f 490 8181 8199
f 488 8199 494
f 8199 488 490
f 568 591 574
f 591 568 571
f 589 3153 593
f 3153 589 587
f 646 6123 647
f 6123 646 6117
f 647 7307 7310
f 7307 647 6123
f 6123 7308 7307
f 7308 6123 6121
f 6120 7265 6122
f 7265 6120 6125
f 630 7310 628
f 7310 630 647
f 628 7309 629
f 7309 628 7310
f 8200 815 816
f 815 8200 822
f 6176 822 8200
f 822 6176 6178
f 6169 8200 6174
f 8200 6169 6176
f 816 6174 8200
f 6174 816 817
f 687 6260 6255
f 6260 687 696
f 824 6177 8201
f 6177 824 6178
f 823 8201 8202
f 8201 823 824
f 6189 6099 8202
f 6099 6189 6096
f 8202 6188 6189
f 6188 8202 8201
f 827 8202 6099
f 8202 827 823
f 8201 6179 6188
f 6179 8201 6177
f 821 6178 824
f 6178 821 822
f 6096 6095 6092
f 6095 6096 6189
f 707 8203 705
f 8203 707 761
f 8205 8203 8204
f 8203 8205 8206
f 8206 8208 8207
f 8208 8206 8205
f 8205 8210 8208
f 8210 8205 8209
f 8209 8212 8210
f 8212 8209 8211
f 8214 8211 8213
f 8211 8214 8212
f 8215 8210 8212
f 8210 8215 8216
f 8218 8215 8217
f 8215 8218 8216
f 8210 8219 8208
f 8219 8210 8216
f 8221 8219 8220
f 8219 8221 8222
f 8224 8220 8223
f 8220 8224 8221
f 8222 8226 8225
f 8226 8222 8221
f 8227 8221 8224
f 8221 8227 8226
f 8220 8216 8218
f 8216 8220 8219
f 8223 8218 8228
f 8218 8223 8220
f 8228 8217 8229
f 8217 8228 8218
f 8222 8208 8219
f 8208 8222 8207
f 8230 8206 8207
f 8206 8230 706
f 8225 8207 8222
f 8207 8225 8230
f 8232 8215 8231
f 8215 8232 8217
f 8217 8233 8229
f 8233 8217 8232
f 8232 8235 8233
f 8235 8232 8234
f 8237 8238 8236
f 8238 8237 8234
f 8231 8234 8232
f 8234 8231 8238
f 8234 8239 8235
f 8239 8234 8237
f 8240 8229 8233
f 8229 8240 8241
f 8241 8243 8242
f 8243 8241 8240
f 8245 8240 8244
f 8240 8245 8243
f 8244 8233 8235
f 8233 8244 8240
f 8212 8231 8215
f 8231 8212 8214
f 8247 8213 8246
f 8213 8247 8214
f 8214 8238 8231
f 8238 8214 8247
f 8236 8247 8248
f 8247 8236 8238
f 8248 8246 8249
f 8246 8248 8247
f 8251 8248 8250
f 8248 8251 8236
f 8250 8249 8252
f 8249 8250 8248
f 8246 8254 8253
f 8254 8246 8213
f 8253 8256 8255
f 8256 8253 8254
f 8258 8254 8257
f 8254 8258 8256
f 8257 8213 8211
f 8213 8257 8254
f 8211 8259 8257
f 8259 8211 8209
f 8209 8204 8259
f 8204 8209 8205
f 762 8259 8204
f 8259 762 8260
f 8257 8260 8258
f 8260 8257 8259
f 757 8258 8260
f 8258 757 8261
f 8263 8264 8262
f 8264 8263 8261
f 8264 8266 8265
f 8265 8262 8264
f 8266 8264 756
f 756 758 8266
f 8261 756 8264
f 756 8261 757
f 8256 8261 8263
f 8261 8256 8258
f 8255 8263 8267
f 8263 8255 8256
f 8267 8262 8268
f 8262 8267 8263
f 755 8260 762
f 8260 755 757
f 8204 761 762
f 761 8204 8203
f 8206 705 8203
f 705 8206 706
f 783 8269 778
f 778 777 783
f 8269 748 747
f 747 778 8269
f 8270 8271 748
f 748 8269 8270
f 8272 8273 8271
f 8271 8270 8272
f 2970 8274 8273
f 8273 8272 2970
f 8274 8276 8275
f 8275 8273 8274
f 8273 8275 8277
f 8277 8271 8273
f 8275 8279 8278
f 8278 8277 8275
f 8277 8278 746
f 746 745 8277
f 8281 8278 8279
f 8279 8280 8281
f 8280 8283 8282
f 8282 8281 8280
f 8285 8286 8284
f 8284 8283 8285
f 8287 8285 8283
f 8283 8280 8287
f 8288 8282 8283
f 8283 8284 8288
f 8289 8290 8281
f 8281 8282 8289
f 8278 8281 8290
f 8290 746 8278
f 8291 8287 8280
f 8280 8279 8291
f 8276 8291 8279
f 8279 8275 8276
f 8271 8277 745
f 745 748 8271
f 8292 8293 8276
f 8276 8274 8292
f 8294 8295 8293
f 8293 8292 8294
f 8292 2971 2972
f 2972 8294 8292
f 8295 8294 8296
f 8296 8297 8295
f 8297 8299 8298
f 8298 8295 8297
f 8299 8301 8300
f 8300 8298 8299
f 8298 8300 8302
f 8302 8303 8298
f 8300 8305 8304
f 8304 8302 8300
f 8301 8306 8305
f 8305 8300 8301
f 8287 8291 8303
f 8303 8302 8287
f 8295 8298 8303
f 8303 8293 8295
f 8291 8276 8293
f 8293 8303 8291
f 8301 8299 8307
f 8307 8308 8301
f 8306 8301 8308
f 8308 8309 8306
f 8311 8306 8309
f 8309 8310 8311
f 8310 8309 8312
f 8312 8313 8310
f 8314 8312 8309
f 8309 8308 8314
f 8315 8314 8308
f 8308 8307 8315
f 8317 8315 8307
f 8307 8316 8317
f 8316 8307 8299
f 8299 8297 8316
f 8318 8316 8297
f 8297 8296 8318
f 2962 8318 8296
f 8296 2961 2962
f 8319 8317 8316
f 8316 8318 8319
f 8317 8319 7190
f 7190 7193 8317
f 7191 7190 8319
f 8319 2963 7191
f 2963 8319 8318
f 8318 2962 2963
f 2961 8296 8294
f 8294 2972 2961
f 2971 8292 8274
f 8274 2970 2971
f 2969 2970 8272
f 8272 8320 2969
f 8320 8272 8270
f 8270 784 8320
f 2969 8320 785
f 785 2947 2969
f 784 782 785
f 785 8320 784
f 784 8270 8269
f 8269 783 784
f 778 747 732
f 732 734 778
f 760 743 736
f 736 739 760
f 746 8290 740
f 740 742 746
f 759 760 739
f 739 8321 759
f 8321 8322 758
f 758 759 8321
f 8324 8325 8323
f 8323 8322 8324
f 8326 8324 8322
f 8322 8321 8326
f 738 8326 8321
f 8321 739 738
f 8327 8328 8324
f 8324 8326 8327
f 741 8327 8326
f 8326 738 741
f 8329 8330 8328
f 8328 8327 8329
f 8330 8329 8288
f 8288 8331 8330
f 8330 8333 8332
f 8332 8328 8330
f 8333 8330 8331
f 8331 8334 8333
f 8334 8331 8335
f 8335 8336 8334
f 8338 8333 8334
f 8334 8337 8338
f 8337 8334 8336
f 8336 8339 8337
f 8336 8335 8340
f 8340 8341 8336
f 8335 8284 8286
f 8286 8340 8335
f 8284 8335 8331
f 8331 8288 8284
f 8333 8338 8342
f 8342 8332 8333
f 8325 8324 8328
f 8328 8332 8325
f 8332 8342 8343
f 8343 8325 8332
f 8344 8323 8325
f 8325 8343 8344
f 8329 8289 8282
f 8282 8288 8329
f 8327 741 8289
f 8289 8329 8327
f 8266 758 8322
f 8322 8323 8266
f 741 740 8290
f 8290 8289 741
f 708 706 8230
f 706 708 702
f 692 708 8345
f 708 692 695
f 8345 8230 8225
f 8230 8345 708
f 693 8345 8346
f 8345 693 692
f 8348 8346 8347
f 8346 8348 693
f 8227 8350 8347
f 8350 8227 8349
f 8352 8353 8351
f 8353 8352 8349
f 8354 8349 8352
f 8349 8354 8350
f 8354 8356 8350
f 8356 8354 8355
f 8358 8359 8357
f 8359 8358 8355
f 8358 6260 8360
f 6260 8358 6258
f 8360 8355 8358
f 8355 8360 8356
f 8356 8347 8350
f 8347 8356 8348
f 697 8356 8360
f 8356 697 8348
f 8360 696 697
f 696 8360 6260
f 6258 8357 6259
f 8357 6258 8358
f 8362 8357 8361
f 8357 8362 6259
f 7217 8363 8362
f 8363 7217 7218
f 8364 8362 8361
f 8362 8364 7217
f 8363 6259 8362
f 6259 8363 6257
f 8357 8365 8361
f 8365 8357 8359
f 8359 8367 8365
f 8367 8359 8366
f 8366 8355 8354
f 8355 8366 8359
f 8368 8354 8352
f 8354 8368 8366
f 8366 8369 8367
f 8369 8366 8368
f 8368 8371 8369
f 8371 8368 8370
f 8370 8352 8351
f 8352 8370 8368
f 8373 8351 8372
f 8351 8373 8370
f 8351 8374 8372
f 8374 8351 8353
f 8375 8370 8373
f 8370 8375 8371
f 8376 8371 8375
f 8371 8376 8377
f 8375 8379 8376
f 8379 8375 8378
f 8378 8373 8380
f 8373 8378 8375
f 8381 8367 8369
f 8367 8381 8382
f 8382 8384 8383
f 8384 8382 8381
f 8381 8385 8384
f 8385 8381 8377
f 8369 8377 8381
f 8377 8369 8371
f 8386 8387 8383
f 8387 8386 7208
f 8384 8386 8383
f 8386 8384 8388
f 8389 8383 8387
f 8383 8389 8382
f 8382 8365 8367
f 8365 8382 8389
f 8349 8224 8353
f 8224 8349 8227
f 8226 8347 8346
f 8347 8226 8227
f 8346 8225 8226
f 8225 8346 8345
f 693 697 691
f 697 693 8348
f 8262 8265 8390
f 8390 8268 8262
f 8390 8393 8391
f 8391 8392 8390
f 8394 8395 8391
f 8391 8393 8394
f 8343 8394 8393
f 8393 8344 8343
f 8395 8394 8396
f 8396 8397 8395
f 8395 8397 8398
f 8398 8399 8395
f 8391 8395 8399
f 8399 8400 8391
f 8400 8401 8392
f 8392 8391 8400
f 8402 8403 8401
f 8401 8400 8402
f 8400 8399 8404
f 8404 8402 8400
f 8404 8407 8405
f 8405 8406 8404
f 8410 8406 8408
f 8408 8409 8410
f 8411 8408 8406
f 8406 8405 8411
f 8402 8404 8406
f 8406 8410 8402
f 8413 8407 8398
f 8398 8412 8413
f 8407 8404 8399
f 8399 8398 8407
f 8407 8413 8414
f 8414 8405 8407
f 8403 8402 8410
f 8410 8415 8403
f 8418 8415 8416
f 8416 8417 8418
f 8420 8418 8417
f 8417 8419 8420
f 8419 8417 8421
f 8421 8422 8419
f 8423 8421 8417
f 8417 8416 8423
f 8415 8410 8409
f 8409 8416 8415
f 8424 8403 8415
f 8415 8418 8424
f 8403 8424 8425
f 8425 8401 8403
f 8424 8427 8426
f 8426 8425 8424
f 8418 8420 8427
f 8427 8424 8418
f 8401 8425 8428
f 8428 8392 8401
f 8429 8428 8425
f 8425 8426 8429
f 8430 8429 8426
f 8429 8430 8431
f 8267 8431 8255
f 8431 8267 8429
f 8255 8432 8253
f 8432 8255 8431
f 8431 8433 8432
f 8433 8431 8430
f 8429 8268 8428
f 8268 8429 8267
f 8268 8390 8392
f 8392 8428 8268
f 8398 8397 8434
f 8434 8412 8398
f 8434 8437 8435
f 8435 8436 8434
f 8412 8434 8436
f 8436 8438 8412
f 8413 8412 8438
f 8438 8439 8413
f 8414 8413 8439
f 8439 8440 8414
f 8441 8442 8440
f 8440 8439 8441
f 8444 8414 8440
f 8440 8443 8444
f 8442 2474 8443
f 8443 8440 8442
f 8439 8438 8445
f 8445 8441 8439
f 8446 8445 8438
f 8438 8436 8446
f 8441 8445 8447
f 8447 2467 8441
f 8448 8447 8445
f 8445 8446 8448
f 8436 8435 8449
f 8449 8446 8436
f 8339 8449 8435
f 8435 8337 8339
f 8449 8339 8450
f 8450 8451 8449
f 8446 8449 8451
f 8451 8448 8446
f 8448 8451 8452
f 8452 8453 8448
f 8454 8452 8451
f 8451 8450 8454
f 8437 8338 8337
f 8337 8435 8437
f 8396 8342 8338
f 8338 8437 8396
f 8437 8434 8397
f 8397 8396 8437
f 8394 8343 8342
f 8342 8396 8394
f 8390 8265 8344
f 8344 8393 8390
f 6215 6214 6227
f 6214 6215 6213
f 6227 7021 6228
f 7021 6227 6214
f 6209 6214 6207
f 6214 6209 7021
f 6226 7023 6224
f 7023 6226 6228
f 6224 7022 6225
f 7022 6224 7023
f 8455 6223 6225
f 6223 8455 8456
f 8461 8458 8460
f 8458 8461 8459
f 8466 8465 8464
f 8465 8466 8467
f 8468 8464 8463
f 8464 8468 8466
f 8462 8468 8463
f 8468 8462 8469
f 8469 8459 8461
f 8459 8469 8462
f 8469 8471 8468
f 8471 8469 8470
f 8470 8461 8472
f 8461 8470 8469
f 8472 8460 8473
f 8460 8472 8461
f 8473 8475 8472
f 8475 8473 8474
f 8476 8477 8474
f 8477 8476 7019
f 8474 8478 8475
f 8478 8474 8477
f 8479 8478 8477
f 8478 8479 8480
f 7017 8477 7019
f 8477 7017 8479
f 8482 8476 8481
f 8476 8482 8483
f 8474 8481 8476
f 8481 8474 8473
f 7019 8483 7018
f 8483 7019 8476
f 8484 8473 8460
f 8473 8484 8481
f 8457 8460 8458
f 8460 8457 8484
f 8456 8484 8457
f 8484 8456 8455
f 8455 8481 8484
f 8481 8455 8482
f 6225 8482 8455
f 8482 6225 7022
f 985 972 973
f 972 985 974
f 985 8485 983
f 8485 985 973
f 8486 983 8485
f 983 8486 984
f 984 8488 8487
f 8488 984 8486
f 8487 5782 5781
f 5782 8487 8488
f 981 8487 5790
f 8487 981 984
f 5781 5790 8487
f 5790 5781 5784
f 1001 999 993
f 999 1001 2261
f 2261 1003 2262
f 1003 2261 1001
f 8489 2262 1003
f 2262 8489 8490
f 8491 8493 8490
f 8493 8491 8492
f 8492 8495 8494
f 8495 8492 8491
f 8492 8497 8493
f 8497 8492 8496
f 8494 8496 8492
f 8496 8494 8498
f 8500 8498 8499
f 8498 8500 8496
f 8499 8502 8500
f 8502 8499 8501
f 8504 8501 8503
f 8501 8504 8502
f 8502 2249 2248
f 2249 8502 8504
f 8503 8506 8504
f 8506 8503 8505
f 8505 5808 8507
f 5808 8505 8503
f 5806 8503 8501
f 8503 5806 5808
f 8504 8508 2249
f 8508 8504 8506
f 8506 8510 8508
f 8510 8506 8509
f 8505 8509 8506
f 8509 8505 8511
f 8500 2248 2251
f 2248 8500 8502
f 8496 2251 8497
f 2251 8496 8500
f 8497 2250 2259
f 2250 8497 2251
f 2259 8493 8497
f 8493 2259 2260
f 5807 8501 8499
f 8501 5807 5806
f 8512 8499 8498
f 8499 8512 5807
f 8512 5805 5807
f 5805 8512 5812
f 8513 5812 8512
f 5812 8513 8514
f 8513 8516 8514
f 8516 8513 8515
f 8494 8515 8513
f 8515 8494 8495
f 8513 8498 8494
f 8498 8513 8512
f 5771 8495 8517
f 8495 5771 8515
f 8491 8517 8495
f 8517 8491 8518
f 5811 8514 8516
f 8514 5811 5812
f 5811 8516 5770
f 5770 5773 5811
f 8515 5770 8516
f 5770 8515 5771
f 8490 8518 8491
f 8518 8490 8489
f 8489 8520 8518
f 8520 8489 8519
f 8519 5788 8520
f 5788 8519 5789
f 8518 5776 8517
f 5776 8518 8520
f 5775 8520 5788
f 8520 5775 5776
f 1004 5789 8519
f 5789 1004 1005
f 1003 8519 8489
f 8519 1003 1004
f 2260 8490 8493
f 8490 2260 2262
f 982 988 979
f 988 982 1005
f 1005 5787 5789
f 5787 1005 982
f 982 5790 5787
f 5790 982 981
f 900 3336 1058
f 3336 900 3337
f 892 3337 900
f 3337 892 897
f 3336 3332 1045
f 3332 3336 3330
f 924 2234 2235
f 2234 924 926
f 925 2235 936
f 2235 925 924
f 3333 3342 3370
f 3342 3333 3335
f 2299 953 955
f 953 2299 951
f 6299 3365 6300
f 3365 6299 3368
f 6300 3364 3417
f 3364 6300 3365
f 3417 6297 6300
f 6297 3417 6304
f 3415 8521 7054
f 8521 3415 3416
f 3391 7054 8521
f 7054 3391 7053
f 3388 8521 3394
f 8521 3388 3391
f 3416 3394 8521
f 3394 3416 3408
f 1023 8522 1026
f 8522 1023 1034
f 1026 8523 1010
f 8523 1026 8522
f 8523 1077 1078
f 1077 8523 8100
f 8522 8100 8523
f 8100 8522 8099
f 1078 1010 8523
f 1010 1078 1011
f 1034 8099 8522
f 8099 1034 1037
f 1082 8075 1080
f 8075 1082 8102
f 8073 8524 8076
f 8524 8073 8072
f 8074 8524 8072
f 8524 8074 8110
f 8076 8526 8525
f 8526 8076 8524
f 8526 8528 8525
f 8528 8526 8527
f 8527 8530 8528
f 8530 8527 8529
f 8529 8532 8530
f 8532 8529 8531
f 8130 8534 8531
f 8534 8130 8533
f 8157 8171 8533
f 8171 8157 8156
f 8533 8127 8157
f 8127 8533 8130
f 8533 8172 8534
f 8172 8533 8171
f 8531 8535 8532
f 8535 8531 8534
f 8537 8172 8173
f 8172 8537 8536
f 8198 8173 8161
f 8173 8198 8537
f 8534 8536 8535
f 8536 8534 8172
f 8129 8531 8529
f 8531 8129 8130
f 8529 8128 8129
f 8128 8529 8527
f 8538 8527 8526
f 8527 8538 8128
f 8105 8538 8110
f 8538 8105 8107
f 8110 8526 8524
f 8526 8110 8538
f 8128 8107 8125
f 8107 8128 8538
f 6334 8539 6331
f 8539 6334 6341
f 8539 8542 8540
f 8542 8539 8541
f 8541 8544 8542
f 8544 8541 8543
f 1278 8543 8541
f 8543 1278 1277
f 8543 8546 8544
f 8546 8543 8545
f 8546 8548 8547
f 8548 8546 8545
f 1282 8545 1280
f 8545 1282 8548
f 8547 8550 8549
f 8550 8547 8548
f 8552 8549 8551
f 8549 8552 8547
f 8553 8551 8549
f 8551 8553 8554
f 8556 8553 8555
f 8553 8556 8557
f 8554 8557 8558
f 8557 8554 8553
f 8560 8558 8559
f 8558 8560 8554
f 8559 3567 8561
f 3567 8559 8558
f 3565 8558 8557
f 8558 3565 3567
f 8557 3566 3565
f 3566 8557 8556
f 3568 8556 8562
f 8556 3568 3566
f 8555 8562 8556
f 8562 8555 8563
f 8555 8549 8550
f 8549 8555 8553
f 1283 8548 1282
f 8548 1283 8550
f 8563 8550 1283
f 8550 8563 8555
f 8551 8565 8552
f 8565 8551 8564
f 8564 8567 8565
f 8567 8564 8566
f 8568 8570 8566
f 8570 8568 8569
f 8560 8566 8564
f 8566 8560 8568
f 8571 8566 8570
f 8566 8571 8567
f 8572 8552 8565
f 8552 8572 8573
f 8565 8574 8572
f 8574 8565 8567
f 8554 8564 8551
f 8564 8554 8560
f 8573 8547 8552
f 8547 8573 8546
f 8546 8575 8544
f 8575 8546 8573
f 8576 8573 8572
f 8573 8576 8575
f 8575 8578 8577
f 8578 8575 8576
f 8578 6737 6736
f 6737 8578 8579
f 8576 8579 8578
f 8579 8576 8580
f 8577 6736 6739
f 6736 8577 8578
f 8580 8572 8574
f 8572 8580 8576
f 8575 8542 8544
f 8542 8575 8577
f 8540 8577 6739
f 8577 8540 8542
f 6331 8540 6332
f 8540 6331 8539
f 6739 6332 8540
f 6332 6739 6738
f 8543 1280 8545
f 1280 8543 1277
f 6341 8541 8539
f 8541 6341 1278
f 1229 1222 1219
f 1222 1229 8581
f 1223 8581 6404
f 8581 1223 1222
f 6404 8583 8582
f 8583 6404 8581
f 8582 8584 6395
f 8584 8582 8583
f 6395 6393 6392
f 6393 6395 8584
f 8584 8586 6393
f 8586 8584 8585
f 8585 8583 1230
f 8583 8585 8584
f 8586 8588 8587
f 8588 8586 8585
f 8588 1230 1231
f 1230 8588 8585
f 8587 8590 8589
f 8590 8587 8588
f 8586 8587 6377
f 6377 6380 8586
f 6393 8586 6380
f 6380 6391 6393
f 8589 6378 6377
f 6377 8587 8589
f 8590 6378 8589
f 6378 8590 8591
f 1231 8590 8588
f 8590 1231 1232
f 1232 8591 8590
f 8591 1232 1246
f 6381 6378 8591
f 6378 6381 6376
f 8591 1245 6381
f 1245 8591 1246
f 6402 8582 6405
f 8582 6402 6404
f 6395 6405 8582
f 6405 6395 6394
f 8581 1230 8583
f 1230 8581 1229
f 1232 1228 1246
f 1228 1232 1226
f 1281 6340 6343
f 6340 1281 1279
f 6340 1278 6341
f 1278 6340 1279
f 8592 1283 1284
f 1283 8592 8563
f 1271 1284 1264
f 1284 1271 8592
f 8593 8563 8592
f 8563 8593 8562
f 8562 3570 3568
f 3570 8562 8593
f 8593 8595 3570
f 8595 8593 8594
f 8592 8594 8593
f 8594 8592 1271
f 8594 1304 8595
f 1304 8594 1302
f 8595 3569 3570
f 3569 8595 3499
f 3499 1304 1305
f 1304 3499 8595
f 1302 1271 1270
f 1271 1302 8594
f 1151 1446 1167
f 1446 1151 1153
f 1153 1445 1446
f 1445 1153 1451
f 1451 1150 1157
f 1150 1451 1153
f 1303 1270 1272
f 1270 1303 1302
f 1458 8596 1473
f 1473 1462 1458
f 8599 8596 8597
f 8597 8598 8599
f 8601 8599 8598
f 8598 8600 8601
f 8602 8603 1536
f 1536 8600 8602
f 8604 8605 8603
f 8603 8602 8604
f 8604 8608 8606
f 8606 8607 8604
f 8607 8606 8609
f 8609 8610 8607
f 8608 8612 8611
f 8611 8606 8608
f 8613 8614 8612
f 8612 8608 8613
f 8602 8613 8608
f 8608 8604 8602
f 8598 8597 8614
f 8614 8613 8598
f 8600 8598 8613
f 8613 8602 8600
f 8597 1460 8615
f 8615 8614 8597
f 8596 1458 1460
f 1460 8597 8596
f 8617 8611 8612
f 8612 8616 8617
f 8616 8619 8617
f 8619 8616 8618
f 8615 8618 8616
f 8618 8615 8620
f 8614 8615 8616
f 8616 8612 8614
f 8621 8609 8606
f 8606 8611 8621
f 8617 8622 8621
f 8621 8611 8617
f 8624 8610 8609
f 8609 8623 8624
f 8623 8626 8625
f 8625 8624 8623
f 8626 8628 8627
f 8627 8625 8626
f 8624 8625 8629
f 8629 8610 8624
f 8625 8627 8630
f 8630 8629 8625
f 8628 8632 8631
f 8631 8627 8628
f 8632 8628 8633
f 8633 8634 8632
f 8635 8633 8628
f 8628 8626 8635
f 8636 8635 8626
f 8626 8623 8636
f 8638 8635 8636
f 8636 8637 8638
f 8622 8637 8636
f 8636 8621 8622
f 8621 8636 8623
f 8623 8609 8621
f 8639 8607 8610
f 8610 8629 8639
f 8641 8605 8639
f 8639 8640 8641
f 8643 8641 8640
f 8640 8642 8643
f 8644 8645 8641
f 8641 8643 8644
f 1524 8644 8643
f 8643 1525 1524
f 8642 8646 1525
f 1525 8643 8642
f 8630 8647 8642
f 8642 8640 8630
f 8629 8630 8640
f 8640 8639 8629
f 8605 8641 8645
f 8645 8603 8605
f 8605 8604 8607
f 8607 8639 8605
f 8603 8645 1534
f 1534 1536 8603
f 8600 1536 1535
f 1535 8601 8600
f 1541 8648 8599
f 8599 8601 1541
f 1472 1473 8648
f 8648 8649 1472
f 1378 8649 1540
f 1540 1377 1378
f 8649 8648 1541
f 1541 1540 8649
f 1380 1472 8649
f 8649 1378 1380
f 8648 1473 8596
f 8596 8599 8648
f 1537 1541 8601
f 8601 1535 1537
f 1354 1412 1356
f 1412 1354 1353
f 1353 8650 1412
f 8650 1353 1352
f 8651 1352 6443
f 1352 8651 8650
f 8650 1423 1422
f 1423 8650 8651
f 8651 8653 1423
f 8653 8651 8652
f 8655 8652 8654
f 8652 8655 8653
f 1423 8656 1420
f 8656 1423 8653
f 8653 8657 8656
f 8657 8653 8655
f 8659 8655 8658
f 8655 8659 8657
f 8659 8662 8660
f 8662 8659 8661
f 8664 8661 8663
f 8661 8664 8662
f 8660 8666 8665
f 8666 8660 8662
f 8666 8668 8667
f 8667 8665 8666
f 8666 8670 8669
f 8669 8668 8666
f 8670 8662 8664
f 8662 8670 8666
f 8660 8657 8659
f 8657 8660 8671
f 8665 8671 8660
f 8671 8665 8672
f 8674 8663 8673
f 8663 8674 8664
f 8675 8677 8673
f 8677 8675 8676
f 8673 8678 8675
f 8678 8673 8663
f 8677 8674 8673
f 8674 8677 8679
f 8680 8663 8661
f 8663 8680 8678
f 8680 8682 8681
f 8682 8680 8658
f 8658 8661 8659
f 8661 8658 8680
f 8681 8678 8680
f 8678 8681 8683
f 8654 8658 8655
f 8658 8654 8682
f 8684 8682 8654
f 8682 8684 8685
f 8687 8684 8686
f 8684 8687 8685
f 8689 8687 8688
f 8687 8689 8685
f 8689 8683 8681
f 8683 8689 8690
f 8690 8688 8691
f 8688 8690 8689
f 8685 8681 8682
f 8681 8685 8689
f 8693 8687 8692
f 8687 8693 8688
f 8691 8693 8694
f 8693 8691 8688
f 8696 8693 8695
f 8693 8696 8694
f 8692 8695 8693
f 8695 8692 8697
f 8692 8686 6448
f 8686 8692 8687
f 6444 8684 6445
f 8684 6444 8686
f 8686 6446 6448
f 6446 8686 6444
f 6445 8654 8652
f 8654 6445 8684
f 1420 8698 1421
f 8698 1420 8656
f 8698 8672 8699
f 8672 8698 8671
f 1421 8699 1426
f 8699 1421 8698
f 1426 8699 8700
f 8700 1427 1426
f 8700 8699 8672
f 8672 8701 8700
f 8703 8700 8701
f 8701 8702 8703
f 8702 6462 6463
f 6463 8703 8702
f 8700 8703 6469
f 6469 1427 8700
f 6464 6469 8703
f 8703 6463 6464
f 8667 8704 8702
f 8702 8701 8667
f 6462 8702 8704
f 8704 8705 6462
f 8705 8704 8706
f 8706 8707 8705
f 8668 8706 8704
f 8704 8667 8668
f 8701 8672 8665
f 8665 8667 8701
f 8671 8656 8657
f 8656 8671 8698
f 6443 8652 8651
f 8652 6443 6445
f 1412 1422 1413
f 1422 1412 8650
f 1447 8708 1454
f 8708 1447 1449
f 8709 1454 8708
f 1454 8709 8710
f 8709 8713 8711
f 8713 8709 8712
f 8712 8708 8714
f 8708 8712 8709
f 8716 8714 8715
f 8714 8716 8712
f 8715 8717 1500
f 8717 8715 8714
f 1499 8717 8718
f 8717 1499 1500
f 1158 8718 1156
f 8718 1158 1499
f 1450 1156 8718
f 1156 1450 1157
f 1449 8718 8717
f 8718 1449 1450
f 1449 8714 8708
f 8714 1449 8717
f 8719 8715 1503
f 8715 8719 8716
f 8720 8712 8716
f 8712 8720 8713
f 8713 8722 8721
f 8722 8713 8720
f 8722 8725 8723
f 8725 8722 8724
f 8724 8727 8725
f 8727 8724 8726
f 8726 8728 8727
f 8728 8726 1522
f 1526 1522 8726
f 1522 1526 1520
f 8729 8726 8724
f 8726 8729 1526
f 8723 8731 8730
f 8731 8723 8725
f 8732 8725 8727
f 8725 8732 8731
f 8720 8724 8722
f 8724 8720 8729
f 8721 8723 8733
f 8723 8721 8722
f 8721 8711 8713
f 8711 8721 8734
f 8734 8733 8735
f 8733 8734 8721
f 8734 8737 8711
f 8737 8734 8736
f 8736 8735 8738
f 8735 8736 8734
f 8716 8729 8720
f 8729 8716 8719
f 8719 1526 8729
f 1526 8719 1527
f 1503 1527 8719
f 1527 1503 1501
f 1500 1503 8715
f 1503 1500 1497
f 8710 8711 8737
f 8711 8710 8709
f 1452 8710 1466
f 8710 1452 1454
f 8737 1466 8710
f 1466 8737 1467
f 3749 1744 1745
f 1745 1749 3749
f 1744 3749 3745
f 3745 3753 1744
f 1727 1753 8739
f 8739 1724 1727
f 8739 3479 3481
f 3481 8740 8739
f 8740 1725 1724
f 1724 8739 8740
f 1725 8740 8741
f 8741 8742 1725
f 8742 8741 8743
f 8743 8744 8742
f 1722 1725 8742
f 8742 8745 1722
f 8744 8746 8745
f 8745 8742 8744
f 8747 8748 8746
f 8746 8744 8747
f 8750 8751 8749
f 8749 8747 8750
f 8751 8750 8752
f 8752 8753 8751
f 8753 8755 8754
f 8754 8751 8753
f 8756 8749 8751
f 8751 8754 8756
f 8755 8758 8757
f 8757 8754 8755
f 8760 8755 8759
f 8755 8760 8758
f 8753 8759 8755
f 8759 8753 8761
f 8762 8761 8753
f 8753 8752 8762
f 8764 8762 8752
f 8752 8763 8764
f 8766 8762 8765
f 8762 8766 8761
f 8764 8765 8762
f 8765 8764 8767
f 8752 8750 8743
f 8743 8763 8752
f 8763 8743 8741
f 8741 8768 8763
f 8768 8741 8740
f 8740 3481 8768
f 8764 8763 8768
f 8768 8769 8764
f 3481 3480 8769
f 8769 8768 3481
f 8744 8743 8750
f 8750 8747 8744
f 8747 8749 8770
f 8770 8748 8747
f 8748 8770 8771
f 8771 8772 8748
f 8772 8771 8773
f 8773 8774 8772
f 8775 8776 8773
f 8773 8771 8775
f 8770 8777 8775
f 8775 8771 8770
f 1712 1711 8774
f 8774 8778 1712
f 8774 8773 8779
f 8779 8778 8774
f 1711 1713 8772
f 8772 8774 1711
f 1713 8746 8748
f 8748 8772 1713
f 1709 8745 8746
f 8746 1713 1709
f 8749 8756 8777
f 8777 8770 8749
f 1710 1722 8745
f 8745 1709 1710
f 1753 1756 3479
f 3479 8739 1753
f 1720 1715 1718
f 1718 1728 1720
f 1719 1716 8780
f 8780 6513 1719
f 8780 1712 8778
f 8778 8781 8780
f 6539 8781 8782
f 8782 6538 6539
f 8778 8779 8782
f 8782 8781 8778
f 8783 8784 6538
f 6538 8782 8783
f 8779 8785 8783
f 8783 8782 8779
f 8785 8786 8784
f 8784 8783 8785
f 6527 8784 8786
f 8786 6528 6527
f 6527 6538 8784
f 6538 6527 6530
f 8786 8788 8787
f 8787 6528 8786
f 8789 8788 8776
f 8776 8775 8789
f 8790 8789 8775
f 8775 8777 8790
f 8791 8792 8789
f 8789 8790 8791
f 8793 8794 8792
f 8792 8791 8793
f 8791 8796 8795
f 8795 8793 8791
f 8790 8797 8796
f 8796 8791 8790
f 8777 8756 8797
f 8797 8790 8777
f 8792 8787 8788
f 8788 8789 8792
f 6528 8787 8798
f 8798 6526 6528
f 8794 8799 6522
f 6522 8798 8794
f 8787 8792 8794
f 8794 8798 8787
f 8798 6522 6520
f 6520 6526 8798
f 8788 8786 8785
f 8785 8776 8788
f 8785 8779 8773
f 8773 8776 8785
f 6513 8780 8781
f 8781 6539 6513
f 1708 1712 8780
f 8780 1716 1708
f 1427 6469 6470
f 6470 1425 1427
f 6472 1428 1425
f 1425 6470 6472
f 1539 1371 1374
f 1374 1377 1539
f 1517 1534 8645
f 8645 8644 1517
f 1517 8644 1524
f 1524 1516 1517
f 8800 8728 1522
f 1522 1523 8800
f 8728 8800 8801
f 8801 8802 8728
f 8727 8728 8802
f 8802 8732 8727
f 8803 8804 8732
f 8732 8802 8803
f 8804 8803 8805
f 8805 8806 8804
f 8809 8806 8807
f 8807 8808 8809
f 8810 8811 8808
f 8808 8634 8810
f 8812 8813 8811
f 8811 8810 8812
f 8814 8815 8813
f 8813 8812 8814
f 8817 8818 8816
f 8818 8817 8814
f 8814 8819 8815
f 8819 8814 8817
f 8815 8821 8820
f 8821 8815 8819
f 8819 8823 8821
f 8823 8819 8822
f 8822 8817 8824
f 8817 8822 8819
f 8816 8824 8817
f 8824 8816 8825
f 8825 8828 8826
f 8828 8825 8827
f 8825 8829 8827
f 8829 8825 8816
f 8826 8824 8825
f 8824 8826 8830
f 8818 8833 8831
f 8833 8818 8832
f 8832 8812 8810
f 8810 8834 8832
f 8812 8832 8818
f 8818 8814 8812
f 8638 8833 8832
f 8832 8834 8638
f 8833 8829 8831
f 8829 8833 8835
f 8829 8818 8831
f 8818 8829 8816
f 8813 8837 8836
f 8836 8811 8813
f 8836 8839 8838
f 8839 8836 8837
f 8838 8840 8730
f 8840 8838 8839
f 8823 8839 8821
f 8839 8823 8840
f 8837 8821 8839
f 8821 8837 8820
f 8811 8836 8809
f 8809 8808 8811
f 8838 8809 8836
f 8809 8838 8841
f 8820 8813 8815
f 8813 8820 8837
f 8834 8810 8634
f 8634 8633 8834
f 8807 8632 8634
f 8634 8808 8807
f 8631 8632 8807
f 8807 8842 8631
f 8842 8843 8647
f 8647 8631 8842
f 8642 8647 8843
f 8843 8646 8642
f 8646 8843 8801
f 8801 8800 8646
f 8801 8805 8803
f 8803 8802 8801
f 8806 8805 8842
f 8842 8807 8806
f 8805 8801 8843
f 8843 8842 8805
f 8809 8804 8806
f 8804 8809 8841
f 8731 8804 8841
f 8804 8731 8732
f 8646 8800 1523
f 1523 1525 8646
f 6593 6595 6597
f 6597 6600 6593
f 1919 1907 1908
f 1907 1919 8844
f 8844 1925 8845
f 1925 8844 1919
f 8847 8848 8846
f 8848 8847 8845
f 8850 8846 8849
f 8846 8850 8847
f 8851 8849 8846
f 8849 8851 8852
f 8852 8854 8849
f 8854 8852 8853
f 8853 8856 8854
f 8856 8853 8855
f 8858 8859 8857
f 8859 8858 8855
f 8860 8855 8858
f 8855 8860 8856
f 8854 8862 8861
f 8862 8854 8856
f 8863 8856 8860
f 8856 8863 8862
f 8864 8861 8862
f 8861 8864 8865
f 8866 8862 8863
f 8862 8866 8864
f 8861 8849 8854
f 8849 8861 8850
f 8858 8868 8860
f 8868 8858 8867
f 8867 8870 8868
f 8870 8867 8869
f 8871 8870 8869
f 8870 8871 8872
f 8874 8869 8873
f 8869 8874 8871
f 8867 8873 8869
f 8873 8867 8875
f 8868 8877 8876
f 8877 8868 8870
f 8876 8860 8868
f 8860 8876 8863
f 8858 8875 8867
f 8875 8858 8857
f 8857 8879 8875
f 8879 8857 8878
f 8857 8880 8878
f 8880 8857 8859
f 8855 8881 8859
f 8881 8855 8853
f 8881 8884 8882
f 8884 8881 8883
f 8852 8885 8883
f 8885 8852 8851
f 8886 8846 8848
f 8846 8886 8851
f 8887 8851 8886
f 8851 8887 8885
f 8883 8853 8852
f 8853 8883 8881
f 8888 8883 8885
f 8883 8888 8884
f 8882 8890 8889
f 8890 8882 8884
f 8891 8884 8888
f 8884 8891 8890
f 8859 8882 8880
f 8882 8859 8881
f 8892 8845 8847
f 8845 8892 8844
f 8894 8892 8893
f 8892 8894 1906
f 8895 8893 8865
f 8893 8895 8894
f 8850 8865 8893
f 8865 8850 8861
f 8893 8847 8850
f 8847 8893 8892
f 1915 8895 8896
f 8896 8897 1915
f 1913 1915 8897
f 8897 8898 1913
f 1914 1913 8898
f 8898 8899 1914
f 1959 8899 8900
f 8900 8901 1959
f 8900 8904 8902
f 8902 8903 8900
f 8899 8898 8904
f 8904 8900 8899
f 8901 8900 8903
f 8903 8905 8901
f 8899 1959 1958
f 1958 1914 8899
f 8906 8904 8898
f 8898 8897 8906
f 8904 8906 8907
f 8907 8902 8904
f 8902 8907 8908
f 8908 8909 8902
f 8910 8908 8907
f 8908 8910 8911
f 8906 8912 8910
f 8910 8907 8906
f 8897 8896 8912
f 8912 8906 8897
f 8912 8864 8866
f 8864 8912 8896
f 8896 8865 8864
f 8865 8896 8895
f 1912 8894 8895
f 8895 1915 1912
f 8894 1912 1905
f 1905 1906 8894
f 1906 8844 8892
f 8844 1906 1907
f 8913 8845 1925
f 8845 8913 8848
f 8914 8848 8913
f 8848 8914 8886
f 8886 8915 8887
f 8915 8886 8914
f 8915 8918 8916
f 8918 8915 8917
f 8920 8917 8919
f 8917 8920 8918
f 8921 8916 8918
f 8916 8921 8922
f 1998 8921 1999
f 8921 1998 8923
f 8923 8922 8921
f 8922 8923 8924
f 8924 8926 8922
f 8926 8924 8925
f 8925 8928 8927
f 8928 8925 8924
f 8929 8924 8923
f 8924 8929 8928
f 2000 8923 1998
f 8923 2000 8929
f 1999 8918 8920
f 8918 1999 8921
f 1996 8920 8930
f 8920 1996 1999
f 8931 2016 8930
f 2016 8931 2019
f 8919 8930 8920
f 8930 8919 8931
f 8930 1997 1996
f 1997 8930 2016
f 8887 8916 8932
f 8916 8887 8915
f 8926 8888 8932
f 8888 8926 8891
f 8922 8932 8916
f 8932 8922 8926
f 8932 8885 8887
f 8885 8932 8888
f 8919 8934 8933
f 8934 8919 8917
f 8914 8917 8915
f 8917 8914 8934
f 8935 8933 8934
f 8933 8935 6687
f 8933 8931 8919
f 8931 8933 8936
f 6687 8936 8933
f 8936 6687 6688
f 8936 2019 8931
f 2019 8936 6694
f 6688 6694 8936
f 6694 6688 6689
f 8913 8934 8914
f 8934 8913 8935
f 1921 6687 8935
f 6687 1921 1923
f 1925 8935 8913
f 8935 1925 1921
f 1924 6686 1922
f 6686 1924 1930
f 1798 1807 8937
f 8937 1802 1798
f 8939 8940 8937
f 8937 8938 8939
f 8940 8939 8941
f 8941 8942 8940
f 1802 8937 8940
f 8940 1805 1802
f 8942 8943 1805
f 1805 8940 8942
f 8944 6898 8943
f 8943 8942 8944
f 8945 6896 6898
f 6898 8944 8945
f 6896 8945 6825
f 6825 6824 6896
f 8947 6825 8945
f 8945 8946 8947
f 8946 8945 8944
f 8944 8948 8946
f 8942 8941 8948
f 8948 8944 8942
f 8950 8948 8941
f 8941 8949 8950
f 8949 8952 8951
f 8951 8950 8949
f 8952 8949 8953
f 8953 8954 8952
f 8939 8953 8949
f 8949 8941 8939
f 8948 8950 8955
f 8955 8946 8948
f 8956 8955 8950
f 8950 8951 8956
f 8957 8958 8955
f 8955 8956 8957
f 8956 8960 8959
f 8959 8957 8956
f 8951 8961 8960
f 8960 8956 8951
f 8958 8947 8946
f 8946 8955 8958
f 8947 6821 6825
f 6821 8947 6819
f 8958 6819 8947
f 6819 8958 6820
f 8943 6901 1803
f 1803 1805 8943
f 6901 8943 6898
f 6898 6897 6901
f 8938 8962 8953
f 8953 8939 8938
f 8938 1809 8963
f 8963 8962 8938
f 8964 8965 8962
f 8962 8963 8964
f 8964 8967 8966
f 8966 8965 8964
f 8967 8969 8968
f 8968 8966 8967
f 8970 8954 8965
f 8965 8966 8970
f 8971 8952 8954
f 8954 8970 8971
f 8973 8961 8971
f 8971 8972 8973
f 8970 8974 8972
f 8972 8971 8970
f 8973 8972 8975
f 8975 8976 8973
f 8975 8972 8974
f 8974 8977 8975
f 8971 8961 8951
f 8951 8952 8971
f 8966 8968 8974
f 8974 8970 8966
f 8977 8974 8968
f 8968 8978 8977
f 8981 8978 8979
f 8979 8980 8981
f 8969 8979 8978
f 8978 8968 8969
f 8978 8981 8982
f 8982 8977 8978
f 8965 8954 8953
f 8953 8962 8965
f 8969 8967 8983
f 8983 8984 8969
f 8986 8984 8983
f 8983 8985 8986
f 8988 8989 8987
f 8987 8985 8988
f 8989 8988 8990
f 8990 1790 8989
f 1790 1789 1951
f 1951 8989 1790
f 8989 1951 1950
f 1950 8987 8989
f 8990 8991 1808
f 1808 1810 8990
f 8991 8990 8988
f 8988 8992 8991
f 1790 8990 1810
f 1810 1788 1790
f 8992 8988 8985
f 8985 8983 8992
f 8964 8992 8983
f 8983 8967 8964
f 8985 8987 8993
f 8993 8986 8985
f 8994 8995 8993
f 8993 1949 8994
f 8996 8997 8995
f 8995 8994 8996
f 8994 1953 8998
f 8998 8996 8994
f 1949 1948 1953
f 1953 8994 1949
f 8987 1950 1949
f 1949 8993 8987
f 8986 8993 8995
f 8995 8999 8986
f 8999 9002 9000
f 9000 9001 8999
f 8997 9002 8999
f 8999 8995 8997
f 8986 8999 9001
f 9001 8984 8986
f 8979 8969 8984
f 8984 9001 8979
f 8992 8964 8963
f 8963 8991 8992
f 8991 8963 1809
f 1809 1808 8991
f 8938 8937 1807
f 1807 1809 8938
f 1781 1780 1788
f 1788 1810 1781
f 1911 1910 1914
f 1914 1958 1911
f 8901 9003 1956
f 1956 1959 8901
f 1955 9003 9004
f 9004 1954 1955
f 1954 9004 9005
f 9005 9006 1954
f 9004 8905 9007
f 9007 9005 9004
f 9008 9009 9005
f 9005 9007 9008
f 9010 9011 9009
f 9009 9008 9010
f 9013 9010 9008
f 9008 9012 9013
f 9012 9015 9014
f 9014 9013 9012
f 9015 9017 9016
f 9016 9014 9015
f 9013 9014 9018
f 9018 9019 9013
f 9019 9020 9010
f 9010 9013 9019
f 9021 9022 9019
f 9019 9018 9021
f 9018 9024 9023
f 9023 9021 9018
f 9024 9018 9014
f 9014 9016 9024
f 9017 9026 9025
f 9025 9016 9017
f 9026 9028 9027
f 9028 9026 8911
f 8911 9017 8908
f 9017 8911 9026
f 9025 9027 9029
f 9027 9025 9026
f 8909 8908 9017
f 9017 9015 8909
f 9030 8909 9015
f 9015 9012 9030
f 8909 9030 8903
f 8903 8902 8909
f 8905 8903 9030
f 9030 9007 8905
f 9012 9008 9007
f 9007 9030 9012
f 9020 9031 9011
f 9011 9010 9020
f 9033 9011 9031
f 9031 9032 9033
f 9035 9033 9032
f 9032 9034 9035
f 9036 9037 9034
f 9034 9032 9036
f 9032 9031 9038
f 9038 9036 9032
f 9039 9040 9037
f 9037 9036 9039
f 9036 9038 9041
f 9041 9039 9036
f 9043 9035 9034
f 9034 9042 9043
f 9042 9045 9044
f 9044 9043 9042
f 9035 9043 9046
f 9046 9047 9035
f 9043 9044 9048
f 9048 9046 9043
f 9037 9049 9042
f 9042 9034 9037
f 9049 9050 9045
f 9045 9042 9049
f 9050 9049 9051
f 9051 9052 9050
f 9049 9037 9040
f 9040 9051 9049
f 9011 9033 9053
f 9053 9009 9011
f 9009 9053 9006
f 9006 9005 9009
f 9054 9006 9053
f 9053 9047 9054
f 9047 9053 9033
f 9033 9035 9047
f 9055 9038 9031
f 9031 9020 9055
f 9055 9022 9056
f 9056 9057 9055
f 9057 9041 9038
f 9038 9055 9057
f 9041 9057 9058
f 9058 9059 9041
f 9059 9060 9039
f 9039 9041 9059
f 9062 9060 9059
f 9059 9061 9062
f 9061 9059 9058
f 9058 9063 9061
f 9057 9056 9064
f 9064 9058 9057
f 9066 9064 9056
f 9056 9065 9066
f 9022 9021 9065
f 9065 9056 9022
f 9020 9019 9022
f 9022 9055 9020
f 9003 8901 8905
f 8905 9004 9003
f 9003 1955 1945
f 1945 1956 9003
f 2031 2038 6630
f 6630 2033 2031
f 6606 6587 6607
f 6607 6614 6606
f 2017 6694 6693
f 6694 2017 2019
f 6650 6644 6637
f 6637 6645 6650
f 6644 6650 7411
f 7411 7349 6644
f 6650 6649 7409
f 7409 7411 6650
f 6643 6644 7349
f 7349 7348 6643
f 7407 7346 7349
f 7349 7411 7407
f 6649 1856 7410
f 7410 7409 6649
f 7346 7407 7408
f 7408 7347 7346
f 2055 7341 2059
f 2059 2053 2055
f 6641 6642 7341
f 7341 2055 6641
f 2044 2046 2040
f 2040 2030 2044
f 2040 6629 6621
f 6621 2039 2040
f 6643 7348 7339
f 7339 6642 6643
f 7342 7347 9067
f 9067 7345 7342
f 9067 9068 4938
f 4938 7365 9067
f 7347 7408 9068
f 9068 9067 7347
f 9068 7403 4935
f 4935 4938 9068
f 7403 9068 7408
f 7408 7404 7403
f 7365 7353 7345
f 7345 9067 7365
f 2059 7333 7334
f 7334 2057 2059
f 6740 6335 6333
f 6335 6740 6355
f 6333 6738 6740
f 6738 6333 6332
f 6722 6721 6725
f 6725 6757 6722
f 6751 8579 6749
f 8579 6751 6737
f 3647 3646 3768
f 3768 3658 3647
f 3591 3590 3671
f 3671 3670 3591
f 3657 3654 3660
f 3660 3670 3657
f 6783 9069 6802
f 9069 6783 6785
f 9070 6785 6786
f 6785 9070 9069
f 9069 9072 9071
f 9072 9069 9070
f 9074 9070 9073
f 9070 9074 9072
f 9073 9077 9075
f 9077 9073 9076
f 6786 9073 9070
f 9073 6786 9076
f 9078 9076 6780
f 9076 9078 9077
f 9075 9080 9079
f 9080 9075 9077
f 9082 9080 9081
f 9080 9082 9083
f 9083 9085 9084
f 9085 9083 9082
f 9087 9082 9086
f 9082 9087 9085
f 9087 9090 9088
f 9090 9087 9089
f 9089 9086 9091
f 9086 9089 9087
f 9085 9088 9092
f 9088 9085 9087
f 9086 9081 9093
f 9081 9086 9082
f 9093 9078 9094
f 9078 9093 9081
f 9081 9077 9078
f 9077 9081 9080
f 9092 9084 9085
f 9084 9092 9095
f 9095 9097 9084
f 9097 9095 9096
f 9098 9096 9095
f 9096 9098 9099
f 9100 9095 9092
f 9095 9100 9098
f 9084 9101 9083
f 9101 9084 9097
f 9097 9103 9101
f 9103 9097 9102
f 9083 9079 9080
f 9079 9083 9101
f 9101 9104 9079
f 9104 9101 9103
f 9075 9074 9073
f 9074 9075 9105
f 9106 9074 9105
f 9074 9106 9107
f 9104 9106 9105
f 9106 9104 9108
f 9109 9111 9108
f 9111 9109 9110
f 9103 9108 9104
f 9108 9103 9109
f 9108 9112 9106
f 9112 9108 9111
f 9112 9107 9106
f 9107 9112 9113
f 9113 9114 9107
f 9114 9113 8889
f 8889 8880 8882
f 8880 8889 9113
f 8878 9113 9112
f 9113 8878 8880
f 9107 9072 9074
f 9072 9107 9114
f 9079 9105 9075
f 9105 9079 9104
f 6776 9076 6786
f 9076 6776 6780
f 9114 9071 9072
f 9071 9114 9115
f 8890 9116 9115
f 9116 8890 8891
f 8925 8891 8926
f 8891 8925 9116
f 9117 9115 9116
f 9115 9117 9071
f 6802 9071 9117
f 9071 6802 9069
f 9117 6801 6802
f 6801 9117 8927
f 9116 8927 9117
f 8927 9116 8925
f 9115 8889 8890
f 8889 9115 9114
f 6804 6800 9118
f 6800 6804 6798
f 8929 1990 9118
f 1990 8929 2000
f 8928 9118 6800
f 9118 8928 8929
f 9118 1989 6804
f 1989 9118 1990
f 1991 6804 1989
f 6804 1991 6803
f 8927 6800 6801
f 6800 8927 8928
f 6790 6817 6795
f 6817 6790 6792
f 6794 9120 9119
f 9120 6794 6795
f 9121 9119 9120
f 9119 9121 9122
f 9120 9124 9121
f 9124 9120 9123
f 9126 9123 9125
f 9123 9126 9124
f 9124 9128 9121
f 9128 9124 9127
f 9130 9127 9129
f 9127 9130 9128
f 9122 9128 9131
f 9128 9122 9121
f 9132 9133 9091
f 9133 9132 9131
f 9130 9135 9133
f 9135 9130 9134
f 9131 9130 9133
f 9130 9131 9128
f 9134 9129 9136
f 9129 9134 9130
f 9137 9136 9129
f 9136 9137 9138
f 9139 9129 9127
f 9129 9139 9137
f 9140 9135 9134
f 9135 9140 9141
f 9142 9134 9136
f 9134 9142 9140
f 9091 9135 9089
f 9135 9091 9133
f 9094 9132 9093
f 9132 9094 9143
f 6779 9143 9094
f 9143 6779 6782
f 9131 9143 9122
f 9143 9131 9132
f 6782 9122 9143
f 9122 6782 9119
f 9093 9091 9086
f 9091 9093 9132
f 9126 9127 9124
f 9127 9126 9139
f 9139 9145 9144
f 9145 9139 9126
f 9144 9147 9146
f 9147 9144 9145
f 9149 9146 9147
f 9147 9148 9149
f 8959 8960 9150
f 9150 9148 8959
f 9148 9150 9151
f 9151 9149 9148
f 9150 8973 8976
f 8976 9151 9150
f 8960 8961 8973
f 8973 9150 8960
f 8959 9148 9147
f 9147 9152 8959
f 6816 9152 9153
f 9152 6816 9154
f 9145 9152 9147
f 9152 9145 9153
f 8957 8959 9152
f 9152 9154 8957
f 9146 9156 9144
f 9156 9146 9155
f 9149 9155 9146
f 9155 9149 9157
f 9155 9159 9156
f 9159 9155 9158
f 9157 9158 9155
f 9158 9157 9160
f 9137 9144 9156
f 9144 9137 9139
f 9145 9125 9153
f 9125 9145 9126
f 9153 6815 6816
f 6815 9153 9125
f 6817 9125 9123
f 9125 6817 6815
f 6795 9123 9120
f 9123 6795 6817
f 6781 9119 6782
f 9119 6781 6794
f 9094 6780 6779
f 6780 9094 9078
f 9156 9138 9137
f 9138 9156 9159
f 6813 9154 6816
f 9154 6813 6820
f 8957 6820 8958
f 6820 8957 9154
f 4365 2091 2095
f 2091 4365 2089
f 9161 4339 2116
f 2116 2115 9161
f 2058 7335 9161
f 9161 9162 2058
f 2115 2117 9162
f 9162 9161 2115
f 2056 2058 9162
f 9162 2063 2056
f 2061 9162 2117
f 9162 2061 2063
f 7335 4340 4339
f 4339 9161 7335
f 4353 9163 6861
f 9163 4353 4354
f 6860 9163 6886
f 9163 6860 6861
f 9163 4874 6886
f 4874 9163 9164
f 4354 9164 9163
f 9164 4354 4356
f 9164 4869 4874
f 4869 9164 4867
f 4356 4867 9164
f 4867 4356 4868
f 7335 2058 2057
f 2057 7334 7335
f 6628 2046 2047
f 2047 9165 6628
f 9165 9168 9166
f 9168 9165 9167
f 9167 2047 2008
f 2047 9167 9165
f 9167 2010 9168
f 2010 9167 2009
f 9166 9170 9169
f 9170 9166 9168
f 9165 9166 6627
f 6627 6628 9165
f 6627 9166 9169
f 9169 6626 6627
f 6626 9169 9171
f 9171 9172 6626
f 9171 9175 9173
f 9173 9174 9171
f 9171 9174 9176
f 9176 9172 9171
f 6624 6626 9172
f 9172 9177 6624
f 9177 9172 9176
f 9176 9178 9177
f 9179 9178 9176
f 9176 9174 9179
f 9177 6617 6616
f 6616 6624 9177
f 6617 9177 9178
f 9178 6619 6617
f 9173 9179 9174
f 9179 9173 9180
f 9180 9182 9181
f 9182 9180 9173
f 9183 9181 9182
f 9181 9183 9184
f 9183 6691 9184
f 6691 9183 6692
f 6692 9185 2018
f 9185 6692 9183
f 9186 9183 9182
f 9183 9186 9185
f 9181 6670 9180
f 6670 9181 6671
f 6671 9184 6679
f 9184 6671 9181
f 9173 9186 9182
f 9186 9173 9175
f 9186 9170 9187
f 9170 9186 9175
f 9175 9169 9170
f 9169 9175 9171
f 9168 9187 9170
f 9187 9168 2010
f 2008 2009 9167
f 2009 2008 2005
f 2046 6628 6629
f 6629 2040 2046
f 2010 9188 9187
f 9188 2010 2011
f 9187 9185 9186
f 9185 9187 9188
f 9188 2018 9185
f 2018 9188 2014
f 2011 2014 9188
f 2014 2011 2012
f 2018 6693 6692
f 6693 2018 2017
f 2285 2212 3261
f 2212 2285 2213
f 2250 2256 2259
f 2256 2250 2243
f 3261 2214 3262
f 2214 3261 2212
f 3260 9189 3297
f 9189 3260 3262
f 3297 4676 3295
f 4676 3297 9189
f 4677 9189 9190
f 9189 4677 4676
f 2214 9191 9190
f 9191 2214 2215
f 9190 9192 4677
f 9192 9190 9191
f 4677 4525 4527
f 4525 4677 9192
f 9192 4526 4525
f 4526 9192 9193
f 9193 9194 4526
f 9194 9193 2204
f 4526 4512 4514
f 4512 4526 9194
f 9194 4516 4512
f 4516 9194 9195
f 9196 9195 2175
f 9195 9196 4516
f 4516 4519 4510
f 4519 4516 9196
f 2190 9196 2189
f 9196 2190 4519
f 2175 2189 9196
f 2189 2175 2172
f 2203 2175 9195
f 2175 2203 2173
f 2204 9195 9194
f 9195 2204 2203
f 2207 2204 9193
f 2204 2207 2200
f 9191 9193 9192
f 9193 9191 2207
f 2207 2215 2205
f 2215 2207 9191
f 3262 9190 9189
f 9190 3262 2214
f 3255 3297 3298
f 3297 3255 3260
f 2186 2157 2158
f 2157 2186 2187
f 3319 3272 3274
f 3272 3319 3278
f 9197 2152 2150
f 2152 9197 2162
f 9197 9200 9198
f 9200 9197 9199
f 9202 9199 9201
f 9199 9202 9200
f 9198 9204 9203
f 9204 9198 9200
f 9200 9205 9204
f 9205 9200 9202
f 9202 9207 9205
f 9207 9202 9206
f 9206 9209 9207
f 9209 9206 9208
f 9211 9208 9210
f 9208 9211 9209
f 9207 9213 9212
f 9213 9207 9209
f 9214 9212 9213
f 9212 9214 9215
f 9215 9217 9216
f 9217 9215 9214
f 9214 9219 9217
f 9219 9214 9218
f 9213 9218 9214
f 9218 9213 9220
f 9212 9205 9207
f 9205 9212 9221
f 9215 9221 9212
f 9221 9215 9222
f 9220 9209 9211
f 9209 9220 9213
f 9224 9211 9223
f 9211 9224 9220
f 9223 9210 9225
f 9210 9223 9211
f 9226 9210 9208
f 9210 9226 9227
f 9227 9225 9210
f 9225 9227 9228
f 9229 9231 9228
f 9231 9229 9230
f 9230 9233 9232
f 9233 9230 9229
f 9235 9230 9234
f 9230 9235 9231
f 9236 9230 9232
f 9230 9236 9234
f 9228 9237 9229
f 9237 9228 9227
f 9237 9240 9238
f 9240 9237 9239
f 9239 9227 9226
f 9227 9239 9237
f 9229 9238 9233
f 9238 9229 9237
f 9241 9228 9231
f 9228 9241 9225
f 9242 9225 9241
f 9225 9242 9223
f 9241 9244 9242
f 9244 9241 9243
f 9231 9243 9241
f 9243 9231 9235
f 9208 9245 9226
f 9245 9208 9206
f 9206 9201 9245
f 9201 9206 9202
f 2151 9245 9201
f 9245 2151 9246
f 9246 9226 9245
f 9226 9246 9239
f 2146 9239 9246
f 9239 2146 9240
f 9246 2144 2146
f 2144 9246 2151
f 9201 2149 2151
f 2149 9201 9199
f 9247 9203 9204
f 9203 9247 9248
f 9247 9222 9249
f 9222 9247 9221
f 9250 9249 9222
f 9249 9250 9251
f 9251 9253 9252
f 9253 9251 9250
f 9222 9216 9250
f 9216 9222 9215
f 9250 9254 9253
f 9254 9250 9216
f 9256 9254 9255
f 9254 9256 9253
f 9256 9259 9257
f 9259 9256 9258
f 9258 9255 9260
f 9255 9258 9256
f 9257 9253 9256
f 9253 9257 9252
f 9254 9262 9255
f 9262 9254 9261
f 9261 9264 9262
f 9264 9261 9263
f 9263 9217 9219
f 9217 9263 9261
f 9261 9216 9217
f 9216 9261 9254
f 9266 9251 9265
f 9251 9266 9249
f 9265 9252 9267
f 9252 9265 9251
f 9267 9269 9265
f 9269 9267 9268
f 9270 9268 9267
f 9268 9270 9271
f 9273 9268 9272
f 9268 9273 9269
f 9272 9271 9274
f 9271 9272 9268
f 9270 9252 9257
f 9252 9270 9267
f 9275 9265 9269
f 9265 9275 9266
f 9276 9269 9273
f 9269 9276 9275
f 9277 9275 9276
f 9275 9277 9278
f 9280 9276 9279
f 9276 9280 9277
f 9279 9273 9281
f 9273 9279 9276
f 9278 9266 9275
f 9266 9278 9248
f 9248 9249 9266
f 9249 9248 9247
f 9282 9248 9278
f 9248 9282 9203
f 9221 9204 9205
f 9204 9221 9247
f 9198 2162 9197
f 2162 9198 2163
f 2163 9203 9282
f 9203 2163 9198
f 9199 2150 2149
f 2150 9199 9197
f 2160 9282 9283
f 9282 2160 2163
f 9284 9277 9280
f 9277 9284 9283
f 2160 9284 2161
f 9284 2160 9283
f 9285 2161 9284
f 2161 9285 9286
f 9286 9288 9287
f 9288 9286 9285
f 9290 9285 9289
f 9285 9290 9288
f 9287 9292 9291
f 9292 9287 9288
f 2186 9291 2185
f 9291 2186 9287
f 2185 9293 2183
f 9293 2185 9291
f 9293 9296 9294
f 9296 9293 9295
f 9291 9295 9293
f 9295 9291 9292
f 9292 9298 9295
f 9298 9292 9297
f 9297 9288 9290
f 9288 9297 9292
f 9295 9299 9296
f 9299 9295 9298
f 9296 9301 9300
f 9301 9296 9299
f 9303 9299 9302
f 9299 9303 9301
f 9298 9302 9299
f 9302 9298 9304
f 9300 9294 9296
f 9294 9300 9305
f 9305 2181 9294
f 2181 9305 2182
f 2182 9307 9306
f 9307 2182 9305
f 9305 9308 9307
f 9308 9305 9300
f 9294 2183 9293
f 2183 9294 2181
f 2158 9287 2186
f 9287 2158 9286
f 9310 9289 9309
f 9289 9310 9290
f 9310 9313 9311
f 9313 9310 9312
f 9312 9315 9313
f 9315 9312 9314
f 9314 9317 9315
f 9317 9314 9316
f 9316 9319 9317
f 9319 9316 9318
f 9321 9322 9320
f 9322 9321 9318
f 9316 9322 9318
f 9322 9316 9323
f 9324 9318 9321
f 9318 9324 9319
f 9315 9326 9325
f 9326 9315 9317
f 9327 9317 9319
f 9317 9327 9326
f 9316 9328 9323
f 9328 9316 9314
f 9328 9330 9323
f 9330 9328 9329
f 9331 9329 9328
f 9329 9331 9281
f 9314 9331 9328
f 9331 9314 9312
f 9311 9332 9304
f 9332 9311 9313
f 9313 9325 9332
f 9325 9313 9315
f 9304 9333 9302
f 9333 9304 9332
f 9334 9302 9333
f 9302 9334 9303
f 9336 9333 9335
f 9333 9336 9334
f 9332 9335 9333
f 9335 9332 9325
f 9290 9311 9297
f 9311 9290 9310
f 9304 9297 9311
f 9297 9304 9298
f 9312 9309 9331
f 9309 9312 9310
f 9309 9280 9279
f 9280 9309 9289
f 9281 9309 9279
f 9309 9281 9331
f 9289 9284 9280
f 9284 9289 9285
f 2155 9286 2158
f 9286 2155 2161
f 9278 9283 9282
f 9283 9278 9277
f 9281 9272 9329
f 9272 9281 9273
f 2191 9338 9337
f 9338 2191 2180
f 9339 9337 9338
f 9337 9339 9340
f 9340 9342 4462
f 4462 9341 9340
f 9340 9343 9337
f 9343 9340 9341
f 4519 9343 4517
f 9343 4519 2190
f 9341 4517 9343
f 4517 9341 4518
f 2190 9337 9343
f 9337 2190 2191
f 4459 4518 9341
f 9341 4462 4459
f 4460 4462 9342
f 9342 9344 4460
f 9344 9342 9345
f 9345 9346 9344
f 9347 9348 9345
f 9345 9339 9347
f 9339 9345 9342
f 9342 9340 9339
f 9338 9347 9339
f 9347 9338 9349
f 2180 9349 9338
f 9349 2180 2179
f 9350 9349 9306
f 9349 9350 9347
f 9348 9347 9350
f 9350 9351 9348
f 9346 9345 9348
f 9348 9352 9346
f 5505 9352 9353
f 9353 5503 5505
f 9352 9348 9351
f 9351 9353 9352
f 4474 9346 9352
f 9352 5505 4474
f 9354 9306 9307
f 9306 9354 9350
f 9354 9355 9351
f 9351 9350 9354
f 9356 9357 9355
f 9355 9354 9356
f 9307 9356 9354
f 9356 9307 9308
f 2179 9306 9349
f 9306 2179 2182
f 4461 4460 9344
f 9344 4471 4461
f 4471 9344 9346
f 9346 4474 4471
f 2148 2253 9358
f 2253 2148 2255
f 2252 9358 2253
f 9358 2252 9359
f 9359 9361 9358
f 9361 9359 9360
f 9240 9360 9238
f 9360 9240 9361
f 2148 9361 2145
f 9361 2148 9358
f 9240 2145 9361
f 2145 9240 2146
f 9362 9238 9360
f 9238 9362 9233
f 8509 9362 8510
f 9362 8509 9363
f 8511 9363 8509
f 9363 8511 9364
f 9365 9364 8511
f 9364 9365 9366
f 9367 9369 9366
f 9369 9367 9368
f 9370 9366 9365
f 9366 9370 9367
f 9370 8507 9371
f 8507 9370 9365
f 9371 5850 9370
f 5850 9371 5814
f 5851 9370 5850
f 9370 5851 9367
f 8511 8507 9365
f 8507 8511 8505
f 9368 5851 9372
f 5851 9368 9367
f 9374 9368 9373
f 9368 9374 9369
f 9366 9236 9364
f 9236 9366 9369
f 9369 9234 9236
f 9234 9369 9374
f 9375 9377 9373
f 9377 9375 9376
f 9372 9373 9368
f 9373 9372 9375
f 9378 9373 9377
f 9373 9378 9374
f 9364 9232 9363
f 9232 9364 9236
f 9363 9233 9362
f 9233 9363 9232
f 8510 9360 9359
f 9360 8510 9362
f 8508 9359 2252
f 9359 8508 8510
f 2433 9379 6941
f 6941 2434 2433
f 6918 6941 9379
f 9379 6919 6918
f 6919 9379 9380
f 9380 9381 6919
f 9380 2436 9382
f 9382 9383 9380
f 9382 9386 9384
f 9384 9385 9382
f 9386 2440 9387
f 9387 9384 9386
f 9388 9389 9385
f 9385 9384 9388
f 9390 9391 9389
f 9389 9388 9390
f 9393 9394 9390
f 9390 9392 9393
f 9392 9396 9395
f 9395 9393 9392
f 9398 9399 9396
f 9396 9397 9398
f 9387 9401 9397
f 9397 9400 9387
f 9400 9397 9396
f 9396 9392 9400
f 9402 9398 9397
f 9397 9401 9402
f 9396 9399 9403
f 9403 9395 9396
f 9399 9405 9404
f 9404 9403 9399
f 9399 9398 9406
f 9406 9405 9399
f 9394 9393 9407
f 9407 3617 9394
f 9391 9390 9394
f 9394 9408 9391
f 9408 9394 3617
f 3617 3615 9408
f 9409 3606 3607
f 3607 9407 9409
f 9393 9395 9409
f 9409 9407 9393
f 3609 3617 9407
f 9407 3607 3609
f 9388 9400 9392
f 9392 9390 9388
f 9389 9411 9410
f 9410 9385 9389
f 9383 9382 9385
f 9385 9410 9383
f 9413 9383 9410
f 9410 9412 9413
f 9413 9415 9414
f 9414 9381 9413
f 9415 9413 9412
f 9412 9416 9415
f 9381 9380 9383
f 9383 9413 9381
f 9412 9410 9411
f 9411 9417 9412
f 9391 9418 9411
f 9411 9389 9391
f 9421 9418 9419
f 9419 9420 9421
f 9421 9423 9422
f 9422 9417 9421
f 9423 6716 9424
f 9424 9422 9423
f 9425 6717 6716
f 6716 9423 9425
f 9423 9421 9420
f 9420 9425 9423
f 9417 9411 9418
f 9418 9421 9417
f 9420 9419 3614
f 3614 9426 9420
f 3616 9427 9426
f 9426 3614 3616
f 9425 9420 9426
f 9426 9428 9425
f 9427 6573 9428
f 9428 9426 9427
f 3615 3614 9419
f 9419 9408 3615
f 9418 9391 9408
f 9408 9419 9418
f 9384 9387 9400
f 9400 9388 9384
f 2435 2437 2440
f 2440 9386 2435
f 9386 9382 2436
f 2436 2435 9386
f 2436 9380 9379
f 9379 2433 2436
f 6920 6919 9381
f 9381 9414 6920
f 9414 9429 6922
f 6922 6920 9414
f 9431 9432 9430
f 9430 9429 9431
f 9432 9431 9433
f 9433 9434 9432
f 9434 9436 9435
f 9435 9432 9434
f 9436 9434 6713
f 6713 6712 9436
f 9437 9438 9435
f 9435 9436 9437
f 6715 6723 9439
f 9439 9437 6715
f 9440 9439 6723
f 6723 6724 9440
f 9440 7851 7848
f 7848 7852 9440
f 7851 9440 6724
f 6724 9441 7851
f 6724 6720 6722
f 6722 9441 6724
f 7851 9441 9442
f 9442 7850 7851
f 9441 6722 6757
f 6757 9442 9441
f 7845 9442 6759
f 9442 7845 7850
f 6759 6757 6756
f 6757 6759 9442
f 9439 9440 7852
f 7852 9443 9439
f 9443 9438 9437
f 9437 9439 9443
f 9435 9438 6934
f 6934 9444 9435
f 6931 6934 9438
f 9438 9443 6931
f 6932 6931 9443
f 9443 7852 6932
f 9437 9436 6712
f 6712 6715 9437
f 9424 6713 9434
f 9434 9433 9424
f 9422 9424 9433
f 9433 9416 9422
f 9416 9433 9431
f 9431 9415 9416
f 9444 9430 9432
f 9432 9435 9444
f 9429 9430 6925
f 6925 6922 9429
f 6925 9430 9444
f 9444 6926 6925
f 9429 9414 9415
f 9415 9431 9429
f 6926 9444 6934
f 6934 6933 6926
f 9417 9422 9416
f 9416 9412 9417
f 2440 2439 9401
f 9401 9387 2440
f 2441 9402 9401
f 9401 2439 2441
f 9445 9446 9402
f 9402 2441 9445
f 9447 9446 9445
f 9446 9447 9448
f 9448 9450 9449
f 9450 9448 9447
f 9446 9448 9451
f 9451 9406 9446
f 9398 9402 9446
f 9446 9406 9398
f 9449 9451 9448
f 9451 9449 9452
f 9454 9455 9453
f 9455 9454 9452
f 9455 9458 9456
f 9458 9455 9457
f 9449 9459 9457
f 9459 9449 9450
f 9452 9457 9455
f 9457 9452 9449
f 9450 9461 9459
f 9461 9450 9460
f 9460 9462 9461
f 9462 9460 2417
f 9461 9464 9463
f 9464 9461 9462
f 9466 9462 9465
f 9462 9466 9464
f 2417 9465 9462
f 9465 2417 2418
f 2417 2423 2415
f 2423 2417 9460
f 9460 9447 2423
f 9447 9460 9450
f 9459 9463 9467
f 9463 9459 9461
f 9467 9457 9459
f 9457 9467 9458
f 9458 9469 9468
f 9469 9458 9467
f 9467 9470 9469
f 9470 9467 9463
f 9456 9453 9455
f 9453 9456 9471
f 9472 9471 9456
f 9471 9472 9473
f 9473 9475 9474
f 9475 9473 9472
f 9473 9477 9471
f 9477 9473 9476
f 9474 9476 9473
f 9476 9474 9478
f 9479 9474 9475
f 9474 9479 9480
f 9481 9479 9475
f 9479 9481 9482
f 9481 9472 9468
f 9472 9481 9475
f 9456 9468 9472
f 9468 9456 9458
f 9483 9471 9477
f 9471 9483 9453
f 9485 9477 9484
f 9477 9485 9483
f 9487 9488 9486
f 9488 9487 9484
f 9476 9484 9477
f 9484 9476 9488
f 9489 9484 9487
f 9484 9489 9485
f 9490 9453 9483
f 9453 9490 9454
f 9491 9454 9490
f 9454 9491 9492
f 9452 9492 9451
f 9492 9452 9454
f 9493 9483 9485
f 9483 9493 9490
f 9494 9496 9493
f 9496 9494 9495
f 9493 9489 9494
f 9489 9493 9485
f 9496 9490 9493
f 9490 9496 9491
f 9405 9451 9492
f 9451 9405 9406
f 9445 2423 9447
f 2423 9445 2421
f 2422 2421 9445
f 9445 2441 2422
f 6713 9424 6716
f 6716 6711 6713
f 5673 2492 2486
f 2486 2496 5673
f 5693 5675 5674
f 5674 5699 5693
f 2501 2491 5670
f 5670 9497 2501
f 9497 9498 2502
f 2502 2501 9497
f 9498 9500 9499
f 9499 2502 9498
f 8444 9499 9500
f 9500 8411 8444
f 8443 9501 9499
f 9499 8444 8443
f 9501 8443 2474
f 2474 2473 9501
f 9501 2500 2502
f 2502 9499 9501
f 2500 9501 2473
f 2473 2475 2500
f 8408 8411 9500
f 9500 9502 8408
f 9503 9502 5681
f 5681 5682 9503
f 8409 8408 9502
f 9502 9503 8409
f 8416 8409 9503
f 9503 8423 8416
f 5682 5684 8423
f 8423 9503 5682
f 5681 9502 9500
f 9500 9498 5681
f 5679 5681 9498
f 9498 9497 5679
f 5671 5679 9497
f 9497 5670 5671
f 5705 6930 7853
f 7853 5704 5705
f 2340 9504 2426
f 9504 2340 2335
f 2426 9506 9505
f 9506 2426 9504
f 9505 9508 9507
f 9508 9505 9506
f 9507 9510 9509
f 9510 9507 9508
f 9509 7808 7807
f 7808 9509 9510
f 9511 7807 7806
f 7807 9511 9509
f 9511 9513 9512
f 9513 9511 7806
f 9514 9512 9513
f 9512 9514 9515
f 9516 9515 9514
f 9515 9516 9517
f 9517 9518 9470
f 9518 9517 9516
f 9519 9470 9518
f 9470 9519 9469
f 9521 9518 9520
f 9518 9521 9519
f 9516 9520 9518
f 9520 9516 9522
f 9517 9466 9515
f 9466 9517 9464
f 9464 9470 9463
f 9470 9464 9517
f 9514 9522 9516
f 9522 9514 7820
f 9513 7820 9514
f 7820 9513 7819
f 9524 9512 9523
f 9512 9524 9511
f 9525 9507 9524
f 9507 9525 9505
f 2425 9505 9525
f 9505 2425 2426
f 9524 9509 9511
f 9509 9524 9507
f 9526 9524 9523
f 9524 9526 9525
f 9523 9515 9466
f 9515 9523 9512
f 9465 9523 9466
f 9523 9465 9526
f 7806 7819 9513
f 7819 7806 7805
f 9528 9510 9527
f 9510 9528 7808
f 9530 9527 9529
f 9527 9530 9528
f 9532 9529 9531
f 9529 9532 9530
f 9533 9530 9532
f 9530 9533 9534
f 7811 9535 7810
f 9535 7811 9534
f 7810 5724 5726
f 5724 7810 9535
f 9535 5723 5724
f 5723 9535 9536
f 9538 9533 9537
f 9533 9538 9536
f 9534 9536 9535
f 9536 9534 9533
f 9536 9539 5723
f 9539 9536 9538
f 9534 9528 9530
f 9528 9534 7811
f 7808 7811 7803
f 7811 7808 9528
f 9533 9540 9537
f 9540 9533 9532
f 9532 9541 9540
f 9541 9532 9531
f 2326 9531 2324
f 9531 2326 9541
f 9542 9540 9541
f 9540 9542 9543
f 9541 9544 9542
f 9544 9541 2326
f 2323 9531 9529
f 9531 2323 2324
f 9545 9529 9527
f 9529 9545 2323
f 9543 9537 9540
f 9537 9543 9546
f 9546 9538 9537
f 9538 9546 9547
f 9538 9548 9539
f 9548 9538 9547
f 9547 9550 9548
f 9550 9547 9549
f 9547 9551 9549
f 9551 9547 9546
f 9552 9546 9543
f 9546 9552 9551
f 9553 9543 9542
f 9543 9553 9552
f 9551 9555 9554
f 9555 9551 9552
f 9556 9552 9553
f 9552 9556 9555
f 9508 9527 9510
f 9527 9508 9545
f 9545 9506 2330
f 9506 9545 9508
f 2330 9504 2328
f 9504 2330 9506
f 2328 2335 2329
f 2335 2328 9504
f 9526 2418 2419
f 2418 9526 9465
f 2419 9525 9526
f 9525 2419 2425
f 2323 2330 2321
f 2330 2323 9545
f 2372 2331 2362
f 2331 2372 2332
f 2327 9557 2325
f 9557 2327 2332
f 2325 9544 2326
f 9544 2325 9557
f 9558 9557 2371
f 9557 9558 9544
f 9553 9559 9556
f 9559 9553 9558
f 9556 9561 9560
f 9561 9556 9559
f 9560 9563 9562
f 9563 9560 9561
f 2374 9563 9561
f 9563 2374 9564
f 2369 9566 9564
f 9566 2369 9565
f 9568 9565 9567
f 9565 9568 9566
f 9564 9569 9563
f 9569 9564 9566
f 9569 9562 9563
f 9562 9569 9570
f 9572 9570 9571
f 9570 9572 9562
f 9570 9574 9571
f 9574 9570 9573
f 9569 9573 9570
f 9573 9569 9575
f 9566 9575 9569
f 9575 9566 9568
f 9577 9568 9576
f 9568 9577 9575
f 9567 9576 9568
f 9576 9567 9578
f 9567 9580 9579
f 9580 9567 9565
f 9581 9579 9580
f 9579 9581 9582
f 9580 2370 9581
f 2370 9580 2368
f 9582 2379 9583
f 2379 9582 9581
f 2380 9584 9583
f 9583 2379 2380
f 9583 9586 9582
f 9586 9583 9585
f 9584 9587 9585
f 9585 9583 9584
f 9581 2377 2379
f 2377 9581 2370
f 9579 9578 9567
f 9578 9579 9588
f 9590 9588 9589
f 9588 9590 9578
f 9586 9589 9588
f 9589 9586 9591
f 9582 9588 9579
f 9588 9582 9586
f 2368 9565 2369
f 9565 2368 9580
f 9564 2366 2369
f 2366 9564 2374
f 9555 9560 9592
f 9560 9555 9556
f 9592 9554 9555
f 9554 9592 9593
f 9595 9593 9594
f 9593 9595 9554
f 9596 9549 9595
f 9549 9596 9550
f 9550 9598 9597
f 9598 9550 9596
f 9597 9600 9599
f 9600 9597 9598
f 9602 9598 9601
f 9598 9602 9600
f 9601 9596 9603
f 9596 9601 9598
f 9595 9603 9596
f 9603 9595 9594
f 9594 9605 9603
f 9605 9594 9604
f 9594 9606 9604
f 9606 9594 9593
f 9554 9549 9551
f 9549 9554 9595
f 9572 9593 9592
f 9593 9572 9606
f 9592 9562 9572
f 9562 9592 9560
f 9561 2373 2374
f 2373 9561 9559
f 9559 2371 2373
f 2371 9559 9558
f 9558 9542 9544
f 9542 9558 9553
f 2332 2371 9557
f 2371 2332 2372
f 9607 2378 2357
f 2357 2356 9607
f 2381 2378 9607
f 9607 9608 2381
f 9611 9608 9609
f 9609 9610 9611
f 9612 2381 9608
f 9608 9611 9612
f 2381 9612 9584
f 9584 2380 2381
f 9612 9613 9587
f 9587 9584 9612
f 9613 9615 9614
f 9614 9587 9613
f 9615 9617 9616
f 9616 9614 9615
f 9619 9616 9617
f 9617 9618 9619
f 9618 9617 9620
f 9620 9621 9618
f 9622 9620 9617
f 9617 9615 9622
f 9623 9622 9615
f 9615 9613 9623
f 9624 9625 9620
f 9620 9622 9624
f 9626 9624 9622
f 9622 9623 9626
f 9625 9627 9621
f 9621 9620 9625
f 9629 8313 9628
f 9628 9627 9629
f 9630 9629 9627
f 9627 9625 9630
f 9631 9621 9627
f 9627 9628 9631
f 9619 9618 9632
f 9632 9633 9619
f 9635 9633 9632
f 9632 9634 9635
f 9634 7201 7203
f 7203 9635 9634
f 9636 9633 9635
f 9633 9636 9637
f 7203 9636 9635
f 9636 7203 7204
f 9632 9618 9621
f 9621 9631 9632
f 9631 9638 9634
f 9634 9632 9631
f 9619 9637 9639
f 9637 9619 9633
f 9639 9616 9619
f 9616 9639 9640
f 9640 9642 9641
f 9642 9640 9639
f 9639 9643 9642
f 9643 9639 9637
f 9644 9616 9640
f 9616 9644 9614
f 9644 9641 9591
f 9641 9644 9640
f 9587 9614 9644
f 9644 9585 9587
f 9585 9591 9586
f 9591 9585 9644
f 9611 9623 9613
f 9613 9612 9611
f 9610 9626 9623
f 9623 9611 9610
f 9645 9646 9626
f 9626 9610 9645
f 9647 9645 9610
f 9610 9609 9647
f 2515 9647 9609
f 9609 9648 2515
f 9645 9647 9649
f 9649 9650 9645
f 9651 9652 9650
f 9650 9649 9651
f 2514 9651 9649
f 9649 2513 2514
f 9653 9654 9652
f 9652 9651 9653
f 2464 9653 9651
f 9651 2514 2464
f 2513 9649 9647
f 9647 2515 2513
f 9650 9655 9646
f 9646 9645 9650
f 9652 9656 9655
f 9655 9650 9652
f 9656 9658 9657
f 9657 9655 9656
f 9658 9656 9659
f 9659 9660 9658
f 9656 9652 9654
f 9654 9659 9656
f 9655 9657 9661
f 9661 9646 9655
f 9661 9630 9625
f 9625 9624 9661
f 9657 9662 9630
f 9630 9661 9657
f 9646 9661 9624
f 9624 9626 9646
f 9609 9608 9607
f 9607 9648 9609
f 2515 9648 2516
f 2516 2511 2515
f 2356 2516 9648
f 9648 9607 2356
f 2462 2464 2514
f 2514 2471 2462
f 2474 8442 2466
f 2466 2468 2474
f 8442 8441 2467
f 2467 2466 8442
f 9663 2465 2467
f 2467 8447 9663
f 9663 8453 9654
f 9654 9653 9663
f 8447 8448 8453
f 8453 9663 8447
f 2465 9663 9653
f 9653 2464 2465
f 8444 8411 8405
f 8405 8414 8444
f 8453 8452 9659
f 9659 9654 8453
f 6978 9664 6979
f 9664 6978 6988
f 6988 9665 9664
f 9665 6988 6989
f 9665 9668 9666
f 9668 9665 9667
f 9670 9667 9669
f 9667 9670 9671
f 9671 9668 9667
f 9668 9671 9672
f 9674 9675 9673
f 9675 9674 9672
f 9672 9676 9668
f 9676 9672 9674
f 9678 9674 9677
f 9674 9678 9676
f 9678 9680 9676
f 9680 9678 9679
f 9679 9682 9680
f 9682 9679 9681
f 9681 9684 9682
f 9684 9681 9683
f 9685 9683 9681
f 9683 9685 9686
f 9679 9685 9681
f 9685 9679 9687
f 9666 9676 9680
f 9676 9666 9668
f 9680 9688 9666
f 9688 9680 9682
f 9687 9678 9689
f 9678 9687 9679
f 9689 9691 9687
f 9691 9689 9690
f 9692 9690 9689
f 9690 9692 9693
f 9677 9689 9678
f 9689 9677 9692
f 9673 9677 9674
f 9677 9673 9694
f 9695 9673 9675
f 9673 9695 9696
f 9698 9695 9697
f 9695 9698 9699
f 9700 9699 9698
f 9699 9700 9701
f 9702 9700 2804
f 9700 9702 9701
f 2797 2804 9700
f 2804 2797 2798
f 2795 9700 9698
f 9700 2795 2797
f 9699 9696 9695
f 9696 9699 9703
f 9701 9703 9699
f 9703 9701 9704
f 9706 9703 9705
f 9703 9706 9696
f 9704 9705 9703
f 9705 9704 9707
f 2795 9697 9708
f 9697 2795 9698
f 6996 2795 9708
f 2795 6996 2796
f 6995 9708 9709
f 9708 6995 6996
f 9708 9710 9709
f 9710 9708 9697
f 9697 9675 9710
f 9675 9697 9695
f 9710 9672 9671
f 9672 9710 9675
f 9696 9694 9673
f 9694 9696 9706
f 9694 9692 9677
f 9692 9694 9711
f 9693 9711 9712
f 9711 9693 9692
f 9714 9712 9711
f 9712 9714 9713
f 9711 9706 9714
f 9706 9711 9694
f 9709 9671 9670
f 9671 9709 9710
f 9670 6995 9709
f 6995 9670 6993
f 9670 6994 6993
f 6994 9670 9669
f 6989 6994 9669
f 6994 6989 6990
f 6989 9667 9665
f 9667 6989 9669
f 9666 9664 9665
f 9664 9666 9688
f 9688 6979 9664
f 6979 9688 9715
f 6973 9684 6975
f 9684 6973 9715
f 9682 9715 9688
f 9715 9682 9684
f 6972 9715 6973
f 9715 6972 6979
f 2796 6991 2799
f 6991 2796 6996
f 9716 6974 6975
f 6974 9716 9717
f 9718 9719 8467
f 9719 9718 9717
f 9718 6974 9717
f 6974 9718 6969
f 6966 9718 9720
f 9718 6966 6969
f 9720 8467 8466
f 8467 9720 9718
f 6966 8471 6967
f 8471 6966 9720
f 8468 9720 8466
f 9720 8468 8471
f 9719 9723 9721
f 9723 9719 9722
f 9717 9722 9719
f 9722 9717 9716
f 9716 9686 9722
f 9686 9716 9683
f 6975 9683 9716
f 9683 6975 9684
f 9722 9724 9723
f 9724 9722 9686
f 8467 9721 8465
f 9721 8467 9719
f 9685 9724 9686
f 9724 9685 9725
f 9687 9725 9685
f 9725 9687 9691
f 2786 6998 2787
f 6998 2786 2794
f 2787 6999 2788
f 6999 2787 6998
f 2678 2673 9726
f 2673 2678 2671
f 2682 9726 2696
f 9726 2682 2678
f 9727 2696 9726
f 2696 9727 2697
f 6963 9726 2673
f 9726 6963 9727
f 8480 2697 9727
f 2697 8480 8479
f 9727 6962 8480
f 6962 9727 6963
f 2673 6964 6963
f 6964 2673 2674
f 2674 6958 6964
f 6958 2674 2676
f 9728 6959 6967
f 6959 9728 6965
f 9728 8472 8475
f 8472 9728 8470
f 8470 6967 8471
f 6967 8470 9728
f 8475 6965 9728
f 6965 8475 8478
f 2630 2687 2635
f 2687 2630 2639
f 3476 1675 3477
f 1675 3476 1674
f 3499 3545 3569
f 3545 3499 3500
f 3475 3482 3472
f 3482 3475 6497
f 6496 9729 6498
f 9729 6496 6500
f 9730 6500 6502
f 6500 9730 9729
f 9729 8767 9731
f 8767 9729 9730
f 6498 9731 3483
f 9731 6498 9729
f 3483 8769 3480
f 8769 3483 9731
f 8764 9731 8767
f 9731 8764 8769
f 8765 9730 9732
f 9730 8765 8767
f 9732 8766 8765
f 8766 9732 9733
f 9734 6533 6535
f 6533 9734 9733
f 8766 9734 9735
f 9734 8766 9733
f 8761 9735 8759
f 9735 8761 8766
f 9736 8759 9735
f 8759 9736 8760
f 9736 8795 8760
f 8795 9736 9737
f 8793 8795 9737
f 9737 9738 8793
f 9736 9738 9737
f 9738 9736 9739
f 9739 9735 9734
f 9735 9739 9736
f 9740 9738 9739
f 9738 9740 8799
f 9740 9734 6535
f 9734 9740 9739
f 8793 9738 8799
f 8799 8794 8793
f 6534 9733 9732
f 9733 6534 6533
f 9732 6502 6534
f 6502 9732 9730
f 6497 3483 3482
f 3483 6497 6498
f 6534 6501 6532
f 6501 6534 6502
f 262 270 261
f 270 262 277
f 321 322 324
f 322 321 320
f 319 9741 3092
f 9741 319 321
f 9742 3092 9741
f 3092 9742 3093
f 9743 3093 9742
f 3093 9743 9744
f 3088 9745 3089
f 9745 3088 9744
f 9744 9746 9745
f 9746 9744 9743
f 9743 9748 9746
f 9748 9743 9747
f 9750 9747 9749
f 9747 9750 9748
f 9746 7083 9751
f 7083 9746 9748
f 9751 9745 9746
f 9745 9751 9752
f 9752 3089 9745
f 3089 9752 9753
f 9753 3087 3089
f 3087 9753 9754
f 9754 9756 9755
f 9756 9754 9753
f 9753 9757 9756
f 9757 9753 9752
f 9758 9752 9751
f 9752 9758 9757
f 7084 9758 7082
f 9758 7084 7087
f 9751 7082 9758
f 7082 9751 7083
f 9757 7087 7089
f 7087 9757 9758
f 7081 9748 9750
f 9748 7081 7083
f 7080 9750 339
f 9750 7080 7081
f 9749 339 9750
f 339 9749 337
f 335 337 9749
f 337 335 333
f 9749 9759 335
f 9759 9749 9747
f 9741 9759 9742
f 9759 9741 9760
f 9742 9747 9743
f 9747 9742 9759
f 335 9760 336
f 9760 335 9759
f 3090 9744 3088
f 9744 3090 3093
f 321 9760 9741
f 9760 321 324
f 324 336 9760
f 336 324 325
f 357 358 9761
f 358 357 354
f 7063 7078 9761
f 7078 7063 7077
f 364 9761 358
f 9761 364 7063
f 342 9761 7078
f 9761 342 357
f 7078 340 342
f 340 7078 7079
f 3078 3030 3024
f 3030 3078 3056
f 3031 3027 3029
f 3027 3031 9762
f 9763 9764 3972
f 3972 9762 9763
f 9764 9763 9765
f 9765 9766 9764
f 9766 3967 3966
f 3966 9764 9766
f 9767 9768 3967
f 3967 9766 9767
f 9769 9770 9768
f 9768 9767 9769
f 9772 9769 9767
f 9767 9771 9772
f 9773 9772 9771
f 9772 9773 9774
f 9772 9774 9775
f 9775 9776 9772
f 9776 9775 9777
f 9777 9778 9776
f 9777 9780 9779
f 9780 9777 9775
f 9775 9781 9780
f 9781 9775 9774
f 9782 9776 9778
f 9778 7712 9782
f 7712 9778 9783
f 9783 7710 7712
f 9784 9783 9778
f 9778 9777 9784
f 9776 9782 9769
f 9769 9772 9776
f 9774 9785 9781
f 9785 9774 9773
f 9773 9787 9785
f 9787 9773 9786
f 9786 9771 9765
f 9771 9786 9773
f 9787 3034 3033
f 3034 9787 9786
f 9765 3034 9786
f 3034 9765 9763
f 9785 9789 9781
f 9789 9785 9788
f 9787 9788 9785
f 9788 9787 9790
f 9770 9769 9782
f 9782 9791 9770
f 9791 9782 7712
f 7712 7711 9791
f 9791 7714 7716
f 7716 9770 9791
f 9792 9768 9770
f 9770 7716 9792
f 3968 3967 9768
f 9768 9792 3968
f 3970 3968 9792
f 9792 7733 3970
f 7733 9792 7716
f 7716 7715 7733
f 7711 7708 7714
f 7714 9791 7711
f 9766 9765 9771
f 9771 9767 9766
f 3969 3972 9764
f 9764 3966 3969
f 9762 3034 9763
f 3034 9762 3031
f 3028 9762 3972
f 9762 3028 3027
f 9754 3048 3087
f 3048 9754 3053
f 3172 3173 6211
f 3173 3172 3166
f 635 634 3831
f 3831 3830 635
f 3894 3136 3138
f 3138 3884 3894
f 3136 3894 3893
f 3893 3135 3136
f 3884 3885 3889
f 3889 3894 3884
f 3390 7053 3391
f 7053 3390 7046
f 5264 3316 5266
f 3316 5264 3317
f 5266 3318 9793
f 3318 5266 3316
f 5266 4658 4657
f 4658 5266 9793
f 9793 4660 4658
f 4660 9793 4666
f 4666 3318 9794
f 3318 4666 9793
f 4664 9794 9795
f 9794 4664 4666
f 3273 3293 9795
f 3293 3273 3276
f 3274 9795 9794
f 9795 3274 3273
f 9795 4665 4664
f 4665 9795 3293
f 3274 3318 3319
f 3318 3274 9794
f 3448 5267 5296
f 5296 3446 3448
f 3438 3437 3446
f 3446 5296 3438
f 3612 3623 9427
f 9427 3616 3612
f 3558 3604 3556
f 3556 3550 3558
f 9796 3556 3604
f 3604 3605 9796
f 9796 3555 3556
f 3555 9796 9797
f 3554 9797 9798
f 9797 3554 3555
f 9798 3564 3554
f 3564 9798 9799
f 9799 9494 9489
f 9494 9799 9798
f 8561 3564 9799
f 3564 8561 3567
f 9487 9799 9489
f 9799 9487 8561
f 9798 9495 9494
f 9495 9798 9797
f 9797 9800 9495
f 9800 9797 9796
f 9495 9801 9496
f 9801 9495 9800
f 9491 9801 9404
f 9801 9491 9496
f 9403 9404 9801
f 9801 9802 9403
f 3606 9409 9802
f 9802 9803 3606
f 9801 9800 9803
f 9803 9802 9801
f 9803 3605 3602
f 3602 3606 9803
f 3605 9803 9800
f 9800 9796 3605
f 9403 9802 9409
f 9409 9395 9403
f 3623 3624 6573
f 6573 9427 3623
f 6570 9428 6573
f 6573 6568 6570
f 6717 9425 9428
f 9428 6570 6717
f 9404 9492 9491
f 9492 9404 9405
f 3674 3519 3517
f 3517 3682 3674
f 3514 7144 3518
f 3518 3512 3514
f 7144 3679 3681
f 3681 3518 7144
f 3518 3681 3682
f 3682 3517 3518
f 7120 7171 7124
f 7171 7120 7125
f 7170 7125 7127
f 7125 7170 7171
f 9805 7127 9804
f 7127 9805 7170
f 9805 7166 7167
f 7167 7170 9805
f 9806 7165 7166
f 7166 9805 9806
f 9807 9809 9806
f 9809 9807 9808
f 9810 9807 9804
f 9807 9810 9811
f 9810 7106 7116
f 7106 9810 7126
f 9804 7126 9810
f 7126 9804 7127
f 9804 9806 9805
f 9806 9804 9807
f 7116 9811 9810
f 9811 7116 7117
f 9807 9812 9808
f 9812 9807 9811
f 9812 9813 9809
f 9809 9808 9812
f 9815 9809 9813
f 9813 9814 9815
f 9815 9814 9816
f 9816 9817 9815
f 9817 7161 7155
f 7155 7162 9817
f 7161 9817 9816
f 9816 9818 7161
f 9819 9818 9816
f 9816 9814 9819
f 7165 9815 9817
f 9817 7162 7165
f 7165 9806 9809
f 9809 9815 7165
f 9819 9814 9813
f 9813 9820 9819
f 9820 9822 9821
f 9821 9819 9820
f 9823 7115 9822
f 9822 9820 9823
f 9825 9821 9822
f 9822 9824 9825
f 9824 9822 7115
f 7115 7111 9824
f 9820 9813 9812
f 9812 9823 9820
f 7117 9812 9811
f 9812 7117 9823
f 7207 7215 9826
f 7215 7207 7210
f 8387 8364 8389
f 8364 8387 9826
f 9826 7217 8364
f 7217 9826 7215
f 7208 9826 8387
f 9826 7208 7207
f 7218 6264 8363
f 6264 7218 7220
f 6257 6264 6261
f 6264 6257 8363
f 2994 7191 2963
f 2963 2960 2994
f 2996 7189 7191
f 7191 2994 2996
f 7186 7202 9827
f 9827 7192 7186
f 9828 9827 7202
f 7202 7201 9828
f 9638 9828 7201
f 7201 9634 9638
f 9829 9830 9827
f 9827 9828 9829
f 8314 8315 9830
f 9830 9829 8314
f 7192 9827 9830
f 9830 7193 7192
f 7193 9830 8315
f 8315 8317 7193
f 8312 8314 9829
f 9829 9831 8312
f 9831 9628 8313
f 8313 8312 9831
f 9638 9631 9628
f 9628 9831 9638
f 9828 9638 9831
f 9831 9829 9828
f 7198 8386 7199
f 8386 7198 7208
f 8389 8361 8365
f 8361 8389 8364
f 6121 7268 7308
f 7268 6121 6122
f 7305 7268 7269
f 7268 7305 7308
f 638 7309 7300
f 7309 638 629
f 3861 3863 3866
f 3866 6059 3861
f 6058 6060 7274
f 7274 6063 6058
f 7284 6070 6062
f 6062 6061 7284
f 7287 3946 3936
f 3936 3939 7287
f 9832 9833 3939
f 3939 3940 9832
f 9834 9835 9832
f 9832 3950 9834
f 9835 9834 7742
f 7742 7741 9835
f 9835 9836 9833
f 9833 9832 9835
f 7743 7635 7637
f 7637 9836 7743
f 9836 9835 7741
f 7741 7743 9836
f 9837 9833 9836
f 9836 7637 9837
f 9838 7286 7287
f 7287 9837 9838
f 6068 6070 7286
f 7286 9838 6068
f 6069 6068 9838
f 9838 7636 6069
f 7637 7636 9838
f 9838 9837 7637
f 9837 7287 3939
f 3939 9833 9837
f 9834 3974 3976
f 3976 7742 9834
f 3974 9834 3950
f 3950 3949 3974
f 3940 3942 3950
f 3950 9832 3940
f 3964 7731 3975
f 3975 3963 3964
f 7731 7732 3976
f 3976 3975 7731
f 7742 3976 7732
f 7732 7739 7742
f 7724 7733 7715
f 7715 7718 7724
f 7727 7728 7740
f 7740 7730 7727
f 7730 7740 7739
f 7739 7732 7730
f 7635 7743 7737
f 7737 7632 7635
f 7632 7737 7626
f 7626 7620 7632
f 636 3831 634
f 3831 636 3833
f 4213 9839 4434
f 9839 4213 4210
f 4434 9841 9840
f 9841 4434 9839
f 4201 9840 9841
f 9840 4201 9842
f 4430 9842 4431
f 9842 4430 9840
f 9840 4432 4434
f 4432 9840 4430
f 9842 9844 9843
f 9843 4431 9842
f 4201 4199 9844
f 9844 9842 4201
f 4242 9845 9843
f 9843 9844 4242
f 9846 9845 4243
f 4243 4245 9846
f 9848 9849 9847
f 9847 9846 9848
f 9850 9849 9848
f 9849 9850 9851
f 4422 4426 9851
f 4426 4422 4418
f 4425 9851 9850
f 9851 4425 4422
f 9850 4245 4244
f 4244 4425 9850
f 4245 9850 9848
f 9848 9846 4245
f 9851 4428 9849
f 4428 9851 4426
f 9847 9849 4428
f 4428 4429 9847
f 9846 9847 9843
f 9843 9845 9846
f 4431 9843 9847
f 9847 4429 4431
f 4239 4243 9845
f 9845 4242 4239
f 4199 4198 4242
f 4242 9844 4199
f 4194 4201 9841
f 4201 4194 4193
f 9841 4195 4194
f 4195 9841 9839
f 4210 4195 9839
f 4195 4210 4196
f 4200 4183 4241
f 4241 4197 4200
f 4246 4238 4232
f 4232 4231 4246
f 4231 4424 4423
f 4423 4246 4231
f 4425 4244 4246
f 4246 4423 4425
f 4234 4397 4399
f 4399 4233 4234
f 4233 4399 4424
f 4424 4231 4233
f 4299 5049 4305
f 5049 4299 4309
f 4458 4509 4518
f 4518 4459 4458
f 4579 4583 4598
f 4598 4577 4579
f 5644 4626 5642
f 5642 5641 5644
f 4628 5642 4626
f 4626 4620 4628
f 4626 5644 9852
f 9852 4625 4626
f 5644 5643 9853
f 9853 9852 5644
f 9853 5646 9854
f 9854 9855 9853
f 9852 9853 9855
f 9855 5350 9852
f 5332 5335 5350
f 5350 9855 5332
f 5333 5332 9855
f 9855 9854 5333
f 5646 9853 5643
f 5643 5645 5646
f 5350 4624 4625
f 4625 9852 5350
f 4718 4917 4736
f 4736 4719 4718
f 4725 4710 4709
f 4710 4725 4713
f 4986 4716 4724
f 4716 4986 4721
f 4721 4918 4917
f 4917 4718 4721
f 4986 4984 4918
f 4918 4721 4986
f 4915 4918 4984
f 4984 4922 4915
f 4985 4986 4724
f 4724 9856 4985
f 4723 9856 4724
f 9856 4723 9857
f 9857 9859 9856
f 9859 9857 9858
f 9860 9859 9858
f 9859 9860 9861
f 9860 9857 9862
f 9857 9860 9858
f 9863 9860 9862
f 9860 9863 9864
f 9865 9864 9863
f 9864 9865 9866
f 9868 9865 9867
f 9865 9868 9866
f 9870 9866 9869
f 9866 9870 9864
f 9861 9864 9870
f 9864 9861 9860
f 9861 9870 4980
f 4980 4979 9861
f 9870 9869 9871
f 9871 4980 9870
f 9866 9871 9869
f 9871 9866 9868
f 9872 9873 9871
f 9871 9868 9872
f 9872 9867 9874
f 9867 9872 9868
f 9873 9872 4963
f 4963 4965 9873
f 4963 9874 4962
f 9874 4963 9872
f 9865 4711 9867
f 4711 9865 4708
f 9863 4708 9865
f 4708 9863 4709
f 9862 4709 9863
f 4709 9862 4725
f 9857 4725 9862
f 4725 9857 4723
f 9856 9859 4981
f 4981 4985 9856
f 9859 9861 4979
f 4979 4981 9859
f 9874 4711 9875
f 4711 9874 9867
f 9875 4962 9874
f 4962 9875 9876
f 4706 9876 9875
f 9876 4706 4812
f 9876 4959 4962
f 4959 9876 4958
f 4812 4958 9876
f 4958 4812 4814
f 4706 4711 4704
f 4711 4706 9875
f 4980 9871 9873
f 9873 4977 4980
f 4977 9873 4965
f 4965 4978 4977
f 4774 4781 4848
f 4848 4773 4774
f 4849 4771 4773
f 4773 4848 4849
f 4771 4849 9877
f 9877 9878 4771
f 9877 9880 9879
f 9879 9878 9877
f 9880 9877 4837
f 4837 4840 9880
f 9880 9881 7461
f 7461 9879 9880
f 9881 9884 9882
f 9882 9883 9881
f 9886 9882 9884
f 9884 9885 9886
f 9882 9886 9887
f 9887 9888 9882
f 9888 9887 9889
f 9889 7439 9888
f 9891 9889 9887
f 9887 9890 9891
f 7685 7450 9891
f 9891 9890 7685
f 9891 7450 7448
f 7448 9889 9891
f 7684 7685 9890
f 9890 9892 7684
f 9893 7683 7684
f 7684 9892 9893
f 9885 9893 9892
f 9892 9886 9885
f 9886 9892 9890
f 9890 9887 9886
f 9883 9882 9888
f 9888 7436 9883
f 7459 9883 7436
f 7436 7435 7459
f 9881 9883 7459
f 7459 7461 9881
f 7436 9888 7439
f 7439 7432 7436
f 4839 9885 9884
f 9884 4840 4839
f 9881 9880 4840
f 4840 9884 9881
f 7460 9878 9879
f 9879 7461 7460
f 4849 4838 4837
f 4837 9877 4849
f 4772 4771 9878
f 9878 7460 4772
f 4912 4942 7402
f 7402 4911 4912
f 5030 5612 5617
f 5617 5033 5030
f 5015 5033 9894
f 9894 5016 5015
f 5018 5016 9894
f 9894 7523 5018
f 5621 7524 7523
f 7523 9894 5621
f 5033 5617 5621
f 5621 9894 5033
f 5620 7653 7524
f 7524 5621 5620
f 7653 7655 7525
f 7525 7524 7653
f 5587 5602 7446
f 5602 5587 5589
f 4307 4296 4293
f 4293 5067 4307
f 5048 4308 4307
f 4307 5067 5048
f 5048 5066 5064
f 5064 5047 5048
f 5044 4309 4306
f 4309 5044 5049
f 5074 5058 5057
f 5057 5060 5074
f 7552 7546 7543
f 7543 7544 7552
f 5156 5165 5146
f 5146 5142 5156
f 5108 5233 9895
f 9895 5107 5108
f 9895 9897 9896
f 9896 5107 9895
f 9897 9900 9898
f 9900 9897 9899
f 9899 9902 9900
f 9902 9899 9901
f 9901 9904 9902
f 9904 9901 9903
f 9903 9907 9905
f 9905 9906 9903
f 9907 9903 9901
f 9901 9908 9907
f 9908 9910 9909
f 9909 9907 9908
f 5234 7702 9910
f 9910 5232 5234
f 9910 9908 9911
f 9911 5232 9910
f 5233 5232 9911
f 9911 9895 5233
f 9911 9899 9897
f 9897 9895 9911
f 9908 9901 9899
f 9899 9911 9908
f 9910 7702 7703
f 7703 9909 9910
f 9912 9905 9907
f 9907 9909 9912
f 7705 9912 9909
f 9909 7703 7705
f 9783 9784 9905
f 9905 9912 9783
f 9912 7705 7710
f 7710 9783 9912
f 9914 9779 9913
f 9913 9906 9914
f 9914 9784 9777
f 9777 9779 9914
f 9906 9905 9784
f 9784 9914 9906
f 9915 9779 9780
f 9779 9915 9913
f 9904 9915 9916
f 9915 9904 9913
f 9916 9902 9904
f 9902 9916 9917
f 9917 9919 9918
f 9919 9917 9916
f 9917 9900 9902
f 9900 9917 9920
f 9918 9920 9917
f 9920 9918 9921
f 9904 9903 9906
f 9906 9913 9904
f 9789 9916 9915
f 9916 9789 9919
f 9781 9915 9780
f 9915 9781 9789
f 9923 9924 9922
f 9924 9923 9898
f 5102 9922 9925
f 9922 5102 9923
f 9925 9926 7091
f 9926 9925 9922
f 9927 7091 9926
f 7091 9927 7088
f 7088 9928 7089
f 9928 7088 9927
f 9756 7089 9928
f 7089 9756 9757
f 9928 9755 9756
f 9755 9928 9929
f 9929 9927 9930
f 9927 9929 9928
f 9930 9932 9929
f 9932 9930 9931
f 9933 9931 9930
f 9931 9933 9921
f 9926 9930 9927
f 9930 9926 9933
f 9929 3054 9755
f 3054 9929 9932
f 9922 9933 9926
f 9933 9922 9924
f 9921 9924 9920
f 9924 9921 9933
f 9898 9920 9924
f 9920 9898 9900
f 9925 5103 5102
f 5103 9925 9934
f 9934 7091 7090
f 7091 9934 9925
f 9934 5105 5103
f 5105 9934 5136
f 5136 7090 5137
f 7090 5136 9934
f 9898 9896 9897
f 9896 9898 9923
f 5101 5104 5107
f 5107 9896 5101
f 9923 5101 9896
f 5101 9923 5102
f 7079 339 340
f 339 7079 7080
f 5168 5161 5163
f 5163 7596 5168
f 7595 7596 9935
f 9935 5282 7595
f 7596 5163 5298
f 5298 9935 7596
f 5279 5282 9935
f 9935 5286 5279
f 5294 5286 9935
f 9935 5298 5294
f 5283 7594 7595
f 7595 5282 5283
f 5284 5281 5318
f 5318 5320 5284
f 7571 7569 5316
f 5316 7573 7571
f 7577 7574 5343
f 5343 5342 7577
f 5337 5351 5334
f 5334 5327 5337
f 7567 7575 7548
f 7548 7549 7567
f 5484 5847 5479
f 5479 5477 5484
f 5485 5403 5402
f 5402 9936 5485
f 9937 9936 5406
f 5406 5409 9937
f 9937 9940 9938
f 9938 9939 9937
f 9936 9937 9939
f 9939 5485 9936
f 5485 9939 5847
f 5847 5484 5485
f 5846 5847 9939
f 9939 9938 5846
f 9938 5836 5835
f 5835 5846 9938
f 9940 9941 5836
f 5836 9938 9940
f 9942 9943 9941
f 9941 9940 9942
f 9942 5409 5407
f 5407 9944 9942
f 9943 9942 9944
f 9944 9945 9943
f 9943 9947 9946
f 9946 9941 9943
f 9947 9949 9948
f 9948 9946 9947
f 9949 9951 9950
f 9950 9948 9949
f 9952 9953 9951
f 9951 9949 9952
f 9949 9947 9954
f 9954 9952 9949
f 5833 5836 9941
f 9941 9946 5833
f 5834 5833 9946
f 9946 9948 5834
f 9945 9954 9947
f 9947 9943 9945
f 9954 9945 9955
f 9955 9956 9954
f 9957 9955 9945
f 9945 9944 9957
f 9944 5407 5408
f 5408 9957 9944
f 5409 9942 9940
f 9940 9937 5409
f 9936 5402 5401
f 5401 5406 9936
f 5467 7880 5469
f 5469 5464 5467
f 5468 7772 5443
f 5443 5442 5468
f 5469 7770 7772
f 7772 5468 5469
f 5838 9372 5851
f 5851 5840 5838
f 9948 9950 9958
f 9958 5834 9948
f 5834 9958 5837
f 5837 5832 5834
f 9375 5837 9958
f 9958 9376 9375
f 9958 9959 9376
f 9959 9958 9950
f 9959 9962 9960
f 9962 9959 9961
f 9964 9961 9963
f 9961 9964 9962
f 9965 9960 9962
f 9960 9965 9966
f 9966 9235 9378
f 9235 9966 9243
f 9243 9965 9244
f 9965 9243 9966
f 9967 9962 9964
f 9962 9967 9965
f 9969 9964 9968
f 9964 9969 9967
f 9244 9967 9970
f 9967 9244 9965
f 9970 9242 9244
f 9242 9970 9971
f 9223 9971 9224
f 9971 9223 9242
f 9224 9973 9972
f 9973 9224 9971
f 9971 9974 9973
f 9974 9971 9970
f 9969 9970 9967
f 9970 9969 9974
f 9976 9969 9975
f 9969 9976 9974
f 9968 9975 9969
f 9975 9968 9977
f 9968 9963 9978
f 9963 9968 9964
f 9978 9953 9979
f 9953 9978 9963
f 9981 9979 9980
f 9979 9981 9978
f 9983 9980 9982
f 9980 9983 9981
f 9977 9978 9981
f 9978 9977 9968
f 9984 9981 9983
f 9981 9984 9977
f 9986 9980 9979
f 9979 9985 9986
f 9953 9952 9985
f 9985 9979 9953
f 9987 9986 9985
f 9985 9956 9987
f 9956 9985 9952
f 9952 9954 9956
f 9951 9963 9961
f 9963 9951 9953
f 9377 9966 9378
f 9966 9377 9960
f 9376 9960 9377
f 9960 9376 9959
f 9950 9961 9959
f 9961 9950 9951
f 9988 9989 9955
f 9955 9957 9988
f 9989 9988 9990
f 9990 9991 9989
f 9989 9987 9956
f 9956 9955 9989
f 9991 9992 9987
f 9987 9989 9991
f 9992 9991 9993
f 9993 9994 9992
f 9996 9992 9994
f 9994 9995 9996
f 9995 9997 9982
f 9982 9996 9995
f 9992 9996 9986
f 9986 9987 9992
f 9996 9982 9980
f 9980 9986 9996
f 9998 9982 9997
f 9982 9998 9983
f 10000 9997 9999
f 9997 10000 9998
f 9998 10002 10001
f 10002 9998 10000
f 10002 10005 10003
f 10005 10002 10004
f 10006 10008 10004
f 10008 10006 10007
f 10000 10004 10002
f 10004 10000 10006
f 10009 10004 10008
f 10004 10009 10005
f 10001 10003 10010
f 10003 10001 10002
f 10011 10010 10003
f 10010 10011 10012
f 10013 10003 10005
f 10003 10013 10011
f 9999 10006 10000
f 10006 9999 10014
f 10007 10014 10015
f 10014 10007 10006
f 10015 10017 10007
f 10017 10015 10016
f 10019 10016 10015
f 10015 10018 10019
f 10014 10020 10018
f 10018 10015 10014
f 10020 10014 9999
f 9999 10021 10020
f 10021 9999 9997
f 9997 9995 10021
f 9983 10001 9984
f 10001 9983 9998
f 9995 9994 10022
f 10022 10021 9995
f 10024 10025 10022
f 10022 10023 10024
f 10027 10024 10023
f 10023 10026 10027
f 10029 10027 10026
f 10026 10028 10029
f 10031 10032 10030
f 10030 10028 10031
f 10031 10034 9990
f 9990 10033 10031
f 10028 10026 10034
f 10034 10031 10028
f 10033 5380 10032
f 10032 10031 10033
f 10035 10029 10028
f 10028 10030 10035
f 10030 10037 10036
f 10036 10035 10030
f 10037 10030 10032
f 10032 5382 10037
f 10038 10039 10027
f 10027 10029 10038
f 10039 10038 10040
f 10040 10041 10039
f 10038 10043 10042
f 10042 10040 10038
f 10043 10038 10029
f 10029 10035 10043
f 10024 10027 10039
f 10039 10044 10024
f 10025 10024 10044
f 10044 10045 10025
f 9993 10034 10026
f 10026 10023 9993
f 10023 10022 9994
f 9994 9993 10023
f 9991 9990 10034
f 10034 9993 9991
f 10025 10020 10021
f 10021 10022 10025
f 9988 10046 10033
f 10033 9990 9988
f 5380 10033 10046
f 10046 5379 5380
f 5408 5377 5379
f 5379 10046 5408
f 9957 5408 10046
f 10046 9988 9957
f 5388 5410 5419
f 5419 5387 5388
f 5415 5420 10047
f 10047 5417 5415
f 5417 10047 10048
f 10048 10049 5417
f 10047 10051 10050
f 10050 10048 10047
f 10051 10053 10052
f 10052 10050 10051
f 10048 10050 10054
f 10054 10055 10048
f 10057 10058 10054
f 10054 10056 10057
f 10060 10057 10056
f 10056 10059 10060
f 10052 10061 10059
f 10059 10056 10052
f 10053 10062 10061
f 10061 10052 10053
f 10062 10053 10063
f 10063 10064 10062
f 10066 10061 10062
f 10062 10065 10066
f 10065 10062 10064
f 10064 10067 10065
f 5423 10063 10053
f 10053 10051 5423
f 5515 5516 10064
f 10064 10063 5515
f 5424 5515 10063
f 10063 5423 5424
f 10050 10052 10056
f 10056 10054 10050
f 10069 10060 10059
f 10059 10068 10069
f 10068 10071 10070
f 10070 10069 10068
f 10071 10073 10072
f 10072 10070 10071
f 10070 10072 10074
f 10074 10075 10070
f 10069 10070 10075
f 10075 10076 10069
f 10073 10071 10077
f 10077 10078 10073
f 10073 10080 10079
f 10079 10072 10073
f 10078 10081 10080
f 10080 10073 10078
f 10071 10068 10066
f 10066 10077 10071
f 10061 10066 10068
f 10068 10059 10061
f 10057 10060 10082
f 10082 10083 10057
f 10058 10057 10083
f 10083 10084 10058
f 10086 10058 10084
f 10084 10085 10086
f 10087 10088 10085
f 10085 10084 10087
f 10084 10083 10089
f 10089 10087 10084
f 10076 10082 10060
f 10060 10069 10076
f 10090 10089 10083
f 10083 10082 10090
f 10089 10090 10091
f 10091 10092 10089
f 10094 10091 10090
f 10090 10093 10094
f 10093 10090 10082
f 10082 10076 10093
f 10058 10086 10055
f 10055 10054 10058
f 10096 10055 10086
f 10086 10095 10096
f 10095 10086 10085
f 10085 10097 10095
f 10100 10097 10098
f 10098 10099 10100
f 10100 10102 5394
f 5394 10101 10100
f 10101 10095 10097
f 10097 10100 10101
f 10103 10096 10095
f 10095 10101 10103
f 5393 10103 10101
f 10101 5394 5393
f 10105 10106 10104
f 10104 10102 10105
f 10099 10105 10102
f 10102 10100 10099
f 5391 5394 10102
f 10102 10104 5391
f 10088 10098 10097
f 10097 10085 10088
f 10099 10098 10107
f 10107 10108 10099
f 10108 10107 10109
f 10109 10110 10108
f 10107 10112 10111
f 10111 10109 10107
f 10112 10107 10098
f 10098 10088 10112
f 10049 10048 10055
f 10055 10096 10049
f 5418 5417 10049
f 10049 10113 5418
f 10113 10049 10096
f 10096 10103 10113
f 5419 5418 10113
f 10113 5395 5419
f 5395 10113 10103
f 10103 5393 5395
f 5420 5423 10051
f 10051 10047 5420
f 5387 5419 5395
f 5395 5389 5387
f 5429 5494 5425
f 5425 5422 5429
f 10104 10114 5392
f 5392 5391 10104
f 10117 10114 10115
f 10115 10116 10117
f 10116 10115 10118
f 10118 10119 10116
f 10115 10106 10120
f 10120 10118 10115
f 10121 10122 10118
f 10118 10120 10121
f 10120 10124 10123
f 10123 10121 10120
f 10124 10108 10110
f 10110 10123 10124
f 10125 10126 10121
f 10121 10123 10125
f 10127 10128 10126
f 10126 10125 10127
f 10129 10130 10128
f 10128 10127 10129
f 10127 10132 10131
f 10131 10129 10127
f 10133 10134 10130
f 10130 10129 10133
f 10135 10133 10129
f 10129 10131 10135
f 10128 10137 10136
f 10136 10126 10128
f 10137 10128 10130
f 10130 10138 10137
f 10132 10127 10125
f 10125 10139 10132
f 10139 10141 10140
f 10140 10132 10139
f 10110 10109 10141
f 10141 10139 10110
f 10123 10110 10139
f 10139 10125 10123
f 10105 10099 10108
f 10108 10124 10105
f 10106 10105 10124
f 10124 10120 10106
f 10126 10136 10122
f 10122 10121 10126
f 10119 10118 10122
f 10122 10142 10119
f 10145 10142 10143
f 10143 10144 10145
f 10146 10119 10142
f 10142 10145 10146
f 10147 10116 10119
f 10119 10146 10147
f 10148 10117 10116
f 10116 10147 10148
f 10147 10036 10037
f 10037 10148 10147
f 10036 10147 10146
f 10146 10149 10036
f 10149 10146 10145
f 10145 10150 10149
f 10150 10042 10043
f 10043 10149 10150
f 10151 10152 10042
f 10042 10150 10151
f 10150 10145 10144
f 10144 10151 10150
f 10153 10154 10144
f 10144 10143 10153
f 10143 10136 10137
f 10137 10153 10143
f 10154 10153 10155
f 10155 10156 10154
f 10151 10144 10154
f 10154 10157 10151
f 10157 10154 10156
f 10156 10158 10157
f 10159 10160 10156
f 10156 10155 10159
f 10161 10159 10155
f 10155 10138 10161
f 10138 10155 10153
f 10153 10137 10138
f 10142 10122 10136
f 10136 10143 10142
f 10114 10104 10106
f 10106 10115 10114
f 5383 5392 10114
f 10114 10117 5383
f 5392 5383 5373
f 5373 5384 5392
f 10148 10037 5382
f 5382 5381 10148
f 10117 10148 5381
f 5381 5383 10117
f 5382 10032 5380
f 5380 5375 5382
f 10088 10087 10162
f 10162 10112 10088
f 10163 10111 10112
f 10112 10162 10163
f 10164 10165 10111
f 10111 10163 10164
f 10163 10167 10166
f 10166 10164 10163
f 10167 10163 10162
f 10162 10092 10167
f 10167 10169 10168
f 10168 10166 10167
f 10171 10168 10169
f 10169 10170 10171
f 10170 10169 10091
f 10091 10094 10170
f 10173 10171 10170
f 10170 10172 10173
f 10172 10170 10094
f 10094 10174 10172
f 10174 10176 10175
f 10175 10172 10174
f 10176 10178 10177
f 10177 10175 10176
f 10178 10180 10179
f 10179 10177 10178
f 10180 10178 10181
f 10181 10182 10180
f 10183 10181 10178
f 10178 10176 10183
f 10172 10175 10184
f 10184 10173 10172
f 10175 10177 10185
f 10185 10184 10175
f 10186 10183 10176
f 10176 10174 10186
f 10186 10093 10076
f 10076 10075 10186
f 10093 10186 10174
f 10174 10094 10093
f 10075 10074 10183
f 10183 10186 10075
f 10171 10188 10187
f 10187 10168 10171
f 10166 10168 10187
f 10187 10189 10166
f 10189 10192 10190
f 10190 10191 10189
f 10192 10194 10193
f 10193 10190 10192
f 10195 10196 10194
f 10194 10192 10195
f 10192 10189 10187
f 10187 10195 10192
f 10197 10198 10191
f 10191 10190 10197
f 10164 10166 10189
f 10189 10191 10164
f 10165 10164 10191
f 10191 10198 10165
f 10199 10188 10171
f 10171 10173 10199
f 10202 10199 10200
f 10200 10201 10202
f 10204 10205 10202
f 10202 10203 10204
f 10201 10206 10203
f 10203 10202 10201
f 10205 10188 10199
f 10199 10202 10205
f 10200 10184 10185
f 10185 10207 10200
f 10199 10173 10184
f 10184 10200 10199
f 10201 10200 10207
f 10207 10208 10201
f 10188 10205 10195
f 10195 10187 10188
f 10092 10091 10169
f 10169 10167 10092
f 10087 10089 10092
f 10092 10162 10087
f 10067 10064 5516
f 5516 5517 10067
f 5517 5518 10209
f 10209 10067 5517
f 10210 10065 10067
f 10067 10209 10210
f 10065 10210 10077
f 10077 10066 10065
f 10078 10077 10210
f 10210 10211 10078
f 10081 10078 10211
f 10211 10212 10081
f 10212 10214 10213
f 10213 10081 10212
f 10217 10214 10215
f 10215 10216 10217
f 10217 9334 9336
f 9334 10217 10216
f 10214 10217 10218
f 10218 10213 10214
f 10213 10218 10219
f 10219 10220 10213
f 10220 10080 10081
f 10081 10213 10220
f 10221 10079 10080
f 10080 10220 10221
f 10222 10221 10220
f 10220 10219 10222
f 10223 10219 10218
f 10219 10223 10224
f 9336 10218 10217
f 10218 9336 10223
f 10224 10226 10225
f 10226 10224 10223
f 9335 10223 9336
f 10223 9335 10226
f 10225 9326 9327
f 9326 10225 10226
f 9325 10226 9335
f 10226 9325 9326
f 10225 10228 10224
f 10228 10225 10227
f 10224 10222 10219
f 10222 10224 10228
f 9303 10216 10229
f 10216 9303 9334
f 10229 9301 9303
f 9301 10229 10230
f 10230 10232 10231
f 10232 10230 10229
f 10234 10231 10232
f 10232 10233 10234
f 10236 10237 10235
f 10235 10233 10236
f 10215 10236 10233
f 10233 10232 10215
f 10233 10235 10238
f 10238 10234 10233
f 10231 10234 9357
f 9357 9356 10231
f 10231 9308 10230
f 9308 10231 9356
f 10216 10215 10232
f 10232 10229 10216
f 10230 9300 9301
f 9300 10230 9308
f 10214 10212 10236
f 10236 10215 10214
f 10212 10211 10237
f 10237 10236 10212
f 10209 10237 10211
f 10211 10210 10209
f 10237 10209 5518
f 5518 10235 10237
f 5444 4594 4593
f 4593 5445 5444
f 5447 7763 4594
f 4594 5444 5447
f 7763 5447 10239
f 10239 7761 7763
f 10239 5443 7772
f 7772 7769 10239
f 5447 5441 5443
f 5443 10239 5447
f 7761 10239 7769
f 7769 7762 7761
f 4473 5509 4477
f 4477 4470 4473
f 4473 4472 5504
f 5504 5499 4473
f 4475 5528 4489
f 4489 4476 4475
f 5531 4489 5528
f 5528 5529 5531
f 4592 4594 7763
f 7763 4599 4592
f 4590 4486 4487
f 4487 5531 4590
f 4489 5531 4487
f 4487 4488 4489
f 7770 5469 7880
f 7880 7771 7770
f 5505 5504 4472
f 4472 4474 5505
f 10240 5502 5503
f 5503 9353 10240
f 10241 5520 5502
f 5502 10240 10241
f 5520 10241 10238
f 10238 5519 5520
f 10234 10238 10241
f 10241 9357 10234
f 9357 10241 10240
f 10240 9355 9357
f 9353 9351 9355
f 9355 10240 9353
f 7657 7661 7654
f 7654 7651 7657
f 7525 7655 10242
f 10242 7526 7525
f 10243 10244 7526
f 7526 10242 10243
f 10243 10246 10245
f 10245 10244 10243
f 10246 10248 10247
f 10247 10245 10246
f 10245 7517 7518
f 7518 10244 10245
f 10244 7518 7520
f 7520 7526 10244
f 10247 10249 7517
f 7517 10245 10247
f 10249 10247 10248
f 10248 10250 10249
f 10251 10252 10249
f 10249 10250 10251
f 10250 10253 7510
f 7510 10251 10250
f 10253 10256 10254
f 10254 10255 10253
f 10256 7663 7662
f 7662 10254 10256
f 10255 10254 10257
f 10257 10258 10255
f 10257 10254 7662
f 7662 7664 10257
f 7663 10256 10248
f 10248 10246 7663
f 10250 10248 10256
f 10256 10253 10250
f 7510 10253 10255
f 10255 7508 7510
f 10252 10251 7504
f 7504 7505 10252
f 7515 7517 10249
f 10249 10252 7515
f 7515 10252 7505
f 7505 7507 7515
f 7502 7504 10251
f 10251 7510 7502
f 7660 7663 10246
f 10246 10243 7660
f 7661 7660 10243
f 10243 10242 7661
f 7661 10242 7655
f 7655 7654 7661
f 10259 10257 7664
f 7664 7667 10259
f 7493 7492 10259
f 10259 7667 7493
f 10259 7497 10258
f 10258 10257 10259
f 7492 7494 7497
f 7497 10259 7492
f 7509 10258 7497
f 7497 7496 7509
f 7496 7498 7500
f 7500 7509 7496
f 7508 10255 10258
f 10258 7509 7508
f 4874 6884 6886
f 6884 4874 4873
f 4873 6885 6884
f 6885 4873 4875
f 4875 4885 6885
f 4885 4875 4882
f 4885 6872 6873
f 6872 4885 4886
f 6885 6873 6874
f 6873 6885 4885
f 5742 5720 10260
f 5720 5742 5721
f 10261 10260 9599
f 10260 10261 5742
f 10261 10264 10262
f 10264 10261 10263
f 10263 9599 9600
f 9599 10263 10261
f 10266 10263 10265
f 10263 10266 10264
f 10264 10268 10267
f 10268 10264 10266
f 10265 10270 10266
f 10270 10265 10269
f 9602 10269 10265
f 10269 9602 10271
f 10271 10273 10269
f 10273 10271 10272
f 8252 10272 8250
f 10272 8252 10273
f 10269 10274 10270
f 10274 10269 10273
f 10273 8433 10274
f 8433 10273 8252
f 10270 10276 10275
f 10276 10270 10274
f 10274 8430 10276
f 8430 10274 8433
f 8250 10277 8251
f 10277 8250 10272
f 10277 9605 10278
f 9605 10277 10279
f 10279 10272 10271
f 10272 10279 10277
f 10279 9603 9605
f 9603 10279 9601
f 10271 9601 10279
f 9601 10271 9602
f 10278 8251 10277
f 8251 10278 10280
f 10281 10280 10278
f 10280 10281 10282
f 9604 10278 9605
f 10278 9604 10281
f 9600 10265 10263
f 10265 9600 9602
f 10275 10266 10270
f 10266 10275 10268
f 8419 10267 10268
f 10267 8419 8422
f 10262 10267 10283
f 10267 10262 10264
f 10283 5743 10262
f 5743 10283 5744
f 10284 5744 10283
f 5744 10284 10285
f 10287 10285 10284
f 10284 10286 10287
f 10286 10284 8422
f 8422 8421 10286
f 8422 10283 10267
f 10283 8422 10284
f 10262 5742 10261
f 5742 10262 5743
f 10268 8420 8419
f 8420 10268 10275
f 10288 9599 10260
f 9599 10288 9597
f 5722 10260 5720
f 10260 5722 10288
f 9597 9548 9550
f 9548 9597 10288
f 9539 10288 5722
f 10288 9539 9548
f 5741 10285 5686
f 10285 5741 5744
f 10285 10287 5685
f 5685 5686 10285
f 5725 7809 5726
f 7809 5725 5736
f 5737 7809 5736
f 7809 5737 7799
f 5722 5723 9539
f 5723 5722 5716
f 7817 10290 10289
f 10290 7817 7816
f 10289 10292 10291
f 10292 10289 10290
f 10291 10294 10293
f 10294 10291 10292
f 10291 9520 10289
f 9520 10291 9521
f 9522 10289 9520
f 10289 9522 7817
f 9521 10293 9482
f 10293 9521 10291
f 10295 9482 10293
f 9482 10295 9479
f 9479 10296 9480
f 10296 9479 10295
f 10296 10299 10297
f 10299 10296 10298
f 10295 10298 10296
f 10298 10295 10300
f 10300 10293 10294
f 10293 10300 10295
f 10294 10301 10300
f 10301 10294 7831
f 10300 6748 10298
f 6748 10300 10301
f 10301 6746 6748
f 6746 10301 6754
f 7831 6754 10301
f 6754 7831 7830
f 10292 7831 10294
f 7831 10292 7829
f 10298 6747 10299
f 6747 10298 6748
f 10299 8571 10297
f 8571 10299 10302
f 10302 8567 8571
f 8567 10302 8574
f 6750 8574 10302
f 8574 6750 8580
f 10302 6747 6750
f 6747 10302 10299
f 10297 8570 10303
f 8570 10297 8571
f 10303 8569 9478
f 8569 10303 8570
f 10303 10296 10297
f 10296 10303 9480
f 9478 9480 10303
f 9480 9478 9474
f 7829 10290 7822
f 10290 7829 10292
f 7816 7822 10290
f 7822 7816 7818
f 7817 7820 7813
f 7820 7817 9522
f 5677 5685 10287
f 10287 5683 5677
f 5683 10287 10286
f 10286 5684 5683
f 7826 7844 7832
f 7844 7826 7828
f 6752 7830 7832
f 7830 6752 6754
f 6752 7844 6753
f 7844 6752 7832
f 9519 9482 9481
f 9482 9519 9521
f 8421 8423 5684
f 5684 10286 8421
f 8427 10275 10276
f 10275 8427 8420
f 5809 5814 9371
f 5814 5809 5810
f 5808 9371 8507
f 9371 5808 5809
f 8517 5769 5771
f 5769 8517 5776
f 5837 9375 9372
f 9372 5838 5837
f 9235 9374 9378
f 9374 9235 9234
f 2252 2249 8508
f 2249 2252 2247
f 7963 7965 7969
f 7965 7963 7961
f 5986 7932 5987
f 7932 5986 10304
f 10304 10307 10305
f 10305 10306 10304
f 10306 10305 10308
f 10308 10309 10306
f 10309 10308 10310
f 10310 10311 10309
f 10311 10310 10312
f 10312 10313 10311
f 10310 10315 10314
f 10314 10312 10310
f 10315 10317 10316
f 10316 10314 10315
f 10314 10316 10318
f 10318 10319 10314
f 10321 10318 10316
f 10316 10320 10321
f 10317 10322 10320
f 10320 10316 10317
f 8033 8032 10322
f 10322 10317 8033
f 10317 10315 10323
f 10323 8033 10317
f 10325 10321 10320
f 10320 10324 10325
f 10324 10327 10326
f 10326 10325 10324
f 10321 10325 10328
f 10328 10329 10321
f 10325 10326 10330
f 10330 10328 10325
f 10324 10320 10322
f 10322 10331 10324
f 10327 10324 10331
f 10331 10332 10327
f 8035 8037 10332
f 10332 10331 8035
f 10331 10322 8032
f 8032 8035 10331
f 10319 10318 10333
f 10333 10334 10319
f 10334 10336 10335
f 10335 10319 10334
f 10319 10335 10312
f 10312 10314 10319
f 10337 10338 10334
f 10334 10333 10337
f 10339 10337 10333
f 10333 10329 10339
f 10329 10333 10318
f 10318 10321 10329
f 10308 10323 10315
f 10315 10310 10308
f 10305 10340 10323
f 10323 10308 10305
f 10305 10341 10340
f 10341 10305 10307
f 10307 5990 10341
f 5990 10307 5988
f 10340 8036 8034
f 8036 10340 10341
f 10341 5992 8036
f 5992 10341 5990
f 10304 5988 10307
f 5988 10304 5986
f 10343 10344 10342
f 10342 10313 10343
f 10344 10343 10345
f 10345 10346 10344
f 10349 10346 10347
f 10347 10348 10349
f 10351 10349 10348
f 10348 10350 10351
f 10350 10353 10352
f 10352 10351 10350
f 10356 10353 10354
f 10354 10355 10356
f 10353 10350 10357
f 10357 10354 10353
f 10353 10356 10358
f 10358 10352 10353
f 10351 10352 10359
f 10359 10360 10351
f 10360 10361 10349
f 10349 10351 10360
f 10350 10348 10362
f 10362 10357 10350
f 10357 10362 10363
f 10363 10364 10357
f 10362 10366 10365
f 10365 10363 10362
f 10348 10347 10366
f 10366 10362 10348
f 10367 10347 10346
f 10346 10345 10367
f 10345 10336 10368
f 10368 10367 10345
f 10367 10368 10369
f 10369 10370 10367
f 10370 10366 10347
f 10347 10367 10370
f 10370 10369 10371
f 10371 10372 10370
f 10369 10374 10373
f 10373 10371 10369
f 10374 10369 10368
f 10368 10338 10374
f 10338 10368 10336
f 10336 10334 10338
f 10343 10335 10336
f 10336 10345 10343
f 10361 10344 10346
f 10346 10349 10361
f 10375 10342 10344
f 10344 10361 10375
f 10376 10375 10361
f 10361 10360 10376
f 10375 10376 10377
f 10377 10378 10375
f 10376 10380 10379
f 10379 10377 10376
f 10360 10359 10380
f 10380 10376 10360
f 10378 10381 10342
f 10342 10375 10378
f 10381 10311 10313
f 10313 10342 10381
f 10311 10381 7930
f 7930 10309 10311
f 10381 10378 7931
f 7931 7930 10381
f 10335 10343 10313
f 10313 10312 10335
f 7929 10306 10309
f 10309 7930 7929
f 7932 10304 10306
f 10306 7929 7932
f 7928 7926 7933
f 7933 10382 7928
f 10379 10384 10383
f 10383 10382 10379
f 10380 10385 10384
f 10384 10379 10380
f 10385 10380 10359
f 10359 10386 10385
f 10352 10358 10386
f 10386 10359 10352
f 10386 10388 10387
f 10387 10385 10386
f 10391 10388 10389
f 10389 10390 10391
f 10392 10387 10388
f 10388 10391 10392
f 10393 10394 10387
f 10387 10392 10393
f 10392 10396 10395
f 10395 10393 10392
f 10391 10397 10396
f 10396 10392 10391
f 10397 10391 10390
f 10390 10398 10397
f 10400 10396 10397
f 10397 10399 10400
f 10399 10397 10398
f 10398 10401 10399
f 10402 10395 10396
f 10396 10400 10402
f 10403 10404 10395
f 10395 10402 10403
f 10406 10403 10402
f 10402 10405 10406
f 10405 10402 10400
f 10400 10407 10405
f 10408 10409 10394
f 10394 10393 10408
f 10410 10411 10408
f 10408 10404 10410
f 10404 10403 10412
f 10412 10410 10404
f 10413 10414 10411
f 10411 10410 10413
f 10410 10412 10415
f 10415 10413 10410
f 10393 10395 10404
f 10404 10408 10393
f 10411 10416 10409
f 10409 10408 10411
f 10416 10417 10383
f 10383 10409 10416
f 10417 10416 10418
f 10418 10419 10417
f 10414 10418 10416
f 10416 10411 10414
f 10409 10383 10384
f 10384 10394 10409
f 10394 10384 10385
f 10385 10387 10394
f 10420 10421 10390
f 10390 10389 10420
f 10421 10420 10422
f 10422 10423 10421
f 10421 10424 10398
f 10398 10390 10421
f 10426 10427 10425
f 10425 10424 10426
f 10428 10429 10426
f 10426 10423 10428
f 10424 10421 10423
f 10423 10426 10424
f 10427 10426 10429
f 10429 10430 10427
f 10401 10398 10424
f 10424 10425 10401
f 10432 10401 10425
f 10425 10431 10432
f 10431 10425 10427
f 10427 10433 10431
f 10355 10422 10420
f 10420 10356 10355
f 10423 10422 10434
f 10434 10428 10423
f 10434 10437 10435
f 10435 10436 10434
f 10439 10440 10438
f 10438 10436 10439
f 10441 10439 10436
f 10436 10435 10441
f 10428 10434 10436
f 10436 10438 10428
f 10443 10435 10437
f 10437 10442 10443
f 10355 10354 10442
f 10442 10437 10355
f 10437 10434 10422
f 10422 10355 10437
f 10356 10420 10389
f 10389 10358 10356
f 10388 10386 10358
f 10358 10389 10388
f 10382 7933 10377
f 10377 10379 10382
f 10382 10383 10417
f 10417 7928 10382
f 7928 10417 10419
f 10419 7927 7928
f 7908 10419 7907
f 10419 7908 7927
f 10419 10418 7905
f 7905 7907 10419
f 7933 7931 10378
f 10378 10377 7933
f 10418 10414 7906
f 7906 7905 10418
f 10414 10413 10444
f 10444 7906 10414
f 7906 10444 10445
f 10445 7904 7906
f 7903 10445 7916
f 10445 7903 7904
f 10445 10447 10446
f 10446 7916 10445
f 10449 10446 10447
f 10447 10448 10449
f 10448 10447 10450
f 10450 10451 10448
f 10451 10450 10415
f 10415 10452 10451
f 10452 10454 10453
f 10453 10451 10452
f 10455 10448 10451
f 10451 10453 10455
f 10448 10455 10456
f 10456 10449 10448
f 10456 10455 10457
f 10457 10458 10456
f 10460 10458 10459
f 10458 10460 10461
f 10458 10457 10462
f 10462 10459 10458
f 10461 10456 10458
f 10456 10461 10463
f 10456 10464 10449
f 10464 10456 10463
f 10463 10466 10464
f 10466 10463 10465
f 10449 10467 10446
f 10467 10449 10464
f 7948 10464 10466
f 10464 7948 10467
f 10457 10455 10453
f 10453 10468 10457
f 10471 10468 10469
f 10469 10470 10471
f 10470 10469 10472
f 10472 10473 10470
f 10470 10475 10474
f 10474 10471 10470
f 10473 10476 10475
f 10475 10470 10473
f 10468 10453 10454
f 10454 10469 10468
f 10469 10454 10477
f 10477 10472 10469
f 10454 10452 10478
f 10478 10477 10454
f 10457 10468 10471
f 10471 10462 10457
f 10412 10478 10452
f 10452 10415 10412
f 10413 10415 10450
f 10450 10444 10413
f 10444 10450 10447
f 10447 10445 10444
f 10403 10406 10478
f 10478 10412 10403
f 7919 7914 7943
f 7914 7919 7917
f 10340 8034 8033
f 8033 10323 10340
f 10479 6016 6017
f 6016 10479 8056
f 10479 10482 10480
f 10482 10479 10481
f 10484 10481 10483
f 10481 10484 10482
f 10486 10487 10485
f 10487 10486 10484
f 10485 10489 10488
f 10489 10485 10487
f 10491 10485 10490
f 10485 10491 10486
f 10486 10493 10492
f 10493 10486 10491
f 10495 10491 10494
f 10491 10495 10493
f 10497 10494 10496
f 10494 10497 10495
f 10496 10499 10498
f 10499 10496 10494
f 10498 10501 10500
f 10501 10498 10499
f 10499 10502 10501
f 10502 10499 10490
f 10490 10494 10491
f 10494 10490 10499
f 10498 10504 10496
f 10504 10498 10503
f 10505 10496 10504
f 10496 10505 10497
f 10507 10495 10506
f 10495 10507 10493
f 10509 10506 10508
f 10506 10509 10507
f 10508 10511 10510
f 10511 10508 10506
f 10511 10495 10497
f 10495 10511 10506
f 8068 10507 10509
f 10507 8068 10512
f 8066 10509 10513
f 10509 8066 8068
f 10508 10513 10509
f 10513 10508 10514
f 10493 10512 10492
f 10512 10493 10507
f 10482 10486 10492
f 10486 10482 10484
f 10480 10492 10512
f 10492 10480 10482
f 10490 10488 10502
f 10488 10490 10485
f 10502 10516 10515
f 10516 10502 10488
f 10515 10518 10517
f 10518 10515 10516
f 10515 10501 10502
f 10501 10515 10519
f 10519 10500 10501
f 10500 10519 10520
f 10521 10523 10520
f 10523 10521 10522
f 10520 10524 10521
f 10524 10520 10519
f 10520 10525 10500
f 10525 10520 10523
f 10519 10517 10524
f 10517 10519 10515
f 10526 10524 10517
f 10524 10526 10527
f 10517 10528 10526
f 10528 10517 10518
f 10516 10530 10518
f 10530 10516 10529
f 10488 10529 10516
f 10529 10488 10489
f 10532 10489 10531
f 10489 10532 10529
f 10531 6025 10532
f 6025 10531 6026
f 10529 10533 10530
f 10533 10529 10532
f 10534 10532 6025
f 10532 10534 10533
f 10531 10487 10535
f 10487 10531 10489
f 10535 6026 10531
f 6026 10535 6027
f 10483 6027 10535
f 6027 10483 10536
f 10484 10535 10487
f 10535 10484 10483
f 10483 6018 10536
f 6018 10483 10481
f 6017 10481 10479
f 10481 6017 6018
f 10480 8056 10479
f 8056 10480 8065
f 6013 10536 6018
f 10536 6013 6019
f 8065 10512 8068
f 10512 8065 10480
f 6019 6027 10536
f 6027 6019 6023
f 8009 7966 7974
f 7966 8009 7972
f 5941 7991 5938
f 7991 5941 7982
f 10537 5938 7991
f 5938 10537 5939
f 5939 10538 5948
f 10538 5939 10537
f 10539 5948 10538
f 5948 10539 5949
f 10538 10541 10539
f 10541 10538 10540
f 7992 10542 10540
f 10542 7992 7993
f 10543 7993 7995
f 7993 10543 10542
f 10544 10542 10543
f 10542 10544 10545
f 10545 10540 10542
f 10540 10545 10541
f 10546 10539 10541
f 10539 10546 10547
f 10547 10549 10548
f 10549 10547 10546
f 10546 10551 10549
f 10551 10546 10550
f 10541 10550 10546
f 10550 10541 10545
f 10553 10554 10552
f 10554 10553 10548
f 10555 10548 10549
f 10548 10555 10554
f 10548 5951 10547
f 5951 10548 10553
f 10547 5949 10539
f 5949 10547 5951
f 10556 10545 10544
f 10545 10556 10550
f 10544 10558 10556
f 10558 10544 10557
f 10557 10560 10558
f 10560 10557 10559
f 10559 10562 10561
f 10562 10559 10557
f 10564 10559 10563
f 10559 10564 10560
f 10563 10561 10565
f 10561 10563 10559
f 10556 10567 10566
f 10567 10556 10558
f 10558 10568 10567
f 10568 10558 10560
f 10543 10557 10544
f 10557 10543 10562
f 7995 10562 10543
f 10562 7995 10569
f 10569 7994 10570
f 7994 10569 7995
f 10570 10572 10569
f 10572 10570 10571
f 8005 10571 10570
f 10571 8005 8004
f 10574 10571 10573
f 10571 10574 10572
f 10572 10565 10561
f 10565 10572 10574
f 10574 10576 10565
f 10576 10574 10575
f 10573 10575 10574
f 10575 10573 10577
f 8004 10573 10571
f 10573 8004 10578
f 10578 10577 10573
f 10577 10578 10579
f 10579 10581 10580
f 10581 10579 10578
f 10578 8003 10581
f 8003 10578 8004
f 7988 10570 7994
f 10570 7988 8005
f 10569 10561 10562
f 10561 10569 10572
f 10537 10540 10538
f 10540 10537 7992
f 7991 7992 10537
f 7992 7991 7989
f 7973 10583 10582
f 10583 7973 7954
f 10583 10585 10582
f 10585 10583 10584
f 10587 10584 10586
f 10584 10587 10585
f 8012 10582 10585
f 10582 8012 8011
f 7973 8011 7974
f 8011 7973 10582
f 10585 10588 8012
f 10588 10585 10587
f 10590 10587 10589
f 10587 10590 10588
f 8012 8001 8000
f 8001 8012 10588
f 10588 8002 8001
f 8002 10588 10590
f 10592 10590 10591
f 10590 10592 8002
f 10594 10591 10593
f 10591 10594 10592
f 10593 10596 10595
f 10596 10593 10591
f 10597 10595 10596
f 10595 10597 10598
f 10600 10601 10599
f 10601 10600 10598
f 10598 10602 10601
f 10602 10598 10597
f 10603 10598 10600
f 10598 10603 10595
f 10596 10604 10597
f 10604 10596 10589
f 10589 10591 10590
f 10591 10589 10596
f 10586 10589 10587
f 10589 10586 10604
f 10595 10605 10593
f 10605 10595 10603
f 10593 10606 10594
f 10606 10593 10605
f 10605 10608 10606
f 10608 10605 10607
f 10603 10607 10605
f 10607 10603 10609
f 8006 8002 10592
f 8002 8006 7997
f 10610 10592 10594
f 10592 10610 8006
f 10580 10610 10611
f 10610 10580 10581
f 10613 10611 10612
f 10611 10613 10580
f 10615 10612 10614
f 10612 10615 10613
f 10616 10580 10613
f 10580 10616 10579
f 10613 10617 10616
f 10617 10613 10615
f 10606 10612 10611
f 10612 10606 10608
f 10611 10594 10606
f 10594 10611 10610
f 10581 8006 10610
f 8006 10581 8003
f 10586 7950 10618
f 7950 10586 10584
f 10604 10618 10619
f 10618 10604 10586
f 10597 10619 10602
f 10619 10597 10604
f 10620 10602 10619
f 10602 10620 10621
f 10622 10619 10618
f 10619 10622 10620
f 10620 10624 10623
f 10624 10620 10622
f 10465 10623 10624
f 10623 10465 10625
f 10625 10627 10623
f 10627 10625 10626
f 10626 10629 10627
f 10629 10626 10628
f 10460 10628 10626
f 10628 10460 10630
f 10632 10628 10631
f 10628 10632 10629
f 10631 10630 10633
f 10630 10631 10628
f 10623 10621 10620
f 10621 10623 10627
f 10634 10627 10629
f 10627 10634 10621
f 10461 10626 10625
f 10626 10461 10460
f 10625 10463 10461
f 10463 10625 10465
f 7952 10465 10624
f 10465 7952 10466
f 7949 10624 10622
f 10624 7949 7952
f 10618 7949 10622
f 7949 10618 7950
f 10583 7950 10584
f 7950 10583 7951
f 7954 7951 10583
f 7951 7954 7953
f 7915 10446 10467
f 10446 7915 7916
f 7913 10467 7948
f 10467 7913 7915
f 7947 10466 7952
f 10466 7947 7948
f 5898 6024 5899
f 6024 5898 10635
f 10635 6025 6024
f 6025 10635 10534
f 10534 10637 10636
f 10637 10534 10635
f 10636 10639 10638
f 10639 10636 10637
f 10637 5906 10639
f 5906 10637 5904
f 10640 10638 10639
f 10638 10640 10641
f 10642 10639 5906
f 10639 10642 10640
f 5906 10643 10642
f 10643 5906 5905
f 10642 10645 10644
f 10645 10642 10643
f 10644 10647 10646
f 10647 10644 10645
f 10647 10649 10648
f 10648 10646 10647
f 10651 10648 10649
f 10649 10650 10651
f 10648 10651 10652
f 10652 10653 10648
f 10655 10652 10651
f 10651 10654 10655
f 10654 10651 10650
f 10650 10656 10654
f 10657 10658 10650
f 10650 10649 10657
f 10660 10661 10657
f 10657 10659 10660
f 10659 10657 10649
f 10649 10647 10659
f 10661 10662 10658
f 10658 10657 10661
f 10646 10664 10644
f 10664 10646 10663
f 10666 10653 10665
f 10653 10666 10663
f 10653 10663 10646
f 10646 10648 10653
f 10667 10663 10666
f 10663 10667 10664
f 10640 10644 10664
f 10644 10640 10642
f 10645 10659 10647
f 10659 10645 10668
f 10668 10660 10659
f 10660 10668 10669
f 10670 10669 10668
f 10669 10670 10671
f 10669 10673 10660
f 10673 10669 10672
f 10671 10672 10669
f 10672 10671 5917
f 10643 10668 10645
f 10668 10643 10670
f 5905 10670 10643
f 10670 5905 5893
f 10664 10641 10640
f 10641 10664 10667
f 10667 10675 10641
f 10675 10667 10674
f 10677 10674 10676
f 10674 10677 10675
f 10678 10675 10677
f 10675 10678 10679
f 10681 10677 10680
f 10677 10681 10678
f 10528 10678 10681
f 10678 10528 10682
f 10679 10682 10683
f 10682 10679 10678
f 10530 10683 10682
f 10683 10530 10533
f 10518 10682 10528
f 10682 10518 10530
f 10526 10681 10684
f 10681 10526 10528
f 10684 10527 10526
f 10527 10684 10685
f 10686 10685 10684
f 10685 10686 10687
f 10680 10684 10681
f 10684 10680 10686
f 10679 10641 10675
f 10641 10679 10638
f 10638 10683 10636
f 10683 10638 10679
f 10533 10636 10683
f 10636 10533 10534
f 10680 10676 10688
f 10676 10680 10677
f 10689 10676 10674
f 10676 10689 10690
f 10691 10690 10689
f 10690 10691 10692
f 10694 10692 10693
f 10692 10694 10690
f 10692 10696 10695
f 10695 10693 10692
f 10691 10697 10696
f 10696 10692 10691
f 10665 10689 10666
f 10689 10665 10691
f 10674 10666 10689
f 10666 10674 10667
f 10690 10688 10676
f 10688 10690 10694
f 10686 10688 10698
f 10688 10686 10680
f 10694 10698 10688
f 10698 10694 10699
f 10687 10698 10700
f 10698 10687 10686
f 10700 10699 10701
f 10699 10700 10698
f 10635 5904 10637
f 5904 10635 5898
f 10671 5893 5894
f 5893 10671 10670
f 5894 5917 10671
f 5917 5894 5895
f 5917 10702 10672
f 10702 5917 5916
f 10703 10672 10702
f 10672 10703 10673
f 10706 10703 10704
f 10704 10705 10706
f 10703 10706 10707
f 10707 10673 10703
f 10661 10660 10673
f 10673 10707 10661
f 10707 10708 10662
f 10662 10661 10707
f 10708 10710 10709
f 10709 10662 10708
f 10710 10712 10711
f 10711 10709 10710
f 10713 10714 10712
f 10712 10710 10713
f 10715 10713 10710
f 10710 10708 10715
f 10705 10716 10715
f 10715 10706 10705
f 10705 10704 10717
f 10717 10718 10705
f 10716 10705 10718
f 10718 10719 10716
f 10706 10715 10708
f 10708 10707 10706
f 10716 10720 10713
f 10713 10715 10716
f 10720 10716 10719
f 10719 10721 10720
f 10720 10722 10714
f 10714 10713 10720
f 10722 10720 10721
f 10721 10723 10722
f 10712 10725 10724
f 10724 10711 10712
f 10725 10712 10714
f 10714 10726 10725
f 10728 10725 10726
f 10726 10727 10728
f 10729 10730 10727
f 10727 10726 10729
f 10727 10732 10731
f 10731 10728 10727
f 10730 10733 10732
f 10732 10727 10730
f 10722 10729 10726
f 10726 10714 10722
f 10734 10724 10725
f 10725 10728 10734
f 10724 10734 10735
f 10735 10736 10724
f 10736 10737 10711
f 10711 10724 10736
f 10735 10740 10738
f 10738 10739 10735
f 10734 10741 10740
f 10740 10735 10734
f 10736 10735 10739
f 10739 10742 10736
f 10728 10731 10741
f 10741 10734 10728
f 10737 10743 10709
f 10709 10711 10737
f 10658 10743 10656
f 10656 10650 10658
f 10743 10737 10744
f 10744 10656 10743
f 10742 10744 10737
f 10737 10736 10742
f 10656 10744 10745
f 10745 10654 10656
f 10746 10655 10654
f 10654 10745 10746
f 10745 10748 10747
f 10747 10746 10745
f 10744 10742 10748
f 10748 10745 10744
f 10662 10709 10743
f 10743 10658 10662
f 10702 10704 10703
f 10704 10702 10749
f 10751 5918 10750
f 5918 10751 10749
f 10750 10753 10751
f 10753 10750 10752
f 5921 10755 10752
f 10755 5921 10754
f 10754 5920 10756
f 5920 10754 5921
f 10756 5922 5950
f 5922 10756 5920
f 10756 10552 10754
f 10552 10756 10553
f 5950 10553 10756
f 10553 5950 5951
f 10754 10757 10755
f 10757 10754 10552
f 10758 10755 10757
f 10755 10758 10759
f 10760 10759 10758
f 10759 10760 10761
f 10760 10763 10762
f 10762 10761 10760
f 10761 10753 10759
f 10753 10761 10764
f 10765 10764 10761
f 10761 10762 10765
f 10767 10762 10763
f 10763 10766 10767
f 10768 10769 10766
f 10766 10763 10768
f 10763 10760 10770
f 10770 10768 10763
f 10758 10770 10760
f 10770 10758 10771
f 10771 10773 10770
f 10773 10771 10772
f 10774 10772 10771
f 10772 10774 10775
f 10757 10771 10758
f 10771 10757 10774
f 10752 10759 10753
f 10759 10752 10755
f 10774 10552 10554
f 10552 10774 10757
f 5919 10752 10750
f 10752 5919 5921
f 10717 10749 10751
f 10749 10717 10704
f 10764 10751 10753
f 10751 10764 10717
f 5914 10750 5918
f 10750 5914 5919
f 10749 5916 5918
f 5916 10749 10702
f 477 8194 8195
f 8194 477 479
f 479 472 8194
f 472 479 470
f 8167 8195 8168
f 8195 8167 477
f 8197 8161 8162
f 8161 8197 8198
f 8157 8126 8135
f 8126 8157 8127
f 8353 8223 8374
f 8223 8353 8224
f 8374 8228 10776
f 8228 8374 8223
f 8242 10776 8241
f 10776 8242 10777
f 8372 8380 8373
f 8380 8372 10777
f 10778 10777 8242
f 10777 10778 8380
f 10779 8242 8243
f 8242 10779 10778
f 10781 10779 10780
f 10779 10781 10782
f 10782 10778 10779
f 10778 10782 10783
f 10784 10783 10782
f 10783 10784 10785
f 8378 10785 8379
f 10785 8378 10783
f 8379 10787 10786
f 10787 8379 10785
f 10789 10787 10788
f 10787 10789 10790
f 10791 9642 9643
f 9642 10791 10790
f 10786 10790 10791
f 10790 10786 10787
f 10791 10793 10786
f 10793 10791 10792
f 10794 10791 9643
f 10791 10794 10792
f 10790 9641 9642
f 9641 10790 10789
f 10789 9591 9641
f 9591 10789 9589
f 9589 10788 9590
f 10788 9589 10789
f 10788 10785 10784
f 10785 10788 10787
f 10784 9590 10788
f 9590 10784 10795
f 9578 10795 9576
f 10795 9578 9590
f 9576 10781 9577
f 10781 9576 10795
f 10795 10782 10781
f 10782 10795 10784
f 10783 8380 10778
f 8380 10783 8378
f 10780 9577 10781
f 9577 10780 10796
f 9575 10796 9573
f 10796 9575 9577
f 10797 9573 10796
f 9573 10797 9574
f 10797 8244 10798
f 8244 10797 8245
f 9574 10798 10799
f 10798 9574 10797
f 9571 10799 10800
f 10799 9571 9574
f 9571 9606 9572
f 9606 9571 10800
f 9606 10281 9604
f 10281 9606 10800
f 10800 10282 10281
f 10282 10800 10799
f 10799 8239 10282
f 8239 10799 10798
f 10798 8235 8239
f 8235 10798 8244
f 8245 10796 10780
f 10796 8245 10797
f 10780 8243 8245
f 8243 10780 10779
f 8372 10776 10777
f 10776 8372 8374
f 10776 8229 8241
f 8229 10776 8228
f 8377 10793 8385
f 10793 8377 8376
f 10786 8376 8379
f 8376 10786 10793
f 10793 10801 8385
f 10801 10793 10792
f 8385 8388 8384
f 8388 8385 10801
f 7200 10801 10802
f 10801 7200 8388
f 7204 10794 9636
f 10794 7204 10802
f 10792 10802 10801
f 10802 10792 10794
f 7196 10802 7204
f 10802 7196 7200
f 8388 7199 8386
f 7199 8388 7200
f 1247 6381 1245
f 6381 1247 6382
f 6405 6394 6388
f 6388 6389 6405
f 6668 6679 6673
f 6679 6668 6671
f 6619 6672 6613
f 6613 6611 6619
f 9178 9179 6672
f 6672 6619 9178
f 6672 9180 6670
f 9180 6672 9179
f 6679 6691 6678
f 6691 6679 9184
f 1820 6877 1868
f 6877 1820 1817
f 6878 1868 6877
f 1868 6878 1866
f 1822 1816 1814
f 1816 1822 6876
f 1801 1825 1811
f 1825 1801 1804
f 1823 6902 6881
f 6902 1823 1824
f 1825 6902 1824
f 6902 1825 6899
f 6448 8697 8692
f 8697 6448 6447
f 6447 6434 8697
f 6434 6447 6432
f 8615 1459 8620
f 1459 8615 1460
f 10803 8620 1464
f 8620 10803 8618
f 1464 10804 10803
f 10804 1464 1465
f 1465 10805 10804
f 10805 1465 1467
f 10804 8830 8826
f 8830 10804 10805
f 10805 8738 8830
f 8738 10805 8736
f 8736 1467 8737
f 1467 8736 10805
f 8826 10803 10804
f 10803 8826 8828
f 8828 8618 10803
f 8618 8828 8619
f 1459 1464 8620
f 1464 1459 1461
f 8617 10806 8622
f 10806 8617 8619
f 10806 8637 8622
f 8637 10806 8835
f 8835 8827 8829
f 8827 8835 10806
f 8827 8619 8828
f 8619 8827 10806
f 8559 8568 8560
f 8568 8559 9486
f 9486 8561 9487
f 8561 9486 8559
f 8569 9486 9488
f 9486 8569 8568
f 8580 6749 8579
f 6749 8580 6750
f 9658 10807 9662
f 9662 9657 9658
f 10809 9662 10807
f 10807 10808 10809
f 10808 8311 8310
f 8310 10809 10808
f 10810 10811 8311
f 8311 10808 10810
f 10813 10814 10810
f 10810 10812 10813
f 8454 10813 10812
f 10812 9660 8454
f 10808 10807 10812
f 10812 10810 10808
f 9660 10812 10807
f 10807 9658 9660
f 8341 8340 10814
f 10814 10813 8341
f 10814 10815 10811
f 10811 10810 10814
f 8305 10811 10815
f 10815 8304 8305
f 8306 8311 10811
f 10811 8305 8306
f 8304 10815 8286
f 8286 8285 8304
f 10815 10814 8340
f 8340 8286 10815
f 8450 8341 10813
f 10813 8454 8450
f 9662 10809 9629
f 9629 9630 9662
f 10809 8310 8313
f 8313 9629 10809
f 9660 9659 8452
f 8452 8454 9660
f 8339 8336 8341
f 8341 8450 8339
f 8237 10282 8239
f 10282 8237 10280
f 2804 2811 9702
f 2811 2804 2801
f 9702 2812 10816
f 2812 9702 2811
f 9704 9702 10816
f 9702 9704 9701
f 10816 9707 9704
f 9707 10816 10817
f 10819 10817 10818
f 10817 10819 9707
f 10818 10821 10819
f 10821 10818 10820
f 9713 10823 10822
f 10823 9713 9714
f 10822 10819 10821
f 10819 10822 10823
f 4114 10824 10825
f 10824 4114 10826
f 4116 10826 4114
f 4114 4111 4116
f 10827 4114 10825
f 4114 10827 4113
f 2812 4113 10827
f 4113 2812 2809
f 10827 10816 2812
f 10816 10827 10817
f 10825 10817 10827
f 10817 10825 10818
f 10824 10818 10825
f 10818 10824 10820
f 2695 8479 7017
f 8479 2695 2697
f 7015 8483 7024
f 8483 7015 7018
f 7022 8483 8482
f 8483 7022 7024
f 8480 6965 8478
f 6965 8480 6962
f 6524 9740 6535
f 9740 6524 6523
f 9740 6523 6522
f 6522 8799 9740
f 6501 6514 6532
f 6514 6501 6503
f 10828 8697 6434
f 8697 10828 8695
f 10828 10830 10829
f 10830 10828 6438
f 10832 10833 10831
f 10831 10830 10832
f 10835 10833 10832
f 10832 10834 10835
f 6436 6435 10834
f 10834 10832 6436
f 10834 10837 10836
f 10836 10835 10834
f 10838 10839 10833
f 10833 10835 10838
f 10839 10838 10840
f 10840 10841 10839
f 10843 10844 10841
f 10841 10842 10843
f 10842 10841 10840
f 10840 10845 10842
f 10845 10840 10846
f 10846 10847 10845
f 10849 10850 10848
f 10848 10847 10849
f 10847 10846 10851
f 10851 10849 10847
f 10852 10845 10847
f 10847 10848 10852
f 10846 10840 10838
f 10838 10853 10846
f 10854 10853 10836
f 10836 10837 10854
f 10853 10838 10835
f 10835 10836 10853
f 10846 10853 10854
f 10854 10851 10846
f 10856 10843 10842
f 10842 10855 10856
f 8679 10858 10856
f 10856 10857 8679
f 8674 8679 10857
f 10857 10859 8674
f 10860 10861 10859
f 10859 10857 10860
f 10857 10856 10855
f 10855 10860 10857
f 10843 10856 10858
f 10858 10862 10843
f 10863 10864 10862
f 10862 10858 10863
f 10858 8679 8677
f 8677 10863 10858
f 10845 10852 10855
f 10855 10842 10845
f 10867 10844 10865
f 10865 10866 10867
f 10831 10867 10866
f 10866 10868 10831
f 10868 8696 10829
f 8696 10868 10869
f 10866 10869 10868
f 10869 10866 10870
f 10829 10831 10868
f 10831 10829 10830
f 10839 10841 10844
f 10844 10867 10839
f 10833 10839 10867
f 10867 10831 10833
f 10871 10870 10866
f 10866 10865 10871
f 10870 10871 10872
f 10872 10873 10870
f 10874 10872 10871
f 10871 10864 10874
f 10864 10871 10865
f 10865 10862 10864
f 10862 10865 10844
f 10844 10843 10862
f 10837 10834 6435
f 6435 10875 10837
f 6437 10876 10875
f 10875 6435 6437
f 6421 6426 10876
f 10876 6437 6421
f 10877 10875 10876
f 10876 6467 10877
f 10854 10837 10875
f 10875 10877 10854
f 10877 10878 10851
f 10851 10854 10877
f 10878 10879 10849
f 10849 10851 10878
f 6466 6465 10879
f 10879 10878 6466
f 10850 10849 10879
f 10879 8707 10850
f 8707 10879 6465
f 6465 8705 8707
f 10878 10877 6467
f 6467 6466 10878
f 6426 6425 6467
f 6467 10876 6426
f 6438 6436 10832
f 10832 10830 6438
f 10828 6430 6438
f 6430 10828 6434
f 8696 10828 10829
f 10828 8696 8695
f 8691 10881 8690
f 10881 8691 10880
f 10880 10874 10881
f 10874 10880 10872
f 10883 10874 10882
f 10874 10883 10881
f 10882 8677 8676
f 8677 10882 10863
f 10864 10863 10882
f 10882 10874 10864
f 10882 8675 10883
f 8675 10882 8676
f 8690 10883 8683
f 10883 8690 10881
f 8683 8675 8678
f 8675 8683 10883
f 10884 10872 10880
f 10872 10884 10873
f 10870 10884 10869
f 10884 10870 10873
f 10869 8694 8696
f 8694 10869 10884
f 10880 8694 10884
f 8694 10880 8691
f 8669 10885 8706
f 8706 8668 8669
f 10886 10848 10850
f 10850 10885 10886
f 10887 10852 10848
f 10848 10886 10887
f 10887 10886 10861
f 10861 10860 10887
f 10860 10855 10852
f 10852 10887 10860
f 10886 10885 8669
f 8669 10861 10886
f 8707 8706 10885
f 10885 10850 8707
f 8670 10859 10861
f 10861 8669 8670
f 10859 8670 8664
f 8664 8674 10859
f 8705 6465 6459
f 6459 6462 8705
f 3033 9790 9787
f 9790 3033 3036
f 3036 10888 9790
f 10888 3036 3052
f 9790 10889 9788
f 10889 9790 10888
f 9788 9919 9789
f 9919 9788 10889
f 10889 9918 9919
f 9918 10889 10890
f 10888 10890 10889
f 10890 10888 10891
f 9931 10891 9932
f 10891 9931 10890
f 3051 9932 10891
f 9932 3051 3054
f 3052 10891 10888
f 10891 3052 3051
f 10890 9921 9918
f 9921 10890 9931
f 3052 3035 3050
f 3035 3052 3036
f 9755 3053 9754
f 3053 9755 3054
f 3708 10893 3709
f 10893 3708 10892
f 10893 10892 10894
f 10894 10895 10893
f 3709 7114 3720
f 7114 3709 10893
f 7114 10893 10895
f 10895 7112 7114
f 10895 10894 10896
f 10896 10897 10895
f 7113 10897 10898
f 10898 10899 7113
f 9824 10899 10900
f 10900 9825 9824
f 10898 10901 10900
f 10900 10899 10898
f 10901 10898 10902
f 10902 10903 10901
f 10904 10905 10900
f 10900 10901 10904
f 10907 10905 10904
f 10904 10906 10907
f 10909 10907 10906
f 10906 10908 10909
f 10910 10911 10908
f 10908 10906 10910
f 10912 10910 10906
f 10906 10904 10912
f 10905 10913 9825
f 9825 10900 10905
f 10905 10907 7160
f 7160 10913 10905
f 10903 10912 10904
f 10904 10901 10903
f 10912 10903 3730
f 3730 10914 10912
f 10903 10902 3731
f 3731 3730 10903
f 10897 10896 10902
f 10902 10898 10897
f 3732 10902 10896
f 10902 3732 3731
f 10892 10896 10894
f 10896 10892 3732
f 7113 10899 9824
f 9824 7111 7113
f 10897 7113 7112
f 7112 10895 10897
f 10892 3710 3732
f 3710 10892 3708
f 9823 7117 7110
f 7110 7115 9823
f 10915 9818 9819
f 9819 9821 10915
f 10913 10915 9821
f 9821 9825 10913
f 7159 7161 9818
f 9818 10915 7159
f 10913 7160 7159
f 7159 10915 10913
f 10916 3728 3694
f 3694 3691 10916
f 7148 10917 10916
f 10916 7146 7148
f 10917 7148 10918
f 10918 10911 10917
f 10918 7158 7157
f 7157 10909 10918
f 7158 10918 7148
f 7148 7147 7158
f 10918 10909 10908
f 10908 10911 10918
f 10917 10919 3728
f 3728 10916 10917
f 10919 10917 10911
f 10911 10910 10919
f 10919 10914 3726
f 3726 3728 10919
f 10914 10919 10910
f 10910 10912 10914
f 3691 3690 7146
f 7146 10916 3691
f 10914 3730 3727
f 3727 3726 10914
f 7147 7149 7154
f 7154 7158 7147
f 7160 10907 10909
f 10909 7157 7160
f 9707 10823 9705
f 10823 9707 10819
f 9714 9705 10823
f 9705 9714 9706
f 4839 4841 9893
f 9893 9885 4839
f 7438 7439 9889
f 9889 7448 7438
f 4835 10920 4841
f 10920 4835 4843
f 4841 10920 7683
f 7683 9893 4841
f 7683 10921 7682
f 10921 7683 10920
f 4845 7682 10921
f 7682 4845 7678
f 10920 4845 10921
f 4845 10920 4843
f 7685 7679 7449
f 7449 7450 7685
f 10280 8236 8251
f 8236 10280 8237
f 8432 8252 8249
f 8252 8432 8433
f 8253 8249 8246
f 8249 8253 8432
f 10276 8426 8427
f 8426 10276 8430
f 8323 8344 8265
f 8265 8266 8323
f 8824 8738 8822
f 8738 8824 8830
f 8735 8822 8738
f 8822 8735 8823
f 8733 8730 8840
f 8730 8733 8723
f 8730 8841 8838
f 8841 8730 8731
f 8735 8840 8823
f 8840 8735 8733
f 8835 8833 8638
f 8638 8637 8835
f 9001 9000 8980
f 8980 8979 9001
f 10923 8980 9000
f 9000 10922 10923
f 10925 10926 10924
f 10924 10922 10925
f 10928 10926 10925
f 10925 10927 10928
f 9044 10928 10927
f 10927 9048 9044
f 9045 10929 10928
f 10928 9044 9045
f 10929 10930 10926
f 10926 10928 10929
f 10933 10930 10931
f 10931 10932 10933
f 10934 10935 10933
f 10933 10932 10934
f 10936 10937 10935
f 10935 10934 10936
f 10938 10939 10937
f 10937 10936 10938
f 10939 10938 10940
f 10940 10941 10939
f 10943 10940 10938
f 10938 10942 10943
f 10942 10938 10936
f 10936 10944 10942
f 10937 10946 10945
f 10945 10935 10937
f 10939 10947 10946
f 10946 10937 10939
f 10934 10948 10944
f 10944 10936 10934
f 10948 10934 10932
f 10932 10949 10948
f 10948 10951 10950
f 10950 10944 10948
f 10951 10948 10949
f 10949 10952 10951
f 10935 10945 10924
f 10924 10933 10935
f 10922 10924 10945
f 10945 10923 10922
f 10953 8981 8980
f 8980 10923 10953
f 10946 10953 10923
f 10923 10945 10946
f 10926 10930 10933
f 10933 10924 10926
f 10932 10931 10954
f 10954 10949 10932
f 10956 10954 10931
f 10931 10955 10956
f 9052 10956 10955
f 10955 9050 9052
f 10955 10931 10930
f 10930 10929 10955
f 10929 9045 9050
f 9050 10955 10929
f 10957 10958 10954
f 10954 10956 10957
f 10959 10960 10958
f 10958 10957 10959
f 10962 10959 10957
f 10957 10961 10962
f 10961 10957 10956
f 10956 9052 10961
f 10958 10952 10949
f 10949 10954 10958
f 9048 10927 8997
f 8997 8996 9048
f 9002 8997 10927
f 10927 10925 9002
f 10922 9000 9002
f 9002 10925 10922
f 1952 1954 9006
f 9006 9054 1952
f 9054 8998 1953
f 1953 1952 9054
f 9016 9025 10963
f 10963 9024 9016
f 10964 10966 10963
f 10966 10964 10965
f 10965 10968 10966
f 10968 10965 10967
f 10969 10967 10965
f 10967 10969 10970
f 10971 10965 10964
f 10965 10971 10969
f 10972 10964 9029
f 10964 10972 10971
f 10973 9029 9027
f 9029 10973 10972
f 10973 8870 8872
f 8870 10973 8877
f 8877 9027 9028
f 9027 8877 10973
f 8872 10972 10973
f 10972 8872 10974
f 10974 10971 10972
f 10971 10974 10975
f 10977 10978 10976
f 10978 10977 10975
f 10975 10969 10971
f 10969 10975 10977
f 10970 10977 10979
f 10977 10970 10969
f 10976 10979 10977
f 10979 10976 10980
f 10976 10982 10981
f 10982 10976 10978
f 10984 10978 10983
f 10978 10984 10982
f 10975 10983 10978
f 10983 10975 10974
f 10983 8872 8871
f 8872 10983 10974
f 9029 10963 9025
f 10963 9029 10964
f 10986 10967 10985
f 10967 10986 10968
f 10968 10987 9023
f 9023 10966 10968
f 10987 9065 9021
f 9021 9023 10987
f 10988 9066 9065
f 9065 10987 10988
f 10989 10990 10988
f 10988 10986 10989
f 10989 10985 10991
f 10985 10989 10986
f 10987 10968 10986
f 10986 10988 10987
f 10992 10991 10985
f 10991 10992 10993
f 10995 10996 10994
f 10996 10995 10993
f 10997 10993 10995
f 10993 10997 10991
f 10999 10995 10998
f 10995 10999 10997
f 10994 10998 10995
f 10998 10994 11000
f 11001 10994 10996
f 10994 11001 11002
f 10996 11004 11001
f 11004 10996 11003
f 10993 11003 10996
f 11003 10993 10992
f 10970 10985 10967
f 10985 10970 10992
f 11005 11006 10990
f 10990 10989 11005
f 11005 10991 10997
f 10991 11005 10989
f 11006 11005 11007
f 11007 11008 11006
f 11011 11008 11009
f 11009 11010 11011
f 11010 11013 11012
f 11012 11011 11010
f 11014 11015 11013
f 11013 11010 11014
f 11016 11014 11010
f 11010 11009 11016
f 11017 11009 11008
f 11008 11007 11017
f 10999 11017 11007
f 11017 10999 11018
f 11019 11016 11009
f 11009 11017 11019
f 11018 11019 11017
f 11019 11018 11020
f 11021 11006 11008
f 11008 11011 11021
f 11022 10990 11006
f 11006 11021 11022
f 11021 11024 11023
f 11023 11022 11021
f 11024 11021 11011
f 11011 11012 11024
f 11005 10997 10999
f 10999 11007 11005
f 10990 11022 9066
f 9066 10988 10990
f 9024 10963 10966
f 10966 9023 9024
f 9046 9048 8996
f 8996 8998 9046
f 9047 9046 8998
f 8998 9054 9047
f 8910 8866 11025
f 8866 8910 8912
f 8876 9028 11025
f 9028 8876 8877
f 8863 11025 8866
f 11025 8863 8876
f 8911 11025 9028
f 11025 8911 8910
f 11026 8875 8879
f 8875 11026 8873
f 11026 11028 11027
f 11028 11026 9110
f 11028 11031 11029
f 11031 11028 11030
f 11030 11032 11031
f 11032 11030 9102
f 11033 11031 11032
f 11031 11033 11034
f 11035 11034 11033
f 11034 11035 11036
f 11038 11035 11037
f 11035 11038 11039
f 11036 11039 11040
f 11039 11036 11035
f 11040 11042 11036
f 11042 11040 11041
f 11041 11044 11043
f 11044 11041 11040
f 11042 11046 11045
f 11046 11042 11041
f 11041 11047 11046
f 11047 11041 11043
f 11048 11040 11039
f 11040 11048 11044
f 11044 11050 11043
f 11050 11044 11049
f 11051 11044 11048
f 11044 11051 11049
f 11036 11052 11034
f 11052 11036 11042
f 11034 11029 11031
f 11029 11034 11052
f 11027 11029 11053
f 11029 11027 11028
f 11052 11053 11029
f 11053 11052 11054
f 11052 11045 11054
f 11045 11052 11042
f 11055 11039 11038
f 11039 11055 11048
f 11056 11058 11055
f 11058 11056 11057
f 11060 11061 11059
f 11061 11060 11057
f 11062 11057 11060
f 11057 11062 11058
f 11064 11060 11063
f 11060 11064 11062
f 11063 11059 11065
f 11059 11063 11060
f 11066 11057 11056
f 11057 11066 11061
f 11059 11068 11067
f 11068 11059 11061
f 11061 11069 11068
f 11069 11061 11066
f 11056 11038 11070
f 11038 11056 11055
f 11070 11037 11071
f 11037 11070 11038
f 11033 11037 11035
f 11037 11033 9099
f 11071 9099 9098
f 9099 11071 11037
f 11070 11066 11056
f 11066 11070 11072
f 11071 11072 11070
f 11072 11071 11073
f 11058 11048 11055
f 11048 11058 11051
f 9099 11032 9096
f 11032 9099 11033
f 9096 9102 9097
f 9102 9096 11032
f 9109 9102 11030
f 9102 9109 9103
f 11030 9110 9109
f 9110 11030 11028
f 8879 9110 11026
f 9110 8879 9111
f 11027 8873 11026
f 8873 11027 8874
f 10579 11074 10577
f 11074 10579 10616
f 10577 11075 10575
f 11075 10577 11074
f 10575 11076 10576
f 11076 10575 11075
f 10576 11078 11077
f 11078 10576 11076
f 11080 11078 11079
f 11078 11080 11081
f 11081 11077 11078
f 11077 11081 11082
f 10564 11084 11083
f 11084 10564 11082
f 11083 11086 11085
f 11086 11083 11084
f 10560 11083 10568
f 11083 10560 10564
f 11085 10568 11083
f 10568 11085 11087
f 11088 11087 11085
f 11087 11088 11089
f 11090 11089 11088
f 11089 11090 11091
f 11088 11093 11090
f 11093 11088 11092
f 11085 11092 11088
f 11092 11085 11086
f 11089 11095 11087
f 11095 11089 11094
f 11087 10567 10568
f 10567 11087 11095
f 11084 11097 11086
f 11097 11084 11096
f 11096 11099 11097
f 11099 11096 11098
f 11098 11081 11080
f 11081 11098 11096
f 11101 11079 11100
f 11079 11101 11080
f 11080 11102 11098
f 11102 11080 11101
f 11098 11103 11099
f 11103 11098 11102
f 11099 11105 11104
f 11105 11099 11103
f 11103 11107 11105
f 11107 11103 11106
f 11102 11106 11103
f 11106 11102 11108
f 11109 11086 11097
f 11086 11109 11092
f 11104 11097 11099
f 11097 11104 11109
f 11110 11092 11109
f 11092 11110 11093
f 11109 11111 11110
f 11111 11109 11104
f 11082 11096 11084
f 11096 11082 11081
f 10563 11082 10564
f 11082 10563 11077
f 11077 10565 10576
f 10565 11077 10563
f 11076 11079 11078
f 11079 11076 11112
f 11114 11115 11113
f 11115 11114 11112
f 11100 11112 11114
f 11112 11100 11079
f 11114 11117 11100
f 11117 11114 11116
f 11116 11113 11118
f 11113 11116 11114
f 11119 11113 11115
f 11113 11119 11120
f 11120 10617 11121
f 10617 11120 11119
f 10616 11119 11074
f 11119 10616 10617
f 11115 11074 11119
f 11074 11115 11075
f 11123 11124 11122
f 11124 11123 11121
f 11121 10615 11124
f 10615 11121 10617
f 11121 11125 11120
f 11125 11121 11123
f 11120 11118 11113
f 11118 11120 11125
f 11127 11125 11126
f 11125 11127 11118
f 11128 11118 11127
f 11118 11128 11116
f 11116 11129 11117
f 11129 11116 11128
f 11117 11131 11130
f 11131 11117 11129
f 11132 11130 11131
f 11130 11132 11108
f 11134 11131 11133
f 11131 11134 11132
f 11108 11135 11106
f 11135 11108 11132
f 11136 11132 11134
f 11132 11136 11135
f 11101 11108 11102
f 11108 11101 11130
f 11100 11130 11101
f 11130 11100 11117
f 11133 11129 11137
f 11129 11133 11131
f 11139 11140 11138
f 11140 11139 11137
f 11128 11137 11129
f 11137 11128 11140
f 11137 11141 11133
f 11141 11137 11139
f 11075 11112 11076
f 11112 11075 11115
f 10614 11124 10615
f 11124 10614 11142
f 11142 11144 11143
f 11144 11142 10614
f 11145 11143 11144
f 11143 11145 11146
f 10609 11145 10607
f 11145 10609 11147
f 11147 11149 11148
f 11149 11147 10609
f 11148 11151 11150
f 11151 11148 11149
f 11153 11148 11152
f 11148 11153 11147
f 11155 11152 11154
f 11152 11155 11153
f 11156 11153 11155
f 11153 11156 11146
f 11147 11146 11145
f 11146 11147 11153
f 11157 11146 11156
f 11146 11157 11143
f 11159 11156 11158
f 11156 11159 11157
f 11143 11160 11142
f 11160 11143 11157
f 11157 11161 11160
f 11161 11157 11159
f 11155 11158 11156
f 11158 11155 11162
f 11163 11165 11162
f 11165 11163 11164
f 11164 11167 11165
f 11167 11164 11166
f 11166 11169 11168
f 11169 11166 11164
f 11164 11170 11169
f 11170 11164 11163
f 11162 11154 11163
f 11154 11162 11155
f 11163 11171 11170
f 11171 11163 11154
f 11154 11172 11171
f 11172 11154 11152
f 11173 11162 11165
f 11162 11173 11158
f 11174 11165 11167
f 11165 11174 11173
f 11158 11175 11159
f 11175 11158 11173
f 11173 11176 11175
f 11176 11173 11174
f 11150 11152 11148
f 11152 11150 11172
f 11172 11178 11177
f 11178 11172 11150
f 11177 11180 11179
f 11180 11177 11178
f 11181 11179 11180
f 11179 11181 11182
f 11184 11180 11183
f 11180 11184 11181
f 11182 11186 11185
f 11186 11182 11181
f 11187 11181 11184
f 11181 11187 11186
f 11189 11179 11188
f 11179 11189 11177
f 11182 11188 11179
f 11188 11182 11190
f 11178 11183 11180
f 11183 11178 11191
f 10632 11191 11192
f 11191 10632 11183
f 11151 11192 11191
f 11192 11151 10599
f 11150 11191 11178
f 11191 11150 11151
f 10599 11149 10600
f 11149 10599 11151
f 10609 10600 11149
f 10600 10609 10603
f 10607 11144 10608
f 11144 10607 11145
f 10614 10608 11144
f 10608 10614 10612
f 11142 11122 11124
f 11122 11142 11160
f 10630 10459 11193
f 10459 10630 10460
f 11193 11196 11194
f 11194 11195 11193
f 11193 10633 10630
f 10633 11193 11195
f 11195 11187 10633
f 11187 11195 11197
f 11197 11186 11187
f 11186 11197 11198
f 11198 11185 11186
f 11185 11198 11199
f 11201 11199 11198
f 11198 11200 11201
f 11200 11203 11202
f 11202 11201 11200
f 11203 11200 11204
f 11204 11205 11203
f 11207 11203 11205
f 11205 11206 11207
f 11207 11206 11208
f 11208 11209 11207
f 11206 11211 11210
f 11210 11208 11206
f 11212 11211 11206
f 11206 11205 11212
f 11213 11214 11209
f 11209 11208 11213
f 11209 11216 11215
f 11215 11207 11209
f 11214 11217 11216
f 11216 11209 11214
f 11215 11202 11203
f 11203 11207 11215
f 11218 11219 11201
f 11201 11202 11218
f 11220 11218 11202
f 11202 11215 11220
f 11205 11204 11194
f 11194 11212 11205
f 11212 11194 11196
f 11196 10474 11212
f 10474 11196 10462
f 10462 10471 10474
f 11196 11193 10459
f 10459 10462 11196
f 11204 11197 11195
f 11195 11194 11204
f 11197 11204 11200
f 11200 11198 11197
f 11201 11221 11199
f 11221 11201 11219
f 11199 11222 11185
f 11222 11199 11221
f 11185 11190 11182
f 11190 11185 11222
f 11222 11224 11190
f 11224 11222 11223
f 11226 11227 11225
f 11227 11226 11223
f 11221 11223 11222
f 11223 11221 11227
f 11228 11225 11227
f 11225 11228 11229
f 11219 11227 11221
f 11227 11219 11228
f 11231 11226 11230
f 11226 11231 11232
f 11230 11225 11233
f 11225 11230 11226
f 11232 11223 11226
f 11223 11232 11224
f 10621 10601 10602
f 10601 10621 10634
f 10599 10634 11192
f 10634 10599 10601
f 11192 10629 10632
f 10629 11192 10634
f 8757 8797 8756
f 8756 8754 8757
f 8758 8796 8797
f 8797 8757 8758
f 8796 8758 8760
f 8760 8795 8796
f 5519 10238 10235
f 10235 5518 5519
f 9220 9972 9218
f 9972 9220 9224
f 9218 11234 9219
f 11234 9218 9972
f 9219 11235 9263
f 11235 9219 11234
f 11234 11237 11235
f 11237 11234 11236
f 11236 11238 11237
f 11238 11236 9976
f 11239 11238 10012
f 11238 11239 11237
f 11240 11237 11239
f 11237 11240 11235
f 11242 11240 11241
f 11240 11242 9264
f 11244 11241 11243
f 11241 11244 11242
f 11244 11247 11245
f 11247 11244 11246
f 11246 11243 11248
f 11243 11246 11244
f 11248 11250 11249
f 11250 11248 11243
f 11243 11251 11250
f 11251 11243 11241
f 11253 11246 11252
f 11246 11253 11247
f 11255 11253 11254
f 11253 11255 11256
f 11254 11252 11257
f 11252 11254 11253
f 11256 11247 11253
f 11247 11256 11258
f 11252 11248 11259
f 11248 11252 11246
f 11257 11259 11260
f 11259 11257 11252
f 11260 11262 11261
f 11262 11260 11259
f 11249 11259 11248
f 11259 11249 11262
f 11263 11264 11245
f 11264 11263 9260
f 11265 9260 11263
f 9260 11265 9258
f 11266 11263 11258
f 11263 11266 11265
f 11258 11245 11247
f 11245 11258 11263
f 11245 11242 11244
f 11242 11245 11264
f 11264 9264 11242
f 9264 11264 9262
f 9262 9260 9255
f 9260 9262 11264
f 11241 11239 11251
f 11239 11241 11240
f 10012 11251 11239
f 11251 10012 10011
f 11240 9263 11235
f 9263 11240 9264
f 10012 11267 10010
f 11267 10012 11238
f 9984 10010 11267
f 10010 9984 10001
f 11267 9977 9984
f 9977 11267 9975
f 11238 9975 11267
f 9975 11238 9976
f 9973 9976 11236
f 9976 9973 9974
f 9972 11236 11234
f 11236 9972 9973
f 9274 9329 9272
f 9329 9274 9330
f 9323 11268 9322
f 11268 9323 9330
f 11269 9322 11268
f 9322 11269 9320
f 11270 9320 11269
f 9320 11270 11271
f 11273 11270 11272
f 11270 11273 11274
f 11276 11273 11275
f 11273 11276 11274
f 11276 11279 11277
f 11279 11276 11278
f 11280 11282 11278
f 11282 11280 11281
f 11278 11275 11280
f 11275 11278 11276
f 11283 11275 11273
f 11275 11283 11284
f 11285 11273 11272
f 11273 11285 11283
f 11286 11283 11285
f 11283 11286 11287
f 11289 11285 11288
f 11285 11289 11286
f 11272 11288 11285
f 11288 11272 11290
f 11284 11287 11291
f 11287 11284 11283
f 11284 11280 11275
f 11280 11284 11292
f 11292 11291 11293
f 11291 11292 11284
f 11292 11281 11280
f 11281 11292 11294
f 11294 11293 11295
f 11293 11294 11292
f 11297 11295 11296
f 11295 11297 11294
f 11299 11296 11298
f 11296 11299 11297
f 11300 11294 11297
f 11294 11300 11281
f 11301 11297 11299
f 11297 11301 11300
f 11296 11303 11302
f 11303 11296 11295
f 11304 11302 11303
f 11302 11304 11305
f 11303 11307 11304
f 11307 11303 11306
f 11295 11306 11303
f 11306 11295 11293
f 11309 11282 11308
f 11282 11309 11310
f 11312 11308 11311
f 11308 11312 11309
f 11300 11311 11308
f 11311 11300 11301
f 11311 11314 11312
f 11314 11311 11313
f 11301 11313 11311
f 11313 11301 11315
f 11281 11308 11282
f 11308 11281 11300
f 11310 11317 11316
f 11317 11310 11309
f 11316 11279 11310
f 11279 11316 11318
f 11319 11316 11317
f 11316 11319 11320
f 11320 11318 11316
f 11318 11320 11321
f 11318 11277 11279
f 11277 11318 11322
f 11310 11278 11282
f 11278 11310 11279
f 11323 11309 11312
f 11309 11323 11317
f 11324 11317 11323
f 11317 11324 11319
f 11324 11327 11325
f 11327 11324 11326
f 11326 11323 11328
f 11323 11326 11324
f 11325 11319 11324
f 11319 11325 11329
f 11312 11328 11323
f 11328 11312 11314
f 11277 11274 11276
f 11274 11277 11330
f 11271 11332 11331
f 11332 11271 11330
f 11333 11331 11332
f 11331 11333 11334
f 11334 9321 11331
f 9321 11334 9324
f 9321 11271 11331
f 11271 9321 9320
f 11270 11330 11271
f 11330 11270 11274
f 11335 9324 11334
f 9324 11335 11336
f 10227 9327 11336
f 9327 10227 10225
f 11337 11336 11335
f 11336 11337 10227
f 11338 11334 11333
f 11334 11338 11335
f 11339 11335 11338
f 11335 11339 11337
f 11336 9319 9324
f 9319 11336 9327
f 11340 11332 11322
f 11332 11340 11333
f 11322 11321 11340
f 11321 11322 11318
f 11341 11333 11340
f 11333 11341 11338
f 11341 11344 11342
f 11344 11341 11343
f 11343 11346 11344
f 11346 11343 11345
f 11345 11321 11320
f 11321 11345 11343
f 11343 11340 11321
f 11340 11343 11341
f 11339 11348 11347
f 11348 11339 11342
f 11349 11342 11344
f 11342 11349 11348
f 11342 11338 11341
f 11338 11342 11339
f 11330 11322 11332
f 11322 11330 11277
f 11290 11270 11269
f 11270 11290 11272
f 11290 11268 11350
f 11268 11290 11269
f 9330 11350 11268
f 11350 9330 9274
f 11351 11290 11350
f 11290 11351 11288
f 11351 11289 11288
f 11289 11351 11352
f 11289 9259 11353
f 9259 11289 11352
f 11353 9258 11265
f 9258 11353 9259
f 11286 11353 11354
f 11353 11286 11289
f 11265 11354 11353
f 11354 11265 11266
f 11354 11287 11286
f 11287 11354 11355
f 11355 11291 11287
f 11291 11355 11356
f 11357 11306 11356
f 11306 11357 11307
f 11307 11255 11358
f 11255 11307 11357
f 11357 11256 11255
f 11256 11357 11359
f 11359 11356 11355
f 11356 11359 11357
f 11293 11356 11306
f 11356 11293 11291
f 11266 11355 11354
f 11355 11266 11359
f 11352 9257 9259
f 9257 11352 9270
f 11352 9271 9270
f 9271 11352 11351
f 9274 11351 11350
f 11351 9274 9271
f 11359 11258 11256
f 11258 11359 11266
f 11361 10228 11360
f 10228 11361 10222
f 11347 11337 11339
f 11337 11347 11360
f 11360 10227 11337
f 10227 11360 10228
f 11360 11362 11361
f 11362 11360 11347
f 11362 10182 11363
f 11363 11361 11362
f 10221 10222 11361
f 11361 11363 10221
f 10079 10221 11363
f 11363 11364 10079
f 11364 11363 10182
f 10182 10181 11364
f 11364 10074 10072
f 10072 10079 11364
f 10074 11364 10181
f 10181 10183 10074
f 10182 11362 11365
f 11365 10180 10182
f 10180 11365 11366
f 11366 10179 10180
f 10179 11366 11367
f 11367 11368 10179
f 11369 11370 11368
f 11368 11367 11369
f 11371 11373 11369
f 11373 11371 11372
f 11372 11375 11374
f 11375 11372 11371
f 11345 11375 11346
f 11375 11345 11329
f 11371 11346 11375
f 11346 11371 11376
f 11367 11349 11376
f 11349 11367 11366
f 11369 11376 11371
f 11376 11369 11367
f 11376 11344 11346
f 11344 11376 11349
f 11329 11374 11375
f 11374 11329 11325
f 11378 11374 11377
f 11374 11378 11372
f 11373 11378 11379
f 11378 11373 11372
f 11327 11381 11377
f 11381 11327 11380
f 11325 11377 11374
f 11377 11325 11327
f 11382 11377 11381
f 11377 11382 11378
f 11369 11373 11383
f 11383 11370 11369
f 10208 10207 11370
f 11370 11383 10208
f 11368 11370 10207
f 10207 10185 11368
f 10177 10179 11368
f 11368 10185 10177
f 11383 11385 11384
f 11384 10208 11383
f 11379 11387 11386
f 11386 11385 11379
f 11382 11388 11387
f 11388 11382 11233
f 11389 11386 11387
f 11387 11388 11389
f 11388 11229 11390
f 11390 11389 11388
f 11229 11233 11225
f 11233 11229 11388
f 11379 11382 11387
f 11382 11379 11378
f 11373 11379 11385
f 11385 11383 11373
f 11385 11386 11391
f 11391 11384 11385
f 11391 11394 11392
f 11392 11393 11391
f 11389 11390 11395
f 11395 11394 11389
f 11386 11389 11394
f 11394 11391 11386
f 11396 11392 11394
f 11394 11395 11396
f 10206 11393 11397
f 11397 10203 10206
f 11393 11392 11398
f 11398 11397 11393
f 11384 11391 11393
f 11393 10206 11384
f 11348 11366 11365
f 11366 11348 11349
f 11347 11365 11362
f 11365 11347 11348
f 10035 10036 10149
f 10149 10043 10035
f 10157 11399 10152
f 10152 10151 10157
f 11401 11402 11400
f 11400 11399 11401
f 11403 11404 11402
f 11402 11401 11403
f 11404 11403 11405
f 11405 11406 11404
f 11408 11404 11406
f 11406 11407 11408
f 11410 11411 11409
f 11409 11407 11410
f 11412 11410 11407
f 11407 11406 11412
f 11413 11412 11406
f 11406 11405 11413
f 11405 11415 11414
f 11414 11413 11405
f 11415 11417 11416
f 11416 11414 11415
f 11414 11416 11418
f 11418 11419 11414
f 11413 11414 11419
f 11419 11420 11413
f 11422 11416 11417
f 11417 11421 11422
f 11421 11417 10160
f 10160 10159 11421
f 11417 11415 11423
f 11423 10160 11417
f 11403 11423 11415
f 11415 11405 11403
f 11424 11425 11410
f 11410 11412 11424
f 11424 11420 11426
f 11426 11427 11424
f 11427 11426 11428
f 11428 11429 11427
f 11426 11431 11430
f 11430 11428 11426
f 11431 11426 11420
f 11420 11419 11431
f 11412 11413 11420
f 11420 11424 11412
f 11425 11424 11427
f 11427 11432 11425
f 11432 11434 11433
f 11433 11425 11432
f 11425 11433 11411
f 11411 11410 11425
f 11407 11409 11435
f 11435 11408 11407
f 11408 11435 11436
f 11436 11437 11408
f 11438 11439 11437
f 11437 11436 11438
f 11441 11442 11438
f 11438 11440 11441
f 10019 11444 11441
f 11441 11443 10019
f 11443 11441 11440
f 11440 11445 11443
f 11442 11441 11444
f 11444 11446 11442
f 11436 11447 11440
f 11440 11438 11436
f 11435 11448 11447
f 11447 11436 11435
f 11442 11449 11439
f 11439 11438 11442
f 11449 11442 11446
f 11446 10041 11449
f 11449 11450 11400
f 11400 11439 11449
f 11450 11449 10041
f 10041 10040 11450
f 11404 11408 11437
f 11437 11402 11404
f 11402 11437 11439
f 11439 11400 11402
f 11409 11451 11448
f 11448 11435 11409
f 11453 11448 11451
f 11451 11452 11453
f 11454 11447 11448
f 11448 11453 11454
f 11445 11440 11447
f 11447 11454 11445
f 11445 11456 11455
f 11456 11445 11454
f 11455 11458 11457
f 11458 11455 11456
f 11460 11456 11459
f 11456 11460 11458
f 11459 11454 11453
f 11454 11459 11456
f 11453 11461 11459
f 11461 11453 11452
f 11463 11452 11462
f 11452 11463 11461
f 11465 11463 11464
f 11463 11465 11466
f 11464 11462 11467
f 11462 11464 11463
f 11466 11461 11463
f 11461 11466 11468
f 11452 11451 11469
f 11469 11462 11452
f 11411 11469 11451
f 11451 11409 11411
f 11462 11469 11470
f 11470 11467 11462
f 11469 11411 11433
f 11433 11470 11469
f 11423 11403 11401
f 11401 10158 11423
f 10158 11401 11399
f 11399 10157 10158
f 11399 11400 11450
f 11450 10152 11399
f 10158 10156 10160
f 10160 11423 10158
f 10152 11450 10040
f 10040 10042 10152
f 10020 10025 10045
f 10045 10018 10020
f 11444 10019 10018
f 10018 10045 11444
f 11446 11444 10045
f 10045 10044 11446
f 10044 10039 10041
f 10041 11446 10044
f 11472 10016 11471
f 10016 11472 10017
f 11457 11471 11455
f 11471 11457 11472
f 11455 11443 11445
f 11443 11455 11471
f 10016 10019 11443
f 11443 11471 10016
f 11473 10017 11472
f 10017 11473 11474
f 11474 11476 11475
f 11476 11474 11473
f 11472 11477 11473
f 11477 11472 11457
f 11478 11457 11458
f 11457 11478 11477
f 11478 11481 11479
f 11481 11478 11480
f 11480 11483 11481
f 11483 11480 11482
f 11485 11482 11484
f 11482 11485 11483
f 11486 11481 11483
f 11481 11486 11487
f 11489 11486 11488
f 11486 11489 11490
f 11491 11490 11489
f 11490 11491 11492
f 11490 11487 11486
f 11487 11490 11493
f 11492 11493 11490
f 11493 11492 11494
f 11488 11496 11489
f 11496 11488 11495
f 11495 11485 11497
f 11485 11495 11488
f 11488 11483 11485
f 11483 11488 11486
f 11487 11479 11481
f 11479 11487 11498
f 11500 11498 11499
f 11498 11500 11479
f 11501 11499 11498
f 11499 11501 11502
f 11498 11493 11501
f 11493 11498 11487
f 11484 11497 11485
f 11497 11484 11503
f 11466 11503 11484
f 11503 11466 11465
f 11505 11503 11504
f 11503 11505 11497
f 11134 11504 11136
f 11504 11134 11505
f 11506 11136 11504
f 11136 11506 11507
f 11465 11504 11503
f 11504 11465 11506
f 11468 11484 11482
f 11484 11468 11466
f 11482 11460 11468
f 11460 11482 11480
f 11458 11480 11478
f 11480 11458 11460
f 11479 11477 11478
f 11477 11479 11500
f 11500 11473 11477
f 11473 11500 11476
f 11499 11476 11500
f 11476 11499 11508
f 11261 11509 11508
f 11509 11261 11262
f 11508 11475 11476
f 11475 11508 11509
f 11475 10008 11474
f 10008 11475 10009
f 11509 10009 11475
f 10009 11509 11510
f 11510 10005 10009
f 10005 11510 10013
f 11249 10013 11510
f 10013 11249 11250
f 11262 11510 11509
f 11510 11262 11249
f 11508 11502 11261
f 11502 11508 11499
f 11474 10007 10017
f 10007 11474 10008
f 11254 11358 11255
f 11358 11254 11511
f 11511 11513 11358
f 11513 11511 11512
f 11515 11512 11514
f 11512 11515 11513
f 11305 11513 11515
f 11513 11305 11304
f 11304 11358 11513
f 11358 11304 11307
f 11515 11517 11305
f 11517 11515 11516
f 11518 11520 11516
f 11520 11518 11519
f 11516 11514 11518
f 11514 11516 11515
f 11518 11522 11521
f 11522 11518 11514
f 11523 11514 11512
f 11514 11523 11522
f 11522 11524 11494
f 11524 11522 11523
f 11502 11524 11525
f 11524 11502 11501
f 11260 11526 11257
f 11526 11260 11525
f 11523 11525 11524
f 11525 11523 11526
f 11525 11261 11502
f 11261 11525 11260
f 11494 11501 11493
f 11501 11494 11524
f 11512 11526 11523
f 11526 11512 11511
f 11521 11494 11492
f 11494 11521 11522
f 11527 11492 11491
f 11492 11527 11521
f 11527 11529 11519
f 11529 11527 11528
f 11491 11528 11527
f 11528 11491 11530
f 11528 11532 11529
f 11532 11528 11531
f 11530 11531 11528
f 11531 11530 11138
f 11519 11533 11520
f 11533 11519 11529
f 11519 11521 11527
f 11521 11519 11518
f 11534 11516 11520
f 11516 11534 11517
f 11535 11305 11517
f 11305 11535 11302
f 11537 11535 11536
f 11535 11537 11298
f 11538 11298 11537
f 11298 11538 11299
f 11538 11540 11315
f 11540 11538 11539
f 11174 11541 11176
f 11541 11174 11539
f 11542 11176 11541
f 11176 11542 11543
f 11541 11536 11542
f 11536 11541 11537
f 11539 11537 11541
f 11537 11539 11538
f 11167 11539 11174
f 11539 11167 11540
f 11315 11544 11313
f 11544 11315 11540
f 11166 11540 11167
f 11540 11166 11544
f 11315 11299 11538
f 11299 11315 11301
f 11517 11536 11535
f 11536 11517 11534
f 11542 11534 11545
f 11534 11542 11536
f 11543 11545 11546
f 11545 11543 11542
f 11548 11549 11547
f 11549 11548 11546
f 11161 11548 11550
f 11548 11161 11551
f 11550 11547 11552
f 11547 11550 11548
f 11546 11551 11543
f 11551 11546 11548
f 11549 11529 11532
f 11529 11549 11533
f 11546 11533 11549
f 11533 11546 11545
f 11532 11547 11549
f 11547 11532 11553
f 11520 11545 11534
f 11545 11520 11533
f 11298 11302 11535
f 11302 11298 11296
f 11257 11511 11254
f 11511 11257 11526
f 11250 10011 10013
f 10011 11250 11251
f 11468 11459 11461
f 11459 11468 11460
f 10208 11384 10206
f 10206 10201 10208
f 11329 11320 11319
f 11320 11329 11345
f 10198 10140 10141
f 10141 10165 10198
f 10165 10141 10109
f 10109 10111 10165
f 10197 11554 10140
f 10140 10198 10197
f 10197 11556 11555
f 11555 11554 10197
f 11558 11556 10193
f 10193 11557 11558
f 11558 11561 11559
f 11559 11560 11558
f 11556 11558 11560
f 11560 11555 11556
f 10131 11554 11555
f 11555 10135 10131
f 11555 11560 11562
f 11562 10135 11555
f 10133 10135 11562
f 11562 11563 10133
f 11566 11563 11564
f 11564 11565 11566
f 10161 10134 11566
f 11566 11567 10161
f 11421 11567 11568
f 11568 11422 11421
f 11569 11570 11422
f 11422 11568 11569
f 11568 11565 11571
f 11571 11569 11568
f 11567 11566 11565
f 11565 11568 11567
f 10159 10161 11567
f 11567 11421 10159
f 10134 10133 11563
f 11563 11566 10134
f 11572 11571 11565
f 11565 11564 11572
f 11574 11575 11573
f 11573 11572 11574
f 11576 11577 11575
f 11575 11574 11576
f 11574 11578 11559
f 11559 11576 11574
f 11574 11572 11564
f 11564 11578 11574
f 11575 11580 11579
f 11579 11573 11575
f 11571 11572 11573
f 11573 11581 11571
f 11581 11573 11579
f 11579 11582 11581
f 11578 11564 11563
f 11563 11562 11578
f 11560 11559 11578
f 11578 11562 11560
f 11561 11583 11576
f 11576 11559 11561
f 11583 11584 11577
f 11577 11576 11583
f 11584 11586 11585
f 11585 11577 11584
f 11586 11588 11587
f 11587 11585 11586
f 11580 11575 11577
f 11577 11585 11580
f 11585 11587 11589
f 11589 11580 11585
f 11587 11591 11590
f 11590 11589 11587
f 11589 11590 11592
f 11592 11593 11589
f 11580 11589 11593
f 11593 11579 11580
f 11591 11587 11588
f 11588 11594 11591
f 11596 11590 11591
f 11591 11595 11596
f 11594 11597 11595
f 11595 11591 11594
f 11598 11599 11588
f 11588 11586 11598
f 11600 11601 11599
f 11599 11598 11600
f 11601 11600 11602
f 11602 11603 11601
f 11606 11603 11604
f 11604 11605 11606
f 11607 11604 11603
f 11603 11602 11607
f 11603 11606 11608
f 11608 11601 11603
f 11600 11610 11609
f 11609 11602 11600
f 11612 11609 11610
f 11610 11611 11612
f 11613 11614 11611
f 11611 11610 11613
f 11598 11613 11610
f 11610 11600 11598
f 11599 11615 11594
f 11594 11588 11599
f 11615 11599 11601
f 11601 11608 11615
f 11597 11594 11615
f 11615 11616 11597
f 11616 11615 11608
f 11608 11617 11616
f 11586 11584 11613
f 11613 11598 11586
f 11614 11613 11584
f 11584 11583 11614
f 11618 11614 11583
f 11583 11561 11618
f 11614 11618 11619
f 11619 11611 11614
f 11620 11612 11611
f 11611 11619 11620
f 11621 11622 11612
f 11612 11620 11621
f 11624 11621 11620
f 11620 11623 11624
f 11625 10194 10196
f 10196 11623 11625
f 11619 11625 11623
f 11623 11620 11619
f 11623 10196 10204
f 10204 11624 11623
f 11398 11626 11622
f 11622 11621 11398
f 11626 11628 11627
f 11627 11622 11626
f 11396 11629 11628
f 11628 11626 11396
f 11626 11398 11392
f 11392 11396 11626
f 11397 11398 11621
f 11621 11624 11397
f 11618 11557 11625
f 11625 11619 11618
f 11557 11618 11561
f 11561 11558 11557
f 10194 11625 11557
f 11557 10193 10194
f 10190 10193 11556
f 11556 10197 10190
f 11554 10131 10132
f 10132 10140 11554
f 10205 10204 10196
f 10196 10195 10205
f 10134 10161 10138
f 10138 10130 10134
f 11630 11431 11419
f 11419 11418 11630
f 11418 11570 11631
f 11631 11630 11418
f 11630 11631 11632
f 11632 11633 11630
f 11633 11632 11634
f 11634 11635 11633
f 11632 11637 11636
f 11636 11634 11632
f 11637 11632 11631
f 11631 11638 11637
f 11570 11569 11638
f 11638 11631 11570
f 11638 11581 11582
f 11582 11637 11638
f 11569 11571 11581
f 11581 11638 11569
f 11639 11636 11637
f 11637 11582 11639
f 11636 11639 11640
f 11640 11641 11636
f 11644 11641 11642
f 11642 11643 11644
f 11647 11643 11645
f 11645 11646 11647
f 11649 11647 11646
f 11646 11648 11649
f 11649 11652 11650
f 11650 11651 11649
f 11652 11649 11648
f 11648 11653 11652
f 11651 11654 11647
f 11647 11649 11651
f 11648 11646 11655
f 11655 11656 11648
f 11658 11659 11655
f 11655 11657 11658
f 11646 11645 11657
f 11657 11655 11646
f 11656 11655 11659
f 11659 11660 11656
f 11643 11642 11661
f 11661 11645 11643
f 11663 11661 11642
f 11642 11662 11663
f 11663 11662 11664
f 11664 11665 11663
f 11592 11664 11662
f 11662 11640 11592
f 11662 11642 11641
f 11641 11640 11662
f 11645 11661 11666
f 11666 11657 11645
f 11661 11663 11667
f 11667 11666 11661
f 11643 11647 11654
f 11654 11644 11643
f 11641 11644 11634
f 11634 11636 11641
f 11635 11634 11644
f 11644 11654 11635
f 11592 11640 11639
f 11639 11593 11592
f 11593 11639 11582
f 11582 11579 11593
f 11431 11630 11633
f 11633 11430 11431
f 11430 11633 11635
f 11635 11668 11430
f 11651 11650 11669
f 11669 11668 11651
f 11650 11671 11670
f 11670 11669 11650
f 11673 11674 11672
f 11672 11671 11673
f 11674 11673 11675
f 11675 11676 11674
f 11674 11678 11677
f 11677 11672 11674
f 11678 11680 11679
f 11679 11677 11678
f 11681 11682 11672
f 11672 11677 11681
f 11683 11681 11677
f 11677 11679 11683
f 11685 11680 11684
f 11680 11685 11686
f 11680 11678 11687
f 11687 11684 11680
f 11686 11679 11680
f 11679 11686 11688
f 11678 11674 11676
f 11676 11687 11678
f 11689 11690 11687
f 11687 11676 11689
f 11676 11675 11691
f 11691 11689 11676
f 11653 11675 11673
f 11673 11652 11653
f 11671 11650 11652
f 11652 11673 11671
f 11671 11672 11682
f 11682 11670 11671
f 11670 11682 11692
f 11692 11429 11670
f 11429 11692 11432
f 11432 11427 11429
f 11434 11432 11692
f 11692 11693 11434
f 11681 11683 11694
f 11694 11693 11681
f 11693 11694 11695
f 11695 11434 11693
f 11694 11697 11696
f 11696 11695 11694
f 11697 11694 11683
f 11683 11698 11697
f 11693 11692 11682
f 11682 11681 11693
f 11429 11428 11669
f 11669 11670 11429
f 11428 11430 11668
f 11668 11669 11428
f 11668 11635 11654
f 11654 11651 11668
f 11570 11418 11416
f 11416 11422 11570
f 11314 11700 11328
f 11700 11314 11699
f 11699 11701 11700
f 11701 11699 11168
f 11168 11702 11701
f 11702 11168 11169
f 11701 11704 11703
f 11704 11701 11702
f 11703 11232 11231
f 11232 11703 11704
f 11703 11700 11701
f 11700 11703 11705
f 11326 11380 11327
f 11380 11326 11705
f 11705 11231 11380
f 11231 11705 11703
f 11328 11705 11326
f 11705 11328 11700
f 11224 11704 11706
f 11704 11224 11232
f 11190 11706 11188
f 11706 11190 11224
f 11188 11707 11189
f 11707 11188 11706
f 11707 11169 11170
f 11169 11707 11702
f 11702 11706 11704
f 11706 11702 11707
f 11170 11189 11707
f 11189 11170 11171
f 11168 11544 11166
f 11544 11168 11699
f 11699 11313 11544
f 11313 11699 11314
f 11551 11159 11175
f 11159 11551 11161
f 11175 11543 11551
f 11543 11175 11176
f 11489 11530 11491
f 11530 11489 11496
f 11138 11496 11139
f 11496 11138 11530
f 11139 11495 11141
f 11495 11139 11496
f 11505 11133 11141
f 11133 11505 11134
f 11141 11497 11505
f 11497 11141 11495
f 11138 11708 11531
f 11708 11138 11140
f 11531 11553 11532
f 11553 11531 11708
f 11708 11126 11553
f 11126 11708 11127
f 11140 11127 11708
f 11127 11140 11128
f 11553 11552 11547
f 11552 11553 11126
f 11464 11506 11465
f 11506 11464 11709
f 11709 11507 11506
f 11507 11709 11710
f 11710 11712 11507
f 11712 11710 11711
f 11711 11107 11712
f 11107 11711 11713
f 11713 11105 11107
f 11105 11713 11714
f 11714 11104 11105
f 11104 11714 11111
f 11111 11686 11685
f 11686 11111 11714
f 11714 11688 11686
f 11688 11714 11713
f 11698 11713 11711
f 11713 11698 11688
f 11135 11507 11712
f 11507 11135 11136
f 11106 11712 11107
f 11712 11106 11135
f 11711 11697 11698
f 11697 11711 11710
f 11696 11710 11709
f 11710 11696 11697
f 11467 11709 11464
f 11709 11467 11696
f 11550 11160 11161
f 11160 11550 11122
f 11122 11552 11123
f 11552 11122 11550
f 11380 11230 11381
f 11230 11380 11231
f 11381 11233 11382
f 11233 11381 11230
f 10203 11397 11624
f 11624 10204 10203
f 11622 11627 11609
f 11609 11612 11622
f 11627 11607 11602
f 11602 11609 11627
f 11628 11715 11607
f 11607 11627 11628
f 11716 11216 11217
f 11217 11715 11716
f 11216 11716 11220
f 11220 11215 11216
f 11716 11629 11717
f 11717 11220 11716
f 11395 11717 11629
f 11629 11396 11395
f 11220 11717 11718
f 11718 11218 11220
f 11219 11218 11718
f 11718 11228 11219
f 11228 11718 11390
f 11390 11229 11228
f 11390 11718 11717
f 11717 11395 11390
f 11629 11716 11715
f 11715 11628 11629
f 11715 11217 11604
f 11604 11607 11715
f 11217 11214 11605
f 11605 11604 11217
f 11214 11213 11719
f 11719 11605 11214
f 11719 11722 11720
f 11720 11721 11719
f 11724 11720 11722
f 11722 11723 11724
f 11726 11727 11725
f 11725 11723 11726
f 11723 11722 11728
f 11728 11726 11723
f 11210 10476 11726
f 11726 11728 11210
f 11208 11210 11728
f 11728 11213 11208
f 11213 11728 11722
f 11722 11719 11213
f 10476 10473 11727
f 11727 11726 10476
f 11727 11730 11729
f 11729 11725 11727
f 10473 10472 11730
f 11730 11727 10473
f 11732 11729 11730
f 11730 11731 11732
f 11731 10406 10405
f 10405 11732 11731
f 11732 10405 10407
f 10407 11733 11732
f 11736 11733 11734
f 11734 11735 11736
f 11739 11735 11737
f 11737 11738 11739
f 11740 11737 11735
f 11735 11734 11740
f 11741 11736 11735
f 11735 11739 11741
f 11733 10407 11742
f 11742 11734 11733
f 11742 10399 10401
f 10401 10432 11742
f 10407 10400 10399
f 10399 11742 10407
f 11734 11742 10432
f 10432 11740 11734
f 11733 11736 11729
f 11729 11732 11733
f 11725 11729 11736
f 11736 11741 11725
f 10477 10478 10406
f 10406 11731 10477
f 10472 10477 11731
f 11731 11730 10472
f 11741 11724 11723
f 11723 11725 11741
f 11720 11724 11743
f 11743 11744 11720
f 11721 11720 11744
f 11744 11617 11721
f 11617 11608 11606
f 11606 11721 11617
f 11605 11719 11721
f 11721 11606 11605
f 11617 11744 11745
f 11745 11616 11617
f 11616 11745 11746
f 11746 11597 11616
f 11746 11749 11747
f 11747 11748 11746
f 11749 11751 11750
f 11750 11747 11749
f 11752 11753 11748
f 11748 11747 11752
f 11747 11750 11754
f 11754 11752 11747
f 11755 11665 11753
f 11753 11752 11755
f 11752 11754 11756
f 11756 11755 11752
f 11597 11746 11748
f 11748 11595 11597
f 11595 11748 11753
f 11753 11596 11595
f 11751 11758 11757
f 11757 11750 11751
f 11760 11757 11758
f 11758 11759 11760
f 11737 11740 11759
f 11759 11758 11737
f 11758 11751 11738
f 11738 11737 11758
f 11751 11749 11761
f 11761 11738 11751
f 11738 11761 11743
f 11743 11739 11738
f 11744 11743 11761
f 11761 11745 11744
f 11745 11761 11749
f 11749 11746 11745
f 11724 11741 11739
f 11739 11743 11724
f 10476 11210 11211
f 11211 10475 10476
f 10474 10475 11211
f 11211 11212 10474
f 10633 11184 10631
f 11184 10633 11187
f 11434 11695 11470
f 11470 11433 11434
f 11695 11696 11467
f 11467 11470 11695
f 11679 11688 11698
f 11698 11683 11679
f 11762 11691 11675
f 11675 11653 11762
f 11763 11764 11691
f 11691 11762 11763
f 11765 11766 11764
f 11764 11763 11765
f 11766 11765 11767
f 11767 11768 11766
f 11768 11770 11769
f 11769 11766 11768
f 11771 11772 11770
f 11770 11768 11771
f 11772 11771 11773
f 11773 11774 11772
f 11776 11772 11774
f 11774 11775 11776
f 11777 11770 11772
f 11772 11776 11777
f 11770 11777 11778
f 11778 11769 11770
f 11766 11769 11779
f 11779 11764 11766
f 11780 11779 11769
f 11769 11778 11780
f 11782 11778 11777
f 11777 11781 11782
f 11784 11785 11783
f 11785 11784 11782
f 11782 11786 11785
f 11786 11782 11781
f 11784 11780 11778
f 11778 11782 11784
f 11776 11787 11781
f 11781 11777 11776
f 11787 11790 11788
f 11790 11787 11789
f 11787 11776 11775
f 11775 11789 11787
f 11788 11781 11787
f 11781 11788 11786
f 11775 11774 11791
f 11791 11792 11775
f 11794 11795 11793
f 11793 11792 11794
f 10769 10768 11795
f 11795 11794 10769
f 10770 11795 10768
f 11795 10770 10773
f 10773 11793 11795
f 11793 10773 11796
f 11794 11798 11797
f 11797 10769 11794
f 11800 11797 11798
f 11798 11799 11800
f 11799 11798 11791
f 11791 11801 11799
f 11792 11791 11798
f 11798 11794 11792
f 11789 11775 11792
f 11792 11793 11789
f 11774 11773 11801
f 11801 11791 11774
f 11802 11803 11801
f 11801 11773 11802
f 11802 11773 11771
f 11771 11804 11802
f 11802 11804 11805
f 11805 11806 11802
f 11807 11805 11804
f 11804 11767 11807
f 11767 11804 11771
f 11771 11768 11767
f 11802 11806 11808
f 11808 11803 11802
f 11803 11808 11809
f 11809 11810 11803
f 11801 11803 11810
f 11810 11799 11801
f 11811 11807 11767
f 11767 11765 11811
f 11811 11813 11812
f 11812 11807 11811
f 11658 11814 11813
f 11813 11659 11658
f 11816 11817 11815
f 11815 11814 11816
f 11817 11816 11818
f 11818 11819 11817
f 11817 11821 11820
f 11820 11815 11817
f 11814 11815 11812
f 11812 11813 11814
f 11812 11822 11805
f 11805 11807 11812
f 11815 11820 11822
f 11822 11812 11815
f 11821 11824 11823
f 11823 11820 11821
f 11826 11827 11825
f 11825 11824 11826
f 11828 11826 11824
f 11824 11821 11828
f 11824 11825 11829
f 11829 11823 11824
f 11821 11817 11819
f 11819 11828 11821
f 11819 11818 11830
f 11830 11831 11819
f 11828 11819 11831
f 11831 11832 11828
f 11816 11834 11833
f 11833 11818 11816
f 11667 11833 11834
f 11834 11666 11667
f 11756 11830 11818
f 11818 11833 11756
f 11755 11756 11833
f 11833 11667 11755
f 11657 11666 11834
f 11834 11658 11657
f 11834 11816 11814
f 11814 11658 11834
f 11660 11659 11813
f 11813 11811 11660
f 11763 11660 11811
f 11811 11765 11763
f 11762 11656 11660
f 11660 11763 11762
f 11653 11648 11656
f 11656 11762 11653
f 11690 11835 11684
f 11684 11687 11690
f 11783 11835 11784
f 11835 11783 11836
f 11836 11093 11110
f 11093 11836 11783
f 11684 11836 11685
f 11836 11684 11835
f 11685 11110 11111
f 11110 11685 11836
f 11835 11690 11780
f 11780 11784 11835
f 11690 11689 11779
f 11779 11780 11690
f 11764 11779 11689
f 11689 11691 11764
f 11090 11783 11785
f 11783 11090 11093
f 11091 11785 11786
f 11785 11091 11090
f 11806 11805 11822
f 11822 11837 11806
f 11837 11838 11808
f 11808 11806 11837
f 11823 11829 11838
f 11838 11837 11823
f 11838 11839 11809
f 11809 11808 11838
f 11841 11842 11840
f 11840 11839 11841
f 11842 11841 11843
f 11843 11844 11842
f 11844 11846 11845
f 11845 11842 11844
f 11846 11844 10439
f 10439 10441 11846
f 11846 11848 11847
f 11847 11845 11846
f 11848 11850 11849
f 11849 11847 11848
f 11852 11849 11850
f 11850 11851 11852
f 11853 11854 11851
f 11851 11850 11853
f 11855 11856 11852
f 11852 11851 11855
f 11854 11857 11855
f 11855 11851 11854
f 11859 11849 11852
f 11852 11858 11859
f 11860 11847 11849
f 11849 11859 11860
f 11850 11848 11861
f 11861 11853 11850
f 10443 11862 11853
f 11853 11861 10443
f 10435 10443 11861
f 11861 10441 10435
f 11848 11846 10441
f 10441 11861 11848
f 11847 11860 11863
f 11863 11845 11847
f 11863 11865 11864
f 11864 11840 11863
f 11840 11864 11809
f 11809 11839 11840
f 11842 11845 11863
f 11863 11840 11842
f 11867 11868 11866
f 11866 11865 11867
f 11860 11867 11865
f 11865 11863 11860
f 11865 11866 11869
f 11869 11864 11865
f 11844 11843 10440
f 10440 10439 11844
f 11841 11829 11825
f 11825 11843 11841
f 11827 10440 11843
f 11843 11825 11827
f 11829 11841 11839
f 11839 11838 11829
f 11837 11822 11820
f 11820 11823 11837
f 11126 11123 11552
f 11123 11126 11125
f 11171 11177 11189
f 11177 11171 11172
f 11665 11755 11667
f 11667 11663 11665
f 11596 11753 11665
f 11665 11664 11596
f 11590 11596 11664
f 11664 11592 11590
f 11754 11870 11830
f 11830 11756 11754
f 11750 11757 11870
f 11870 11754 11750
f 11831 11830 11870
f 11870 11871 11831
f 11871 11872 11832
f 11832 11831 11871
f 11872 10430 11873
f 11873 11832 11872
f 11826 11828 11832
f 11832 11873 11826
f 11827 11826 11873
f 11873 11874 11827
f 11874 10438 10440
f 10440 11827 11874
f 10429 10428 10438
f 10438 11874 10429
f 10430 10429 11874
f 11874 11873 10430
f 10433 10427 10430
f 10430 11872 10433
f 11760 10433 11872
f 11872 11871 11760
f 11757 11760 11871
f 11871 11870 11757
f 11740 10432 10431
f 10431 11759 11740
f 11759 10431 10433
f 10433 11760 11759
f 11183 10631 11184
f 10631 11183 10632
f 11091 11094 11089
f 11094 11091 11875
f 11788 11876 11875
f 11876 11788 11790
f 11878 11876 11877
f 11876 11878 11879
f 11880 11094 11879
f 11094 11880 11095
f 11880 10551 10566
f 10551 11880 11881
f 10549 11881 10555
f 11881 10549 10551
f 10555 11878 10775
f 11878 10555 11881
f 11881 11879 11878
f 11879 11881 11880
f 10775 11877 10772
f 11877 10775 11878
f 11877 11790 11796
f 11790 11877 11876
f 10772 11796 10773
f 11796 10772 11877
f 11095 10566 10567
f 10566 11095 11880
f 11879 11875 11876
f 11875 11879 11094
f 11786 11875 11091
f 11875 11786 11788
f 11796 11789 11793
f 11789 11796 11790
f 10550 10566 10551
f 10566 10550 10556
f 10554 10775 10774
f 10775 10554 10555
f 11882 10766 10769
f 10769 11797 11882
f 11883 10767 10766
f 10766 11882 11883
f 10767 11883 11884
f 11884 11885 10767
f 11885 10765 10762
f 10762 10767 11885
f 10765 11885 10719
f 10719 10718 10765
f 10721 10719 11885
f 11885 11884 10721
f 10723 10721 11884
f 11884 11886 10723
f 11888 10723 11886
f 11886 11887 11888
f 11887 11890 11889
f 11889 11888 11887
f 11890 11859 11858
f 11858 11889 11890
f 11888 11889 10730
f 10730 10729 11888
f 10723 11888 10729
f 10729 10722 10723
f 11889 11858 10733
f 10733 10730 11889
f 11867 11860 11859
f 11859 11890 11867
f 11868 11867 11890
f 11890 11887 11868
f 11891 11868 11887
f 11887 11886 11891
f 11882 11892 11891
f 11891 11883 11882
f 11892 11866 11868
f 11868 11891 11892
f 11800 11869 11866
f 11866 11892 11800
f 11797 11800 11892
f 11892 11882 11797
f 11886 11884 11883
f 11883 11891 11886
f 11799 11810 11869
f 11869 11800 11799
f 11864 11869 11810
f 11810 11809 11864
f 11858 11852 11856
f 11856 10733 11858
f 11854 11853 11862
f 11862 11893 11854
f 11857 11854 11893
f 11893 11894 11857
f 11894 11893 10363
f 10363 10365 11894
f 11894 11896 11895
f 11895 11857 11894
f 10365 10372 11896
f 11896 11894 10365
f 11898 11895 11896
f 11896 11897 11898
f 11898 11897 11899
f 11899 11900 11898
f 11900 11902 11901
f 11901 11898 11900
f 11898 11901 11903
f 11903 11895 11898
f 11855 11857 11895
f 11895 11903 11855
f 11903 11904 11856
f 11856 11855 11903
f 10732 11904 11905
f 11905 10731 10732
f 11906 10741 10731
f 10731 11905 11906
f 11905 11901 11902
f 11902 11906 11905
f 11901 11905 11904
f 11904 11903 11901
f 10733 11856 11904
f 11904 10732 10733
f 11902 11900 11907
f 11907 11908 11902
f 11908 11909 11906
f 11906 11902 11908
f 11909 10740 10741
f 10741 11906 11909
f 11910 10738 10740
f 10740 11909 11910
f 11911 11912 10738
f 10738 11910 11911
f 11914 11912 11911
f 11911 11913 11914
f 11913 11916 11915
f 11915 11914 11913
f 11916 11913 11917
f 11917 11918 11916
f 11919 11917 11913
f 11913 11911 11919
f 11921 11912 11914
f 11914 11920 11921
f 10739 10738 11912
f 11912 11921 10739
f 11922 11919 11911
f 11911 11910 11922
f 11923 11924 11919
f 11919 11922 11923
f 11908 11907 11923
f 11923 11922 11908
f 11909 11908 11922
f 11922 11910 11909
f 11900 11899 11925
f 11925 11907 11900
f 10373 11926 11925
f 11925 11899 10373
f 11926 11928 11927
f 11927 11925 11926
f 11923 11907 11925
f 11925 11927 11923
f 11927 11929 11924
f 11924 11923 11927
f 11929 11931 11930
f 11930 11924 11929
f 11932 11933 11931
f 11931 11929 11932
f 11928 11932 11929
f 11929 11927 11928
f 11928 11926 11934
f 11934 11935 11928
f 11932 11928 11935
f 11935 11936 11932
f 11936 11937 11933
f 11933 11932 11936
f 11939 11933 11937
f 11937 11938 11939
f 11940 11941 11938
f 11938 11937 11940
f 11942 11940 11937
f 11937 11936 11942
f 10339 11942 11936
f 11936 11935 10339
f 10337 10339 11935
f 11935 11934 10337
f 10338 10337 11934
f 11934 10374 10338
f 10374 11934 11926
f 11926 10373 10374
f 10371 10373 11899
f 11899 11897 10371
f 11897 11896 10372
f 10372 10371 11897
f 10364 10363 11893
f 11893 11862 10364
f 11862 10443 10442
f 10442 10364 11862
f 10364 10442 10354
f 10354 10357 10364
f 10372 10365 10366
f 10366 10370 10372
f 10718 10717 10764
f 10764 10765 10718
f 10329 10328 11942
f 11942 10339 10329
f 10328 10330 11940
f 11940 11942 10328
f 10330 11943 11941
f 11941 11940 10330
f 11945 11941 11943
f 11943 11944 11945
f 11945 11948 11946
f 11946 11947 11945
f 11948 11950 11949
f 11949 11946 11948
f 11946 11949 11951
f 11951 11952 11946
f 11954 11951 11949
f 11949 11953 11954
f 11956 11954 11953
f 11953 11955 11956
f 11956 11959 11957
f 11957 11958 11956
f 11961 11957 11959
f 11959 11960 11961
f 11961 11964 11962
f 11962 11963 11961
f 11967 11963 11965
f 11965 11966 11967
f 11963 11962 11968
f 11968 11965 11963
f 11957 11961 11963
f 11963 11967 11957
f 11970 11971 11969
f 11969 11964 11970
f 11960 11970 11964
f 11964 11961 11960
f 11964 11969 11972
f 11972 11962 11964
f 11960 11959 11973
f 11973 11974 11960
f 11955 11973 11959
f 11959 11956 11955
f 11975 11976 11973
f 11973 11955 11975
f 11977 11975 11955
f 11955 11953 11977
f 11976 11978 11974
f 11974 11973 11976
f 11978 11980 11979
f 11979 11974 11978
f 11980 11978 11981
f 11981 11982 11980
f 11978 11976 11983
f 11983 11981 11978
f 11958 11957 11967
f 11967 11984 11958
f 11984 11967 11966
f 11966 11985 11984
f 11988 11985 11986
f 11986 11987 11988
f 11985 11966 11989
f 11989 11986 11985
f 11990 11984 11985
f 11985 11988 11990
f 11984 11990 11991
f 11991 11958 11984
f 11991 11992 11951
f 11951 11954 11991
f 11992 11991 11990
f 11990 11993 11992
f 11954 11956 11958
f 11958 11991 11954
f 11953 11949 11950
f 11950 11977 11953
f 11994 11995 11977
f 11977 11950 11994
f 11995 11994 11996
f 11996 11997 11995
f 11995 11998 11975
f 11975 11977 11995
f 11999 12000 11983
f 11983 11998 11999
f 11997 11999 11998
f 11998 11995 11997
f 11998 11983 11976
f 11976 11975 11998
f 11997 11996 12001
f 12001 12002 11997
f 12001 12005 12003
f 12003 12004 12001
f 12005 12001 11996
f 11996 12006 12005
f 12002 12001 12004
f 12004 12007 12002
f 11994 12008 12006
f 12006 11996 11994
f 12008 11994 11950
f 11950 11948 12008
f 12008 11944 12009
f 12009 12006 12008
f 11944 12008 11948
f 11948 11945 11944
f 11952 11951 11992
f 11992 12010 11952
f 12010 11992 11993
f 11993 12011 12010
f 12011 11993 12012
f 12012 12013 12011
f 12015 12011 12013
f 12013 12014 12015
f 11918 12014 12016
f 12016 11916 11918
f 12014 12013 12017
f 12017 12016 12014
f 11916 12016 12018
f 12018 11915 11916
f 12016 12017 12019
f 12019 12018 12016
f 12014 11918 12020
f 12020 12015 12014
f 12015 12020 12021
f 12021 12022 12015
f 11931 12021 12020
f 12020 11930 11931
f 11930 12020 11918
f 11918 11917 11930
f 12023 12017 12013
f 12013 12012 12023
f 11987 12023 12012
f 12012 11988 11987
f 11988 12012 11993
f 11993 11990 11988
f 12017 12023 12024
f 12024 12019 12017
f 12026 12027 12025
f 12025 12024 12026
f 12023 11987 12026
f 12026 12024 12023
f 12024 12025 12028
f 12028 12019 12024
f 12022 12010 12011
f 12011 12015 12022
f 12029 11952 12010
f 12010 12022 12029
f 12022 12021 11939
f 11939 12029 12022
f 11947 11946 11952
f 11952 12029 11947
f 11938 11947 12029
f 12029 11939 11938
f 11941 11945 11947
f 11947 11938 11941
f 12030 12009 11944
f 11944 11943 12030
f 10326 12030 11943
f 11943 10330 10326
f 12009 12030 12031
f 12031 12032 12009
f 12032 12005 12006
f 12006 12009 12032
f 12033 12003 12005
f 12005 12032 12033
f 12003 12033 12034
f 12034 12035 12003
f 12004 12003 12035
f 12035 12036 12004
f 12038 12039 12037
f 12037 12036 12038
f 12040 12041 12039
f 12039 12038 12040
f 12043 12040 12038
f 12038 12042 12043
f 12043 8042 8043
f 8043 12044 12043
f 12040 12043 12044
f 12044 12045 12040
f 12044 8060 12045
f 8060 12044 8059
f 8059 8043 8044
f 8043 8059 12044
f 12042 12046 8042
f 8042 12043 12042
f 12046 12042 12035
f 12035 12034 12046
f 12036 12035 12042
f 12042 12038 12036
f 12045 12047 12041
f 12041 12040 12045
f 12049 12041 12047
f 12047 12048 12049
f 12048 12051 12050
f 12050 12049 12048
f 12048 12053 12051
f 12053 12048 12052
f 12047 12052 12048
f 12052 12047 12054
f 12041 12049 12055
f 12055 12039 12041
f 12045 12054 12047
f 12054 12045 8060
f 12039 12055 12056
f 12056 12037 12039
f 12057 12007 12037
f 12037 12056 12057
f 12007 12057 12058
f 12058 12002 12007
f 12057 12060 12059
f 12059 12058 12057
f 12002 12058 11999
f 11999 11997 12002
f 12058 12059 12000
f 12000 11999 12058
f 12056 12061 12060
f 12060 12057 12056
f 12061 12056 12055
f 12055 12062 12061
f 12064 12060 12061
f 12061 12063 12064
f 12063 12061 12062
f 12062 12065 12063
f 12007 12004 12036
f 12036 12037 12007
f 8038 12034 12033
f 12033 12066 8038
f 12066 12033 12032
f 12032 12031 12066
f 12031 10327 10332
f 10332 12066 12031
f 12030 10326 10327
f 10327 12031 12030
f 8037 8038 12066
f 12066 10332 8037
f 11924 11930 11917
f 11917 11919 11924
f 11921 10748 10742
f 10742 10739 11921
f 10748 11921 11920
f 11920 10747 10748
f 10655 10746 12067
f 12067 12068 10655
f 12068 12067 12069
f 12069 12070 12068
f 12068 12071 10652
f 10652 10655 12068
f 10697 10691 10665
f 10665 12071 10697
f 12071 12068 12070
f 12070 10697 12071
f 10697 12070 12072
f 12072 10696 10697
f 10696 12072 12073
f 12073 10695 10696
f 10695 12073 12074
f 12074 12075 10695
f 12076 12077 12075
f 12075 12074 12076
f 12077 12076 12078
f 12078 12079 12077
f 12075 12081 12080
f 12081 12075 12077
f 10693 10695 12075
f 12075 12080 10693
f 12083 12081 12082
f 12081 12083 10701
f 12077 12082 12081
f 12082 12077 12079
f 12080 10701 10699
f 10701 12080 12081
f 12084 12085 12079
f 12079 12078 12084
f 11016 11019 12085
f 12085 12084 11016
f 11014 11016 12084
f 12084 12086 11014
f 12078 12087 12086
f 12086 12084 12078
f 12076 12088 12087
f 12087 12078 12076
f 12088 12076 12074
f 12074 12089 12088
f 12088 12091 12090
f 12090 12087 12088
f 12091 12088 12089
f 12089 12092 12091
f 12073 12093 12089
f 12089 12074 12073
f 12093 12094 12092
f 12092 12089 12093
f 12027 12092 12094
f 12094 12025 12027
f 12095 12028 12025
f 12025 12094 12095
f 12096 12097 12028
f 12028 12095 12096
f 12095 12098 12069
f 12069 12096 12095
f 12098 12095 12094
f 12094 12093 12098
f 12072 12098 12093
f 12093 12073 12072
f 12070 12069 12098
f 12098 12072 12070
f 10653 10652 12071
f 12071 10665 10653
f 12067 12099 12096
f 12096 12069 12067
f 12099 12100 12097
f 12097 12096 12099
f 11915 12018 12097
f 12097 12100 11915
f 11920 11914 11915
f 11915 12100 11920
f 10747 11920 12100
f 12100 12099 10747
f 10746 10747 12099
f 12099 12067 10746
f 10699 10693 12080
f 10693 10699 10694
f 12018 12019 12028
f 12028 12097 12018
f 12021 11931 11933
f 11933 11939 12021
f 12000 12101 11981
f 11981 11983 12000
f 12101 12102 11982
f 11982 11981 12101
f 12105 12102 12103
f 12103 12104 12105
f 12104 12107 12106
f 12106 12105 12104
f 12102 12105 12108
f 12108 11982 12102
f 12105 12106 12109
f 12109 12108 12105
f 12107 12111 12110
f 12110 12106 12107
f 12111 12107 12112
f 12112 12113 12111
f 12114 12115 12113
f 12113 12112 12114
f 12117 12114 12112
f 12112 12116 12117
f 12116 12112 12107
f 12107 12104 12116
f 12119 12117 12116
f 12116 12118 12119
f 12118 12116 12104
f 12104 12103 12118
f 12120 12121 12115
f 12115 12114 12120
f 12114 12117 12122
f 12122 12120 12114
f 12123 12124 12121
f 12121 12120 12123
f 12125 12123 12120
f 12120 12122 12125
f 12115 12127 12126
f 12126 12113 12115
f 12127 12115 12121
f 12121 12128 12127
f 12113 12126 12129
f 12129 12111 12113
f 12111 12129 12130
f 12130 12110 12111
f 12131 12132 12110
f 12110 12130 12131
f 12130 10950 10951
f 10951 12131 12130
f 10950 12130 12129
f 12129 12133 10950
f 12133 12129 12126
f 12126 12134 12133
f 12134 10943 10942
f 10942 12133 12134
f 12135 12136 10943
f 10943 12134 12135
f 12127 12135 12134
f 12134 12126 12127
f 12106 12110 12132
f 12132 12109 12106
f 12108 12109 12137
f 12137 12138 12108
f 11982 12108 12138
f 12138 11980 11982
f 11980 12138 12139
f 12139 11979 11980
f 12139 12141 12140
f 12140 11971 12139
f 12141 12143 12142
f 12142 12140 12141
f 12137 12144 12143
f 12143 12141 12137
f 12141 12139 12138
f 12138 12137 12141
f 11979 12139 11971
f 11971 11970 11979
f 12109 12132 12144
f 12144 12137 12109
f 12102 12101 12145
f 12145 12103 12102
f 12060 12064 12145
f 12145 12059 12060
f 12101 12000 12059
f 12059 12145 12101
f 12064 12118 12103
f 12103 12145 12064
f 8039 12046 12034
f 12034 8038 8039
f 8040 8042 12046
f 12046 8039 8040
f 12146 8061 8062
f 8061 12146 12147
f 12147 12149 12148
f 12149 12147 12146
f 12151 12149 12150
f 12149 12151 12152
f 12148 12152 12153
f 12152 12148 12149
f 12052 12153 12053
f 12153 12052 12148
f 12053 12155 12154
f 12155 12053 12153
f 12155 12158 12156
f 12158 12155 12157
f 12153 12157 12155
f 12157 12153 12152
f 12157 12160 12158
f 12160 12157 12159
f 12159 12162 12160
f 12162 12159 12161
f 12163 12164 12161
f 12164 12163 10510
f 12151 12161 12159
f 12161 12151 12163
f 10510 10514 10508
f 10514 10510 12163
f 12163 12150 10514
f 12150 12163 12151
f 12164 12162 12161
f 12162 12164 12165
f 12165 12167 12166
f 12167 12165 12164
f 12164 10511 12167
f 10511 12164 10510
f 12168 12160 12162
f 12160 12168 12169
f 12171 12172 12170
f 12172 12171 12169
f 12173 12169 12168
f 12169 12173 12172
f 12158 12169 12171
f 12169 12158 12160
f 12159 12152 12151
f 12152 12159 12157
f 12154 12156 12174
f 12156 12154 12155
f 12051 12154 12175
f 12154 12051 12053
f 12176 12050 12051
f 12051 12175 12176
f 12065 12062 12050
f 12050 12176 12065
f 12177 12178 12065
f 12065 12176 12177
f 12175 12179 12177
f 12177 12176 12175
f 12175 12174 12179
f 12174 12175 12154
f 12180 12174 12156
f 12174 12180 12181
f 12179 12181 12182
f 12181 12179 12174
f 12156 12171 12180
f 12171 12156 12158
f 12054 12148 12052
f 12148 12054 12147
f 8060 12147 12054
f 12147 8060 8061
f 12146 12150 12149
f 12150 12146 12183
f 8062 12183 12146
f 12183 8062 8067
f 10514 12183 10513
f 12183 10514 12150
f 8067 10513 12183
f 10513 8067 8066
f 12170 12185 12184
f 12185 12170 12172
f 12184 12187 12186
f 12187 12184 12185
f 12186 12189 12184
f 12189 12186 12188
f 12191 12192 12190
f 12192 12191 12188
f 12190 12194 12193
f 12194 12190 12192
f 12196 12193 12195
f 12193 12196 12190
f 12195 12198 12197
f 12198 12195 12193
f 12198 12201 12199
f 12201 12198 12200
f 12200 12203 12201
f 12203 12200 12202
f 12204 12206 12202
f 12206 12204 12205
f 12207 12209 12205
f 12209 12207 12208
f 12210 12205 12204
f 12205 12210 12207
f 12205 12211 12206
f 12211 12205 12209
f 12202 12194 12204
f 12194 12202 12200
f 12193 12200 12198
f 12200 12193 12194
f 12204 12192 12210
f 12192 12204 12194
f 12212 12202 12206
f 12202 12212 12203
f 12203 9140 9142
f 9140 12203 12212
f 12212 9141 9140
f 9141 12212 12213
f 12206 12213 12212
f 12213 12206 12211
f 12199 12215 12214
f 12215 12199 12201
f 12199 12197 12198
f 12197 12199 12216
f 12217 12199 12214
f 12199 12217 12216
f 9159 12215 9138
f 12215 9159 12214
f 9142 9138 12215
f 9138 9142 9136
f 12201 9142 12215
f 9142 12201 12203
f 12196 12195 12218
f 12218 12219 12196
f 12220 12221 12219
f 12219 12218 12220
f 12136 12135 12221
f 12221 12220 12136
f 12222 12219 12221
f 12221 12128 12222
f 12128 12221 12135
f 12135 12127 12128
f 12224 12136 12220
f 12220 12223 12224
f 12136 12224 10940
f 10940 10943 12136
f 10941 10940 12224
f 12224 12225 10941
f 12223 12226 12225
f 12225 12224 12223
f 12218 12227 12223
f 12223 12220 12218
f 12197 12218 12195
f 12218 12197 12227
f 12228 12196 12219
f 12219 12222 12228
f 12229 12191 12228
f 12191 12229 12230
f 12124 12228 12222
f 12228 12124 12229
f 12231 12230 12229
f 12230 12231 12232
f 12231 12229 12124
f 12124 12123 12231
f 12228 12190 12196
f 12190 12228 12191
f 12230 12188 12191
f 12188 12230 12189
f 12210 12188 12186
f 12188 12210 12192
f 12207 12186 12187
f 12186 12207 12210
f 12187 12208 12207
f 12208 12187 12233
f 12233 12185 12234
f 12185 12233 12187
f 12234 12236 12233
f 12236 12234 12235
f 11068 12235 11067
f 12235 11068 12236
f 12233 12237 12208
f 12237 12233 12236
f 11069 12236 11068
f 12236 11069 12237
f 12235 12239 11067
f 12239 12235 12238
f 12173 12235 12234
f 12235 12173 12238
f 12238 12241 12239
f 12241 12238 12240
f 12173 12240 12238
f 12240 12173 12168
f 12172 12234 12185
f 12234 12172 12173
f 12242 12184 12189
f 12184 12242 12170
f 12181 12242 12232
f 12242 12181 12180
f 12232 12189 12230
f 12189 12232 12242
f 12180 12170 12242
f 12170 12180 12171
f 12162 12240 12168
f 12240 12162 12165
f 12240 12166 12241
f 12166 12240 12165
f 11065 11067 12239
f 11067 11065 11059
f 12243 12239 12241
f 12239 12243 11065
f 11065 12244 11063
f 12244 11065 12243
f 12246 12243 12245
f 12243 12246 12244
f 12246 10503 12247
f 10503 12246 10504
f 12247 10525 12248
f 10525 12247 10503
f 12248 12250 12247
f 12250 12248 12249
f 12249 11064 12250
f 11064 12249 12251
f 11062 12251 12252
f 12251 11062 11064
f 11058 12252 11051
f 12252 11058 11062
f 11051 12253 11049
f 12253 11051 12252
f 11049 12254 11050
f 12254 11049 12253
f 11050 12256 12255
f 12256 11050 12254
f 12254 12258 12256
f 12258 12254 12257
f 12253 12257 12254
f 12257 12253 12259
f 12252 12259 12253
f 12259 12252 12251
f 12260 12251 12249
f 12251 12260 12259
f 12259 12261 12257
f 12261 12259 12260
f 12262 12257 12261
f 12257 12262 12258
f 12264 12262 12263
f 12262 12264 12265
f 12261 12263 12262
f 12263 12261 12266
f 12265 12258 12262
f 12258 12265 12267
f 12266 12260 12268
f 12260 12266 12261
f 12248 10523 12268
f 10523 12248 10525
f 12268 12249 12248
f 12249 12268 12260
f 12268 10522 12266
f 10522 12268 10523
f 12250 11063 12244
f 11063 12250 11064
f 12247 12244 12246
f 12244 12247 12250
f 10504 12245 10505
f 12245 10504 12246
f 12166 10505 12245
f 10505 12166 12167
f 12245 12241 12166
f 12241 12245 12243
f 12232 12182 12181
f 12182 12232 12231
f 12125 12122 12178
f 12178 12177 12125
f 12179 12182 12125
f 12125 12177 12179
f 12182 12231 12123
f 12123 12125 12182
f 12117 12119 12178
f 12178 12122 12117
f 12119 12063 12065
f 12065 12178 12119
f 12063 12119 12118
f 12118 12064 12063
f 12049 12050 12062
f 12062 12055 12049
f 12167 10497 10505
f 10497 12167 10511
f 12269 12091 12092
f 12092 12027 12269
f 12271 12272 12269
f 12269 12270 12271
f 12272 12271 12273
f 12273 12274 12272
f 12091 12269 12272
f 12272 12090 12091
f 12090 12272 12274
f 12274 12275 12090
f 12275 12274 12276
f 12276 11015 12275
f 12086 12275 11015
f 11015 11014 12086
f 12275 12086 12087
f 12087 12090 12275
f 12276 12279 12277
f 12277 12278 12276
f 11015 12276 12278
f 12278 11013 11015
f 12280 11012 11013
f 11013 12278 12280
f 11024 11012 12280
f 12280 12281 11024
f 12281 9063 11023
f 11023 11024 12281
f 12282 9061 9063
f 9063 12281 12282
f 12283 12282 12281
f 12281 12280 12283
f 12284 12285 12282
f 12282 12283 12284
f 12286 12284 12283
f 12283 12277 12286
f 12277 12283 12280
f 12280 12278 12277
f 9061 12282 12285
f 12285 9062 9061
f 12279 12273 12287
f 12287 12288 12279
f 11989 12287 12273
f 12273 12271 11989
f 11965 11968 12288
f 12288 12287 11965
f 12288 12286 12277
f 12277 12279 12288
f 12286 12288 11968
f 11968 12289 12286
f 11962 11972 12289
f 12289 11968 11962
f 12284 12286 12289
f 12289 12290 12284
f 12290 12289 11972
f 11972 12291 12290
f 11966 11965 12287
f 12287 11989 11966
f 12279 12276 12274
f 12274 12273 12279
f 11986 11989 12271
f 12271 12270 11986
f 12027 12026 12270
f 12270 12269 12027
f 11987 11986 12270
f 12270 12026 11987
f 12292 12079 12085
f 12079 12292 12082
f 12085 11020 12292
f 11020 12085 11019
f 12082 12293 12083
f 12293 12082 12292
f 12294 12083 12293
f 12083 12294 12295
f 12297 12293 12296
f 12293 12297 12294
f 12298 12294 12297
f 12294 12298 12299
f 12299 12295 12294
f 12295 12299 12300
f 12300 10700 12295
f 10700 12300 10687
f 10701 12295 10700
f 12295 10701 12083
f 10687 12301 10685
f 12301 10687 12300
f 10685 12302 10527
f 12302 10685 12301
f 12301 12304 12302
f 12304 12301 12303
f 12263 12303 12264
f 12303 12263 12304
f 10522 12302 12304
f 12302 10522 10521
f 12266 12304 12263
f 12304 12266 10522
f 12264 12299 12298
f 12299 12264 12303
f 12298 12265 12264
f 12265 12298 12305
f 12305 12297 12306
f 12297 12305 12298
f 12300 12303 12301
f 12303 12300 12299
f 10527 10521 10524
f 10521 10527 12302
f 12296 12306 12297
f 12306 12296 12307
f 12307 11020 11018
f 11020 12307 12296
f 11000 12307 10998
f 12307 11000 12306
f 11018 10998 12307
f 10998 11018 10999
f 12296 12292 11020
f 12292 12296 12293
f 11974 11979 11970
f 11970 11960 11974
f 11969 12308 12291
f 12291 11972 11969
f 12140 12142 12309
f 12309 12308 12140
f 12310 12291 12308
f 12308 12309 12310
f 12312 12313 12310
f 12310 12311 12312
f 12311 12315 12314
f 12314 12312 12311
f 9052 9051 12315
f 12315 10961 9052
f 10962 10961 12315
f 12315 12311 10962
f 12314 12315 9051
f 9051 9040 12314
f 9060 12314 9040
f 9040 9039 9060
f 12312 12314 9060
f 9060 9062 12312
f 12313 12312 9062
f 9062 12285 12313
f 12291 12310 12313
f 12313 12290 12291
f 12290 12313 12285
f 12285 12284 12290
f 12309 10962 12311
f 12311 12310 12309
f 12309 12142 10959
f 10959 10962 12309
f 11971 12140 12308
f 12308 11969 11971
f 10503 10500 10525
f 10500 10503 10498
f 11043 12255 11047
f 12255 11043 11050
f 11046 12317 12316
f 12317 11046 11047
f 12316 11004 10980
f 11004 12316 12317
f 10980 10981 12316
f 10981 10980 10976
f 11045 12316 10981
f 12316 11045 11046
f 12317 11001 11004
f 11001 12317 12318
f 11047 12318 12317
f 12318 11047 12255
f 12318 11002 11001
f 11002 12318 12319
f 12319 12255 12256
f 12255 12319 12318
f 12319 12320 11002
f 12320 12319 12267
f 11000 11002 12320
f 11002 11000 10994
f 12320 12306 11000
f 12306 12320 12305
f 12305 12267 12265
f 12267 12305 12320
f 12256 12267 12319
f 12267 12256 12258
f 10981 11054 11045
f 11054 10981 10982
f 9064 9066 11022
f 11022 11023 9064
f 9064 11023 9063
f 9063 9058 9064
f 12142 12143 10960
f 10960 10959 12142
f 12132 12131 12321
f 12321 12144 12132
f 10952 10958 10960
f 10960 12321 10952
f 12131 10951 10952
f 10952 12321 12131
f 12321 10960 12143
f 12143 12144 12321
f 10992 10979 11003
f 10979 10992 10970
f 11003 10980 11004
f 10980 11003 10979
f 10982 11053 11054
f 11053 10982 10984
f 11053 8874 11027
f 8874 11053 10984
f 10984 8871 8874
f 8871 10984 10983
f 11072 11069 11066
f 11069 11072 12322
f 12237 12322 12323
f 12322 12237 11069
f 12323 12325 12324
f 12325 12323 12322
f 12325 9100 12326
f 9100 12325 11073
f 12327 9088 9090
f 9088 12327 12326
f 12324 12326 12327
f 12326 12324 12325
f 12324 12209 12323
f 12209 12324 12211
f 12327 12211 12324
f 12211 12327 12213
f 9090 12213 12327
f 12213 9090 9141
f 12326 9092 9088
f 9092 12326 9100
f 12322 11073 12325
f 11073 12322 11072
f 12323 12208 12237
f 12208 12323 12209
f 11073 9098 9100
f 9098 11073 11071
f 12124 12222 12128
f 12128 12121 12124
f 9141 9089 9135
f 9089 9141 9090
f 12133 10942 10944
f 10944 10950 12133
f 12227 12328 12226
f 12226 12223 12227
f 12328 12330 12329
f 12329 12226 12328
f 12328 12217 12330
f 12217 12328 12216
f 12329 12330 9160
f 9160 12331 12329
f 12329 12331 12332
f 12332 12333 12329
f 12334 12335 12332
f 12332 12331 12334
f 12335 12334 9151
f 9151 8976 12335
f 12332 12335 12336
f 12336 12337 12332
f 12337 12338 12333
f 12333 12332 12337
f 8982 12339 12337
f 12337 12336 8982
f 8977 8982 12336
f 12336 8975 8977
f 8975 12336 12335
f 12335 8976 8975
f 10947 12339 10953
f 10953 10946 10947
f 12339 8982 8981
f 8981 10953 12339
f 12338 12337 12339
f 12339 10947 12338
f 12338 10941 12225
f 12225 12333 12338
f 10941 12338 10947
f 10947 10939 10941
f 12334 9157 9149
f 9149 9151 12334
f 12331 9160 9157
f 9157 12334 12331
f 12226 12329 12333
f 12333 12225 12226
f 9160 12217 9158
f 12217 9160 12330
f 12216 12227 12197
f 12227 12216 12328
f 9158 12214 9159
f 12214 9158 12217
f 8878 9111 8879
f 9111 8878 9112
f 10794 9637 9636
f 9637 10794 9643
f 8302 8304 8285
f 8285 8287 8302
f 9481 9469 9519
f 9469 9481 9468
f 9488 9478 8569
f 9478 9488 9476
f 8638 8834 8633
f 8633 8635 8638
f 8627 8631 8647
f 8647 8630 8627

